<?xml version="1.0" encoding="UTF-8" standalone="yes"?>
<gpx version="1.1" creator="outdooractive - http://www.outdooractive.com" xmlns="http://www.topografix.com/GPX/1/1" xmlns:oa="http://www.outdooractive.com/GPX/Extensions/1" xmlns:xsi="http://www.w3.org/2001/XMLSchema-instance" xsi:schemaLocation="http://www.topografix.com/GPX/1/1 http://www.topografix.com/GPX/1/1/gpx.xsd http://www.outdooractive.com/GPX/Extensions/1 https://www.outdooractive.com/schema/gpx_extensions.xsd">
  <metadata>
    <name>30km 1500 D+ annecy</name>
    <author>
      <name>francois massanes - Communauté</name>
    </author>
    <link href="https://www.outdooractive.com/r/336843307"/>
    <time>2026-03-21T08:43:05.183Z</time>
    <extensions>
      <oa:oaCategory>trailRunning</oa:oaCategory>
    </extensions>
  </metadata>
  <trk>
    <name>30km 1500 D+ annecy</name>
    <type>trailRunning</type>
    <trkseg>
      <trkpt lat="45.894668" lon="6.12746">
        <ele>479.7</ele>
        <name>Avenue de la Visitation, Annecy</name>
        <extensions>
          <oa:Extension>
            <oa:mapZoom>14</oa:mapZoom>
          </oa:Extension>
        </extensions>
      </trkpt>
      <trkpt lat="45.894437" lon="6.127506">
        <ele>481.5</ele>
      </trkpt>
      <trkpt lat="45.894172" lon="6.12758">
        <ele>483.5</ele>
      </trkpt>
      <trkpt lat="45.893907" lon="6.127654">
        <ele>485.5</ele>
      </trkpt>
      <trkpt lat="45.893885" lon="6.127661">
        <ele>485.8</ele>
      </trkpt>
      <trkpt lat="45.893808" lon="6.12768">
        <ele>486.6</ele>
      </trkpt>
      <trkpt lat="45.893749" lon="6.127719">
        <ele>487.0</ele>
      </trkpt>
      <trkpt lat="45.893685" lon="6.127796">
        <ele>487.2</ele>
      </trkpt>
      <trkpt lat="45.893614" lon="6.127912">
        <ele>487.4</ele>
      </trkpt>
      <trkpt lat="45.89344" lon="6.128109">
        <ele>489.7</ele>
      </trkpt>
      <trkpt lat="45.89336" lon="6.128143">
        <ele>489.9</ele>
      </trkpt>
      <trkpt lat="45.893208" lon="6.128658">
        <ele>491.5</ele>
      </trkpt>
      <trkpt lat="45.893172" lon="6.128814">
        <ele>491.8</ele>
      </trkpt>
      <trkpt lat="45.893129" lon="6.128884">
        <ele>494.4</ele>
      </trkpt>
      <trkpt lat="45.892939" lon="6.129184">
        <ele>501.8</ele>
      </trkpt>
      <trkpt lat="45.892749" lon="6.129484">
        <ele>509.6</ele>
      </trkpt>
      <trkpt lat="45.892724" lon="6.129523">
        <ele>510.9</ele>
      </trkpt>
      <trkpt lat="45.892693" lon="6.129573">
        <ele>512.5</ele>
      </trkpt>
      <trkpt lat="45.892682" lon="6.129589">
        <ele>513.0</ele>
      </trkpt>
      <trkpt lat="45.892664" lon="6.129618">
        <ele>513.8</ele>
      </trkpt>
      <trkpt lat="45.892655" lon="6.129632">
        <ele>514.1</ele>
      </trkpt>
      <trkpt lat="45.892646" lon="6.129647">
        <ele>514.5</ele>
      </trkpt>
      <trkpt lat="45.892622" lon="6.129685">
        <ele>515.2</ele>
      </trkpt>
      <trkpt lat="45.892602" lon="6.129716">
        <ele>515.7</ele>
      </trkpt>
      <trkpt lat="45.892584" lon="6.129744">
        <ele>516.1</ele>
      </trkpt>
      <trkpt lat="45.892563" lon="6.129777">
        <ele>516.5</ele>
      </trkpt>
      <trkpt lat="45.892539" lon="6.129816">
        <ele>516.9</ele>
      </trkpt>
      <trkpt lat="45.892299" lon="6.129922">
        <ele>522.9</ele>
      </trkpt>
      <trkpt lat="45.89206" lon="6.130029">
        <ele>527.9</ele>
      </trkpt>
      <trkpt lat="45.89203" lon="6.130042">
        <ele>528.8</ele>
      </trkpt>
      <trkpt lat="45.89192" lon="6.130091">
        <ele>532.9</ele>
      </trkpt>
      <trkpt lat="45.891883" lon="6.130107">
        <ele>534.3</ele>
      </trkpt>
      <trkpt lat="45.891617" lon="6.130225">
        <ele>536.7</ele>
      </trkpt>
      <trkpt lat="45.891351" lon="6.130343">
        <ele>537.1</ele>
      </trkpt>
      <trkpt lat="45.891113" lon="6.130452">
        <ele>534.1</ele>
      </trkpt>
      <trkpt lat="45.890874" lon="6.13056">
        <ele>534.4</ele>
      </trkpt>
      <trkpt lat="45.89082" lon="6.130583">
        <ele>535.0</ele>
      </trkpt>
      <trkpt lat="45.890766" lon="6.130597">
        <ele>535.7</ele>
      </trkpt>
      <trkpt lat="45.890707" lon="6.130596">
        <ele>536.3</ele>
      </trkpt>
      <trkpt lat="45.890655" lon="6.130579">
        <ele>536.7</ele>
      </trkpt>
      <trkpt lat="45.890599" lon="6.130545">
        <ele>537.1</ele>
      </trkpt>
      <trkpt lat="45.890527" lon="6.130478">
        <ele>537.8</ele>
      </trkpt>
      <trkpt lat="45.890423" lon="6.130385">
        <ele>538.6</ele>
      </trkpt>
      <trkpt lat="45.89035" lon="6.130341">
        <ele>539.1</ele>
      </trkpt>
      <trkpt lat="45.890283" lon="6.130307">
        <ele>539.6</ele>
      </trkpt>
      <trkpt lat="45.890222" lon="6.130298">
        <ele>540.0</ele>
      </trkpt>
      <trkpt lat="45.89016" lon="6.130324">
        <ele>540.5</ele>
      </trkpt>
      <trkpt lat="45.890096" lon="6.130258">
        <ele>540.6</ele>
      </trkpt>
      <trkpt lat="45.890072" lon="6.130224">
        <ele>540.6</ele>
      </trkpt>
      <trkpt lat="45.890036" lon="6.130162">
        <ele>540.9</ele>
      </trkpt>
      <trkpt lat="45.890021" lon="6.130124">
        <ele>541.1</ele>
      </trkpt>
      <trkpt lat="45.890007" lon="6.130043">
        <ele>540.8</ele>
      </trkpt>
      <trkpt lat="45.890005" lon="6.129951">
        <ele>539.9</ele>
      </trkpt>
      <trkpt lat="45.890013" lon="6.129838">
        <ele>538.9</ele>
      </trkpt>
      <trkpt lat="45.890032" lon="6.129706">
        <ele>538.2</ele>
      </trkpt>
      <trkpt lat="45.890067" lon="6.129494">
        <ele>537.1</ele>
      </trkpt>
      <trkpt lat="45.890149" lon="6.129062">
        <ele>534.1</ele>
      </trkpt>
      <trkpt lat="45.890161" lon="6.129009">
        <ele>534.0</ele>
      </trkpt>
      <trkpt lat="45.890168" lon="6.12896">
        <ele>533.9</ele>
      </trkpt>
      <trkpt lat="45.890168" lon="6.128915">
        <ele>533.7</ele>
      </trkpt>
      <trkpt lat="45.89016" lon="6.128867">
        <ele>533.5</ele>
      </trkpt>
      <trkpt lat="45.890144" lon="6.128813">
        <ele>533.2</ele>
      </trkpt>
      <trkpt lat="45.890092" lon="6.128692">
        <ele>531.4</ele>
      </trkpt>
      <trkpt lat="45.890073" lon="6.128621">
        <ele>529.8</ele>
      </trkpt>
      <trkpt lat="45.890068" lon="6.128544">
        <ele>528.3</ele>
      </trkpt>
      <trkpt lat="45.890026" lon="6.128533">
        <ele>528.9</ele>
      </trkpt>
      <trkpt lat="45.89002" lon="6.128532">
        <ele>529.0</ele>
      </trkpt>
      <trkpt lat="45.889993" lon="6.128527">
        <ele>529.6</ele>
      </trkpt>
      <trkpt lat="45.889979" lon="6.128522">
        <ele>529.9</ele>
      </trkpt>
      <trkpt lat="45.889971" lon="6.128512">
        <ele>530.0</ele>
      </trkpt>
      <trkpt lat="45.889962" lon="6.128492">
        <ele>530.0</ele>
      </trkpt>
      <trkpt lat="45.889955" lon="6.128467">
        <ele>529.9</ele>
      </trkpt>
      <trkpt lat="45.889953" lon="6.128442">
        <ele>529.8</ele>
      </trkpt>
      <trkpt lat="45.889936" lon="6.128412">
        <ele>530.2</ele>
      </trkpt>
      <trkpt lat="45.889926" lon="6.128383">
        <ele>530.6</ele>
      </trkpt>
      <trkpt lat="45.889922" lon="6.128365">
        <ele>530.7</ele>
      </trkpt>
      <trkpt lat="45.889914" lon="6.128325">
        <ele>531.2</ele>
      </trkpt>
      <trkpt lat="45.889911" lon="6.128288">
        <ele>531.5</ele>
      </trkpt>
      <trkpt lat="45.889909" lon="6.128192">
        <ele>532.0</ele>
      </trkpt>
      <trkpt lat="45.889906" lon="6.127942">
        <ele>534.4</ele>
      </trkpt>
      <trkpt lat="45.889901" lon="6.127843">
        <ele>534.9</ele>
      </trkpt>
      <trkpt lat="45.889881" lon="6.127738">
        <ele>535.7</ele>
      </trkpt>
      <trkpt lat="45.889857" lon="6.127662">
        <ele>536.6</ele>
      </trkpt>
      <trkpt lat="45.889819" lon="6.127591">
        <ele>537.9</ele>
      </trkpt>
      <trkpt lat="45.889761" lon="6.127496">
        <ele>538.7</ele>
      </trkpt>
      <trkpt lat="45.88973" lon="6.127452">
        <ele>538.8</ele>
      </trkpt>
      <trkpt lat="45.889692" lon="6.127431">
        <ele>539.6</ele>
      </trkpt>
      <trkpt lat="45.889658" lon="6.12742">
        <ele>540.4</ele>
      </trkpt>
      <trkpt lat="45.889569" lon="6.127412">
        <ele>542.6</ele>
      </trkpt>
      <trkpt lat="45.889514" lon="6.127393">
        <ele>543.5</ele>
      </trkpt>
      <trkpt lat="45.88948" lon="6.127375">
        <ele>543.9</ele>
      </trkpt>
      <trkpt lat="45.889455" lon="6.12735">
        <ele>544.0</ele>
      </trkpt>
      <trkpt lat="45.889427" lon="6.12731">
        <ele>543.9</ele>
      </trkpt>
      <trkpt lat="45.889359" lon="6.127191">
        <ele>543.4</ele>
      </trkpt>
      <trkpt lat="45.889235" lon="6.127002">
        <ele>543.5</ele>
      </trkpt>
      <trkpt lat="45.88913" lon="6.126882">
        <ele>543.7</ele>
      </trkpt>
      <trkpt lat="45.889051" lon="6.126768">
        <ele>543.0</ele>
      </trkpt>
      <trkpt lat="45.889008" lon="6.126723">
        <ele>542.5</ele>
      </trkpt>
      <trkpt lat="45.888975" lon="6.1267">
        <ele>542.2</ele>
      </trkpt>
      <trkpt lat="45.888956" lon="6.126692">
        <ele>542.0</ele>
      </trkpt>
      <trkpt lat="45.888906" lon="6.126685">
        <ele>541.8</ele>
      </trkpt>
      <trkpt lat="45.888865" lon="6.126685">
        <ele>541.6</ele>
      </trkpt>
      <trkpt lat="45.888834" lon="6.126686">
        <ele>541.5</ele>
      </trkpt>
      <trkpt lat="45.888834" lon="6.126676">
        <ele>541.2</ele>
      </trkpt>
      <trkpt lat="45.888816" lon="6.126656">
        <ele>540.5</ele>
      </trkpt>
      <trkpt lat="45.888682" lon="6.126591">
        <ele>537.2</ele>
      </trkpt>
      <trkpt lat="45.888621" lon="6.126522">
        <ele>535.4</ele>
      </trkpt>
      <trkpt lat="45.888584" lon="6.126451">
        <ele>534.4</ele>
      </trkpt>
      <trkpt lat="45.888424" lon="6.126079">
        <ele>532.7</ele>
      </trkpt>
      <trkpt lat="45.888389" lon="6.125975">
        <ele>532.8</ele>
      </trkpt>
      <trkpt lat="45.888373" lon="6.125884">
        <ele>532.4</ele>
      </trkpt>
      <trkpt lat="45.88835" lon="6.125818">
        <ele>532.1</ele>
      </trkpt>
      <trkpt lat="45.888318" lon="6.125754">
        <ele>531.4</ele>
      </trkpt>
      <trkpt lat="45.888256" lon="6.125708">
        <ele>530.5</ele>
      </trkpt>
      <trkpt lat="45.888193" lon="6.125695">
        <ele>530.6</ele>
      </trkpt>
      <trkpt lat="45.888114" lon="6.125649">
        <ele>533.0</ele>
      </trkpt>
      <trkpt lat="45.888055" lon="6.125563">
        <ele>535.7</ele>
      </trkpt>
      <trkpt lat="45.887962" lon="6.125378">
        <ele>539.0</ele>
      </trkpt>
      <trkpt lat="45.887691" lon="6.124945">
        <ele>543.8</ele>
      </trkpt>
      <trkpt lat="45.887652" lon="6.124867">
        <ele>541.8</ele>
      </trkpt>
      <trkpt lat="45.887594" lon="6.124788">
        <ele>539.2</ele>
      </trkpt>
      <trkpt lat="45.887351" lon="6.124607">
        <ele>539.4</ele>
      </trkpt>
      <trkpt lat="45.887116" lon="6.124488">
        <ele>540.8</ele>
      </trkpt>
      <trkpt lat="45.8869" lon="6.124359">
        <ele>539.2</ele>
      </trkpt>
      <trkpt lat="45.886834" lon="6.124329">
        <ele>540.5</ele>
      </trkpt>
      <trkpt lat="45.886761" lon="6.124322">
        <ele>543.3</ele>
      </trkpt>
      <trkpt lat="45.886464" lon="6.124214">
        <ele>546.4</ele>
      </trkpt>
      <trkpt lat="45.88625" lon="6.124149">
        <ele>547.7</ele>
      </trkpt>
      <trkpt lat="45.886064" lon="6.124104">
        <ele>550.4</ele>
      </trkpt>
      <trkpt lat="45.885996" lon="6.124063">
        <ele>550.8</ele>
      </trkpt>
      <trkpt lat="45.885924" lon="6.123992">
        <ele>551.3</ele>
      </trkpt>
      <trkpt lat="45.885567" lon="6.12365">
        <ele>555.7</ele>
      </trkpt>
      <trkpt lat="45.885509" lon="6.12359">
        <ele>556.8</ele>
      </trkpt>
      <trkpt lat="45.885448" lon="6.123536">
        <ele>557.8</ele>
      </trkpt>
      <trkpt lat="45.885381" lon="6.123503">
        <ele>559.4</ele>
      </trkpt>
      <trkpt lat="45.885229" lon="6.123326">
        <ele>558.5</ele>
      </trkpt>
      <trkpt lat="45.884937" lon="6.123074">
        <ele>559.3</ele>
      </trkpt>
      <trkpt lat="45.884707" lon="6.12291">
        <ele>560.9</ele>
      </trkpt>
      <trkpt lat="45.884382" lon="6.122719">
        <ele>562.7</ele>
      </trkpt>
      <trkpt lat="45.883994" lon="6.122535">
        <ele>564.0</ele>
      </trkpt>
      <trkpt lat="45.883736" lon="6.122423">
        <ele>563.8</ele>
      </trkpt>
      <trkpt lat="45.883477" lon="6.12231">
        <ele>561.4</ele>
      </trkpt>
      <trkpt lat="45.883169" lon="6.122241">
        <ele>565.8</ele>
      </trkpt>
      <trkpt lat="45.882788" lon="6.122141">
        <ele>572.2</ele>
      </trkpt>
      <trkpt lat="45.882423" lon="6.122062">
        <ele>578.1</ele>
      </trkpt>
      <trkpt lat="45.882194" lon="6.122041">
        <ele>583.7</ele>
      </trkpt>
      <trkpt lat="45.881918" lon="6.121997">
        <ele>589.7</ele>
      </trkpt>
      <trkpt lat="45.88179" lon="6.122022">
        <ele>593.8</ele>
      </trkpt>
      <trkpt lat="45.881546" lon="6.121952">
        <ele>595.3</ele>
      </trkpt>
      <trkpt lat="45.881301" lon="6.121882">
        <ele>596.6</ele>
      </trkpt>
      <trkpt lat="45.88096" lon="6.121739">
        <ele>598.6</ele>
      </trkpt>
      <trkpt lat="45.880806" lon="6.12173">
        <ele>601.0</ele>
      </trkpt>
      <trkpt lat="45.880467" lon="6.12165">
        <ele>600.8</ele>
      </trkpt>
      <trkpt lat="45.88032" lon="6.121648">
        <ele>601.8</ele>
      </trkpt>
      <trkpt lat="45.880242" lon="6.121682">
        <ele>604.4</ele>
      </trkpt>
      <trkpt lat="45.880172" lon="6.121694">
        <ele>605.7</ele>
      </trkpt>
      <trkpt lat="45.880104" lon="6.121684">
        <ele>605.8</ele>
      </trkpt>
      <trkpt lat="45.879955" lon="6.121693">
        <ele>607.8</ele>
      </trkpt>
      <trkpt lat="45.87976" lon="6.121726">
        <ele>611.4</ele>
      </trkpt>
      <trkpt lat="45.879531" lon="6.121733">
        <ele>614.2</ele>
      </trkpt>
      <trkpt lat="45.879294" lon="6.121717">
        <ele>616.3</ele>
      </trkpt>
      <trkpt lat="45.879058" lon="6.121701">
        <ele>619.6</ele>
      </trkpt>
      <trkpt lat="45.878787" lon="6.121569">
        <ele>621.8</ele>
      </trkpt>
      <trkpt lat="45.87851" lon="6.12136">
        <ele>620.2</ele>
      </trkpt>
      <trkpt lat="45.878167" lon="6.121126">
        <ele>622.5</ele>
      </trkpt>
      <trkpt lat="45.877824" lon="6.120892">
        <ele>622.1</ele>
      </trkpt>
      <trkpt lat="45.877514" lon="6.120586">
        <ele>620.7</ele>
      </trkpt>
      <trkpt lat="45.877367" lon="6.120488">
        <ele>623.0</ele>
      </trkpt>
      <trkpt lat="45.877252" lon="6.120374">
        <ele>622.6</ele>
      </trkpt>
      <trkpt lat="45.877189" lon="6.120311">
        <ele>622.4</ele>
      </trkpt>
      <trkpt lat="45.877081" lon="6.120093">
        <ele>617.9</ele>
      </trkpt>
      <trkpt lat="45.876961" lon="6.119694">
        <ele>602.2</ele>
      </trkpt>
      <trkpt lat="45.876758" lon="6.119403">
        <ele>597.7</ele>
      </trkpt>
      <trkpt lat="45.876555" lon="6.119113">
        <ele>591.6</ele>
      </trkpt>
      <trkpt lat="45.876353" lon="6.118799">
        <ele>589.7</ele>
      </trkpt>
      <trkpt lat="45.876233" lon="6.118583">
        <ele>587.5</ele>
      </trkpt>
      <trkpt lat="45.876114" lon="6.118428">
        <ele>588.1</ele>
      </trkpt>
      <trkpt lat="45.876053" lon="6.118249">
        <ele>585.8</ele>
      </trkpt>
      <trkpt lat="45.876016" lon="6.118068">
        <ele>583.3</ele>
      </trkpt>
      <trkpt lat="45.875992" lon="6.117864">
        <ele>580.0</ele>
      </trkpt>
      <trkpt lat="45.876004" lon="6.117659">
        <ele>576.8</ele>
      </trkpt>
      <trkpt lat="45.876043" lon="6.117595">
        <ele>574.9</ele>
      </trkpt>
      <trkpt lat="45.87596" lon="6.117524">
        <ele>577.2</ele>
      </trkpt>
      <trkpt lat="45.875914" lon="6.117346">
        <ele>577.9</ele>
      </trkpt>
      <trkpt lat="45.875859" lon="6.117184">
        <ele>579.3</ele>
      </trkpt>
      <trkpt lat="45.875782" lon="6.116944">
        <ele>580.0</ele>
      </trkpt>
      <trkpt lat="45.875715" lon="6.116785">
        <ele>580.5</ele>
      </trkpt>
      <trkpt lat="45.875666" lon="6.116585">
        <ele>580.6</ele>
      </trkpt>
      <trkpt lat="45.875602" lon="6.116481">
        <ele>581.7</ele>
      </trkpt>
      <trkpt lat="45.875533" lon="6.116415">
        <ele>583.4</ele>
      </trkpt>
      <trkpt lat="45.875447" lon="6.116436">
        <ele>587.1</ele>
      </trkpt>
      <trkpt lat="45.8754" lon="6.116516">
        <ele>589.4</ele>
      </trkpt>
      <trkpt lat="45.875287" lon="6.116742">
        <ele>592.9</ele>
      </trkpt>
      <trkpt lat="45.875177" lon="6.116992">
        <ele>597.7</ele>
      </trkpt>
      <trkpt lat="45.875134" lon="6.117232">
        <ele>600.7</ele>
      </trkpt>
      <trkpt lat="45.875152" lon="6.117497">
        <ele>603.0</ele>
      </trkpt>
      <trkpt lat="45.875181" lon="6.117594">
        <ele>603.6</ele>
      </trkpt>
      <trkpt lat="45.875168" lon="6.117662">
        <ele>605.4</ele>
      </trkpt>
      <trkpt lat="45.875149" lon="6.117713">
        <ele>607.3</ele>
      </trkpt>
      <trkpt lat="45.875081" lon="6.117704">
        <ele>609.7</ele>
      </trkpt>
      <trkpt lat="45.875036" lon="6.117668">
        <ele>610.5</ele>
      </trkpt>
      <trkpt lat="45.874924" lon="6.117526">
        <ele>611.0</ele>
      </trkpt>
      <trkpt lat="45.87484" lon="6.117412">
        <ele>612.1</ele>
      </trkpt>
      <trkpt lat="45.874722" lon="6.117201">
        <ele>615.3</ele>
      </trkpt>
      <trkpt lat="45.874636" lon="6.116908">
        <ele>616.2</ele>
      </trkpt>
      <trkpt lat="45.874579" lon="6.116731">
        <ele>616.7</ele>
      </trkpt>
      <trkpt lat="45.874497" lon="6.116605">
        <ele>617.6</ele>
      </trkpt>
      <trkpt lat="45.874331" lon="6.11647">
        <ele>621.3</ele>
      </trkpt>
      <trkpt lat="45.874218" lon="6.116394">
        <ele>623.4</ele>
      </trkpt>
      <trkpt lat="45.874123" lon="6.116376">
        <ele>625.1</ele>
      </trkpt>
      <trkpt lat="45.873974" lon="6.116334">
        <ele>626.5</ele>
      </trkpt>
      <trkpt lat="45.873803" lon="6.116295">
        <ele>628.0</ele>
      </trkpt>
      <trkpt lat="45.873647" lon="6.116374">
        <ele>631.4</ele>
      </trkpt>
      <trkpt lat="45.873514" lon="6.116466">
        <ele>634.7</ele>
      </trkpt>
      <trkpt lat="45.873451" lon="6.116505">
        <ele>636.3</ele>
      </trkpt>
      <trkpt lat="45.873269" lon="6.116492">
        <ele>639.7</ele>
      </trkpt>
      <trkpt lat="45.873102" lon="6.116428">
        <ele>641.9</ele>
      </trkpt>
      <trkpt lat="45.872964" lon="6.116267">
        <ele>640.0</ele>
      </trkpt>
      <trkpt lat="45.872837" lon="6.116055">
        <ele>636.7</ele>
      </trkpt>
      <trkpt lat="45.872667" lon="6.11582">
        <ele>638.4</ele>
      </trkpt>
      <trkpt lat="45.872501" lon="6.115597">
        <ele>641.1</ele>
      </trkpt>
      <trkpt lat="45.872394" lon="6.115421">
        <ele>642.8</ele>
      </trkpt>
      <trkpt lat="45.872318" lon="6.115302">
        <ele>644.3</ele>
      </trkpt>
      <trkpt lat="45.872246" lon="6.115196">
        <ele>645.5</ele>
      </trkpt>
      <trkpt lat="45.872218" lon="6.115116">
        <ele>645.8</ele>
      </trkpt>
      <trkpt lat="45.872164" lon="6.114959">
        <ele>646.5</ele>
      </trkpt>
      <trkpt lat="45.872093" lon="6.11492">
        <ele>648.2</ele>
      </trkpt>
      <trkpt lat="45.871938" lon="6.11496">
        <ele>652.4</ele>
      </trkpt>
      <trkpt lat="45.871792" lon="6.114901">
        <ele>655.5</ele>
      </trkpt>
      <trkpt lat="45.871672" lon="6.114821">
        <ele>657.6</ele>
      </trkpt>
      <trkpt lat="45.871588" lon="6.114763">
        <ele>659.0</ele>
      </trkpt>
      <trkpt lat="45.871451" lon="6.114618">
        <ele>661.8</ele>
      </trkpt>
      <trkpt lat="45.871317" lon="6.114536">
        <ele>665.1</ele>
      </trkpt>
      <trkpt lat="45.871152" lon="6.11453">
        <ele>667.9</ele>
      </trkpt>
      <trkpt lat="45.871048" lon="6.114615">
        <ele>669.1</ele>
      </trkpt>
      <trkpt lat="45.870918" lon="6.114705">
        <ele>671.5</ele>
      </trkpt>
      <trkpt lat="45.870833" lon="6.11486">
        <ele>674.7</ele>
      </trkpt>
      <trkpt lat="45.870721" lon="6.114915">
        <ele>677.4</ele>
      </trkpt>
      <trkpt lat="45.870574" lon="6.114856">
        <ele>678.9</ele>
      </trkpt>
      <trkpt lat="45.870452" lon="6.11478">
        <ele>679.5</ele>
      </trkpt>
      <trkpt lat="45.870343" lon="6.11472">
        <ele>680.1</ele>
      </trkpt>
      <trkpt lat="45.870082" lon="6.114674">
        <ele>683.2</ele>
      </trkpt>
      <trkpt lat="45.869992" lon="6.114698">
        <ele>685.0</ele>
      </trkpt>
      <trkpt lat="45.869957" lon="6.114765">
        <ele>686.9</ele>
      </trkpt>
      <trkpt lat="45.869971" lon="6.114805">
        <ele>687.5</ele>
      </trkpt>
      <trkpt lat="45.870045" lon="6.114863">
        <ele>687.4</ele>
      </trkpt>
      <trkpt lat="45.870111" lon="6.114957">
        <ele>688.3</ele>
      </trkpt>
      <trkpt lat="45.870162" lon="6.115073">
        <ele>690.1</ele>
      </trkpt>
      <trkpt lat="45.870174" lon="6.115184">
        <ele>692.5</ele>
      </trkpt>
      <trkpt lat="45.870172" lon="6.115278">
        <ele>695.0</ele>
      </trkpt>
      <trkpt lat="45.870141" lon="6.115366">
        <ele>697.8</ele>
      </trkpt>
      <trkpt lat="45.87008" lon="6.115399">
        <ele>699.8</ele>
      </trkpt>
      <trkpt lat="45.869995" lon="6.115391">
        <ele>701.1</ele>
      </trkpt>
      <trkpt lat="45.869868" lon="6.115363">
        <ele>702.6</ele>
      </trkpt>
      <trkpt lat="45.869741" lon="6.11534">
        <ele>704.2</ele>
      </trkpt>
      <trkpt lat="45.869605" lon="6.115335">
        <ele>706.6</ele>
      </trkpt>
      <trkpt lat="45.869466" lon="6.11534">
        <ele>709.3</ele>
      </trkpt>
      <trkpt lat="45.869368" lon="6.115333">
        <ele>711.0</ele>
      </trkpt>
      <trkpt lat="45.869284" lon="6.115303">
        <ele>711.9</ele>
      </trkpt>
      <trkpt lat="45.86918" lon="6.11521">
        <ele>711.6</ele>
      </trkpt>
      <trkpt lat="45.869059" lon="6.11514">
        <ele>712.2</ele>
      </trkpt>
      <trkpt lat="45.868914" lon="6.115085">
        <ele>713.6</ele>
      </trkpt>
      <trkpt lat="45.868796" lon="6.115019">
        <ele>714.0</ele>
      </trkpt>
      <trkpt lat="45.868689" lon="6.114989">
        <ele>715.1</ele>
      </trkpt>
      <trkpt lat="45.868521" lon="6.114959">
        <ele>717.1</ele>
      </trkpt>
      <trkpt lat="45.86827" lon="6.114915">
        <ele>720.1</ele>
      </trkpt>
      <trkpt lat="45.86804" lon="6.114889">
        <ele>723.4</ele>
      </trkpt>
      <trkpt lat="45.867842" lon="6.114843">
        <ele>725.5</ele>
      </trkpt>
      <trkpt lat="45.867664" lon="6.114791">
        <ele>727.0</ele>
      </trkpt>
      <trkpt lat="45.867462" lon="6.1147">
        <ele>727.7</ele>
      </trkpt>
      <trkpt lat="45.867301" lon="6.114656">
        <ele>729.0</ele>
      </trkpt>
      <trkpt lat="45.867133" lon="6.114629">
        <ele>731.0</ele>
      </trkpt>
      <trkpt lat="45.866989" lon="6.114587">
        <ele>732.2</ele>
      </trkpt>
      <trkpt lat="45.866847" lon="6.114531">
        <ele>733.4</ele>
      </trkpt>
      <trkpt lat="45.866717" lon="6.114491">
        <ele>734.9</ele>
      </trkpt>
      <trkpt lat="45.866617" lon="6.114473">
        <ele>736.5</ele>
      </trkpt>
      <trkpt lat="45.866487" lon="6.114409">
        <ele>737.7</ele>
      </trkpt>
      <trkpt lat="45.866259" lon="6.114231">
        <ele>738.4</ele>
      </trkpt>
      <trkpt lat="45.86603" lon="6.114098">
        <ele>740.4</ele>
      </trkpt>
      <trkpt lat="45.865908" lon="6.114045">
        <ele>741.9</ele>
      </trkpt>
      <trkpt lat="45.865531" lon="6.113921">
        <ele>747.5</ele>
      </trkpt>
      <trkpt lat="45.865396" lon="6.113848">
        <ele>749.1</ele>
      </trkpt>
      <trkpt lat="45.865214" lon="6.113703">
        <ele>750.9</ele>
      </trkpt>
      <trkpt lat="45.865145" lon="6.113671">
        <ele>752.0</ele>
      </trkpt>
      <trkpt lat="45.864974" lon="6.113646">
        <ele>755.7</ele>
      </trkpt>
      <trkpt lat="45.864903" lon="6.113614">
        <ele>756.9</ele>
      </trkpt>
      <trkpt lat="45.864842" lon="6.113568">
        <ele>757.7</ele>
      </trkpt>
      <trkpt lat="45.864637" lon="6.113338">
        <ele>759.4</ele>
      </trkpt>
      <trkpt lat="45.864559" lon="6.113211">
        <ele>759.6</ele>
      </trkpt>
      <trkpt lat="45.864473" lon="6.113119">
        <ele>760.5</ele>
      </trkpt>
      <trkpt lat="45.864394" lon="6.113061">
        <ele>761.8</ele>
      </trkpt>
      <trkpt lat="45.864162" lon="6.112941">
        <ele>766.3</ele>
      </trkpt>
      <trkpt lat="45.864065" lon="6.112854">
        <ele>767.7</ele>
      </trkpt>
      <trkpt lat="45.863824" lon="6.112553">
        <ele>770.0</ele>
      </trkpt>
      <trkpt lat="45.863742" lon="6.112489">
        <ele>771.1</ele>
      </trkpt>
      <trkpt lat="45.863566" lon="6.11241">
        <ele>773.9</ele>
      </trkpt>
      <trkpt lat="45.863488" lon="6.112346">
        <ele>774.8</ele>
      </trkpt>
      <trkpt lat="45.86341" lon="6.112277">
        <ele>776.0</ele>
      </trkpt>
      <trkpt lat="45.863314" lon="6.112161">
        <ele>777.2</ele>
      </trkpt>
      <trkpt lat="45.863083" lon="6.111919">
        <ele>779.5</ele>
      </trkpt>
      <trkpt lat="45.862957" lon="6.111837">
        <ele>781.3</ele>
      </trkpt>
      <trkpt lat="45.862885" lon="6.1118">
        <ele>782.5</ele>
      </trkpt>
      <trkpt lat="45.862687" lon="6.111755">
        <ele>787.2</ele>
      </trkpt>
      <trkpt lat="45.862558" lon="6.111711">
        <ele>790.3</ele>
      </trkpt>
      <trkpt lat="45.86243" lon="6.111653">
        <ele>793.0</ele>
      </trkpt>
      <trkpt lat="45.862315" lon="6.111578">
        <ele>795.2</ele>
      </trkpt>
      <trkpt lat="45.862179" lon="6.111473">
        <ele>797.3</ele>
      </trkpt>
      <trkpt lat="45.862057" lon="6.111407">
        <ele>799.8</ele>
      </trkpt>
      <trkpt lat="45.861803" lon="6.111294">
        <ele>805.9</ele>
      </trkpt>
      <trkpt lat="45.861549" lon="6.111181">
        <ele>811.9</ele>
      </trkpt>
      <trkpt lat="45.861352" lon="6.111074">
        <ele>815.7</ele>
      </trkpt>
      <trkpt lat="45.861204" lon="6.110925">
        <ele>816.8</ele>
      </trkpt>
      <trkpt lat="45.860989" lon="6.110665">
        <ele>818.2</ele>
      </trkpt>
      <trkpt lat="45.860764" lon="6.110427">
        <ele>820.4</ele>
      </trkpt>
      <trkpt lat="45.860484" lon="6.110111">
        <ele>823.5</ele>
      </trkpt>
      <trkpt lat="45.860204" lon="6.109795">
        <ele>825.6</ele>
      </trkpt>
      <trkpt lat="45.859969" lon="6.109532">
        <ele>826.0</ele>
      </trkpt>
      <trkpt lat="45.859734" lon="6.109269">
        <ele>825.6</ele>
      </trkpt>
      <trkpt lat="45.859629" lon="6.109059">
        <ele>825.8</ele>
      </trkpt>
      <trkpt lat="45.859475" lon="6.108537">
        <ele>828.9</ele>
      </trkpt>
      <trkpt lat="45.859341" lon="6.108056">
        <ele>831.8</ele>
      </trkpt>
      <trkpt lat="45.859207" lon="6.107576">
        <ele>834.3</ele>
      </trkpt>
      <trkpt lat="45.85902" lon="6.107254">
        <ele>836.3</ele>
      </trkpt>
      <trkpt lat="45.85896" lon="6.107152">
        <ele>837.2</ele>
      </trkpt>
      <trkpt lat="45.858725" lon="6.106835">
        <ele>835.7</ele>
      </trkpt>
      <trkpt lat="45.858527" lon="6.106631">
        <ele>834.6</ele>
      </trkpt>
      <trkpt lat="45.858377" lon="6.106599">
        <ele>834.9</ele>
      </trkpt>
      <trkpt lat="45.85837" lon="6.106613">
        <ele>835.0</ele>
      </trkpt>
      <trkpt lat="45.858239" lon="6.106813">
        <ele>835.8</ele>
      </trkpt>
      <trkpt lat="45.857948" lon="6.107207">
        <ele>836.4</ele>
      </trkpt>
      <trkpt lat="45.857692" lon="6.107284">
        <ele>836.6</ele>
      </trkpt>
      <trkpt lat="45.857331" lon="6.107077">
        <ele>838.6</ele>
      </trkpt>
      <trkpt lat="45.856969" lon="6.106869">
        <ele>840.0</ele>
      </trkpt>
      <trkpt lat="45.856676" lon="6.106704">
        <ele>841.0</ele>
      </trkpt>
      <trkpt lat="45.856382" lon="6.106538">
        <ele>842.3</ele>
      </trkpt>
      <trkpt lat="45.856141" lon="6.10648">
        <ele>842.3</ele>
      </trkpt>
      <trkpt lat="45.855821" lon="6.106797">
        <ele>838.5</ele>
      </trkpt>
      <trkpt lat="45.855659" lon="6.106974">
        <ele>838.6</ele>
      </trkpt>
      <trkpt lat="45.855496" lon="6.107185">
        <ele>841.8</ele>
      </trkpt>
      <trkpt lat="45.855088" lon="6.107102">
        <ele>843.7</ele>
      </trkpt>
      <trkpt lat="45.854681" lon="6.107018">
        <ele>846.2</ele>
      </trkpt>
      <trkpt lat="45.854275" lon="6.106818">
        <ele>849.9</ele>
      </trkpt>
      <trkpt lat="45.853991" lon="6.106608">
        <ele>852.7</ele>
      </trkpt>
      <trkpt lat="45.853722" lon="6.106516">
        <ele>857.2</ele>
      </trkpt>
      <trkpt lat="45.853452" lon="6.106391">
        <ele>861.4</ele>
      </trkpt>
      <trkpt lat="45.853244" lon="6.106196">
        <ele>864.0</ele>
      </trkpt>
      <trkpt lat="45.8532" lon="6.105887">
        <ele>864.2</ele>
      </trkpt>
      <trkpt lat="45.853159" lon="6.105552">
        <ele>865.9</ele>
      </trkpt>
      <trkpt lat="45.852994" lon="6.10516">
        <ele>870.2</ele>
      </trkpt>
      <trkpt lat="45.852876" lon="6.104997">
        <ele>872.1</ele>
      </trkpt>
      <trkpt lat="45.852597" lon="6.104819">
        <ele>874.1</ele>
      </trkpt>
      <trkpt lat="45.852356" lon="6.104589">
        <ele>875.7</ele>
      </trkpt>
      <trkpt lat="45.852245" lon="6.104508">
        <ele>876.2</ele>
      </trkpt>
      <trkpt lat="45.852069" lon="6.104384">
        <ele>876.9</ele>
      </trkpt>
      <trkpt lat="45.851838" lon="6.104282">
        <ele>877.6</ele>
      </trkpt>
      <trkpt lat="45.851474" lon="6.104228">
        <ele>878.7</ele>
      </trkpt>
      <trkpt lat="45.851169" lon="6.104119">
        <ele>880.1</ele>
      </trkpt>
      <trkpt lat="45.850827" lon="6.103723">
        <ele>881.5</ele>
      </trkpt>
      <trkpt lat="45.850571" lon="6.103274">
        <ele>882.8</ele>
      </trkpt>
      <trkpt lat="45.850537" lon="6.103228">
        <ele>883.0</ele>
      </trkpt>
      <trkpt lat="45.850466" lon="6.103109">
        <ele>883.4</ele>
      </trkpt>
      <trkpt lat="45.850294" lon="6.102919">
        <ele>884.2</ele>
      </trkpt>
      <trkpt lat="45.850098" lon="6.102579">
        <ele>884.5</ele>
      </trkpt>
      <trkpt lat="45.850078" lon="6.102554">
        <ele>884.6</ele>
      </trkpt>
      <trkpt lat="45.850053" lon="6.102546">
        <ele>884.7</ele>
      </trkpt>
      <trkpt lat="45.849894" lon="6.102179">
        <ele>883.5</ele>
      </trkpt>
      <trkpt lat="45.849813" lon="6.102001">
        <ele>882.8</ele>
      </trkpt>
      <trkpt lat="45.849755" lon="6.101885">
        <ele>882.7</ele>
      </trkpt>
      <trkpt lat="45.849728" lon="6.101812">
        <ele>882.7</ele>
      </trkpt>
      <trkpt lat="45.849532" lon="6.101648">
        <ele>887.2</ele>
      </trkpt>
      <trkpt lat="45.849245" lon="6.10147">
        <ele>898.0</ele>
      </trkpt>
      <trkpt lat="45.849018" lon="6.101311">
        <ele>907.4</ele>
      </trkpt>
      <trkpt lat="45.848791" lon="6.101152">
        <ele>916.1</ele>
      </trkpt>
      <trkpt lat="45.84857" lon="6.100768">
        <ele>920.7</ele>
      </trkpt>
      <trkpt lat="45.848281" lon="6.100504">
        <ele>926.5</ele>
      </trkpt>
      <trkpt lat="45.848139" lon="6.100279">
        <ele>927.3</ele>
      </trkpt>
      <trkpt lat="45.847993" lon="6.100079">
        <ele>927.4</ele>
      </trkpt>
      <trkpt lat="45.847849" lon="6.099952">
        <ele>927.4</ele>
      </trkpt>
      <trkpt lat="45.847755" lon="6.099908">
        <ele>927.8</ele>
      </trkpt>
      <trkpt lat="45.847695" lon="6.099931">
        <ele>928.8</ele>
      </trkpt>
      <trkpt lat="45.847691" lon="6.10003">
        <ele>930.5</ele>
      </trkpt>
      <trkpt lat="45.847728" lon="6.100099">
        <ele>931.2</ele>
      </trkpt>
      <trkpt lat="45.847733" lon="6.100168">
        <ele>932.1</ele>
      </trkpt>
      <trkpt lat="45.847712" lon="6.100256">
        <ele>933.4</ele>
      </trkpt>
      <trkpt lat="45.847671" lon="6.100349">
        <ele>934.9</ele>
      </trkpt>
      <trkpt lat="45.8476" lon="6.100501">
        <ele>937.5</ele>
      </trkpt>
      <trkpt lat="45.84749" lon="6.100555">
        <ele>939.6</ele>
      </trkpt>
      <trkpt lat="45.847313" lon="6.100654">
        <ele>943.3</ele>
      </trkpt>
      <trkpt lat="45.847227" lon="6.100678">
        <ele>944.9</ele>
      </trkpt>
      <trkpt lat="45.846933" lon="6.10056">
        <ele>947.9</ele>
      </trkpt>
      <trkpt lat="45.846688" lon="6.100458">
        <ele>950.3</ele>
      </trkpt>
      <trkpt lat="45.84627" lon="6.100419">
        <ele>956.6</ele>
      </trkpt>
      <trkpt lat="45.84592" lon="6.100406">
        <ele>961.9</ele>
      </trkpt>
      <trkpt lat="45.845661" lon="6.100399">
        <ele>965.8</ele>
      </trkpt>
      <trkpt lat="45.845556" lon="6.100435">
        <ele>967.8</ele>
      </trkpt>
      <trkpt lat="45.845446" lon="6.100565">
        <ele>970.4</ele>
      </trkpt>
      <trkpt lat="45.845412" lon="6.100637">
        <ele>971.2</ele>
      </trkpt>
      <trkpt lat="45.845122" lon="6.100709">
        <ele>975.2</ele>
      </trkpt>
      <trkpt lat="45.844908" lon="6.100776">
        <ele>977.7</ele>
      </trkpt>
      <trkpt lat="45.844817" lon="6.100842">
        <ele>978.4</ele>
      </trkpt>
      <trkpt lat="45.844679" lon="6.100982">
        <ele>978.9</ele>
      </trkpt>
      <trkpt lat="45.844413" lon="6.101346">
        <ele>976.9</ele>
      </trkpt>
      <trkpt lat="45.844214" lon="6.10156">
        <ele>974.8</ele>
      </trkpt>
      <trkpt lat="45.844015" lon="6.101774">
        <ele>972.0</ele>
      </trkpt>
      <trkpt lat="45.844006" lon="6.101931">
        <ele>969.5</ele>
      </trkpt>
      <trkpt lat="45.844" lon="6.102025">
        <ele>968.0</ele>
      </trkpt>
      <trkpt lat="45.84386" lon="6.102194">
        <ele>965.8</ele>
      </trkpt>
      <trkpt lat="45.843791" lon="6.102222">
        <ele>965.8</ele>
      </trkpt>
      <trkpt lat="45.843739" lon="6.102212">
        <ele>966.2</ele>
      </trkpt>
      <trkpt lat="45.843666" lon="6.102167">
        <ele>967.3</ele>
      </trkpt>
      <trkpt lat="45.843526" lon="6.102098">
        <ele>969.1</ele>
      </trkpt>
      <trkpt lat="45.843342" lon="6.102024">
        <ele>971.0</ele>
      </trkpt>
      <trkpt lat="45.843163" lon="6.10194">
        <ele>973.0</ele>
      </trkpt>
      <trkpt lat="45.843066" lon="6.101923">
        <ele>973.7</ele>
      </trkpt>
      <trkpt lat="45.842969" lon="6.10189">
        <ele>974.7</ele>
      </trkpt>
      <trkpt lat="45.842889" lon="6.10185">
        <ele>975.6</ele>
      </trkpt>
      <trkpt lat="45.842816" lon="6.101785">
        <ele>976.8</ele>
      </trkpt>
      <trkpt lat="45.842725" lon="6.101692">
        <ele>978.4</ele>
      </trkpt>
      <trkpt lat="45.842651" lon="6.101651">
        <ele>979.3</ele>
      </trkpt>
      <trkpt lat="45.842588" lon="6.101603">
        <ele>980.3</ele>
      </trkpt>
      <trkpt lat="45.842528" lon="6.101574">
        <ele>981.0</ele>
      </trkpt>
      <trkpt lat="45.842442" lon="6.101585">
        <ele>981.5</ele>
      </trkpt>
      <trkpt lat="45.842397" lon="6.101603">
        <ele>981.7</ele>
      </trkpt>
      <trkpt lat="45.842281" lon="6.101655">
        <ele>982.4</ele>
      </trkpt>
      <trkpt lat="45.842232" lon="6.101708">
        <ele>982.5</ele>
      </trkpt>
      <trkpt lat="45.842179" lon="6.101733">
        <ele>982.9</ele>
      </trkpt>
      <trkpt lat="45.842129" lon="6.101731">
        <ele>983.4</ele>
      </trkpt>
      <trkpt lat="45.842052" lon="6.101672">
        <ele>984.6</ele>
      </trkpt>
      <trkpt lat="45.841957" lon="6.101613">
        <ele>985.9</ele>
      </trkpt>
      <trkpt lat="45.841875" lon="6.101557">
        <ele>987.1</ele>
      </trkpt>
      <trkpt lat="45.84183" lon="6.101562">
        <ele>987.6</ele>
      </trkpt>
      <trkpt lat="45.841774" lon="6.101592">
        <ele>988.1</ele>
      </trkpt>
      <trkpt lat="45.841733" lon="6.10162">
        <ele>988.5</ele>
      </trkpt>
      <trkpt lat="45.841688" lon="6.101641">
        <ele>988.9</ele>
      </trkpt>
      <trkpt lat="45.841606" lon="6.101631">
        <ele>990.0</ele>
      </trkpt>
      <trkpt lat="45.841395" lon="6.101624">
        <ele>992.8</ele>
      </trkpt>
      <trkpt lat="45.841327" lon="6.101639">
        <ele>993.6</ele>
      </trkpt>
      <trkpt lat="45.841293" lon="6.101668">
        <ele>993.9</ele>
      </trkpt>
      <trkpt lat="45.841262" lon="6.101709">
        <ele>994.1</ele>
      </trkpt>
      <trkpt lat="45.841192" lon="6.101774">
        <ele>994.6</ele>
      </trkpt>
      <trkpt lat="45.841135" lon="6.101801">
        <ele>995.2</ele>
      </trkpt>
      <trkpt lat="45.841073" lon="6.101797">
        <ele>996.0</ele>
      </trkpt>
      <trkpt lat="45.840989" lon="6.101797">
        <ele>997.1</ele>
      </trkpt>
      <trkpt lat="45.840886" lon="6.101789">
        <ele>998.5</ele>
      </trkpt>
      <trkpt lat="45.840825" lon="6.101763">
        <ele>999.6</ele>
      </trkpt>
      <trkpt lat="45.840782" lon="6.10172">
        <ele>1000.7</ele>
      </trkpt>
      <trkpt lat="45.840752" lon="6.101667">
        <ele>1001.6</ele>
      </trkpt>
      <trkpt lat="45.84074" lon="6.101596">
        <ele>1002.5</ele>
      </trkpt>
      <trkpt lat="45.840715" lon="6.101503">
        <ele>1003.7</ele>
      </trkpt>
      <trkpt lat="45.840687" lon="6.101441">
        <ele>1004.7</ele>
      </trkpt>
      <trkpt lat="45.840651" lon="6.101382">
        <ele>1005.7</ele>
      </trkpt>
      <trkpt lat="45.840611" lon="6.101328">
        <ele>1006.7</ele>
      </trkpt>
      <trkpt lat="45.840546" lon="6.10128">
        <ele>1008.1</ele>
      </trkpt>
      <trkpt lat="45.840485" lon="6.101281">
        <ele>1009.1</ele>
      </trkpt>
      <trkpt lat="45.840378" lon="6.101318">
        <ele>1010.4</ele>
      </trkpt>
      <trkpt lat="45.840334" lon="6.101346">
        <ele>1010.8</ele>
      </trkpt>
      <trkpt lat="45.840297" lon="6.101367">
        <ele>1011.1</ele>
      </trkpt>
      <trkpt lat="45.84027" lon="6.101412">
        <ele>1011.1</ele>
      </trkpt>
      <trkpt lat="45.840239" lon="6.101441">
        <ele>1011.2</ele>
      </trkpt>
      <trkpt lat="45.840193" lon="6.101449">
        <ele>1011.7</ele>
      </trkpt>
      <trkpt lat="45.840149" lon="6.101448">
        <ele>1012.1</ele>
      </trkpt>
      <trkpt lat="45.840108" lon="6.101411">
        <ele>1012.8</ele>
      </trkpt>
      <trkpt lat="45.840067" lon="6.101351">
        <ele>1013.6</ele>
      </trkpt>
      <trkpt lat="45.840008" lon="6.101246">
        <ele>1014.7</ele>
      </trkpt>
      <trkpt lat="45.839943" lon="6.101113">
        <ele>1015.6</ele>
      </trkpt>
      <trkpt lat="45.839859" lon="6.100966">
        <ele>1016.2</ele>
      </trkpt>
      <trkpt lat="45.839745" lon="6.100749">
        <ele>1016.3</ele>
      </trkpt>
      <trkpt lat="45.839649" lon="6.10062">
        <ele>1016.2</ele>
      </trkpt>
      <trkpt lat="45.839563" lon="6.100537">
        <ele>1016.1</ele>
      </trkpt>
      <trkpt lat="45.839492" lon="6.100426">
        <ele>1015.7</ele>
      </trkpt>
      <trkpt lat="45.839433" lon="6.100345">
        <ele>1015.3</ele>
      </trkpt>
      <trkpt lat="45.839516" lon="6.100154">
        <ele>1014.6</ele>
      </trkpt>
      <trkpt lat="45.839606" lon="6.09998">
        <ele>1013.9</ele>
      </trkpt>
      <trkpt lat="45.839754" lon="6.099577">
        <ele>1012.0</ele>
      </trkpt>
      <trkpt lat="45.839902" lon="6.099175">
        <ele>1009.6</ele>
      </trkpt>
      <trkpt lat="45.84005" lon="6.098772">
        <ele>1006.3</ele>
      </trkpt>
      <trkpt lat="45.840037" lon="6.098466">
        <ele>1002.8</ele>
      </trkpt>
      <trkpt lat="45.839828" lon="6.098171">
        <ele>999.6</ele>
      </trkpt>
      <trkpt lat="45.839669" lon="6.097744">
        <ele>991.6</ele>
      </trkpt>
      <trkpt lat="45.839307" lon="6.097528">
        <ele>990.9</ele>
      </trkpt>
      <trkpt lat="45.838946" lon="6.097312">
        <ele>987.2</ele>
      </trkpt>
      <trkpt lat="45.838584" lon="6.097095">
        <ele>984.2</ele>
      </trkpt>
      <trkpt lat="45.838218" lon="6.096777">
        <ele>980.2</ele>
      </trkpt>
      <trkpt lat="45.837851" lon="6.096458">
        <ele>971.9</ele>
      </trkpt>
      <trkpt lat="45.837483" lon="6.09653">
        <ele>966.8</ele>
      </trkpt>
      <trkpt lat="45.837139" lon="6.096371">
        <ele>963.0</ele>
      </trkpt>
      <trkpt lat="45.837105" lon="6.096427">
        <ele>963.7</ele>
      </trkpt>
      <trkpt lat="45.837067" lon="6.096478">
        <ele>964.4</ele>
      </trkpt>
      <trkpt lat="45.837014" lon="6.096538">
        <ele>965.2</ele>
      </trkpt>
      <trkpt lat="45.836974" lon="6.096578">
        <ele>965.6</ele>
      </trkpt>
      <trkpt lat="45.836909" lon="6.096611">
        <ele>965.7</ele>
      </trkpt>
      <trkpt lat="45.836837" lon="6.096649">
        <ele>965.6</ele>
      </trkpt>
      <trkpt lat="45.836773" lon="6.096684">
        <ele>965.4</ele>
      </trkpt>
      <trkpt lat="45.836702" lon="6.096724">
        <ele>965.0</ele>
      </trkpt>
      <trkpt lat="45.836616" lon="6.096775">
        <ele>964.6</ele>
      </trkpt>
      <trkpt lat="45.836561" lon="6.096825">
        <ele>964.6</ele>
      </trkpt>
      <trkpt lat="45.836498" lon="6.096893">
        <ele>965.2</ele>
      </trkpt>
      <trkpt lat="45.836424" lon="6.096984">
        <ele>966.4</ele>
      </trkpt>
      <trkpt lat="45.836383" lon="6.09704">
        <ele>967.3</ele>
      </trkpt>
      <trkpt lat="45.836337" lon="6.09709">
        <ele>968.1</ele>
      </trkpt>
      <trkpt lat="45.836296" lon="6.097129">
        <ele>968.7</ele>
      </trkpt>
      <trkpt lat="45.836235" lon="6.097062">
        <ele>967.4</ele>
      </trkpt>
      <trkpt lat="45.836191" lon="6.09701">
        <ele>966.4</ele>
      </trkpt>
      <trkpt lat="45.836097" lon="6.096948">
        <ele>965.3</ele>
      </trkpt>
      <trkpt lat="45.836031" lon="6.09694">
        <ele>965.2</ele>
      </trkpt>
      <trkpt lat="45.835955" lon="6.09694">
        <ele>965.2</ele>
      </trkpt>
      <trkpt lat="45.835891" lon="6.096894">
        <ele>964.4</ele>
      </trkpt>
      <trkpt lat="45.835779" lon="6.096729">
        <ele>961.5</ele>
      </trkpt>
      <trkpt lat="45.835648" lon="6.096502">
        <ele>957.7</ele>
      </trkpt>
      <trkpt lat="45.835576" lon="6.096393">
        <ele>955.9</ele>
      </trkpt>
      <trkpt lat="45.835496" lon="6.096353">
        <ele>955.4</ele>
      </trkpt>
      <trkpt lat="45.835413" lon="6.096288">
        <ele>954.4</ele>
      </trkpt>
      <trkpt lat="45.835277" lon="6.096149">
        <ele>952.1</ele>
      </trkpt>
      <trkpt lat="45.835146" lon="6.096028">
        <ele>949.9</ele>
      </trkpt>
      <trkpt lat="45.835004" lon="6.095881">
        <ele>946.9</ele>
      </trkpt>
      <trkpt lat="45.834903" lon="6.095819">
        <ele>945.3</ele>
      </trkpt>
      <trkpt lat="45.834815" lon="6.095725">
        <ele>943.1</ele>
      </trkpt>
      <trkpt lat="45.834712" lon="6.095679">
        <ele>942.1</ele>
      </trkpt>
      <trkpt lat="45.834622" lon="6.095659">
        <ele>941.6</ele>
      </trkpt>
      <trkpt lat="45.834498" lon="6.095556">
        <ele>939.5</ele>
      </trkpt>
      <trkpt lat="45.834296" lon="6.095401">
        <ele>935.9</ele>
      </trkpt>
      <trkpt lat="45.834138" lon="6.095269">
        <ele>933.0</ele>
      </trkpt>
      <trkpt lat="45.834041" lon="6.095186">
        <ele>931.1</ele>
      </trkpt>
      <trkpt lat="45.833953" lon="6.095099">
        <ele>929.2</ele>
      </trkpt>
      <trkpt lat="45.833838" lon="6.095056">
        <ele>928.3</ele>
      </trkpt>
      <trkpt lat="45.833728" lon="6.095041">
        <ele>928.1</ele>
      </trkpt>
      <trkpt lat="45.833577" lon="6.094977">
        <ele>927.0</ele>
      </trkpt>
      <trkpt lat="45.83344" lon="6.094879">
        <ele>925.3</ele>
      </trkpt>
      <trkpt lat="45.833325" lon="6.094802">
        <ele>924.1</ele>
      </trkpt>
      <trkpt lat="45.833228" lon="6.094688">
        <ele>922.1</ele>
      </trkpt>
      <trkpt lat="45.833168" lon="6.09461">
        <ele>920.8</ele>
      </trkpt>
      <trkpt lat="45.833105" lon="6.09446">
        <ele>917.9</ele>
      </trkpt>
      <trkpt lat="45.833093" lon="6.094318">
        <ele>914.8</ele>
      </trkpt>
      <trkpt lat="45.83308" lon="6.094216">
        <ele>912.7</ele>
      </trkpt>
      <trkpt lat="45.833047" lon="6.094124">
        <ele>911.0</ele>
      </trkpt>
      <trkpt lat="45.832969" lon="6.093994">
        <ele>909.0</ele>
      </trkpt>
      <trkpt lat="45.83287" lon="6.093842">
        <ele>907.1</ele>
      </trkpt>
      <trkpt lat="45.832808" lon="6.093705">
        <ele>905.1</ele>
      </trkpt>
      <trkpt lat="45.832707" lon="6.093555">
        <ele>903.6</ele>
      </trkpt>
      <trkpt lat="45.832591" lon="6.093405">
        <ele>902.6</ele>
      </trkpt>
      <trkpt lat="45.832532" lon="6.093304">
        <ele>901.6</ele>
      </trkpt>
      <trkpt lat="45.832444" lon="6.093217">
        <ele>901.4</ele>
      </trkpt>
      <trkpt lat="45.832369" lon="6.093178">
        <ele>902.0</ele>
      </trkpt>
      <trkpt lat="45.832284" lon="6.093157">
        <ele>903.1</ele>
      </trkpt>
      <trkpt lat="45.832174" lon="6.093141">
        <ele>904.9</ele>
      </trkpt>
      <trkpt lat="45.832107" lon="6.093119">
        <ele>905.7</ele>
      </trkpt>
      <trkpt lat="45.832067" lon="6.093033">
        <ele>905.0</ele>
      </trkpt>
      <trkpt lat="45.832071" lon="6.092917">
        <ele>902.9</ele>
      </trkpt>
      <trkpt lat="45.832077" lon="6.092741">
        <ele>900.0</ele>
      </trkpt>
      <trkpt lat="45.832055" lon="6.092587">
        <ele>899.1</ele>
      </trkpt>
      <trkpt lat="45.832014" lon="6.09245">
        <ele>898.7</ele>
      </trkpt>
      <trkpt lat="45.831954" lon="6.092335">
        <ele>898.3</ele>
      </trkpt>
      <trkpt lat="45.831908" lon="6.092237">
        <ele>897.9</ele>
      </trkpt>
      <trkpt lat="45.831804" lon="6.092155">
        <ele>898.6</ele>
      </trkpt>
      <trkpt lat="45.831719" lon="6.092099">
        <ele>899.4</ele>
      </trkpt>
      <trkpt lat="45.831615" lon="6.092099">
        <ele>900.8</ele>
      </trkpt>
      <trkpt lat="45.831535" lon="6.092099">
        <ele>901.3</ele>
      </trkpt>
      <trkpt lat="45.831466" lon="6.091995">
        <ele>900.5</ele>
      </trkpt>
      <trkpt lat="45.831385" lon="6.091849">
        <ele>899.7</ele>
      </trkpt>
      <trkpt lat="45.83129" lon="6.091777">
        <ele>899.7</ele>
      </trkpt>
      <trkpt lat="45.831212" lon="6.091751">
        <ele>899.9</ele>
      </trkpt>
      <trkpt lat="45.831169" lon="6.091677">
        <ele>899.1</ele>
      </trkpt>
      <trkpt lat="45.831083" lon="6.091519">
        <ele>897.3</ele>
      </trkpt>
      <trkpt lat="45.831001" lon="6.091413">
        <ele>896.4</ele>
      </trkpt>
      <trkpt lat="45.830889" lon="6.091243">
        <ele>894.1</ele>
      </trkpt>
      <trkpt lat="45.830778" lon="6.091114">
        <ele>892.9</ele>
      </trkpt>
      <trkpt lat="45.830663" lon="6.090994">
        <ele>891.9</ele>
      </trkpt>
      <trkpt lat="45.830521" lon="6.090936">
        <ele>891.9</ele>
      </trkpt>
      <trkpt lat="45.830248" lon="6.0912">
        <ele>898.2</ele>
      </trkpt>
      <trkpt lat="45.829935" lon="6.091409">
        <ele>906.0</ele>
      </trkpt>
      <trkpt lat="45.829734" lon="6.091788">
        <ele>916.8</ele>
      </trkpt>
      <trkpt lat="45.829671" lon="6.092386">
        <ele>930.6</ele>
      </trkpt>
      <trkpt lat="45.82949" lon="6.092904">
        <ele>943.4</ele>
      </trkpt>
      <trkpt lat="45.829289" lon="6.093193">
        <ele>952.1</ele>
      </trkpt>
      <trkpt lat="45.829088" lon="6.093482">
        <ele>961.4</ele>
      </trkpt>
      <trkpt lat="45.828979" lon="6.093458">
        <ele>962.1</ele>
        <name>Parc naturel régional du Massif des Bauges, Quintal, Annecy</name>
        <extensions>
          <oa:Extension>
            <oa:mapZoom>14</oa:mapZoom>
          </oa:Extension>
        </extensions>
      </trkpt>
      <trkpt lat="45.828824" lon="6.093422">
        <ele>963.0</ele>
      </trkpt>
      <trkpt lat="45.828716" lon="6.093806">
        <ele>975.1</ele>
      </trkpt>
      <trkpt lat="45.828609" lon="6.09419">
        <ele>987.6</ele>
      </trkpt>
      <trkpt lat="45.828355" lon="6.094314">
        <ele>995.4</ele>
      </trkpt>
      <trkpt lat="45.828102" lon="6.094439">
        <ele>1002.9</ele>
      </trkpt>
      <trkpt lat="45.827733" lon="6.09422">
        <ele>1003.2</ele>
      </trkpt>
      <trkpt lat="45.827328" lon="6.094497">
        <ele>1016.8</ele>
      </trkpt>
      <trkpt lat="45.827282" lon="6.094529">
        <ele>1018.4</ele>
      </trkpt>
      <trkpt lat="45.827056" lon="6.094613">
        <ele>1025.0</ele>
      </trkpt>
      <trkpt lat="45.826831" lon="6.094698">
        <ele>1032.7</ele>
      </trkpt>
      <trkpt lat="45.826456" lon="6.094598">
        <ele>1039.7</ele>
      </trkpt>
      <trkpt lat="45.82623" lon="6.094578">
        <ele>1045.3</ele>
      </trkpt>
      <trkpt lat="45.826004" lon="6.094559">
        <ele>1051.2</ele>
      </trkpt>
      <trkpt lat="45.825705" lon="6.094578">
        <ele>1060.8</ele>
      </trkpt>
      <trkpt lat="45.825636" lon="6.094798">
        <ele>1070.7</ele>
      </trkpt>
      <trkpt lat="45.825358" lon="6.094927">
        <ele>1084.4</ele>
      </trkpt>
      <trkpt lat="45.825059" lon="6.095047">
        <ele>1098.6</ele>
      </trkpt>
      <trkpt lat="45.82499" lon="6.095166">
        <ele>1105.6</ele>
      </trkpt>
      <trkpt lat="45.825025" lon="6.095585">
        <ele>1121.2</ele>
      </trkpt>
      <trkpt lat="45.824865" lon="6.095974">
        <ele>1140.6</ele>
      </trkpt>
      <trkpt lat="45.824796" lon="6.096243">
        <ele>1151.9</ele>
      </trkpt>
      <trkpt lat="45.824802" lon="6.096482">
        <ele>1159.4</ele>
      </trkpt>
      <trkpt lat="45.824566" lon="6.096691">
        <ele>1169.9</ele>
      </trkpt>
      <trkpt lat="45.824476" lon="6.096791">
        <ele>1174.0</ele>
      </trkpt>
      <trkpt lat="45.824136" lon="6.096522">
        <ele>1172.9</ele>
      </trkpt>
      <trkpt lat="45.823782" lon="6.096537">
        <ele>1178.9</ele>
      </trkpt>
      <trkpt lat="45.823427" lon="6.096552">
        <ele>1184.8</ele>
      </trkpt>
      <trkpt lat="45.823031" lon="6.096612">
        <ele>1192.5</ele>
      </trkpt>
      <trkpt lat="45.82274" lon="6.096746">
        <ele>1200.0</ele>
      </trkpt>
      <trkpt lat="45.822448" lon="6.096881">
        <ele>1206.8</ele>
      </trkpt>
      <trkpt lat="45.822802" lon="6.09723">
        <ele>1211.0</ele>
      </trkpt>
      <trkpt lat="45.822492" lon="6.097372">
        <ele>1217.6</ele>
      </trkpt>
      <trkpt lat="45.822302" lon="6.097459">
        <ele>1221.1</ele>
      </trkpt>
      <trkpt lat="45.822038" lon="6.097748">
        <ele>1229.1</ele>
      </trkpt>
      <trkpt lat="45.821781" lon="6.098107">
        <ele>1237.0</ele>
      </trkpt>
      <trkpt lat="45.821459" lon="6.098141">
        <ele>1239.1</ele>
      </trkpt>
      <trkpt lat="45.821204" lon="6.0982">
        <ele>1240.8</ele>
      </trkpt>
      <trkpt lat="45.820949" lon="6.098259">
        <ele>1242.0</ele>
      </trkpt>
      <trkpt lat="45.820719" lon="6.09835">
        <ele>1243.4</ele>
      </trkpt>
      <trkpt lat="45.820612" lon="6.098493">
        <ele>1245.5</ele>
      </trkpt>
      <trkpt lat="45.82046" lon="6.098192">
        <ele>1242.1</ele>
      </trkpt>
      <trkpt lat="45.82008" lon="6.097891">
        <ele>1239.0</ele>
      </trkpt>
      <trkpt lat="45.819981" lon="6.097945">
        <ele>1240.9</ele>
      </trkpt>
      <trkpt lat="45.819888" lon="6.09799">
        <ele>1242.8</ele>
      </trkpt>
      <trkpt lat="45.819673" lon="6.097999">
        <ele>1245.9</ele>
      </trkpt>
      <trkpt lat="45.819347" lon="6.097977">
        <ele>1251.1</ele>
      </trkpt>
      <trkpt lat="45.819008" lon="6.097985">
        <ele>1258.0</ele>
      </trkpt>
      <trkpt lat="45.818714" lon="6.097928">
        <ele>1263.0</ele>
      </trkpt>
      <trkpt lat="45.818582" lon="6.09787">
        <ele>1264.7</ele>
      </trkpt>
      <trkpt lat="45.818275" lon="6.097839">
        <ele>1271.3</ele>
      </trkpt>
      <trkpt lat="45.818053" lon="6.097753">
        <ele>1275.5</ele>
      </trkpt>
      <trkpt lat="45.817823" lon="6.097664">
        <ele>1280.2</ele>
      </trkpt>
      <trkpt lat="45.817681" lon="6.097549">
        <ele>1282.2</ele>
      </trkpt>
      <trkpt lat="45.817501" lon="6.097457">
        <ele>1285.9</ele>
      </trkpt>
      <trkpt lat="45.817173" lon="6.097339">
        <ele>1293.3</ele>
      </trkpt>
      <trkpt lat="45.816846" lon="6.09722">
        <ele>1300.2</ele>
      </trkpt>
      <trkpt lat="45.816743" lon="6.097299">
        <ele>1304.2</ele>
      </trkpt>
      <trkpt lat="45.816728" lon="6.097346">
        <ele>1305.4</ele>
      </trkpt>
      <trkpt lat="45.816605" lon="6.097454">
        <ele>1310.4</ele>
      </trkpt>
      <trkpt lat="45.816432" lon="6.097486">
        <ele>1315.3</ele>
      </trkpt>
      <trkpt lat="45.816334" lon="6.097652">
        <ele>1320.8</ele>
      </trkpt>
      <trkpt lat="45.816078" lon="6.097681">
        <ele>1327.8</ele>
      </trkpt>
      <trkpt lat="45.815879" lon="6.097868">
        <ele>1336.3</ele>
      </trkpt>
      <trkpt lat="45.815671" lon="6.097958">
        <ele>1343.2</ele>
      </trkpt>
      <trkpt lat="45.815503" lon="6.098203">
        <ele>1351.7</ele>
      </trkpt>
      <trkpt lat="45.815114" lon="6.098301">
        <ele>1362.2</ele>
      </trkpt>
      <trkpt lat="45.814958" lon="6.098153">
        <ele>1363.3</ele>
      </trkpt>
      <trkpt lat="45.814757" lon="6.098355">
        <ele>1371.2</ele>
      </trkpt>
      <trkpt lat="45.814455" lon="6.098279">
        <ele>1377.2</ele>
      </trkpt>
      <trkpt lat="45.81432" lon="6.098402">
        <ele>1382.4</ele>
      </trkpt>
      <trkpt lat="45.814234" lon="6.098409">
        <ele>1384.6</ele>
      </trkpt>
      <trkpt lat="45.813812" lon="6.098549">
        <ele>1396.9</ele>
      </trkpt>
      <trkpt lat="45.813752" lon="6.098675">
        <ele>1400.1</ele>
      </trkpt>
      <trkpt lat="45.813562" lon="6.098814">
        <ele>1406.4</ele>
      </trkpt>
      <trkpt lat="45.813352" lon="6.098819">
        <ele>1411.3</ele>
      </trkpt>
      <trkpt lat="45.813136" lon="6.099039">
        <ele>1419.0</ele>
      </trkpt>
      <trkpt lat="45.81306" lon="6.098971">
        <ele>1419.7</ele>
      </trkpt>
      <trkpt lat="45.812862" lon="6.098869">
        <ele>1422.3</ele>
      </trkpt>
      <trkpt lat="45.812584" lon="6.098793">
        <ele>1426.1</ele>
      </trkpt>
      <trkpt lat="45.812473" lon="6.098848">
        <ele>1428.6</ele>
      </trkpt>
      <trkpt lat="45.81238" lon="6.099039">
        <ele>1432.5</ele>
      </trkpt>
      <trkpt lat="45.812393" lon="6.099173">
        <ele>1434.0</ele>
      </trkpt>
      <trkpt lat="45.812428" lon="6.099273">
        <ele>1434.8</ele>
      </trkpt>
      <trkpt lat="45.812394" lon="6.099451">
        <ele>1437.4</ele>
      </trkpt>
      <trkpt lat="45.812427" lon="6.099672">
        <ele>1439.3</ele>
      </trkpt>
      <trkpt lat="45.812498" lon="6.09973">
        <ele>1438.8</ele>
      </trkpt>
      <trkpt lat="45.812429" lon="6.099769">
        <ele>1440.2</ele>
      </trkpt>
      <trkpt lat="45.812277" lon="6.099861">
        <ele>1443.0</ele>
      </trkpt>
      <trkpt lat="45.811972" lon="6.100013">
        <ele>1448.1</ele>
      </trkpt>
      <trkpt lat="45.811869" lon="6.10001">
        <ele>1449.3</ele>
      </trkpt>
      <trkpt lat="45.811693" lon="6.099897">
        <ele>1450.8</ele>
      </trkpt>
      <trkpt lat="45.811546" lon="6.099867">
        <ele>1452.6</ele>
      </trkpt>
      <trkpt lat="45.811236" lon="6.100286">
        <ele>1459.3</ele>
      </trkpt>
      <trkpt lat="45.810925" lon="6.100706">
        <ele>1465.1</ele>
      </trkpt>
      <trkpt lat="45.810794" lon="6.100963">
        <ele>1467.6</ele>
      </trkpt>
      <trkpt lat="45.810611" lon="6.101081">
        <ele>1470.2</ele>
      </trkpt>
      <trkpt lat="45.810271" lon="6.101446">
        <ele>1475.0</ele>
      </trkpt>
      <trkpt lat="45.810185" lon="6.101602">
        <ele>1476.5</ele>
      </trkpt>
      <trkpt lat="45.809762" lon="6.101752">
        <ele>1481.3</ele>
      </trkpt>
      <trkpt lat="45.809562" lon="6.101921">
        <ele>1484.0</ele>
      </trkpt>
      <trkpt lat="45.809508" lon="6.102009">
        <ele>1485.0</ele>
      </trkpt>
      <trkpt lat="45.809362" lon="6.10224">
        <ele>1487.7</ele>
      </trkpt>
      <trkpt lat="45.809157" lon="6.102039">
        <ele>1487.7</ele>
      </trkpt>
      <trkpt lat="45.809051" lon="6.101966">
        <ele>1487.9</ele>
      </trkpt>
      <trkpt lat="45.808872" lon="6.101939">
        <ele>1488.8</ele>
      </trkpt>
      <trkpt lat="45.808746" lon="6.101966">
        <ele>1489.6</ele>
      </trkpt>
      <trkpt lat="45.808578" lon="6.102034">
        <ele>1491.0</ele>
      </trkpt>
      <trkpt lat="45.808489" lon="6.10209">
        <ele>1491.8</ele>
      </trkpt>
      <trkpt lat="45.808401" lon="6.102203">
        <ele>1492.9</ele>
      </trkpt>
      <trkpt lat="45.808323" lon="6.102352">
        <ele>1494.2</ele>
      </trkpt>
      <trkpt lat="45.808316" lon="6.102532">
        <ele>1495.3</ele>
      </trkpt>
      <trkpt lat="45.808322" lon="6.102626">
        <ele>1495.8</ele>
      </trkpt>
      <trkpt lat="45.808293" lon="6.102708">
        <ele>1496.6</ele>
      </trkpt>
      <trkpt lat="45.808254" lon="6.10275">
        <ele>1497.0</ele>
      </trkpt>
      <trkpt lat="45.808141" lon="6.102795">
        <ele>1497.8</ele>
      </trkpt>
      <trkpt lat="45.807962" lon="6.102862">
        <ele>1498.9</ele>
      </trkpt>
      <trkpt lat="45.807683" lon="6.103082">
        <ele>1501.9</ele>
      </trkpt>
      <trkpt lat="45.807521" lon="6.103275">
        <ele>1504.5</ele>
      </trkpt>
      <trkpt lat="45.807405" lon="6.103442">
        <ele>1506.5</ele>
      </trkpt>
      <trkpt lat="45.807342" lon="6.103654">
        <ele>1508.5</ele>
      </trkpt>
      <trkpt lat="45.807291" lon="6.10363">
        <ele>1508.6</ele>
      </trkpt>
      <trkpt lat="45.807119" lon="6.103737">
        <ele>1510.4</ele>
      </trkpt>
      <trkpt lat="45.807014" lon="6.103882">
        <ele>1512.3</ele>
      </trkpt>
      <trkpt lat="45.807006" lon="6.104">
        <ele>1513.5</ele>
      </trkpt>
      <trkpt lat="45.806876" lon="6.104048">
        <ele>1515.0</ele>
      </trkpt>
      <trkpt lat="45.806782" lon="6.104155">
        <ele>1517.1</ele>
      </trkpt>
      <trkpt lat="45.806655" lon="6.104161">
        <ele>1518.6</ele>
      </trkpt>
      <trkpt lat="45.806453" lon="6.104225">
        <ele>1522.1</ele>
      </trkpt>
      <trkpt lat="45.806453" lon="6.104397">
        <ele>1524.9</ele>
      </trkpt>
      <trkpt lat="45.806408" lon="6.104579">
        <ele>1528.4</ele>
      </trkpt>
      <trkpt lat="45.806382" lon="6.104853">
        <ele>1532.4</ele>
      </trkpt>
      <trkpt lat="45.806199" lon="6.105067">
        <ele>1538.1</ele>
      </trkpt>
      <trkpt lat="45.806173" lon="6.105228">
        <ele>1540.0</ele>
      </trkpt>
      <trkpt lat="45.805937" lon="6.105507">
        <ele>1547.2</ele>
      </trkpt>
      <trkpt lat="45.805948" lon="6.105781">
        <ele>1548.4</ele>
      </trkpt>
      <trkpt lat="45.805847" lon="6.105947">
        <ele>1551.5</ele>
      </trkpt>
      <trkpt lat="45.805728" lon="6.106167">
        <ele>1554.6</ele>
      </trkpt>
      <trkpt lat="45.805305" lon="6.106355">
        <ele>1565.3</ele>
      </trkpt>
      <trkpt lat="45.805234" lon="6.106532">
        <ele>1566.3</ele>
      </trkpt>
      <trkpt lat="45.805002" lon="6.106709">
        <ele>1570.9</ele>
      </trkpt>
      <trkpt lat="45.804789" lon="6.10702">
        <ele>1572.5</ele>
      </trkpt>
      <trkpt lat="45.804684" lon="6.107127">
        <ele>1573.4</ele>
      </trkpt>
      <trkpt lat="45.80452" lon="6.10717">
        <ele>1576.4</ele>
      </trkpt>
      <trkpt lat="45.804415" lon="6.107293">
        <ele>1577.2</ele>
      </trkpt>
      <trkpt lat="45.804292" lon="6.107342">
        <ele>1579.2</ele>
      </trkpt>
      <trkpt lat="45.804101" lon="6.107304">
        <ele>1583.4</ele>
      </trkpt>
      <trkpt lat="45.803947" lon="6.107293">
        <ele>1586.5</ele>
      </trkpt>
      <trkpt lat="45.80379" lon="6.107492">
        <ele>1587.9</ele>
      </trkpt>
      <trkpt lat="45.803772" lon="6.107615">
        <ele>1587.4</ele>
      </trkpt>
      <trkpt lat="45.80391" lon="6.107975">
        <ele>1582.4</ele>
      </trkpt>
      <trkpt lat="45.803693" lon="6.108259">
        <ele>1585.1</ele>
      </trkpt>
      <trkpt lat="45.803626" lon="6.108109">
        <ele>1587.3</ele>
      </trkpt>
      <trkpt lat="45.803424" lon="6.107948">
        <ele>1592.8</ele>
      </trkpt>
      <trkpt lat="45.80314" lon="6.107905">
        <ele>1599.9</ele>
      </trkpt>
      <trkpt lat="45.80277" lon="6.107985">
        <ele>1607.9</ele>
      </trkpt>
      <trkpt lat="45.802399" lon="6.108195">
        <ele>1609.0</ele>
      </trkpt>
      <trkpt lat="45.802218" lon="6.108444">
        <ele>1608.1</ele>
      </trkpt>
      <trkpt lat="45.802187" lon="6.108486">
        <ele>1608.3</ele>
      </trkpt>
      <trkpt lat="45.802121" lon="6.108468">
        <ele>1609.1</ele>
      </trkpt>
      <trkpt lat="45.802118" lon="6.108553">
        <ele>1609.1</ele>
      </trkpt>
      <trkpt lat="45.802096" lon="6.108755">
        <ele>1610.1</ele>
      </trkpt>
      <trkpt lat="45.802081" lon="6.108895">
        <ele>1611.6</ele>
      </trkpt>
      <trkpt lat="45.802082" lon="6.108967">
        <ele>1612.3</ele>
      </trkpt>
      <trkpt lat="45.802013" lon="6.108965">
        <ele>1614.4</ele>
      </trkpt>
      <trkpt lat="45.801967" lon="6.108951">
        <ele>1615.6</ele>
      </trkpt>
      <trkpt lat="45.801929" lon="6.108927">
        <ele>1616.3</ele>
      </trkpt>
      <trkpt lat="45.801879" lon="6.108883">
        <ele>1616.8</ele>
      </trkpt>
      <trkpt lat="45.801819" lon="6.108825">
        <ele>1617.2</ele>
      </trkpt>
      <trkpt lat="45.801762" lon="6.108781">
        <ele>1617.6</ele>
      </trkpt>
      <trkpt lat="45.801678" lon="6.108726">
        <ele>1618.3</ele>
      </trkpt>
      <trkpt lat="45.801582" lon="6.108676">
        <ele>1619.3</ele>
      </trkpt>
      <trkpt lat="45.801479" lon="6.108605">
        <ele>1619.8</ele>
      </trkpt>
      <trkpt lat="45.801379" lon="6.108523">
        <ele>1619.9</ele>
      </trkpt>
      <trkpt lat="45.801279" lon="6.108449">
        <ele>1620.1</ele>
      </trkpt>
      <trkpt lat="45.801175" lon="6.108381">
        <ele>1620.7</ele>
      </trkpt>
      <trkpt lat="45.801117" lon="6.108359">
        <ele>1621.4</ele>
      </trkpt>
      <trkpt lat="45.801048" lon="6.108341">
        <ele>1622.6</ele>
      </trkpt>
      <trkpt lat="45.800931" lon="6.10832">
        <ele>1625.0</ele>
      </trkpt>
      <trkpt lat="45.800881" lon="6.108309">
        <ele>1626.0</ele>
      </trkpt>
      <trkpt lat="45.800784" lon="6.108286">
        <ele>1628.0</ele>
      </trkpt>
      <trkpt lat="45.800685" lon="6.108258">
        <ele>1629.9</ele>
      </trkpt>
      <trkpt lat="45.800585" lon="6.108224">
        <ele>1631.8</ele>
      </trkpt>
      <trkpt lat="45.800537" lon="6.108204">
        <ele>1632.6</ele>
      </trkpt>
      <trkpt lat="45.800444" lon="6.108154">
        <ele>1634.1</ele>
      </trkpt>
      <trkpt lat="45.800353" lon="6.108091">
        <ele>1635.2</ele>
      </trkpt>
      <trkpt lat="45.800243" lon="6.108027">
        <ele>1636.9</ele>
      </trkpt>
      <trkpt lat="45.800134" lon="6.107975">
        <ele>1638.8</ele>
      </trkpt>
      <trkpt lat="45.800086" lon="6.107946">
        <ele>1639.4</ele>
      </trkpt>
      <trkpt lat="45.800046" lon="6.107911">
        <ele>1639.8</ele>
      </trkpt>
      <trkpt lat="45.800003" lon="6.107865">
        <ele>1640.0</ele>
      </trkpt>
      <trkpt lat="45.79991" lon="6.10776">
        <ele>1640.5</ele>
      </trkpt>
      <trkpt lat="45.799802" lon="6.107673">
        <ele>1642.0</ele>
      </trkpt>
      <trkpt lat="45.799692" lon="6.10761">
        <ele>1644.4</ele>
      </trkpt>
      <trkpt lat="45.799575" lon="6.107559">
        <ele>1647.5</ele>
      </trkpt>
      <trkpt lat="45.79948" lon="6.107523">
        <ele>1650.3</ele>
      </trkpt>
      <trkpt lat="45.799408" lon="6.107507">
        <ele>1652.1</ele>
      </trkpt>
      <trkpt lat="45.79933" lon="6.107507">
        <ele>1653.7</ele>
      </trkpt>
      <trkpt lat="45.799197" lon="6.107537">
        <ele>1655.6</ele>
      </trkpt>
      <trkpt lat="45.799144" lon="6.107379">
        <ele>1656.1</ele>
      </trkpt>
      <trkpt lat="45.799097" lon="6.107308">
        <ele>1656.2</ele>
      </trkpt>
      <trkpt lat="45.798993" lon="6.107216">
        <ele>1657.1</ele>
      </trkpt>
      <trkpt lat="45.798908" lon="6.107123">
        <ele>1658.3</ele>
      </trkpt>
      <trkpt lat="45.798846" lon="6.107032">
        <ele>1658.6</ele>
      </trkpt>
      <trkpt lat="45.798815" lon="6.107001">
        <ele>1658.8</ele>
      </trkpt>
      <trkpt lat="45.79853" lon="6.106814">
        <ele>1663.1</ele>
      </trkpt>
      <trkpt lat="45.798442" lon="6.106747">
        <ele>1664.6</ele>
      </trkpt>
      <trkpt lat="45.798385" lon="6.106691">
        <ele>1665.8</ele>
      </trkpt>
      <trkpt lat="45.7981" lon="6.106369">
        <ele>1671.2</ele>
      </trkpt>
      <trkpt lat="45.797947" lon="6.106156">
        <ele>1675.0</ele>
      </trkpt>
      <trkpt lat="45.797885" lon="6.106079">
        <ele>1676.8</ele>
      </trkpt>
      <trkpt lat="45.797749" lon="6.105755">
        <ele>1681.6</ele>
      </trkpt>
      <trkpt lat="45.797663" lon="6.105596">
        <ele>1684.7</ele>
      </trkpt>
      <trkpt lat="45.79749" lon="6.105299">
        <ele>1691.6</ele>
      </trkpt>
      <trkpt lat="45.797316" lon="6.105002">
        <ele>1693.0</ele>
      </trkpt>
      <trkpt lat="45.797251" lon="6.104913">
        <ele>1694.1</ele>
      </trkpt>
      <trkpt lat="45.797205" lon="6.104821">
        <ele>1694.3</ele>
      </trkpt>
      <trkpt lat="45.797183" lon="6.104755">
        <ele>1694.2</ele>
      </trkpt>
      <trkpt lat="45.79718" lon="6.104668">
        <ele>1693.4</ele>
      </trkpt>
      <trkpt lat="45.797135" lon="6.104682">
        <ele>1695.1</ele>
      </trkpt>
      <trkpt lat="45.796995" lon="6.104622">
        <ele>1697.3</ele>
      </trkpt>
      <trkpt lat="45.79694" lon="6.104607">
        <ele>1696.9</ele>
      </trkpt>
      <trkpt lat="45.796891" lon="6.104578">
        <ele>1696.2</ele>
      </trkpt>
      <trkpt lat="45.796868" lon="6.104553">
        <ele>1695.7</ele>
      </trkpt>
      <trkpt lat="45.796813" lon="6.104505">
        <ele>1694.6</ele>
      </trkpt>
      <trkpt lat="45.796715" lon="6.104448">
        <ele>1692.7</ele>
      </trkpt>
      <trkpt lat="45.796636" lon="6.104459">
        <ele>1691.0</ele>
      </trkpt>
      <trkpt lat="45.796599" lon="6.104456">
        <ele>1689.9</ele>
      </trkpt>
      <trkpt lat="45.796589" lon="6.104419">
        <ele>1689.4</ele>
      </trkpt>
      <trkpt lat="45.796574" lon="6.104303">
        <ele>1688.3</ele>
      </trkpt>
      <trkpt lat="45.796561" lon="6.104125">
        <ele>1686.4</ele>
      </trkpt>
      <trkpt lat="45.796538" lon="6.104085">
        <ele>1685.1</ele>
      </trkpt>
      <trkpt lat="45.796514" lon="6.104067">
        <ele>1683.9</ele>
      </trkpt>
      <trkpt lat="45.796435" lon="6.104006">
        <ele>1680.0</ele>
      </trkpt>
      <trkpt lat="45.796321" lon="6.103677">
        <ele>1674.0</ele>
      </trkpt>
      <trkpt lat="45.796287" lon="6.103625">
        <ele>1672.8</ele>
      </trkpt>
      <trkpt lat="45.796275" lon="6.103606">
        <ele>1672.4</ele>
      </trkpt>
      <trkpt lat="45.796234" lon="6.103509">
        <ele>1670.8</ele>
      </trkpt>
      <trkpt lat="45.796205" lon="6.103398">
        <ele>1669.6</ele>
      </trkpt>
      <trkpt lat="45.796172" lon="6.103306">
        <ele>1668.5</ele>
      </trkpt>
      <trkpt lat="45.796134" lon="6.103246">
        <ele>1667.5</ele>
      </trkpt>
      <trkpt lat="45.796064" lon="6.103188">
        <ele>1665.8</ele>
      </trkpt>
      <trkpt lat="45.795982" lon="6.103144">
        <ele>1663.9</ele>
      </trkpt>
      <trkpt lat="45.795867" lon="6.10302">
        <ele>1662.1</ele>
      </trkpt>
      <trkpt lat="45.795705" lon="6.102925">
        <ele>1660.2</ele>
      </trkpt>
      <trkpt lat="45.795665" lon="6.102907">
        <ele>1659.7</ele>
      </trkpt>
      <trkpt lat="45.795641" lon="6.1029">
        <ele>1659.4</ele>
      </trkpt>
      <trkpt lat="45.79559" lon="6.102905">
        <ele>1658.6</ele>
      </trkpt>
      <trkpt lat="45.795568" lon="6.1029">
        <ele>1658.4</ele>
      </trkpt>
      <trkpt lat="45.795546" lon="6.102884">
        <ele>1658.2</ele>
      </trkpt>
      <trkpt lat="45.795535" lon="6.102869">
        <ele>1658.2</ele>
      </trkpt>
      <trkpt lat="45.795519" lon="6.10286">
        <ele>1658.1</ele>
      </trkpt>
      <trkpt lat="45.795407" lon="6.102829">
        <ele>1657.1</ele>
      </trkpt>
      <trkpt lat="45.795321" lon="6.102784">
        <ele>1656.8</ele>
      </trkpt>
      <trkpt lat="45.795214" lon="6.102793">
        <ele>1655.4</ele>
      </trkpt>
      <trkpt lat="45.79517" lon="6.102788">
        <ele>1655.0</ele>
      </trkpt>
      <trkpt lat="45.795124" lon="6.102774">
        <ele>1654.7</ele>
      </trkpt>
      <trkpt lat="45.795011" lon="6.102709">
        <ele>1654.6</ele>
      </trkpt>
      <trkpt lat="45.794918" lon="6.102682">
        <ele>1653.9</ele>
      </trkpt>
      <trkpt lat="45.794855" lon="6.10265">
        <ele>1653.5</ele>
      </trkpt>
      <trkpt lat="45.794815" lon="6.102612">
        <ele>1653.5</ele>
      </trkpt>
      <trkpt lat="45.794754" lon="6.102571">
        <ele>1652.9</ele>
      </trkpt>
      <trkpt lat="45.794635" lon="6.102451">
        <ele>1651.8</ele>
      </trkpt>
      <trkpt lat="45.794605" lon="6.102425">
        <ele>1651.5</ele>
      </trkpt>
      <trkpt lat="45.794573" lon="6.102408">
        <ele>1651.1</ele>
      </trkpt>
      <trkpt lat="45.794467" lon="6.102374">
        <ele>1649.5</ele>
      </trkpt>
      <trkpt lat="45.794423" lon="6.102341">
        <ele>1649.0</ele>
      </trkpt>
      <trkpt lat="45.794391" lon="6.102332">
        <ele>1648.5</ele>
      </trkpt>
      <trkpt lat="45.794354" lon="6.102337">
        <ele>1647.9</ele>
      </trkpt>
      <trkpt lat="45.794209" lon="6.102409">
        <ele>1645.2</ele>
      </trkpt>
      <trkpt lat="45.794156" lon="6.102353">
        <ele>1645.2</ele>
      </trkpt>
      <trkpt lat="45.794095" lon="6.102301">
        <ele>1645.1</ele>
      </trkpt>
      <trkpt lat="45.794024" lon="6.102256">
        <ele>1644.9</ele>
      </trkpt>
      <trkpt lat="45.793944" lon="6.102227">
        <ele>1644.6</ele>
      </trkpt>
      <trkpt lat="45.79386" lon="6.102207">
        <ele>1644.1</ele>
      </trkpt>
      <trkpt lat="45.793778" lon="6.10221">
        <ele>1643.6</ele>
      </trkpt>
      <trkpt lat="45.79368" lon="6.102228">
        <ele>1643.0</ele>
      </trkpt>
      <trkpt lat="45.793607" lon="6.102244">
        <ele>1642.6</ele>
      </trkpt>
      <trkpt lat="45.793486" lon="6.10228">
        <ele>1642.1</ele>
      </trkpt>
      <trkpt lat="45.793381" lon="6.102296">
        <ele>1641.7</ele>
      </trkpt>
      <trkpt lat="45.793316" lon="6.102292">
        <ele>1641.5</ele>
      </trkpt>
      <trkpt lat="45.793251" lon="6.102276">
        <ele>1641.4</ele>
      </trkpt>
      <trkpt lat="45.793147" lon="6.102239">
        <ele>1641.2</ele>
      </trkpt>
      <trkpt lat="45.792955" lon="6.102155">
        <ele>1640.7</ele>
      </trkpt>
      <trkpt lat="45.792622" lon="6.10204">
        <ele>1639.4</ele>
      </trkpt>
      <trkpt lat="45.792574" lon="6.102037">
        <ele>1639.1</ele>
      </trkpt>
      <trkpt lat="45.792536" lon="6.102048">
        <ele>1638.8</ele>
      </trkpt>
      <trkpt lat="45.792405" lon="6.101693">
        <ele>1639.3</ele>
      </trkpt>
      <trkpt lat="45.792363" lon="6.101601">
        <ele>1639.1</ele>
      </trkpt>
      <trkpt lat="45.792313" lon="6.10149">
        <ele>1639.1</ele>
      </trkpt>
      <trkpt lat="45.792289" lon="6.10146">
        <ele>1639.2</ele>
      </trkpt>
      <trkpt lat="45.792182" lon="6.101326">
        <ele>1639.4</ele>
      </trkpt>
      <trkpt lat="45.791983" lon="6.101113">
        <ele>1639.5</ele>
      </trkpt>
      <trkpt lat="45.791784" lon="6.100901">
        <ele>1640.2</ele>
      </trkpt>
      <trkpt lat="45.791443" lon="6.100569">
        <ele>1639.3</ele>
      </trkpt>
      <trkpt lat="45.791102" lon="6.100237">
        <ele>1637.5</ele>
      </trkpt>
      <trkpt lat="45.790993" lon="6.099814">
        <ele>1637.9</ele>
      </trkpt>
      <trkpt lat="45.790829" lon="6.099559">
        <ele>1638.0</ele>
      </trkpt>
      <trkpt lat="45.790666" lon="6.099305">
        <ele>1637.6</ele>
      </trkpt>
      <trkpt lat="45.790571" lon="6.099014">
        <ele>1636.3</ele>
      </trkpt>
      <trkpt lat="45.790566" lon="6.098999">
        <ele>1636.2</ele>
        <name>Parc naturel régional du Massif des Bauges, Gruffy, Annecy</name>
        <extensions>
          <oa:Extension>
            <oa:mapZoom>13</oa:mapZoom>
          </oa:Extension>
        </extensions>
      </trkpt>
      <trkpt lat="45.790571" lon="6.099014">
        <ele>1636.3</ele>
      </trkpt>
      <trkpt lat="45.790666" lon="6.099305">
        <ele>1637.6</ele>
      </trkpt>
      <trkpt lat="45.790829" lon="6.099559">
        <ele>1638.0</ele>
      </trkpt>
      <trkpt lat="45.790993" lon="6.099814">
        <ele>1637.9</ele>
      </trkpt>
      <trkpt lat="45.791102" lon="6.100237">
        <ele>1637.5</ele>
      </trkpt>
      <trkpt lat="45.791443" lon="6.100569">
        <ele>1639.3</ele>
      </trkpt>
      <trkpt lat="45.791784" lon="6.100901">
        <ele>1640.2</ele>
      </trkpt>
      <trkpt lat="45.791983" lon="6.101113">
        <ele>1639.5</ele>
      </trkpt>
      <trkpt lat="45.792182" lon="6.101326">
        <ele>1639.4</ele>
      </trkpt>
      <trkpt lat="45.792289" lon="6.10146">
        <ele>1639.2</ele>
      </trkpt>
      <trkpt lat="45.792313" lon="6.10149">
        <ele>1639.1</ele>
      </trkpt>
      <trkpt lat="45.792363" lon="6.101601">
        <ele>1639.1</ele>
      </trkpt>
      <trkpt lat="45.792405" lon="6.101693">
        <ele>1639.3</ele>
      </trkpt>
      <trkpt lat="45.792536" lon="6.102048">
        <ele>1638.8</ele>
      </trkpt>
      <trkpt lat="45.792574" lon="6.102037">
        <ele>1639.1</ele>
      </trkpt>
      <trkpt lat="45.792622" lon="6.10204">
        <ele>1639.4</ele>
      </trkpt>
      <trkpt lat="45.792955" lon="6.102155">
        <ele>1640.7</ele>
      </trkpt>
      <trkpt lat="45.793147" lon="6.102239">
        <ele>1641.2</ele>
      </trkpt>
      <trkpt lat="45.793251" lon="6.102276">
        <ele>1641.4</ele>
      </trkpt>
      <trkpt lat="45.793316" lon="6.102292">
        <ele>1641.5</ele>
      </trkpt>
      <trkpt lat="45.793381" lon="6.102296">
        <ele>1641.7</ele>
      </trkpt>
      <trkpt lat="45.793486" lon="6.10228">
        <ele>1642.1</ele>
      </trkpt>
      <trkpt lat="45.793607" lon="6.102244">
        <ele>1642.6</ele>
      </trkpt>
      <trkpt lat="45.79368" lon="6.102228">
        <ele>1643.0</ele>
      </trkpt>
      <trkpt lat="45.793778" lon="6.10221">
        <ele>1643.6</ele>
      </trkpt>
      <trkpt lat="45.79386" lon="6.102207">
        <ele>1644.1</ele>
      </trkpt>
      <trkpt lat="45.793944" lon="6.102227">
        <ele>1644.6</ele>
      </trkpt>
      <trkpt lat="45.794024" lon="6.102256">
        <ele>1644.9</ele>
      </trkpt>
      <trkpt lat="45.794095" lon="6.102301">
        <ele>1645.1</ele>
      </trkpt>
      <trkpt lat="45.794156" lon="6.102353">
        <ele>1645.2</ele>
      </trkpt>
      <trkpt lat="45.794209" lon="6.102409">
        <ele>1645.2</ele>
      </trkpt>
      <trkpt lat="45.794354" lon="6.102337">
        <ele>1647.9</ele>
      </trkpt>
      <trkpt lat="45.794391" lon="6.102332">
        <ele>1648.5</ele>
      </trkpt>
      <trkpt lat="45.794423" lon="6.102341">
        <ele>1649.0</ele>
      </trkpt>
      <trkpt lat="45.794467" lon="6.102374">
        <ele>1649.5</ele>
      </trkpt>
      <trkpt lat="45.794573" lon="6.102408">
        <ele>1651.1</ele>
      </trkpt>
      <trkpt lat="45.794605" lon="6.102425">
        <ele>1651.5</ele>
      </trkpt>
      <trkpt lat="45.794635" lon="6.102451">
        <ele>1651.8</ele>
      </trkpt>
      <trkpt lat="45.794754" lon="6.102571">
        <ele>1652.9</ele>
      </trkpt>
      <trkpt lat="45.794815" lon="6.102612">
        <ele>1653.5</ele>
      </trkpt>
      <trkpt lat="45.794855" lon="6.10265">
        <ele>1653.5</ele>
      </trkpt>
      <trkpt lat="45.794918" lon="6.102682">
        <ele>1653.9</ele>
      </trkpt>
      <trkpt lat="45.795011" lon="6.102709">
        <ele>1654.6</ele>
      </trkpt>
      <trkpt lat="45.795124" lon="6.102774">
        <ele>1654.7</ele>
      </trkpt>
      <trkpt lat="45.79517" lon="6.102788">
        <ele>1655.0</ele>
      </trkpt>
      <trkpt lat="45.795214" lon="6.102793">
        <ele>1655.4</ele>
      </trkpt>
      <trkpt lat="45.795321" lon="6.102784">
        <ele>1656.8</ele>
      </trkpt>
      <trkpt lat="45.795407" lon="6.102829">
        <ele>1657.1</ele>
      </trkpt>
      <trkpt lat="45.795519" lon="6.10286">
        <ele>1658.1</ele>
      </trkpt>
      <trkpt lat="45.795535" lon="6.102869">
        <ele>1658.2</ele>
      </trkpt>
      <trkpt lat="45.795546" lon="6.102884">
        <ele>1658.2</ele>
      </trkpt>
      <trkpt lat="45.795568" lon="6.1029">
        <ele>1658.4</ele>
      </trkpt>
      <trkpt lat="45.79559" lon="6.102905">
        <ele>1658.6</ele>
      </trkpt>
      <trkpt lat="45.795641" lon="6.1029">
        <ele>1659.4</ele>
      </trkpt>
      <trkpt lat="45.795665" lon="6.102907">
        <ele>1659.7</ele>
      </trkpt>
      <trkpt lat="45.795705" lon="6.102925">
        <ele>1660.2</ele>
      </trkpt>
      <trkpt lat="45.795867" lon="6.10302">
        <ele>1662.1</ele>
      </trkpt>
      <trkpt lat="45.795982" lon="6.103144">
        <ele>1663.9</ele>
      </trkpt>
      <trkpt lat="45.796064" lon="6.103188">
        <ele>1665.8</ele>
      </trkpt>
      <trkpt lat="45.796134" lon="6.103246">
        <ele>1667.5</ele>
      </trkpt>
      <trkpt lat="45.796172" lon="6.103306">
        <ele>1668.5</ele>
      </trkpt>
      <trkpt lat="45.796205" lon="6.103398">
        <ele>1669.6</ele>
      </trkpt>
      <trkpt lat="45.796234" lon="6.103509">
        <ele>1670.8</ele>
      </trkpt>
      <trkpt lat="45.796275" lon="6.103606">
        <ele>1672.4</ele>
      </trkpt>
      <trkpt lat="45.796287" lon="6.103625">
        <ele>1672.8</ele>
      </trkpt>
      <trkpt lat="45.796321" lon="6.103677">
        <ele>1674.0</ele>
      </trkpt>
      <trkpt lat="45.796435" lon="6.104006">
        <ele>1680.0</ele>
      </trkpt>
      <trkpt lat="45.796514" lon="6.104067">
        <ele>1683.9</ele>
      </trkpt>
      <trkpt lat="45.796538" lon="6.104085">
        <ele>1685.1</ele>
      </trkpt>
      <trkpt lat="45.796561" lon="6.104125">
        <ele>1686.4</ele>
      </trkpt>
      <trkpt lat="45.796574" lon="6.104303">
        <ele>1688.3</ele>
      </trkpt>
      <trkpt lat="45.796589" lon="6.104419">
        <ele>1689.4</ele>
      </trkpt>
      <trkpt lat="45.796599" lon="6.104456">
        <ele>1689.9</ele>
      </trkpt>
      <trkpt lat="45.796636" lon="6.104459">
        <ele>1691.0</ele>
      </trkpt>
      <trkpt lat="45.796715" lon="6.104448">
        <ele>1692.7</ele>
      </trkpt>
      <trkpt lat="45.796813" lon="6.104505">
        <ele>1694.6</ele>
      </trkpt>
      <trkpt lat="45.796868" lon="6.104553">
        <ele>1695.7</ele>
      </trkpt>
      <trkpt lat="45.796891" lon="6.104578">
        <ele>1696.2</ele>
      </trkpt>
      <trkpt lat="45.79694" lon="6.104607">
        <ele>1696.9</ele>
      </trkpt>
      <trkpt lat="45.796995" lon="6.104622">
        <ele>1697.3</ele>
      </trkpt>
      <trkpt lat="45.797135" lon="6.104682">
        <ele>1695.1</ele>
      </trkpt>
      <trkpt lat="45.79718" lon="6.104668">
        <ele>1693.4</ele>
      </trkpt>
      <trkpt lat="45.797183" lon="6.104755">
        <ele>1694.2</ele>
      </trkpt>
      <trkpt lat="45.797205" lon="6.104821">
        <ele>1694.3</ele>
      </trkpt>
      <trkpt lat="45.797251" lon="6.104913">
        <ele>1694.1</ele>
      </trkpt>
      <trkpt lat="45.797316" lon="6.105002">
        <ele>1693.0</ele>
      </trkpt>
      <trkpt lat="45.79749" lon="6.105299">
        <ele>1691.6</ele>
      </trkpt>
      <trkpt lat="45.797663" lon="6.105596">
        <ele>1684.7</ele>
      </trkpt>
      <trkpt lat="45.797749" lon="6.105755">
        <ele>1681.6</ele>
      </trkpt>
      <trkpt lat="45.797885" lon="6.106079">
        <ele>1676.8</ele>
      </trkpt>
      <trkpt lat="45.797947" lon="6.106156">
        <ele>1675.0</ele>
      </trkpt>
      <trkpt lat="45.7981" lon="6.106369">
        <ele>1671.2</ele>
      </trkpt>
      <trkpt lat="45.798385" lon="6.106691">
        <ele>1665.8</ele>
      </trkpt>
      <trkpt lat="45.798442" lon="6.106747">
        <ele>1664.6</ele>
      </trkpt>
      <trkpt lat="45.79853" lon="6.106814">
        <ele>1663.1</ele>
      </trkpt>
      <trkpt lat="45.798815" lon="6.107001">
        <ele>1658.8</ele>
      </trkpt>
      <trkpt lat="45.798846" lon="6.107032">
        <ele>1658.6</ele>
      </trkpt>
      <trkpt lat="45.798908" lon="6.107123">
        <ele>1658.3</ele>
      </trkpt>
      <trkpt lat="45.798993" lon="6.107216">
        <ele>1657.1</ele>
      </trkpt>
      <trkpt lat="45.799097" lon="6.107308">
        <ele>1656.2</ele>
      </trkpt>
      <trkpt lat="45.799144" lon="6.107379">
        <ele>1656.1</ele>
      </trkpt>
      <trkpt lat="45.799197" lon="6.107537">
        <ele>1655.6</ele>
      </trkpt>
      <trkpt lat="45.79933" lon="6.107507">
        <ele>1653.7</ele>
      </trkpt>
      <trkpt lat="45.799408" lon="6.107507">
        <ele>1652.1</ele>
      </trkpt>
      <trkpt lat="45.79948" lon="6.107523">
        <ele>1650.3</ele>
      </trkpt>
      <trkpt lat="45.799575" lon="6.107559">
        <ele>1647.5</ele>
      </trkpt>
      <trkpt lat="45.799692" lon="6.10761">
        <ele>1644.4</ele>
      </trkpt>
      <trkpt lat="45.799802" lon="6.107673">
        <ele>1642.0</ele>
      </trkpt>
      <trkpt lat="45.79991" lon="6.10776">
        <ele>1640.5</ele>
      </trkpt>
      <trkpt lat="45.800003" lon="6.107865">
        <ele>1640.0</ele>
      </trkpt>
      <trkpt lat="45.800046" lon="6.107911">
        <ele>1639.8</ele>
      </trkpt>
      <trkpt lat="45.800086" lon="6.107946">
        <ele>1639.4</ele>
      </trkpt>
      <trkpt lat="45.800134" lon="6.107975">
        <ele>1638.8</ele>
      </trkpt>
      <trkpt lat="45.800243" lon="6.108027">
        <ele>1636.9</ele>
      </trkpt>
      <trkpt lat="45.800353" lon="6.108091">
        <ele>1635.2</ele>
      </trkpt>
      <trkpt lat="45.800444" lon="6.108154">
        <ele>1634.1</ele>
      </trkpt>
      <trkpt lat="45.800537" lon="6.108204">
        <ele>1632.6</ele>
      </trkpt>
      <trkpt lat="45.800585" lon="6.108224">
        <ele>1631.8</ele>
      </trkpt>
      <trkpt lat="45.800685" lon="6.108258">
        <ele>1629.9</ele>
      </trkpt>
      <trkpt lat="45.800784" lon="6.108286">
        <ele>1628.0</ele>
      </trkpt>
      <trkpt lat="45.800881" lon="6.108309">
        <ele>1626.0</ele>
      </trkpt>
      <trkpt lat="45.800931" lon="6.10832">
        <ele>1625.0</ele>
      </trkpt>
      <trkpt lat="45.801048" lon="6.108341">
        <ele>1622.6</ele>
      </trkpt>
      <trkpt lat="45.801117" lon="6.108359">
        <ele>1621.4</ele>
      </trkpt>
      <trkpt lat="45.801175" lon="6.108381">
        <ele>1620.7</ele>
      </trkpt>
      <trkpt lat="45.801279" lon="6.108449">
        <ele>1620.1</ele>
      </trkpt>
      <trkpt lat="45.801379" lon="6.108523">
        <ele>1619.9</ele>
      </trkpt>
      <trkpt lat="45.801479" lon="6.108605">
        <ele>1619.8</ele>
      </trkpt>
      <trkpt lat="45.801582" lon="6.108676">
        <ele>1619.3</ele>
      </trkpt>
      <trkpt lat="45.801678" lon="6.108726">
        <ele>1618.3</ele>
      </trkpt>
      <trkpt lat="45.801762" lon="6.108781">
        <ele>1617.6</ele>
      </trkpt>
      <trkpt lat="45.801819" lon="6.108825">
        <ele>1617.2</ele>
      </trkpt>
      <trkpt lat="45.801879" lon="6.108883">
        <ele>1616.8</ele>
      </trkpt>
      <trkpt lat="45.801929" lon="6.108927">
        <ele>1616.3</ele>
      </trkpt>
      <trkpt lat="45.801967" lon="6.108951">
        <ele>1615.6</ele>
      </trkpt>
      <trkpt lat="45.802013" lon="6.108965">
        <ele>1614.4</ele>
      </trkpt>
      <trkpt lat="45.802082" lon="6.108967">
        <ele>1612.3</ele>
      </trkpt>
      <trkpt lat="45.802081" lon="6.108895">
        <ele>1611.6</ele>
      </trkpt>
      <trkpt lat="45.802096" lon="6.108755">
        <ele>1610.1</ele>
      </trkpt>
      <trkpt lat="45.802118" lon="6.108553">
        <ele>1609.1</ele>
      </trkpt>
      <trkpt lat="45.802121" lon="6.108468">
        <ele>1609.1</ele>
      </trkpt>
      <trkpt lat="45.802187" lon="6.108486">
        <ele>1608.3</ele>
      </trkpt>
      <trkpt lat="45.802228" lon="6.108521">
        <ele>1607.7</ele>
      </trkpt>
      <trkpt lat="45.802263" lon="6.10858">
        <ele>1606.9</ele>
      </trkpt>
      <trkpt lat="45.802297" lon="6.108666">
        <ele>1606.1</ele>
      </trkpt>
      <trkpt lat="45.802349" lon="6.108755">
        <ele>1604.8</ele>
      </trkpt>
      <trkpt lat="45.802418" lon="6.108827">
        <ele>1603.0</ele>
      </trkpt>
      <trkpt lat="45.802548" lon="6.108947">
        <ele>1600.3</ele>
      </trkpt>
      <trkpt lat="45.802665" lon="6.109068">
        <ele>1599.1</ele>
      </trkpt>
      <trkpt lat="45.802728" lon="6.109109">
        <ele>1598.3</ele>
      </trkpt>
      <trkpt lat="45.802771" lon="6.109146">
        <ele>1597.7</ele>
      </trkpt>
      <trkpt lat="45.80283" lon="6.109209">
        <ele>1596.7</ele>
      </trkpt>
      <trkpt lat="45.802899" lon="6.109266">
        <ele>1595.5</ele>
      </trkpt>
      <trkpt lat="45.802974" lon="6.109331">
        <ele>1594.0</ele>
      </trkpt>
      <trkpt lat="45.803052" lon="6.109413">
        <ele>1592.6</ele>
      </trkpt>
      <trkpt lat="45.803122" lon="6.109491">
        <ele>1591.2</ele>
      </trkpt>
      <trkpt lat="45.803184" lon="6.109564">
        <ele>1590.2</ele>
      </trkpt>
      <trkpt lat="45.803288" lon="6.109673">
        <ele>1589.2</ele>
      </trkpt>
      <trkpt lat="45.803387" lon="6.109743">
        <ele>1589.0</ele>
      </trkpt>
      <trkpt lat="45.803512" lon="6.109822">
        <ele>1589.2</ele>
      </trkpt>
      <trkpt lat="45.803608" lon="6.109859">
        <ele>1589.4</ele>
      </trkpt>
      <trkpt lat="45.803687" lon="6.109885">
        <ele>1589.6</ele>
      </trkpt>
      <trkpt lat="45.803748" lon="6.109906">
        <ele>1589.8</ele>
      </trkpt>
      <trkpt lat="45.803816" lon="6.109924">
        <ele>1590.0</ele>
      </trkpt>
      <trkpt lat="45.803868" lon="6.109936">
        <ele>1590.2</ele>
      </trkpt>
      <trkpt lat="45.803924" lon="6.109934">
        <ele>1590.4</ele>
      </trkpt>
      <trkpt lat="45.803969" lon="6.109909">
        <ele>1590.2</ele>
      </trkpt>
      <trkpt lat="45.80401" lon="6.10987">
        <ele>1589.9</ele>
      </trkpt>
      <trkpt lat="45.804051" lon="6.109827">
        <ele>1589.5</ele>
      </trkpt>
      <trkpt lat="45.804143" lon="6.109706">
        <ele>1588.0</ele>
      </trkpt>
      <trkpt lat="45.804221" lon="6.109616">
        <ele>1586.8</ele>
      </trkpt>
      <trkpt lat="45.80434" lon="6.109534">
        <ele>1585.7</ele>
      </trkpt>
      <trkpt lat="45.804551" lon="6.109462">
        <ele>1585.4</ele>
      </trkpt>
      <trkpt lat="45.804634" lon="6.109435">
        <ele>1585.2</ele>
      </trkpt>
      <trkpt lat="45.804818" lon="6.10939">
        <ele>1584.8</ele>
      </trkpt>
      <trkpt lat="45.804906" lon="6.109381">
        <ele>1584.7</ele>
      </trkpt>
      <trkpt lat="45.805046" lon="6.109394">
        <ele>1584.7</ele>
      </trkpt>
      <trkpt lat="45.80513" lon="6.109378">
        <ele>1584.0</ele>
      </trkpt>
      <trkpt lat="45.805218" lon="6.109354">
        <ele>1583.0</ele>
      </trkpt>
      <trkpt lat="45.805317" lon="6.109264">
        <ele>1580.6</ele>
      </trkpt>
      <trkpt lat="45.805411" lon="6.109196">
        <ele>1578.4</ele>
      </trkpt>
      <trkpt lat="45.805549" lon="6.109039">
        <ele>1574.6</ele>
      </trkpt>
      <trkpt lat="45.805698" lon="6.108932">
        <ele>1571.9</ele>
      </trkpt>
      <trkpt lat="45.805805" lon="6.108853">
        <ele>1569.5</ele>
      </trkpt>
      <trkpt lat="45.805919" lon="6.108822">
        <ele>1567.5</ele>
      </trkpt>
      <trkpt lat="45.806006" lon="6.108803">
        <ele>1566.3</ele>
      </trkpt>
      <trkpt lat="45.806079" lon="6.108809">
        <ele>1565.3</ele>
      </trkpt>
      <trkpt lat="45.806245" lon="6.108816">
        <ele>1564.4</ele>
      </trkpt>
      <trkpt lat="45.806343" lon="6.108805">
        <ele>1564.3</ele>
      </trkpt>
      <trkpt lat="45.806428" lon="6.108841">
        <ele>1564.7</ele>
      </trkpt>
      <trkpt lat="45.806587" lon="6.108937">
        <ele>1565.3</ele>
      </trkpt>
      <trkpt lat="45.806731" lon="6.10901">
        <ele>1564.9</ele>
      </trkpt>
      <trkpt lat="45.80685" lon="6.108984">
        <ele>1563.8</ele>
      </trkpt>
      <trkpt lat="45.8069" lon="6.109087">
        <ele>1563.7</ele>
      </trkpt>
      <trkpt lat="45.806982" lon="6.109257">
        <ele>1563.5</ele>
      </trkpt>
      <trkpt lat="45.807228" lon="6.109383">
        <ele>1560.2</ele>
      </trkpt>
      <trkpt lat="45.807451" lon="6.109387">
        <ele>1555.9</ele>
      </trkpt>
      <trkpt lat="45.807509" lon="6.109372">
        <ele>1554.8</ele>
      </trkpt>
      <trkpt lat="45.807578" lon="6.109382">
        <ele>1553.5</ele>
      </trkpt>
      <trkpt lat="45.807782" lon="6.109548">
        <ele>1549.9</ele>
      </trkpt>
      <trkpt lat="45.807869" lon="6.109689">
        <ele>1548.5</ele>
      </trkpt>
      <trkpt lat="45.808082" lon="6.10984">
        <ele>1544.9</ele>
      </trkpt>
      <trkpt lat="45.808146" lon="6.109854">
        <ele>1543.7</ele>
      </trkpt>
      <trkpt lat="45.808228" lon="6.109859">
        <ele>1542.3</ele>
      </trkpt>
      <trkpt lat="45.808363" lon="6.109756">
        <ele>1539.9</ele>
      </trkpt>
      <trkpt lat="45.808504" lon="6.109539">
        <ele>1538.0</ele>
      </trkpt>
      <trkpt lat="45.808728" lon="6.109152">
        <ele>1535.4</ele>
      </trkpt>
      <trkpt lat="45.808844" lon="6.10855">
        <ele>1534.2</ele>
      </trkpt>
      <trkpt lat="45.808894" lon="6.108303">
        <ele>1533.3</ele>
      </trkpt>
      <trkpt lat="45.808917" lon="6.108136">
        <ele>1532.7</ele>
      </trkpt>
      <trkpt lat="45.80923" lon="6.10791">
        <ele>1527.4</ele>
      </trkpt>
      <trkpt lat="45.80927" lon="6.107931">
        <ele>1526.8</ele>
      </trkpt>
      <trkpt lat="45.809345" lon="6.108082">
        <ele>1525.8</ele>
      </trkpt>
      <trkpt lat="45.809547" lon="6.10829">
        <ele>1523.1</ele>
      </trkpt>
      <trkpt lat="45.809841" lon="6.108467">
        <ele>1519.6</ele>
      </trkpt>
      <trkpt lat="45.810039" lon="6.108605">
        <ele>1518.2</ele>
      </trkpt>
      <trkpt lat="45.810076" lon="6.10866">
        <ele>1518.2</ele>
      </trkpt>
      <trkpt lat="45.810208" lon="6.108853">
        <ele>1518.3</ele>
      </trkpt>
      <trkpt lat="45.810319" lon="6.109214">
        <ele>1519.4</ele>
      </trkpt>
      <trkpt lat="45.81043" lon="6.109575">
        <ele>1519.3</ele>
      </trkpt>
      <trkpt lat="45.810593" lon="6.109666">
        <ele>1518.2</ele>
      </trkpt>
      <trkpt lat="45.810697" lon="6.109847">
        <ele>1516.8</ele>
      </trkpt>
      <trkpt lat="45.810761" lon="6.110066">
        <ele>1515.2</ele>
      </trkpt>
      <trkpt lat="45.810879" lon="6.110655">
        <ele>1511.8</ele>
      </trkpt>
      <trkpt lat="45.810874" lon="6.110893">
        <ele>1511.0</ele>
      </trkpt>
      <trkpt lat="45.810882" lon="6.111045">
        <ele>1510.4</ele>
      </trkpt>
      <trkpt lat="45.810955" lon="6.111178">
        <ele>1509.3</ele>
      </trkpt>
      <trkpt lat="45.811061" lon="6.111304">
        <ele>1508.0</ele>
      </trkpt>
      <trkpt lat="45.811129" lon="6.111644">
        <ele>1506.3</ele>
      </trkpt>
      <trkpt lat="45.811138" lon="6.111654">
        <ele>1506.2</ele>
      </trkpt>
      <trkpt lat="45.81127" lon="6.111827">
        <ele>1504.7</ele>
      </trkpt>
      <trkpt lat="45.811346" lon="6.111959">
        <ele>1503.7</ele>
      </trkpt>
      <trkpt lat="45.811446" lon="6.112055">
        <ele>1502.5</ele>
      </trkpt>
      <trkpt lat="45.811626" lon="6.112116">
        <ele>1500.6</ele>
      </trkpt>
      <trkpt lat="45.811804" lon="6.112126">
        <ele>1498.5</ele>
      </trkpt>
      <trkpt lat="45.812024" lon="6.112037">
        <ele>1495.9</ele>
      </trkpt>
      <trkpt lat="45.812345" lon="6.111859">
        <ele>1491.1</ele>
      </trkpt>
      <trkpt lat="45.812667" lon="6.111682">
        <ele>1484.8</ele>
      </trkpt>
      <trkpt lat="45.812956" lon="6.111516">
        <ele>1478.8</ele>
      </trkpt>
      <trkpt lat="45.813245" lon="6.111349">
        <ele>1473.3</ele>
      </trkpt>
      <trkpt lat="45.813535" lon="6.111182">
        <ele>1468.9</ele>
      </trkpt>
      <trkpt lat="45.81385" lon="6.110787">
        <ele>1465.8</ele>
      </trkpt>
      <trkpt lat="45.814144" lon="6.110413">
        <ele>1462.8</ele>
      </trkpt>
      <trkpt lat="45.814276" lon="6.110245">
        <ele>1461.1</ele>
      </trkpt>
      <trkpt lat="45.814571" lon="6.110059">
        <ele>1456.3</ele>
      </trkpt>
      <trkpt lat="45.814632" lon="6.110021">
        <ele>1455.3</ele>
      </trkpt>
      <trkpt lat="45.814808" lon="6.10976">
        <ele>1452.2</ele>
      </trkpt>
      <trkpt lat="45.815101" lon="6.109776">
        <ele>1447.3</ele>
      </trkpt>
      <trkpt lat="45.815394" lon="6.109791">
        <ele>1442.9</ele>
      </trkpt>
      <trkpt lat="45.815497" lon="6.109843">
        <ele>1441.3</ele>
      </trkpt>
      <trkpt lat="45.815526" lon="6.109882">
        <ele>1440.8</ele>
      </trkpt>
      <trkpt lat="45.81552" lon="6.110007">
        <ele>1440.6</ele>
      </trkpt>
      <trkpt lat="45.815442" lon="6.110121">
        <ele>1441.4</ele>
      </trkpt>
      <trkpt lat="45.815411" lon="6.110267">
        <ele>1441.4</ele>
      </trkpt>
      <trkpt lat="45.815463" lon="6.110383">
        <ele>1440.2</ele>
      </trkpt>
      <trkpt lat="45.815631" lon="6.110462">
        <ele>1437.4</ele>
      </trkpt>
      <trkpt lat="45.815715" lon="6.110569">
        <ele>1435.9</ele>
      </trkpt>
      <trkpt lat="45.815861" lon="6.110697">
        <ele>1433.5</ele>
      </trkpt>
      <trkpt lat="45.815884" lon="6.110894">
        <ele>1432.5</ele>
      </trkpt>
      <trkpt lat="45.815903" lon="6.111124">
        <ele>1431.4</ele>
      </trkpt>
      <trkpt lat="45.816096" lon="6.111383">
        <ele>1427.6</ele>
      </trkpt>
      <trkpt lat="45.816064" lon="6.111558">
        <ele>1427.2</ele>
      </trkpt>
      <trkpt lat="45.815987" lon="6.111751">
        <ele>1427.4</ele>
      </trkpt>
      <trkpt lat="45.81591" lon="6.111844">
        <ele>1428.2</ele>
      </trkpt>
      <trkpt lat="45.81592" lon="6.111904">
        <ele>1427.7</ele>
      </trkpt>
      <trkpt lat="45.816041" lon="6.11217">
        <ele>1424.4</ele>
      </trkpt>
      <trkpt lat="45.816269" lon="6.112601">
        <ele>1418.4</ele>
      </trkpt>
      <trkpt lat="45.816373" lon="6.11269">
        <ele>1416.3</ele>
      </trkpt>
      <trkpt lat="45.816473" lon="6.112705">
        <ele>1414.7</ele>
      </trkpt>
      <trkpt lat="45.8166" lon="6.112662">
        <ele>1412.9</ele>
      </trkpt>
      <trkpt lat="45.816854" lon="6.112578">
        <ele>1409.4</ele>
      </trkpt>
      <trkpt lat="45.817006" lon="6.112603">
        <ele>1406.9</ele>
      </trkpt>
      <trkpt lat="45.817249" lon="6.11277">
        <ele>1402.3</ele>
      </trkpt>
      <trkpt lat="45.817607" lon="6.113124">
        <ele>1395.0</ele>
      </trkpt>
      <trkpt lat="45.817724" lon="6.113249">
        <ele>1392.4</ele>
      </trkpt>
      <trkpt lat="45.817772" lon="6.113302">
        <ele>1391.4</ele>
      </trkpt>
      <trkpt lat="45.817827" lon="6.113319">
        <ele>1390.4</ele>
      </trkpt>
      <trkpt lat="45.81788" lon="6.113296">
        <ele>1389.8</ele>
      </trkpt>
      <trkpt lat="45.81794" lon="6.113247">
        <ele>1389.2</ele>
      </trkpt>
      <trkpt lat="45.81798" lon="6.113203">
        <ele>1389.0</ele>
      </trkpt>
      <trkpt lat="45.818038" lon="6.113216">
        <ele>1388.0</ele>
      </trkpt>
      <trkpt lat="45.818112" lon="6.11322">
        <ele>1386.8</ele>
      </trkpt>
      <trkpt lat="45.818183" lon="6.113252">
        <ele>1385.3</ele>
      </trkpt>
      <trkpt lat="45.818237" lon="6.113266">
        <ele>1384.2</ele>
      </trkpt>
      <trkpt lat="45.81828" lon="6.113377">
        <ele>1382.5</ele>
      </trkpt>
      <trkpt lat="45.818207" lon="6.113695">
        <ele>1381.6</ele>
      </trkpt>
      <trkpt lat="45.818054" lon="6.11404">
        <ele>1382.6</ele>
      </trkpt>
      <trkpt lat="45.817949" lon="6.114145">
        <ele>1383.9</ele>
      </trkpt>
      <trkpt lat="45.817868" lon="6.114343">
        <ele>1384.4</ele>
      </trkpt>
      <trkpt lat="45.817853" lon="6.114548">
        <ele>1383.6</ele>
      </trkpt>
      <trkpt lat="45.817836" lon="6.114878">
        <ele>1381.9</ele>
      </trkpt>
      <trkpt lat="45.817907" lon="6.11526">
        <ele>1377.5</ele>
      </trkpt>
      <trkpt lat="45.818061" lon="6.115285">
        <ele>1375.1</ele>
      </trkpt>
      <trkpt lat="45.818269" lon="6.115414">
        <ele>1371.2</ele>
      </trkpt>
      <trkpt lat="45.8185" lon="6.115552">
        <ele>1367.0</ele>
      </trkpt>
      <trkpt lat="45.81865" lon="6.115654">
        <ele>1363.9</ele>
      </trkpt>
      <trkpt lat="45.819069" lon="6.115717">
        <ele>1357.3</ele>
      </trkpt>
      <trkpt lat="45.819396" lon="6.11573">
        <ele>1352.3</ele>
      </trkpt>
      <trkpt lat="45.819532" lon="6.115672">
        <ele>1351.1</ele>
      </trkpt>
      <trkpt lat="45.819584" lon="6.115604">
        <ele>1351.0</ele>
      </trkpt>
      <trkpt lat="45.819634" lon="6.115462">
        <ele>1351.4</ele>
      </trkpt>
      <trkpt lat="45.819667" lon="6.11531">
        <ele>1351.9</ele>
      </trkpt>
      <trkpt lat="45.819675" lon="6.115113">
        <ele>1352.8</ele>
      </trkpt>
      <trkpt lat="45.819667" lon="6.11492">
        <ele>1353.6</ele>
      </trkpt>
      <trkpt lat="45.819747" lon="6.114511">
        <ele>1353.1</ele>
      </trkpt>
      <trkpt lat="45.819885" lon="6.114063">
        <ele>1351.6</ele>
      </trkpt>
      <trkpt lat="45.819954" lon="6.11398">
        <ele>1350.7</ele>
      </trkpt>
      <trkpt lat="45.820041" lon="6.113918">
        <ele>1349.6</ele>
      </trkpt>
      <trkpt lat="45.820109" lon="6.113906">
        <ele>1348.7</ele>
      </trkpt>
      <trkpt lat="45.820201" lon="6.113949">
        <ele>1347.6</ele>
      </trkpt>
      <trkpt lat="45.820254" lon="6.114045">
        <ele>1346.9</ele>
      </trkpt>
      <trkpt lat="45.820459" lon="6.114507">
        <ele>1344.9</ele>
      </trkpt>
      <trkpt lat="45.820525" lon="6.114759">
        <ele>1344.6</ele>
      </trkpt>
      <trkpt lat="45.820605" lon="6.114866">
        <ele>1344.3</ele>
      </trkpt>
      <trkpt lat="45.820845" lon="6.115006">
        <ele>1343.7</ele>
      </trkpt>
      <trkpt lat="45.821139" lon="6.115382">
        <ele>1343.8</ele>
      </trkpt>
      <trkpt lat="45.821314" lon="6.115484">
        <ele>1343.8</ele>
      </trkpt>
      <trkpt lat="45.821453" lon="6.115576">
        <ele>1343.7</ele>
      </trkpt>
      <trkpt lat="45.821518" lon="6.115645">
        <ele>1343.7</ele>
      </trkpt>
      <trkpt lat="45.821574" lon="6.115741">
        <ele>1343.7</ele>
      </trkpt>
      <trkpt lat="45.82162" lon="6.115811">
        <ele>1343.6</ele>
      </trkpt>
      <trkpt lat="45.821665" lon="6.115873">
        <ele>1343.6</ele>
      </trkpt>
      <trkpt lat="45.821699" lon="6.115886">
        <ele>1343.5</ele>
      </trkpt>
      <trkpt lat="45.821733" lon="6.115895">
        <ele>1343.5</ele>
      </trkpt>
      <trkpt lat="45.821767" lon="6.115882">
        <ele>1343.4</ele>
      </trkpt>
      <trkpt lat="45.8218" lon="6.115847">
        <ele>1343.4</ele>
      </trkpt>
      <trkpt lat="45.821827" lon="6.115793">
        <ele>1343.4</ele>
      </trkpt>
      <trkpt lat="45.821837" lon="6.115698">
        <ele>1343.5</ele>
      </trkpt>
      <trkpt lat="45.821841" lon="6.115572">
        <ele>1343.8</ele>
      </trkpt>
      <trkpt lat="45.821833" lon="6.115437">
        <ele>1344.3</ele>
      </trkpt>
      <trkpt lat="45.821783" lon="6.115189">
        <ele>1345.3</ele>
      </trkpt>
      <trkpt lat="45.821767" lon="6.115059">
        <ele>1346.0</ele>
      </trkpt>
      <trkpt lat="45.821768" lon="6.114939">
        <ele>1346.6</ele>
      </trkpt>
      <trkpt lat="45.821798" lon="6.114801">
        <ele>1347.6</ele>
      </trkpt>
      <trkpt lat="45.821853" lon="6.114634">
        <ele>1348.8</ele>
      </trkpt>
      <trkpt lat="45.821888" lon="6.114537">
        <ele>1349.5</ele>
      </trkpt>
      <trkpt lat="45.82191" lon="6.114443">
        <ele>1350.1</ele>
      </trkpt>
      <trkpt lat="45.821917" lon="6.114366">
        <ele>1350.4</ele>
      </trkpt>
      <trkpt lat="45.821915" lon="6.114259">
        <ele>1350.8</ele>
      </trkpt>
      <trkpt lat="45.821895" lon="6.114156">
        <ele>1350.9</ele>
      </trkpt>
      <trkpt lat="45.821882" lon="6.114071">
        <ele>1351.1</ele>
      </trkpt>
      <trkpt lat="45.82188" lon="6.113967">
        <ele>1351.3</ele>
      </trkpt>
      <trkpt lat="45.821885" lon="6.113872">
        <ele>1351.5</ele>
      </trkpt>
      <trkpt lat="45.821899" lon="6.113784">
        <ele>1351.8</ele>
      </trkpt>
      <trkpt lat="45.821942" lon="6.113706">
        <ele>1352.2</ele>
      </trkpt>
      <trkpt lat="45.822008" lon="6.113585">
        <ele>1352.9</ele>
      </trkpt>
      <trkpt lat="45.822096" lon="6.113399">
        <ele>1353.8</ele>
      </trkpt>
      <trkpt lat="45.82214" lon="6.1133">
        <ele>1354.3</ele>
      </trkpt>
      <trkpt lat="45.822152" lon="6.11327">
        <ele>1354.4</ele>
      </trkpt>
      <trkpt lat="45.822176" lon="6.113239">
        <ele>1354.6</ele>
      </trkpt>
      <trkpt lat="45.822196" lon="6.113238">
        <ele>1354.8</ele>
      </trkpt>
      <trkpt lat="45.822222" lon="6.113244">
        <ele>1355.0</ele>
      </trkpt>
      <trkpt lat="45.822238" lon="6.11328">
        <ele>1355.1</ele>
      </trkpt>
      <trkpt lat="45.822258" lon="6.113374">
        <ele>1355.2</ele>
      </trkpt>
      <trkpt lat="45.822273" lon="6.113532">
        <ele>1355.1</ele>
      </trkpt>
      <trkpt lat="45.822299" lon="6.113674">
        <ele>1355.2</ele>
      </trkpt>
      <trkpt lat="45.822354" lon="6.113873">
        <ele>1355.2</ele>
      </trkpt>
      <trkpt lat="45.822394" lon="6.114016">
        <ele>1355.1</ele>
      </trkpt>
      <trkpt lat="45.822438" lon="6.114152">
        <ele>1354.9</ele>
      </trkpt>
      <trkpt lat="45.822478" lon="6.114241">
        <ele>1354.8</ele>
      </trkpt>
      <trkpt lat="45.822517" lon="6.114302">
        <ele>1354.7</ele>
      </trkpt>
      <trkpt lat="45.822576" lon="6.114328">
        <ele>1354.8</ele>
      </trkpt>
      <trkpt lat="45.82262" lon="6.114314">
        <ele>1355.1</ele>
      </trkpt>
      <trkpt lat="45.822719" lon="6.114242">
        <ele>1355.7</ele>
      </trkpt>
      <trkpt lat="45.822771" lon="6.114167">
        <ele>1356.2</ele>
      </trkpt>
      <trkpt lat="45.822825" lon="6.114052">
        <ele>1356.8</ele>
      </trkpt>
      <trkpt lat="45.822856" lon="6.113897">
        <ele>1357.5</ele>
      </trkpt>
      <trkpt lat="45.822864" lon="6.113718">
        <ele>1358.1</ele>
      </trkpt>
      <trkpt lat="45.822844" lon="6.113316">
        <ele>1359.2</ele>
      </trkpt>
      <trkpt lat="45.822974" lon="6.112953">
        <ele>1360.7</ele>
      </trkpt>
      <trkpt lat="45.823097" lon="6.112863">
        <ele>1361.6</ele>
      </trkpt>
      <trkpt lat="45.823227" lon="6.112909">
        <ele>1362.1</ele>
      </trkpt>
      <trkpt lat="45.823254" lon="6.113067">
        <ele>1361.7</ele>
      </trkpt>
      <trkpt lat="45.823218" lon="6.113215">
        <ele>1361.1</ele>
      </trkpt>
      <trkpt lat="45.823229" lon="6.113495">
        <ele>1360.2</ele>
      </trkpt>
      <trkpt lat="45.823331" lon="6.113581">
        <ele>1360.1</ele>
      </trkpt>
      <trkpt lat="45.823575" lon="6.11361">
        <ele>1360.4</ele>
      </trkpt>
      <trkpt lat="45.823889" lon="6.113854">
        <ele>1359.5</ele>
      </trkpt>
      <trkpt lat="45.824203" lon="6.113888">
        <ele>1358.8</ele>
      </trkpt>
      <trkpt lat="45.82445" lon="6.114061">
        <ele>1356.7</ele>
      </trkpt>
      <trkpt lat="45.824591" lon="6.114034">
        <ele>1355.9</ele>
      </trkpt>
      <trkpt lat="45.824692" lon="6.113898">
        <ele>1355.8</ele>
      </trkpt>
      <trkpt lat="45.824759" lon="6.113702">
        <ele>1356.3</ele>
      </trkpt>
      <trkpt lat="45.824936" lon="6.113649">
        <ele>1354.9</ele>
      </trkpt>
      <trkpt lat="45.825044" lon="6.113622">
        <ele>1354.0</ele>
      </trkpt>
      <trkpt lat="45.825219" lon="6.113647">
        <ele>1352.2</ele>
      </trkpt>
      <trkpt lat="45.825553" lon="6.113399">
        <ele>1350.3</ele>
      </trkpt>
      <trkpt lat="45.825728" lon="6.113253">
        <ele>1349.4</ele>
      </trkpt>
      <trkpt lat="45.825973" lon="6.11279">
        <ele>1348.9</ele>
      </trkpt>
      <trkpt lat="45.826" lon="6.11249">
        <ele>1349.4</ele>
      </trkpt>
      <trkpt lat="45.826147" lon="6.112267">
        <ele>1348.6</ele>
      </trkpt>
      <trkpt lat="45.82649" lon="6.111892">
        <ele>1346.3</ele>
      </trkpt>
      <trkpt lat="45.826659" lon="6.111704">
        <ele>1345.1</ele>
      </trkpt>
      <trkpt lat="45.826868" lon="6.111636">
        <ele>1343.2</ele>
      </trkpt>
      <trkpt lat="45.827059" lon="6.111465">
        <ele>1341.4</ele>
      </trkpt>
      <trkpt lat="45.827085" lon="6.111359">
        <ele>1341.2</ele>
      </trkpt>
      <trkpt lat="45.827202" lon="6.111154">
        <ele>1340.0</ele>
      </trkpt>
      <trkpt lat="45.82729" lon="6.110801">
        <ele>1338.9</ele>
      </trkpt>
      <trkpt lat="45.827392" lon="6.11071">
        <ele>1337.6</ele>
      </trkpt>
      <trkpt lat="45.827501" lon="6.110258">
        <ele>1335.4</ele>
      </trkpt>
      <trkpt lat="45.827629" lon="6.110163">
        <ele>1333.6</ele>
      </trkpt>
      <trkpt lat="45.827814" lon="6.110178">
        <ele>1331.2</ele>
      </trkpt>
      <trkpt lat="45.827897" lon="6.110213">
        <ele>1330.2</ele>
      </trkpt>
      <trkpt lat="45.827959" lon="6.110329">
        <ele>1329.7</ele>
      </trkpt>
      <trkpt lat="45.828011" lon="6.110432">
        <ele>1329.2</ele>
      </trkpt>
      <trkpt lat="45.828195" lon="6.11076">
        <ele>1327.4</ele>
      </trkpt>
      <trkpt lat="45.828256" lon="6.111075">
        <ele>1326.7</ele>
      </trkpt>
      <trkpt lat="45.828269" lon="6.11146">
        <ele>1326.3</ele>
      </trkpt>
      <trkpt lat="45.828463" lon="6.111648">
        <ele>1323.4</ele>
      </trkpt>
      <trkpt lat="45.828657" lon="6.111683">
        <ele>1320.6</ele>
      </trkpt>
      <trkpt lat="45.828736" lon="6.111556">
        <ele>1319.6</ele>
      </trkpt>
      <trkpt lat="45.828799" lon="6.111265">
        <ele>1319.0</ele>
      </trkpt>
      <trkpt lat="45.828921" lon="6.111139">
        <ele>1317.3</ele>
      </trkpt>
      <trkpt lat="45.829021" lon="6.11104">
        <ele>1315.9</ele>
      </trkpt>
      <trkpt lat="45.82915" lon="6.110967">
        <ele>1313.9</ele>
      </trkpt>
      <trkpt lat="45.829281" lon="6.110963">
        <ele>1311.8</ele>
      </trkpt>
      <trkpt lat="45.82938" lon="6.111036">
        <ele>1310.3</ele>
      </trkpt>
      <trkpt lat="45.829439" lon="6.111322">
        <ele>1309.2</ele>
      </trkpt>
      <trkpt lat="45.829584" lon="6.111778">
        <ele>1305.7</ele>
      </trkpt>
      <trkpt lat="45.829704" lon="6.111934">
        <ele>1303.2</ele>
      </trkpt>
      <trkpt lat="45.829792" lon="6.112139">
        <ele>1300.8</ele>
      </trkpt>
      <trkpt lat="45.829816" lon="6.112386">
        <ele>1299.0</ele>
      </trkpt>
      <trkpt lat="45.829862" lon="6.112458">
        <ele>1297.8</ele>
      </trkpt>
      <trkpt lat="45.829902" lon="6.112481">
        <ele>1297.0</ele>
      </trkpt>
      <trkpt lat="45.830076" lon="6.112457">
        <ele>1294.3</ele>
      </trkpt>
      <trkpt lat="45.830121" lon="6.112577">
        <ele>1292.8</ele>
      </trkpt>
      <trkpt lat="45.830123" lon="6.112762">
        <ele>1291.5</ele>
      </trkpt>
      <trkpt lat="45.830203" lon="6.112997">
        <ele>1288.4</ele>
      </trkpt>
      <trkpt lat="45.830296" lon="6.113076">
        <ele>1286.2</ele>
      </trkpt>
      <trkpt lat="45.830423" lon="6.113047">
        <ele>1284.4</ele>
      </trkpt>
      <trkpt lat="45.830545" lon="6.112942">
        <ele>1283.3</ele>
      </trkpt>
      <trkpt lat="45.830608" lon="6.112917">
        <ele>1282.4</ele>
      </trkpt>
      <trkpt lat="45.830667" lon="6.112849">
        <ele>1281.9</ele>
      </trkpt>
      <trkpt lat="45.830685" lon="6.112768">
        <ele>1282.2</ele>
      </trkpt>
      <trkpt lat="45.830864" lon="6.112538">
        <ele>1280.4</ele>
      </trkpt>
      <trkpt lat="45.831043" lon="6.112308">
        <ele>1278.1</ele>
      </trkpt>
      <trkpt lat="45.83109" lon="6.112191">
        <ele>1277.6</ele>
      </trkpt>
      <trkpt lat="45.83122" lon="6.111917">
        <ele>1275.8</ele>
      </trkpt>
      <trkpt lat="45.831437" lon="6.111757">
        <ele>1271.9</ele>
      </trkpt>
      <trkpt lat="45.831524" lon="6.111821">
        <ele>1269.9</ele>
      </trkpt>
      <trkpt lat="45.831556" lon="6.11215">
        <ele>1268.2</ele>
      </trkpt>
      <trkpt lat="45.831597" lon="6.112246">
        <ele>1267.1</ele>
      </trkpt>
      <trkpt lat="45.831648" lon="6.112225">
        <ele>1266.2</ele>
      </trkpt>
      <trkpt lat="45.831734" lon="6.112023">
        <ele>1265.0</ele>
      </trkpt>
      <trkpt lat="45.831799" lon="6.11172">
        <ele>1264.7</ele>
      </trkpt>
      <trkpt lat="45.831861" lon="6.111556">
        <ele>1263.8</ele>
      </trkpt>
      <trkpt lat="45.831866" lon="6.111395">
        <ele>1264.0</ele>
      </trkpt>
      <trkpt lat="45.831946" lon="6.111175">
        <ele>1262.2</ele>
      </trkpt>
      <trkpt lat="45.832089" lon="6.110965">
        <ele>1258.5</ele>
      </trkpt>
      <trkpt lat="45.832264" lon="6.110794">
        <ele>1253.5</ele>
      </trkpt>
      <trkpt lat="45.832552" lon="6.110473">
        <ele>1243.8</ele>
      </trkpt>
      <trkpt lat="45.832654" lon="6.110334">
        <ele>1239.7</ele>
      </trkpt>
      <trkpt lat="45.832826" lon="6.11041">
        <ele>1235.7</ele>
      </trkpt>
      <trkpt lat="45.832919" lon="6.110575">
        <ele>1234.9</ele>
      </trkpt>
      <trkpt lat="45.832947" lon="6.110674">
        <ele>1235.2</ele>
      </trkpt>
      <trkpt lat="45.833004" lon="6.110547">
        <ele>1232.5</ele>
      </trkpt>
      <trkpt lat="45.833081" lon="6.110373">
        <ele>1228.6</ele>
      </trkpt>
      <trkpt lat="45.833091" lon="6.110211">
        <ele>1226.2</ele>
      </trkpt>
      <trkpt lat="45.833127" lon="6.110118">
        <ele>1224.0</ele>
      </trkpt>
      <trkpt lat="45.833186" lon="6.110119">
        <ele>1222.4</ele>
      </trkpt>
      <trkpt lat="45.83331" lon="6.11006">
        <ele>1218.2</ele>
      </trkpt>
      <trkpt lat="45.833398" lon="6.110145">
        <ele>1217.2</ele>
      </trkpt>
      <trkpt lat="45.833492" lon="6.110408">
        <ele>1219.5</ele>
      </trkpt>
      <trkpt lat="45.833537" lon="6.110557">
        <ele>1221.0</ele>
      </trkpt>
      <trkpt lat="45.833535" lon="6.110831">
        <ele>1224.4</ele>
      </trkpt>
      <trkpt lat="45.833624" lon="6.11042">
        <ele>1216.7</ele>
      </trkpt>
      <trkpt lat="45.833645" lon="6.11033">
        <ele>1214.4</ele>
      </trkpt>
      <trkpt lat="45.83366" lon="6.110279">
        <ele>1213.0</ele>
      </trkpt>
      <trkpt lat="45.833684" lon="6.110268">
        <ele>1212.2</ele>
      </trkpt>
      <trkpt lat="45.833737" lon="6.110244">
        <ele>1210.4</ele>
      </trkpt>
      <trkpt lat="45.833812" lon="6.110179">
        <ele>1207.3</ele>
      </trkpt>
      <trkpt lat="45.833886" lon="6.110107">
        <ele>1204.1</ele>
      </trkpt>
      <trkpt lat="45.834023" lon="6.110058">
        <ele>1199.6</ele>
      </trkpt>
      <trkpt lat="45.834066" lon="6.110007">
        <ele>1197.6</ele>
      </trkpt>
      <trkpt lat="45.834302" lon="6.10993">
        <ele>1190.3</ele>
      </trkpt>
      <trkpt lat="45.834355" lon="6.109862">
        <ele>1187.8</ele>
      </trkpt>
      <trkpt lat="45.834464" lon="6.109855">
        <ele>1185.1</ele>
      </trkpt>
      <trkpt lat="45.834569" lon="6.109928">
        <ele>1183.7</ele>
      </trkpt>
      <trkpt lat="45.834623" lon="6.110065">
        <ele>1184.6</ele>
      </trkpt>
      <trkpt lat="45.834699" lon="6.110171">
        <ele>1184.4</ele>
      </trkpt>
      <trkpt lat="45.834731" lon="6.110222">
        <ele>1184.4</ele>
      </trkpt>
      <trkpt lat="45.834765" lon="6.110192">
        <ele>1183.0</ele>
      </trkpt>
      <trkpt lat="45.834774" lon="6.110151">
        <ele>1182.1</ele>
      </trkpt>
      <trkpt lat="45.834763" lon="6.110071">
        <ele>1181.1</ele>
      </trkpt>
      <trkpt lat="45.834746" lon="6.109983">
        <ele>1180.2</ele>
      </trkpt>
      <trkpt lat="45.834882" lon="6.109454">
        <ele>1168.4</ele>
      </trkpt>
      <trkpt lat="45.834818" lon="6.109123">
        <ele>1164.8</ele>
      </trkpt>
      <trkpt lat="45.834747" lon="6.108921">
        <ele>1163.4</ele>
      </trkpt>
      <trkpt lat="45.834704" lon="6.108818">
        <ele>1162.9</ele>
      </trkpt>
      <trkpt lat="45.834678" lon="6.108682">
        <ele>1161.5</ele>
      </trkpt>
      <trkpt lat="45.834831" lon="6.108626">
        <ele>1156.8</ele>
      </trkpt>
      <trkpt lat="45.834953" lon="6.10865">
        <ele>1154.2</ele>
      </trkpt>
      <trkpt lat="45.83509" lon="6.108706">
        <ele>1151.8</ele>
      </trkpt>
      <trkpt lat="45.835114" lon="6.108821">
        <ele>1153.0</ele>
      </trkpt>
      <trkpt lat="45.835163" lon="6.108922">
        <ele>1153.5</ele>
      </trkpt>
      <trkpt lat="45.835273" lon="6.108854">
        <ele>1149.8</ele>
      </trkpt>
      <trkpt lat="45.835391" lon="6.109078">
        <ele>1150.5</ele>
      </trkpt>
      <trkpt lat="45.835479" lon="6.109163">
        <ele>1149.7</ele>
      </trkpt>
      <trkpt lat="45.835551" lon="6.109123">
        <ele>1147.4</ele>
      </trkpt>
      <trkpt lat="45.835638" lon="6.108974">
        <ele>1143.1</ele>
      </trkpt>
      <trkpt lat="45.835723" lon="6.108767">
        <ele>1137.8</ele>
      </trkpt>
      <trkpt lat="45.835828" lon="6.108626">
        <ele>1132.9</ele>
      </trkpt>
      <trkpt lat="45.836087" lon="6.108629">
        <ele>1126.7</ele>
      </trkpt>
      <trkpt lat="45.836301" lon="6.108931">
        <ele>1126.7</ele>
      </trkpt>
      <trkpt lat="45.836613" lon="6.108965">
        <ele>1119.4</ele>
      </trkpt>
      <trkpt lat="45.836758" lon="6.109216">
        <ele>1120.0</ele>
      </trkpt>
      <trkpt lat="45.836975" lon="6.10927">
        <ele>1115.4</ele>
      </trkpt>
      <trkpt lat="45.837084" lon="6.109157">
        <ele>1110.5</ele>
      </trkpt>
      <trkpt lat="45.837182" lon="6.109113">
        <ele>1107.0</ele>
      </trkpt>
      <trkpt lat="45.837519" lon="6.10938">
        <ele>1103.2</ele>
      </trkpt>
      <trkpt lat="45.837848" lon="6.109507">
        <ele>1097.1</ele>
      </trkpt>
      <trkpt lat="45.838074" lon="6.109514">
        <ele>1091.4</ele>
      </trkpt>
      <trkpt lat="45.838299" lon="6.109521">
        <ele>1085.7</ele>
      </trkpt>
      <trkpt lat="45.838562" lon="6.10968">
        <ele>1082.5</ele>
      </trkpt>
      <trkpt lat="45.838739" lon="6.109718">
        <ele>1078.7</ele>
      </trkpt>
      <trkpt lat="45.839087" lon="6.109999">
        <ele>1075.3</ele>
      </trkpt>
      <trkpt lat="45.839236" lon="6.110232">
        <ele>1075.3</ele>
      </trkpt>
      <trkpt lat="45.839298" lon="6.110367">
        <ele>1075.7</ele>
      </trkpt>
      <trkpt lat="45.839331" lon="6.110509">
        <ele>1076.9</ele>
      </trkpt>
      <trkpt lat="45.839362" lon="6.1106">
        <ele>1077.3</ele>
      </trkpt>
      <trkpt lat="45.839406" lon="6.110661">
        <ele>1076.9</ele>
      </trkpt>
      <trkpt lat="45.839454" lon="6.110701">
        <ele>1075.9</ele>
      </trkpt>
      <trkpt lat="45.839527" lon="6.110709">
        <ele>1073.8</ele>
      </trkpt>
      <trkpt lat="45.839576" lon="6.110681">
        <ele>1071.9</ele>
      </trkpt>
      <trkpt lat="45.839623" lon="6.110668">
        <ele>1070.2</ele>
      </trkpt>
      <trkpt lat="45.839662" lon="6.110677">
        <ele>1069.2</ele>
      </trkpt>
      <trkpt lat="45.839695" lon="6.110713">
        <ele>1068.7</ele>
      </trkpt>
      <trkpt lat="45.839753" lon="6.110737">
        <ele>1067.4</ele>
      </trkpt>
      <trkpt lat="45.839836" lon="6.11076">
        <ele>1065.3</ele>
      </trkpt>
      <trkpt lat="45.839938" lon="6.110826">
        <ele>1063.6</ele>
      </trkpt>
      <trkpt lat="45.840048" lon="6.110881">
        <ele>1061.6</ele>
      </trkpt>
      <trkpt lat="45.840126" lon="6.110909">
        <ele>1060.0</ele>
      </trkpt>
      <trkpt lat="45.84018" lon="6.110941">
        <ele>1059.2</ele>
      </trkpt>
      <trkpt lat="45.840239" lon="6.110987">
        <ele>1058.6</ele>
      </trkpt>
      <trkpt lat="45.840306" lon="6.111023">
        <ele>1057.6</ele>
      </trkpt>
      <trkpt lat="45.840382" lon="6.111051">
        <ele>1056.2</ele>
      </trkpt>
      <trkpt lat="45.840445" lon="6.111099">
        <ele>1055.6</ele>
      </trkpt>
      <trkpt lat="45.840524" lon="6.111126">
        <ele>1054.2</ele>
      </trkpt>
      <trkpt lat="45.840567" lon="6.11119">
        <ele>1054.2</ele>
      </trkpt>
      <trkpt lat="45.840579" lon="6.111256">
        <ele>1055.0</ele>
      </trkpt>
      <trkpt lat="45.840601" lon="6.111336">
        <ele>1055.7</ele>
      </trkpt>
      <trkpt lat="45.84065" lon="6.111395">
        <ele>1055.4</ele>
      </trkpt>
      <trkpt lat="45.840721" lon="6.111435">
        <ele>1054.3</ele>
      </trkpt>
      <trkpt lat="45.840798" lon="6.111452">
        <ele>1052.6</ele>
      </trkpt>
      <trkpt lat="45.840903" lon="6.111541">
        <ele>1051.2</ele>
      </trkpt>
      <trkpt lat="45.841018" lon="6.111631">
        <ele>1049.5</ele>
      </trkpt>
      <trkpt lat="45.841105" lon="6.111729">
        <ele>1048.5</ele>
      </trkpt>
      <trkpt lat="45.841164" lon="6.111792">
        <ele>1047.7</ele>
      </trkpt>
      <trkpt lat="45.841213" lon="6.111808">
        <ele>1046.5</ele>
      </trkpt>
      <trkpt lat="45.841252" lon="6.111791">
        <ele>1045.1</ele>
      </trkpt>
      <trkpt lat="45.84127" lon="6.111771">
        <ele>1044.3</ele>
      </trkpt>
      <trkpt lat="45.841351" lon="6.111758">
        <ele>1041.8</ele>
      </trkpt>
      <trkpt lat="45.841462" lon="6.111758">
        <ele>1038.6</ele>
      </trkpt>
      <trkpt lat="45.841589" lon="6.111772">
        <ele>1035.2</ele>
      </trkpt>
      <trkpt lat="45.84168" lon="6.111777">
        <ele>1032.7</ele>
      </trkpt>
      <trkpt lat="45.841732" lon="6.111798">
        <ele>1031.5</ele>
      </trkpt>
      <trkpt lat="45.841753" lon="6.111852">
        <ele>1031.6</ele>
      </trkpt>
      <trkpt lat="45.84176" lon="6.111915">
        <ele>1032.1</ele>
      </trkpt>
      <trkpt lat="45.841791" lon="6.111994">
        <ele>1032.2</ele>
      </trkpt>
      <trkpt lat="45.84187" lon="6.112028">
        <ele>1030.5</ele>
      </trkpt>
      <trkpt lat="45.842248" lon="6.112154">
        <ele>1022.3</ele>
      </trkpt>
      <trkpt lat="45.842372" lon="6.112206">
        <ele>1020.0</ele>
      </trkpt>
      <trkpt lat="45.84248" lon="6.112245">
        <ele>1018.1</ele>
      </trkpt>
      <trkpt lat="45.842595" lon="6.112247">
        <ele>1015.7</ele>
      </trkpt>
      <trkpt lat="45.842664" lon="6.112254">
        <ele>1014.3</ele>
      </trkpt>
      <trkpt lat="45.842742" lon="6.112259">
        <ele>1012.8</ele>
      </trkpt>
      <trkpt lat="45.842822" lon="6.112302">
        <ele>1011.7</ele>
      </trkpt>
      <trkpt lat="45.842871" lon="6.112384">
        <ele>1011.9</ele>
      </trkpt>
      <trkpt lat="45.842902" lon="6.112479">
        <ele>1012.6</ele>
      </trkpt>
      <trkpt lat="45.842911" lon="6.112567">
        <ele>1013.6</ele>
      </trkpt>
      <trkpt lat="45.842921" lon="6.112626">
        <ele>1014.2</ele>
      </trkpt>
      <trkpt lat="45.842968" lon="6.112693">
        <ele>1014.3</ele>
      </trkpt>
      <trkpt lat="45.843023" lon="6.112757">
        <ele>1014.2</ele>
      </trkpt>
      <trkpt lat="45.843164" lon="6.11284">
        <ele>1012.8</ele>
      </trkpt>
      <trkpt lat="45.843189" lon="6.11279">
        <ele>1011.5</ele>
      </trkpt>
      <trkpt lat="45.843223" lon="6.112761">
        <ele>1010.5</ele>
      </trkpt>
      <trkpt lat="45.843275" lon="6.112754">
        <ele>1009.4</ele>
      </trkpt>
      <trkpt lat="45.843328" lon="6.112759">
        <ele>1008.5</ele>
      </trkpt>
      <trkpt lat="45.84338" lon="6.112797">
        <ele>1008.0</ele>
      </trkpt>
      <trkpt lat="45.843428" lon="6.112866">
        <ele>1008.1</ele>
      </trkpt>
      <trkpt lat="45.843472" lon="6.112945">
        <ele>1008.4</ele>
      </trkpt>
      <trkpt lat="45.843508" lon="6.11305">
        <ele>1009.2</ele>
      </trkpt>
      <trkpt lat="45.843562" lon="6.113147">
        <ele>1009.4</ele>
      </trkpt>
      <trkpt lat="45.843611" lon="6.113218">
        <ele>1009.3</ele>
      </trkpt>
      <trkpt lat="45.843652" lon="6.113257">
        <ele>1009.0</ele>
      </trkpt>
      <trkpt lat="45.84372" lon="6.113297">
        <ele>1008.0</ele>
      </trkpt>
      <trkpt lat="45.843786" lon="6.113347">
        <ele>1007.2</ele>
      </trkpt>
      <trkpt lat="45.843856" lon="6.113428">
        <ele>1006.6</ele>
      </trkpt>
      <trkpt lat="45.843925" lon="6.11352">
        <ele>1006.2</ele>
      </trkpt>
      <trkpt lat="45.844001" lon="6.11359">
        <ele>1005.2</ele>
      </trkpt>
      <trkpt lat="45.844072" lon="6.113647">
        <ele>1004.2</ele>
      </trkpt>
      <trkpt lat="45.844145" lon="6.113735">
        <ele>1003.5</ele>
      </trkpt>
      <trkpt lat="45.844313" lon="6.11388">
        <ele>1001.3</ele>
      </trkpt>
      <trkpt lat="45.844439" lon="6.113973">
        <ele>999.7</ele>
      </trkpt>
      <trkpt lat="45.844504" lon="6.114009">
        <ele>998.8</ele>
      </trkpt>
      <trkpt lat="45.844586" lon="6.114044">
        <ele>997.6</ele>
      </trkpt>
      <trkpt lat="45.844909" lon="6.114119">
        <ele>992.4</ele>
      </trkpt>
      <trkpt lat="45.845036" lon="6.114166">
        <ele>990.7</ele>
      </trkpt>
      <trkpt lat="45.84512" lon="6.114225">
        <ele>990.0</ele>
      </trkpt>
      <trkpt lat="45.845197" lon="6.114304">
        <ele>989.8</ele>
      </trkpt>
      <trkpt lat="45.845348" lon="6.114483">
        <ele>989.7</ele>
      </trkpt>
      <trkpt lat="45.845425" lon="6.114539">
        <ele>989.2</ele>
      </trkpt>
      <trkpt lat="45.845527" lon="6.114561">
        <ele>987.7</ele>
      </trkpt>
      <trkpt lat="45.845733" lon="6.114581">
        <ele>984.4</ele>
      </trkpt>
      <trkpt lat="45.845823" lon="6.114597">
        <ele>983.0</ele>
      </trkpt>
      <trkpt lat="45.845911" lon="6.114628">
        <ele>981.9</ele>
      </trkpt>
      <trkpt lat="45.846242" lon="6.114786">
        <ele>978.7</ele>
      </trkpt>
      <trkpt lat="45.846311" lon="6.114844">
        <ele>978.5</ele>
      </trkpt>
      <trkpt lat="45.846368" lon="6.114911">
        <ele>978.7</ele>
      </trkpt>
      <trkpt lat="45.846482" lon="6.11508">
        <ele>979.8</ele>
      </trkpt>
      <trkpt lat="45.846554" lon="6.115174">
        <ele>980.3</ele>
      </trkpt>
      <trkpt lat="45.846628" lon="6.115248">
        <ele>980.5</ele>
      </trkpt>
      <trkpt lat="45.8467" lon="6.1153">
        <ele>980.3</ele>
      </trkpt>
      <trkpt lat="45.846877" lon="6.11539">
        <ele>979.2</ele>
      </trkpt>
      <trkpt lat="45.846956" lon="6.115414">
        <ele>978.5</ele>
      </trkpt>
      <trkpt lat="45.847019" lon="6.115413">
        <ele>977.6</ele>
      </trkpt>
      <trkpt lat="45.847103" lon="6.115388">
        <ele>976.0</ele>
      </trkpt>
      <trkpt lat="45.847139" lon="6.115316">
        <ele>974.4</ele>
      </trkpt>
      <trkpt lat="45.847155" lon="6.115231">
        <ele>973.0</ele>
      </trkpt>
      <trkpt lat="45.847166" lon="6.115135">
        <ele>971.3</ele>
      </trkpt>
      <trkpt lat="45.847188" lon="6.115044">
        <ele>969.6</ele>
      </trkpt>
      <trkpt lat="45.847225" lon="6.114963">
        <ele>967.9</ele>
      </trkpt>
      <trkpt lat="45.847278" lon="6.114909">
        <ele>966.4</ele>
      </trkpt>
      <trkpt lat="45.847346" lon="6.114875">
        <ele>965.1</ele>
      </trkpt>
      <trkpt lat="45.847405" lon="6.114876">
        <ele>964.4</ele>
      </trkpt>
      <trkpt lat="45.847551" lon="6.114952">
        <ele>963.8</ele>
      </trkpt>
      <trkpt lat="45.84762" lon="6.114961">
        <ele>963.1</ele>
      </trkpt>
      <trkpt lat="45.847713" lon="6.11496">
        <ele>961.8</ele>
      </trkpt>
      <trkpt lat="45.84782" lon="6.114991">
        <ele>960.7</ele>
      </trkpt>
      <trkpt lat="45.847893" lon="6.11503">
        <ele>960.1</ele>
      </trkpt>
      <trkpt lat="45.847982" lon="6.115117">
        <ele>959.8</ele>
      </trkpt>
      <trkpt lat="45.848191" lon="6.115417">
        <ele>959.7</ele>
      </trkpt>
      <trkpt lat="45.848416" lon="6.115687">
        <ele>957.8</ele>
      </trkpt>
      <trkpt lat="45.848538" lon="6.115812">
        <ele>956.1</ele>
      </trkpt>
      <trkpt lat="45.848671" lon="6.115927">
        <ele>953.6</ele>
      </trkpt>
      <trkpt lat="45.848808" lon="6.116055">
        <ele>950.8</ele>
      </trkpt>
      <trkpt lat="45.848916" lon="6.116215">
        <ele>948.8</ele>
      </trkpt>
      <trkpt lat="45.849099" lon="6.116562">
        <ele>945.3</ele>
      </trkpt>
      <trkpt lat="45.849142" lon="6.116727">
        <ele>945.0</ele>
      </trkpt>
      <trkpt lat="45.849167" lon="6.116925">
        <ele>945.4</ele>
      </trkpt>
      <trkpt lat="45.849192" lon="6.117329">
        <ele>947.4</ele>
      </trkpt>
      <trkpt lat="45.849213" lon="6.117515">
        <ele>948.1</ele>
      </trkpt>
      <trkpt lat="45.849244" lon="6.117626">
        <ele>948.2</ele>
      </trkpt>
      <trkpt lat="45.849281" lon="6.117679">
        <ele>947.7</ele>
      </trkpt>
      <trkpt lat="45.849327" lon="6.117707">
        <ele>946.7</ele>
      </trkpt>
      <trkpt lat="45.849387" lon="6.117697">
        <ele>945.0</ele>
      </trkpt>
      <trkpt lat="45.849448" lon="6.117633">
        <ele>943.0</ele>
      </trkpt>
      <trkpt lat="45.849478" lon="6.117525">
        <ele>941.3</ele>
      </trkpt>
      <trkpt lat="45.84949" lon="6.117437">
        <ele>940.5</ele>
      </trkpt>
      <trkpt lat="45.849643" lon="6.117488">
        <ele>937.7</ele>
      </trkpt>
      <trkpt lat="45.849873" lon="6.117661">
        <ele>935.3</ele>
      </trkpt>
      <trkpt lat="45.849947" lon="6.117612">
        <ele>933.9</ele>
      </trkpt>
      <trkpt lat="45.850056" lon="6.11758">
        <ele>932.5</ele>
      </trkpt>
      <trkpt lat="45.850166" lon="6.117605">
        <ele>931.5</ele>
      </trkpt>
      <trkpt lat="45.850306" lon="6.117682">
        <ele>930.8</ele>
      </trkpt>
      <trkpt lat="45.850472" lon="6.117778">
        <ele>930.1</ele>
      </trkpt>
      <trkpt lat="45.850615" lon="6.117906">
        <ele>930.0</ele>
      </trkpt>
      <trkpt lat="45.850792" lon="6.118086">
        <ele>930.2</ele>
      </trkpt>
      <trkpt lat="45.85083" lon="6.117982">
        <ele>929.1</ele>
      </trkpt>
      <trkpt lat="45.850889" lon="6.117859">
        <ele>927.7</ele>
      </trkpt>
      <trkpt lat="45.850951" lon="6.117792">
        <ele>926.7</ele>
      </trkpt>
      <trkpt lat="45.851039" lon="6.117711">
        <ele>925.4</ele>
      </trkpt>
      <trkpt lat="45.85112" lon="6.117664">
        <ele>924.3</ele>
      </trkpt>
      <trkpt lat="45.851196" lon="6.11765">
        <ele>923.5</ele>
      </trkpt>
      <trkpt lat="45.851318" lon="6.117648">
        <ele>922.3</ele>
      </trkpt>
      <trkpt lat="45.851423" lon="6.117638">
        <ele>921.2</ele>
      </trkpt>
      <trkpt lat="45.851537" lon="6.117624">
        <ele>919.7</ele>
      </trkpt>
      <trkpt lat="45.851617" lon="6.117617">
        <ele>918.7</ele>
      </trkpt>
      <trkpt lat="45.851704" lon="6.117583">
        <ele>917.2</ele>
      </trkpt>
      <trkpt lat="45.851793" lon="6.117506">
        <ele>915.2</ele>
      </trkpt>
      <trkpt lat="45.851885" lon="6.117362">
        <ele>912.2</ele>
      </trkpt>
      <trkpt lat="45.85198" lon="6.117253">
        <ele>909.5</ele>
      </trkpt>
      <trkpt lat="45.852076" lon="6.117192">
        <ele>907.2</ele>
      </trkpt>
      <trkpt lat="45.852252" lon="6.117093">
        <ele>903.4</ele>
      </trkpt>
      <trkpt lat="45.852319" lon="6.117069">
        <ele>902.1</ele>
      </trkpt>
      <trkpt lat="45.852371" lon="6.117096">
        <ele>901.6</ele>
      </trkpt>
      <trkpt lat="45.852449" lon="6.11716">
        <ele>901.0</ele>
      </trkpt>
      <trkpt lat="45.852534" lon="6.117205">
        <ele>900.2</ele>
      </trkpt>
      <trkpt lat="45.852621" lon="6.117208">
        <ele>898.9</ele>
      </trkpt>
      <trkpt lat="45.852708" lon="6.117168">
        <ele>897.3</ele>
      </trkpt>
      <trkpt lat="45.852825" lon="6.117131">
        <ele>895.4</ele>
      </trkpt>
      <trkpt lat="45.852947" lon="6.11712">
        <ele>893.7</ele>
      </trkpt>
      <trkpt lat="45.85308" lon="6.117173">
        <ele>892.6</ele>
      </trkpt>
      <trkpt lat="45.853223" lon="6.117248">
        <ele>891.6</ele>
      </trkpt>
      <trkpt lat="45.853497" lon="6.117474">
        <ele>890.6</ele>
      </trkpt>
      <trkpt lat="45.853632" lon="6.117689">
        <ele>890.8</ele>
      </trkpt>
      <trkpt lat="45.853791" lon="6.11787">
        <ele>890.4</ele>
      </trkpt>
      <trkpt lat="45.853908" lon="6.117976">
        <ele>889.8</ele>
      </trkpt>
      <trkpt lat="45.854001" lon="6.118061">
        <ele>889.2</ele>
      </trkpt>
      <trkpt lat="45.854095" lon="6.118083">
        <ele>888.3</ele>
      </trkpt>
      <trkpt lat="45.854158" lon="6.118056">
        <ele>887.6</ele>
      </trkpt>
      <trkpt lat="45.854321" lon="6.117952">
        <ele>885.4</ele>
      </trkpt>
      <trkpt lat="45.854501" lon="6.11787">
        <ele>882.9</ele>
      </trkpt>
      <trkpt lat="45.854701" lon="6.117825">
        <ele>880.1</ele>
      </trkpt>
      <trkpt lat="45.854832" lon="6.117801">
        <ele>878.1</ele>
      </trkpt>
      <trkpt lat="45.85489" lon="6.117774">
        <ele>877.1</ele>
      </trkpt>
      <trkpt lat="45.854954" lon="6.117789">
        <ele>876.1</ele>
      </trkpt>
      <trkpt lat="45.855004" lon="6.117829">
        <ele>875.5</ele>
      </trkpt>
      <trkpt lat="45.855069" lon="6.117931">
        <ele>874.9</ele>
      </trkpt>
      <trkpt lat="45.855113" lon="6.11806">
        <ele>874.7</ele>
      </trkpt>
      <trkpt lat="45.855148" lon="6.118205">
        <ele>874.7</ele>
      </trkpt>
      <trkpt lat="45.855199" lon="6.118342">
        <ele>874.3</ele>
      </trkpt>
      <trkpt lat="45.85525" lon="6.118457">
        <ele>873.9</ele>
      </trkpt>
      <trkpt lat="45.855319" lon="6.118527">
        <ele>873.0</ele>
      </trkpt>
      <trkpt lat="45.855396" lon="6.118553">
        <ele>871.8</ele>
      </trkpt>
      <trkpt lat="45.855501" lon="6.118559">
        <ele>870.0</ele>
      </trkpt>
      <trkpt lat="45.855595" lon="6.118543">
        <ele>868.3</ele>
      </trkpt>
      <trkpt lat="45.855744" lon="6.11854">
        <ele>865.8</ele>
      </trkpt>
      <trkpt lat="45.85594" lon="6.118556">
        <ele>862.6</ele>
      </trkpt>
      <trkpt lat="45.856051" lon="6.1186">
        <ele>861.0</ele>
      </trkpt>
      <trkpt lat="45.856139" lon="6.118662">
        <ele>860.0</ele>
      </trkpt>
      <trkpt lat="45.856235" lon="6.118716">
        <ele>858.8</ele>
      </trkpt>
      <trkpt lat="45.856352" lon="6.118745">
        <ele>857.3</ele>
      </trkpt>
      <trkpt lat="45.856665" lon="6.118756">
        <ele>853.4</ele>
      </trkpt>
      <trkpt lat="45.85678" lon="6.118759">
        <ele>852.1</ele>
      </trkpt>
      <trkpt lat="45.856913" lon="6.118747">
        <ele>850.7</ele>
      </trkpt>
      <trkpt lat="45.857026" lon="6.118707">
        <ele>849.6</ele>
      </trkpt>
      <trkpt lat="45.857104" lon="6.118656">
        <ele>848.9</ele>
      </trkpt>
      <trkpt lat="45.8572" lon="6.118621">
        <ele>848.1</ele>
      </trkpt>
      <trkpt lat="45.857269" lon="6.118614">
        <ele>847.6</ele>
      </trkpt>
      <trkpt lat="45.857358" lon="6.118634">
        <ele>847.1</ele>
      </trkpt>
      <trkpt lat="45.85744" lon="6.11868">
        <ele>846.6</ele>
      </trkpt>
      <trkpt lat="45.8575" lon="6.118752">
        <ele>846.2</ele>
      </trkpt>
      <trkpt lat="45.857548" lon="6.118819">
        <ele>845.9</ele>
      </trkpt>
      <trkpt lat="45.857529" lon="6.118669">
        <ele>846.0</ele>
      </trkpt>
      <trkpt lat="45.857483" lon="6.118477">
        <ele>846.3</ele>
      </trkpt>
      <trkpt lat="45.857442" lon="6.11833">
        <ele>846.6</ele>
      </trkpt>
      <trkpt lat="45.857427" lon="6.11819">
        <ele>846.7</ele>
      </trkpt>
      <trkpt lat="45.857417" lon="6.118057">
        <ele>846.9</ele>
      </trkpt>
      <trkpt lat="45.857426" lon="6.117916">
        <ele>847.1</ele>
      </trkpt>
      <trkpt lat="45.857448" lon="6.117674">
        <ele>847.6</ele>
      </trkpt>
      <trkpt lat="45.857448" lon="6.11758">
        <ele>848.0</ele>
      </trkpt>
      <trkpt lat="45.857716" lon="6.11744">
        <ele>848.2</ele>
      </trkpt>
      <trkpt lat="45.85777" lon="6.117452">
        <ele>848.1</ele>
      </trkpt>
      <trkpt lat="45.857988" lon="6.117367">
        <ele>848.8</ele>
      </trkpt>
      <trkpt lat="45.858234" lon="6.117482">
        <ele>848.9</ele>
      </trkpt>
      <trkpt lat="45.858326" lon="6.117564">
        <ele>848.8</ele>
      </trkpt>
      <trkpt lat="45.858451" lon="6.117608">
        <ele>849.1</ele>
      </trkpt>
      <trkpt lat="45.858525" lon="6.117637">
        <ele>849.2</ele>
      </trkpt>
      <trkpt lat="45.858629" lon="6.117615">
        <ele>850.0</ele>
      </trkpt>
      <trkpt lat="45.858825" lon="6.117513">
        <ele>852.3</ele>
      </trkpt>
      <trkpt lat="45.8592" lon="6.117369">
        <ele>858.0</ele>
      </trkpt>
      <trkpt lat="45.859582" lon="6.117184">
        <ele>864.5</ele>
      </trkpt>
      <trkpt lat="45.859861" lon="6.11717">
        <ele>866.2</ele>
      </trkpt>
      <trkpt lat="45.860127" lon="6.117199">
        <ele>866.8</ele>
      </trkpt>
      <trkpt lat="45.860316" lon="6.11716">
        <ele>867.9</ele>
      </trkpt>
      <trkpt lat="45.860503" lon="6.11712">
        <ele>868.9</ele>
      </trkpt>
      <trkpt lat="45.860737" lon="6.117169">
        <ele>868.5</ele>
      </trkpt>
      <trkpt lat="45.860972" lon="6.117218">
        <ele>868.0</ele>
      </trkpt>
      <trkpt lat="45.861144" lon="6.117263">
        <ele>867.7</ele>
      </trkpt>
      <trkpt lat="45.861385" lon="6.117148">
        <ele>870.5</ele>
      </trkpt>
      <trkpt lat="45.861433" lon="6.117032">
        <ele>872.8</ele>
      </trkpt>
      <trkpt lat="45.861465" lon="6.116948">
        <ele>874.5</ele>
      </trkpt>
      <trkpt lat="45.861541" lon="6.116846">
        <ele>877.1</ele>
      </trkpt>
      <trkpt lat="45.861691" lon="6.116623">
        <ele>882.7</ele>
      </trkpt>
      <trkpt lat="45.861756" lon="6.116553">
        <ele>884.6</ele>
      </trkpt>
      <trkpt lat="45.861923" lon="6.116556">
        <ele>885.5</ele>
      </trkpt>
      <trkpt lat="45.862081" lon="6.116603">
        <ele>885.5</ele>
      </trkpt>
      <trkpt lat="45.862219" lon="6.116624">
        <ele>885.9</ele>
      </trkpt>
      <trkpt lat="45.862506" lon="6.116616">
        <ele>887.4</ele>
      </trkpt>
      <trkpt lat="45.86284" lon="6.116481">
        <ele>890.8</ele>
      </trkpt>
      <trkpt lat="45.863099" lon="6.116444">
        <ele>891.4</ele>
      </trkpt>
      <trkpt lat="45.863209" lon="6.116431">
        <ele>891.5</ele>
      </trkpt>
      <trkpt lat="45.863545" lon="6.116384">
        <ele>891.6</ele>
      </trkpt>
      <trkpt lat="45.863923" lon="6.116306">
        <ele>891.1</ele>
      </trkpt>
      <trkpt lat="45.864077" lon="6.116136">
        <ele>891.1</ele>
      </trkpt>
      <trkpt lat="45.864227" lon="6.116045">
        <ele>889.7</ele>
      </trkpt>
      <trkpt lat="45.864343" lon="6.116011">
        <ele>888.2</ele>
      </trkpt>
      <trkpt lat="45.864434" lon="6.116034">
        <ele>887.1</ele>
      </trkpt>
      <trkpt lat="45.864566" lon="6.11604">
        <ele>885.4</ele>
      </trkpt>
      <trkpt lat="45.864767" lon="6.116115">
        <ele>883.4</ele>
      </trkpt>
      <trkpt lat="45.865011" lon="6.116256">
        <ele>881.7</ele>
      </trkpt>
      <trkpt lat="45.865083" lon="6.116312">
        <ele>881.3</ele>
      </trkpt>
      <trkpt lat="45.865319" lon="6.116526">
        <ele>880.1</ele>
      </trkpt>
      <trkpt lat="45.865499" lon="6.116718">
        <ele>878.4</ele>
      </trkpt>
      <trkpt lat="45.865676" lon="6.11697">
        <ele>875.0</ele>
      </trkpt>
      <trkpt lat="45.86574" lon="6.117143">
        <ele>872.2</ele>
      </trkpt>
      <trkpt lat="45.865787" lon="6.117306">
        <ele>869.4</ele>
      </trkpt>
      <trkpt lat="45.865907" lon="6.117374">
        <ele>867.0</ele>
      </trkpt>
      <trkpt lat="45.866098" lon="6.117372">
        <ele>864.0</ele>
      </trkpt>
      <trkpt lat="45.866209" lon="6.117443">
        <ele>861.1</ele>
      </trkpt>
      <trkpt lat="45.866357" lon="6.117641">
        <ele>857.0</ele>
      </trkpt>
      <trkpt lat="45.866505" lon="6.117784">
        <ele>854.3</ele>
      </trkpt>
      <trkpt lat="45.866635" lon="6.117843">
        <ele>853.0</ele>
      </trkpt>
      <trkpt lat="45.866855" lon="6.11792">
        <ele>852.0</ele>
      </trkpt>
      <trkpt lat="45.866981" lon="6.118021">
        <ele>852.7</ele>
      </trkpt>
      <trkpt lat="45.867142" lon="6.118125">
        <ele>853.7</ele>
      </trkpt>
      <trkpt lat="45.867235" lon="6.118087">
        <ele>853.6</ele>
      </trkpt>
      <trkpt lat="45.867289" lon="6.117989">
        <ele>852.9</ele>
      </trkpt>
      <trkpt lat="45.867351" lon="6.117981">
        <ele>853.1</ele>
      </trkpt>
      <trkpt lat="45.867495" lon="6.118285">
        <ele>855.7</ele>
      </trkpt>
      <trkpt lat="45.867507" lon="6.11831">
        <ele>855.8</ele>
      </trkpt>
      <trkpt lat="45.86759" lon="6.118356">
        <ele>856.1</ele>
      </trkpt>
      <trkpt lat="45.867882" lon="6.118352">
        <ele>858.5</ele>
      </trkpt>
      <trkpt lat="45.86794" lon="6.118333">
        <ele>859.3</ele>
      </trkpt>
      <trkpt lat="45.868043" lon="6.118284">
        <ele>861.0</ele>
      </trkpt>
      <trkpt lat="45.868186" lon="6.118217">
        <ele>863.1</ele>
      </trkpt>
      <trkpt lat="45.868376" lon="6.118259">
        <ele>865.3</ele>
      </trkpt>
      <trkpt lat="45.868461" lon="6.118301">
        <ele>866.0</ele>
      </trkpt>
      <trkpt lat="45.868583" lon="6.118417">
        <ele>867.0</ele>
      </trkpt>
      <trkpt lat="45.868735" lon="6.118468">
        <ele>868.1</ele>
      </trkpt>
      <trkpt lat="45.86884" lon="6.1185">
        <ele>868.7</ele>
      </trkpt>
      <trkpt lat="45.868918" lon="6.118535">
        <ele>869.1</ele>
      </trkpt>
      <trkpt lat="45.869024" lon="6.118479">
        <ele>869.2</ele>
      </trkpt>
      <trkpt lat="45.869181" lon="6.118491">
        <ele>869.2</ele>
      </trkpt>
      <trkpt lat="45.869473" lon="6.118709">
        <ele>870.8</ele>
      </trkpt>
      <trkpt lat="45.869652" lon="6.118873">
        <ele>871.2</ele>
      </trkpt>
      <trkpt lat="45.869804" lon="6.118988">
        <ele>870.6</ele>
      </trkpt>
      <trkpt lat="45.870114" lon="6.119215">
        <ele>867.2</ele>
      </trkpt>
      <trkpt lat="45.870344" lon="6.119259">
        <ele>864.1</ele>
      </trkpt>
      <trkpt lat="45.870414" lon="6.119288">
        <ele>863.3</ele>
      </trkpt>
      <trkpt lat="45.870579" lon="6.119334">
        <ele>861.3</ele>
      </trkpt>
      <trkpt lat="45.870712" lon="6.119355">
        <ele>859.7</ele>
      </trkpt>
      <trkpt lat="45.870791" lon="6.119386">
        <ele>858.8</ele>
      </trkpt>
      <trkpt lat="45.870845" lon="6.119397">
        <ele>858.1</ele>
      </trkpt>
      <trkpt lat="45.870956" lon="6.119401">
        <ele>856.5</ele>
      </trkpt>
      <trkpt lat="45.871085" lon="6.11942">
        <ele>854.9</ele>
      </trkpt>
      <trkpt lat="45.871056" lon="6.119259">
        <ele>853.2</ele>
      </trkpt>
      <trkpt lat="45.871091" lon="6.11911">
        <ele>849.7</ele>
      </trkpt>
      <trkpt lat="45.871144" lon="6.11896">
        <ele>844.5</ele>
      </trkpt>
      <trkpt lat="45.871229" lon="6.11886">
        <ele>839.3</ele>
      </trkpt>
      <trkpt lat="45.871346" lon="6.118789">
        <ele>834.0</ele>
      </trkpt>
      <trkpt lat="45.871439" lon="6.118776">
        <ele>831.3</ele>
      </trkpt>
      <trkpt lat="45.87153" lon="6.118784">
        <ele>829.4</ele>
      </trkpt>
      <trkpt lat="45.871651" lon="6.118808">
        <ele>827.3</ele>
      </trkpt>
      <trkpt lat="45.871732" lon="6.118859">
        <ele>827.0</ele>
      </trkpt>
      <trkpt lat="45.871775" lon="6.118913">
        <ele>827.8</ele>
      </trkpt>
      <trkpt lat="45.871846" lon="6.118942">
        <ele>826.8</ele>
      </trkpt>
      <trkpt lat="45.871915" lon="6.118945">
        <ele>824.9</ele>
      </trkpt>
      <trkpt lat="45.871984" lon="6.118953">
        <ele>823.0</ele>
      </trkpt>
      <trkpt lat="45.872038" lon="6.119007">
        <ele>823.1</ele>
      </trkpt>
      <trkpt lat="45.8721" lon="6.119087">
        <ele>823.8</ele>
      </trkpt>
      <trkpt lat="45.872171" lon="6.119176">
        <ele>824.4</ele>
      </trkpt>
      <trkpt lat="45.872287" lon="6.11923">
        <ele>822.4</ele>
      </trkpt>
      <trkpt lat="45.872441" lon="6.119259">
        <ele>818.0</ele>
      </trkpt>
      <trkpt lat="45.872632" lon="6.119323">
        <ele>813.1</ele>
      </trkpt>
      <trkpt lat="45.872721" lon="6.11935">
        <ele>810.5</ele>
      </trkpt>
      <trkpt lat="45.872789" lon="6.119398">
        <ele>809.6</ele>
      </trkpt>
      <trkpt lat="45.872862" lon="6.119441">
        <ele>808.1</ele>
      </trkpt>
      <trkpt lat="45.872968" lon="6.119471">
        <ele>804.5</ele>
      </trkpt>
      <trkpt lat="45.873174" lon="6.119532">
        <ele>797.6</ele>
      </trkpt>
      <trkpt lat="45.873302" lon="6.119589">
        <ele>798.3</ele>
      </trkpt>
      <trkpt lat="45.873422" lon="6.119678">
        <ele>802.7</ele>
      </trkpt>
      <trkpt lat="45.873516" lon="6.119791">
        <ele>803.7</ele>
      </trkpt>
      <trkpt lat="45.873645" lon="6.119996">
        <ele>804.7</ele>
      </trkpt>
      <trkpt lat="45.873722" lon="6.120067">
        <ele>803.2</ele>
      </trkpt>
      <trkpt lat="45.873851" lon="6.120157">
        <ele>798.7</ele>
      </trkpt>
      <trkpt lat="45.874001" lon="6.120235">
        <ele>793.0</ele>
      </trkpt>
      <trkpt lat="45.8741" lon="6.120251">
        <ele>788.0</ele>
      </trkpt>
      <trkpt lat="45.874174" lon="6.120302">
        <ele>787.4</ele>
      </trkpt>
      <trkpt lat="45.874289" lon="6.120385">
        <ele>787.4</ele>
      </trkpt>
      <trkpt lat="45.874341" lon="6.120425">
        <ele>787.1</ele>
      </trkpt>
      <trkpt lat="45.874436" lon="6.120474">
        <ele>784.5</ele>
      </trkpt>
      <trkpt lat="45.87454" lon="6.120519">
        <ele>781.6</ele>
      </trkpt>
      <trkpt lat="45.874703" lon="6.120632">
        <ele>781.1</ele>
      </trkpt>
      <trkpt lat="45.874905" lon="6.12079">
        <ele>776.5</ele>
      </trkpt>
      <trkpt lat="45.875138" lon="6.120999">
        <ele>773.5</ele>
      </trkpt>
      <trkpt lat="45.875381" lon="6.121185">
        <ele>766.6</ele>
      </trkpt>
      <trkpt lat="45.875624" lon="6.12137">
        <ele>765.4</ele>
      </trkpt>
      <trkpt lat="45.875801" lon="6.121552">
        <ele>761.1</ele>
      </trkpt>
      <trkpt lat="45.875926" lon="6.121657">
        <ele>758.3</ele>
      </trkpt>
      <trkpt lat="45.876049" lon="6.121737">
        <ele>753.6</ele>
      </trkpt>
      <trkpt lat="45.876154" lon="6.121799">
        <ele>750.4</ele>
      </trkpt>
      <trkpt lat="45.876219" lon="6.121834">
        <ele>748.6</ele>
      </trkpt>
      <trkpt lat="45.876266" lon="6.121911">
        <ele>751.0</ele>
      </trkpt>
      <trkpt lat="45.876438" lon="6.122021">
        <ele>745.0</ele>
      </trkpt>
      <trkpt lat="45.876565" lon="6.122075">
        <ele>739.7</ele>
      </trkpt>
      <trkpt lat="45.87669" lon="6.122115">
        <ele>737.7</ele>
      </trkpt>
      <trkpt lat="45.876774" lon="6.122182">
        <ele>737.4</ele>
      </trkpt>
      <trkpt lat="45.876875" lon="6.122263">
        <ele>735.6</ele>
      </trkpt>
      <trkpt lat="45.876983" lon="6.122319">
        <ele>732.8</ele>
      </trkpt>
      <trkpt lat="45.877071" lon="6.122375">
        <ele>732.1</ele>
      </trkpt>
      <trkpt lat="45.877125" lon="6.122443">
        <ele>733.4</ele>
      </trkpt>
      <trkpt lat="45.877194" lon="6.122475">
        <ele>731.8</ele>
      </trkpt>
      <trkpt lat="45.877355" lon="6.122528">
        <ele>726.7</ele>
      </trkpt>
      <trkpt lat="45.877526" lon="6.122579">
        <ele>723.3</ele>
      </trkpt>
      <trkpt lat="45.877648" lon="6.122612">
        <ele>720.5</ele>
      </trkpt>
      <trkpt lat="45.877778" lon="6.122705">
        <ele>717.6</ele>
      </trkpt>
      <trkpt lat="45.877947" lon="6.122767">
        <ele>712.5</ele>
      </trkpt>
      <trkpt lat="45.878137" lon="6.122858">
        <ele>713.3</ele>
      </trkpt>
      <trkpt lat="45.878247" lon="6.122888">
        <ele>709.7</ele>
      </trkpt>
      <trkpt lat="45.878342" lon="6.122923">
        <ele>707.5</ele>
      </trkpt>
      <trkpt lat="45.878458" lon="6.122963">
        <ele>705.5</ele>
      </trkpt>
      <trkpt lat="45.878684" lon="6.123038">
        <ele>701.3</ele>
      </trkpt>
      <trkpt lat="45.878825" lon="6.123033">
        <ele>696.7</ele>
      </trkpt>
      <trkpt lat="45.87888" lon="6.123049">
        <ele>696.2</ele>
      </trkpt>
      <trkpt lat="45.878914" lon="6.123086">
        <ele>697.4</ele>
      </trkpt>
      <trkpt lat="45.878937" lon="6.123143">
        <ele>699.6</ele>
      </trkpt>
      <trkpt lat="45.878975" lon="6.12322">
        <ele>701.4</ele>
      </trkpt>
      <trkpt lat="45.879013" lon="6.123273">
        <ele>702.0</ele>
      </trkpt>
      <trkpt lat="45.87908" lon="6.123287">
        <ele>700.8</ele>
      </trkpt>
      <trkpt lat="45.879142" lon="6.123242">
        <ele>698.1</ele>
      </trkpt>
      <trkpt lat="45.8792" lon="6.123177">
        <ele>694.6</ele>
      </trkpt>
      <trkpt lat="45.879253" lon="6.123155">
        <ele>692.5</ele>
      </trkpt>
      <trkpt lat="45.879294" lon="6.123155">
        <ele>691.8</ele>
      </trkpt>
      <trkpt lat="45.879339" lon="6.123183">
        <ele>692.4</ele>
      </trkpt>
      <trkpt lat="45.879487" lon="6.123291">
        <ele>695.3</ele>
      </trkpt>
      <trkpt lat="45.879571" lon="6.12334">
        <ele>697.2</ele>
      </trkpt>
      <trkpt lat="45.879693" lon="6.123341">
        <ele>696.3</ele>
      </trkpt>
      <trkpt lat="45.879822" lon="6.123329">
        <ele>693.9</ele>
      </trkpt>
      <trkpt lat="45.879925" lon="6.123298">
        <ele>691.0</ele>
      </trkpt>
      <trkpt lat="45.880005" lon="6.123261">
        <ele>688.2</ele>
      </trkpt>
      <trkpt lat="45.880044" lon="6.123256">
        <ele>687.7</ele>
      </trkpt>
      <trkpt lat="45.880091" lon="6.123269">
        <ele>688.2</ele>
      </trkpt>
      <trkpt lat="45.88012" lon="6.123293">
        <ele>689.5</ele>
      </trkpt>
      <trkpt lat="45.880163" lon="6.123332">
        <ele>691.4</ele>
      </trkpt>
      <trkpt lat="45.880219" lon="6.123341">
        <ele>691.9</ele>
      </trkpt>
      <trkpt lat="45.880254" lon="6.123314">
        <ele>690.6</ele>
      </trkpt>
      <trkpt lat="45.880273" lon="6.12328">
        <ele>688.8</ele>
      </trkpt>
      <trkpt lat="45.880311" lon="6.123237">
        <ele>686.5</ele>
      </trkpt>
      <trkpt lat="45.880362" lon="6.123221">
        <ele>685.8</ele>
      </trkpt>
      <trkpt lat="45.880462" lon="6.123204">
        <ele>685.8</ele>
      </trkpt>
      <trkpt lat="45.880538" lon="6.123198">
        <ele>686.0</ele>
      </trkpt>
      <trkpt lat="45.880631" lon="6.123239">
        <ele>687.8</ele>
      </trkpt>
      <trkpt lat="45.880724" lon="6.123274">
        <ele>688.1</ele>
      </trkpt>
      <trkpt lat="45.881108" lon="6.123308">
        <ele>682.2</ele>
      </trkpt>
      <trkpt lat="45.881327" lon="6.123343">
        <ele>680.3</ele>
      </trkpt>
      <trkpt lat="45.881482" lon="6.123377">
        <ele>678.1</ele>
      </trkpt>
      <trkpt lat="45.881681" lon="6.123393">
        <ele>670.0</ele>
      </trkpt>
      <trkpt lat="45.881781" lon="6.12342">
        <ele>668.5</ele>
      </trkpt>
      <trkpt lat="45.881894" lon="6.123478">
        <ele>670.5</ele>
      </trkpt>
      <trkpt lat="45.881965" lon="6.123515">
        <ele>671.3</ele>
      </trkpt>
      <trkpt lat="45.882066" lon="6.123523">
        <ele>667.4</ele>
      </trkpt>
      <trkpt lat="45.882146" lon="6.123548">
        <ele>666.5</ele>
      </trkpt>
      <trkpt lat="45.882236" lon="6.123582">
        <ele>666.5</ele>
      </trkpt>
      <trkpt lat="45.882379" lon="6.123587">
        <ele>663.9</ele>
      </trkpt>
      <trkpt lat="45.882528" lon="6.123601">
        <ele>662.5</ele>
      </trkpt>
      <trkpt lat="45.882613" lon="6.123618">
        <ele>661.4</ele>
      </trkpt>
      <trkpt lat="45.882678" lon="6.123653">
        <ele>661.3</ele>
      </trkpt>
      <trkpt lat="45.882757" lon="6.1237">
        <ele>661.0</ele>
      </trkpt>
      <trkpt lat="45.882808" lon="6.123729">
        <ele>660.7</ele>
      </trkpt>
      <trkpt lat="45.882858" lon="6.123729">
        <ele>658.6</ele>
      </trkpt>
      <trkpt lat="45.882906" lon="6.123723">
        <ele>656.2</ele>
      </trkpt>
      <trkpt lat="45.883085" lon="6.123724">
        <ele>649.7</ele>
      </trkpt>
      <trkpt lat="45.883492" lon="6.12381">
        <ele>643.9</ele>
      </trkpt>
      <trkpt lat="45.883842" lon="6.123884">
        <ele>638.6</ele>
      </trkpt>
      <trkpt lat="45.884191" lon="6.123958">
        <ele>634.3</ele>
      </trkpt>
      <trkpt lat="45.884563" lon="6.124066">
        <ele>625.5</ele>
      </trkpt>
      <trkpt lat="45.884738" lon="6.12413">
        <ele>622.1</ele>
      </trkpt>
      <trkpt lat="45.884882" lon="6.124256">
        <ele>621.7</ele>
      </trkpt>
      <trkpt lat="45.884968" lon="6.124379">
        <ele>624.7</ele>
      </trkpt>
      <trkpt lat="45.885094" lon="6.124554">
        <ele>625.1</ele>
      </trkpt>
      <trkpt lat="45.885315" lon="6.124783">
        <ele>622.5</ele>
      </trkpt>
      <trkpt lat="45.885481" lon="6.125007">
        <ele>620.5</ele>
      </trkpt>
      <trkpt lat="45.885584" lon="6.125166">
        <ele>618.3</ele>
      </trkpt>
      <trkpt lat="45.885637" lon="6.125234">
        <ele>617.3</ele>
      </trkpt>
      <trkpt lat="45.885701" lon="6.125286">
        <ele>615.7</ele>
      </trkpt>
      <trkpt lat="45.885772" lon="6.125327">
        <ele>612.7</ele>
      </trkpt>
      <trkpt lat="45.885913" lon="6.12536">
        <ele>605.4</ele>
      </trkpt>
      <trkpt lat="45.886011" lon="6.125367">
        <ele>602.4</ele>
      </trkpt>
      <trkpt lat="45.88608" lon="6.125353">
        <ele>600.5</ele>
      </trkpt>
      <trkpt lat="45.88613" lon="6.125322">
        <ele>598.9</ele>
      </trkpt>
      <trkpt lat="45.886291" lon="6.125189">
        <ele>594.2</ele>
      </trkpt>
      <trkpt lat="45.886352" lon="6.125154">
        <ele>592.5</ele>
      </trkpt>
      <trkpt lat="45.886437" lon="6.125136">
        <ele>590.6</ele>
      </trkpt>
      <trkpt lat="45.886564" lon="6.125132">
        <ele>587.9</ele>
      </trkpt>
      <trkpt lat="45.886622" lon="6.125126">
        <ele>586.3</ele>
      </trkpt>
      <trkpt lat="45.886695" lon="6.125102">
        <ele>583.1</ele>
      </trkpt>
      <trkpt lat="45.886774" lon="6.125049">
        <ele>578.0</ele>
      </trkpt>
      <trkpt lat="45.886849" lon="6.125008">
        <ele>573.5</ele>
      </trkpt>
      <trkpt lat="45.886904" lon="6.124993">
        <ele>571.1</ele>
      </trkpt>
      <trkpt lat="45.886991" lon="6.125">
        <ele>569.0</ele>
      </trkpt>
      <trkpt lat="45.887107" lon="6.125042">
        <ele>567.5</ele>
      </trkpt>
      <trkpt lat="45.887212" lon="6.125085">
        <ele>566.0</ele>
      </trkpt>
      <trkpt lat="45.887347" lon="6.125141">
        <ele>564.7</ele>
      </trkpt>
      <trkpt lat="45.887403" lon="6.125196">
        <ele>565.8</ele>
      </trkpt>
      <trkpt lat="45.887478" lon="6.125293">
        <ele>567.3</ele>
      </trkpt>
      <trkpt lat="45.887634" lon="6.125508">
        <ele>566.4</ele>
      </trkpt>
      <trkpt lat="45.887741" lon="6.125613">
        <ele>563.1</ele>
      </trkpt>
      <trkpt lat="45.88782" lon="6.125706">
        <ele>559.8</ele>
      </trkpt>
      <trkpt lat="45.888035" lon="6.125982">
        <ele>546.4</ele>
      </trkpt>
      <trkpt lat="45.888091" lon="6.126071">
        <ele>543.3</ele>
      </trkpt>
      <trkpt lat="45.888125" lon="6.126147">
        <ele>542.4</ele>
      </trkpt>
      <trkpt lat="45.888202" lon="6.126321">
        <ele>541.9</ele>
      </trkpt>
      <trkpt lat="45.888268" lon="6.126468">
        <ele>542.2</ele>
      </trkpt>
      <trkpt lat="45.888419" lon="6.126755">
        <ele>541.7</ele>
      </trkpt>
      <trkpt lat="45.88844" lon="6.126796">
        <ele>541.8</ele>
      </trkpt>
      <trkpt lat="45.888461" lon="6.126825">
        <ele>541.9</ele>
      </trkpt>
      <trkpt lat="45.888502" lon="6.126856">
        <ele>541.8</ele>
      </trkpt>
      <trkpt lat="45.888548" lon="6.126865">
        <ele>541.6</ele>
      </trkpt>
      <trkpt lat="45.888588" lon="6.126862">
        <ele>541.5</ele>
      </trkpt>
      <trkpt lat="45.888636" lon="6.126844">
        <ele>541.9</ele>
      </trkpt>
      <trkpt lat="45.888674" lon="6.126824">
        <ele>542.4</ele>
      </trkpt>
      <trkpt lat="45.888739" lon="6.126781">
        <ele>543.0</ele>
      </trkpt>
      <trkpt lat="45.888795" lon="6.126737">
        <ele>542.7</ele>
      </trkpt>
      <trkpt lat="45.888808" lon="6.126726">
        <ele>542.5</ele>
      </trkpt>
      <trkpt lat="45.888822" lon="6.12671">
        <ele>542.1</ele>
      </trkpt>
      <trkpt lat="45.888828" lon="6.126703">
        <ele>541.9</ele>
      </trkpt>
      <trkpt lat="45.888833" lon="6.126695">
        <ele>541.8</ele>
      </trkpt>
      <trkpt lat="45.888834" lon="6.126686">
        <ele>541.5</ele>
      </trkpt>
      <trkpt lat="45.888865" lon="6.126685">
        <ele>541.6</ele>
      </trkpt>
      <trkpt lat="45.888906" lon="6.126685">
        <ele>541.8</ele>
      </trkpt>
      <trkpt lat="45.888956" lon="6.126692">
        <ele>542.0</ele>
      </trkpt>
      <trkpt lat="45.888975" lon="6.1267">
        <ele>542.2</ele>
      </trkpt>
      <trkpt lat="45.889008" lon="6.126723">
        <ele>542.5</ele>
      </trkpt>
      <trkpt lat="45.889051" lon="6.126768">
        <ele>543.0</ele>
      </trkpt>
      <trkpt lat="45.88913" lon="6.126882">
        <ele>543.7</ele>
      </trkpt>
      <trkpt lat="45.889235" lon="6.127002">
        <ele>543.5</ele>
      </trkpt>
      <trkpt lat="45.889359" lon="6.127191">
        <ele>543.4</ele>
      </trkpt>
      <trkpt lat="45.889427" lon="6.12731">
        <ele>543.9</ele>
      </trkpt>
      <trkpt lat="45.889455" lon="6.12735">
        <ele>544.0</ele>
      </trkpt>
      <trkpt lat="45.88948" lon="6.127375">
        <ele>543.9</ele>
      </trkpt>
      <trkpt lat="45.889514" lon="6.127393">
        <ele>543.5</ele>
      </trkpt>
      <trkpt lat="45.889569" lon="6.127412">
        <ele>542.6</ele>
      </trkpt>
      <trkpt lat="45.889658" lon="6.12742">
        <ele>540.4</ele>
      </trkpt>
      <trkpt lat="45.889692" lon="6.127431">
        <ele>539.6</ele>
      </trkpt>
      <trkpt lat="45.88973" lon="6.127452">
        <ele>538.8</ele>
      </trkpt>
      <trkpt lat="45.889761" lon="6.127496">
        <ele>538.7</ele>
      </trkpt>
      <trkpt lat="45.889819" lon="6.127591">
        <ele>537.9</ele>
      </trkpt>
      <trkpt lat="45.889857" lon="6.127662">
        <ele>536.6</ele>
      </trkpt>
      <trkpt lat="45.889881" lon="6.127738">
        <ele>535.7</ele>
      </trkpt>
      <trkpt lat="45.889901" lon="6.127843">
        <ele>534.9</ele>
      </trkpt>
      <trkpt lat="45.889906" lon="6.127942">
        <ele>534.4</ele>
      </trkpt>
      <trkpt lat="45.889909" lon="6.128192">
        <ele>532.0</ele>
      </trkpt>
      <trkpt lat="45.889911" lon="6.128288">
        <ele>531.5</ele>
      </trkpt>
      <trkpt lat="45.889914" lon="6.128325">
        <ele>531.2</ele>
      </trkpt>
      <trkpt lat="45.889922" lon="6.128365">
        <ele>530.7</ele>
      </trkpt>
      <trkpt lat="45.889926" lon="6.128383">
        <ele>530.6</ele>
      </trkpt>
      <trkpt lat="45.889936" lon="6.128412">
        <ele>530.2</ele>
      </trkpt>
      <trkpt lat="45.889953" lon="6.128442">
        <ele>529.8</ele>
      </trkpt>
      <trkpt lat="45.889955" lon="6.128467">
        <ele>529.9</ele>
      </trkpt>
      <trkpt lat="45.889962" lon="6.128492">
        <ele>530.0</ele>
      </trkpt>
      <trkpt lat="45.889971" lon="6.128512">
        <ele>530.0</ele>
      </trkpt>
      <trkpt lat="45.889979" lon="6.128522">
        <ele>529.9</ele>
      </trkpt>
      <trkpt lat="45.889993" lon="6.128527">
        <ele>529.6</ele>
      </trkpt>
      <trkpt lat="45.89002" lon="6.128532">
        <ele>529.0</ele>
      </trkpt>
      <trkpt lat="45.890026" lon="6.128533">
        <ele>528.9</ele>
      </trkpt>
      <trkpt lat="45.890068" lon="6.128544">
        <ele>528.3</ele>
      </trkpt>
      <trkpt lat="45.89007" lon="6.128522">
        <ele>527.8</ele>
      </trkpt>
      <trkpt lat="45.890102" lon="6.128503">
        <ele>527.0</ele>
      </trkpt>
      <trkpt lat="45.890135" lon="6.128504">
        <ele>526.7</ele>
      </trkpt>
      <trkpt lat="45.890189" lon="6.128507">
        <ele>526.4</ele>
      </trkpt>
      <trkpt lat="45.890275" lon="6.128476">
        <ele>525.9</ele>
      </trkpt>
      <trkpt lat="45.890358" lon="6.128402">
        <ele>525.2</ele>
      </trkpt>
      <trkpt lat="45.890601" lon="6.128057">
        <ele>520.3</ele>
      </trkpt>
      <trkpt lat="45.890694" lon="6.127925">
        <ele>518.0</ele>
      </trkpt>
      <trkpt lat="45.890965" lon="6.127574">
        <ele>513.7</ele>
      </trkpt>
      <trkpt lat="45.891236" lon="6.127222">
        <ele>508.7</ele>
      </trkpt>
      <trkpt lat="45.89144" lon="6.126962">
        <ele>507.4</ele>
      </trkpt>
      <trkpt lat="45.891558" lon="6.12685">
        <ele>508.6</ele>
      </trkpt>
      <trkpt lat="45.891593" lon="6.126817">
        <ele>508.9</ele>
      </trkpt>
      <trkpt lat="45.891616" lon="6.126807">
        <ele>509.1</ele>
      </trkpt>
      <trkpt lat="45.891671" lon="6.126785">
        <ele>509.2</ele>
      </trkpt>
      <trkpt lat="45.891934" lon="6.126798">
        <ele>510.5</ele>
      </trkpt>
      <trkpt lat="45.892197" lon="6.126811">
        <ele>511.1</ele>
      </trkpt>
      <trkpt lat="45.89228" lon="6.12679">
        <ele>510.8</ele>
      </trkpt>
      <trkpt lat="45.892355" lon="6.126734">
        <ele>510.6</ele>
      </trkpt>
      <trkpt lat="45.892449" lon="6.126773">
        <ele>510.8</ele>
      </trkpt>
      <trkpt lat="45.892492" lon="6.127133">
        <ele>511.3</ele>
      </trkpt>
      <trkpt lat="45.892508" lon="6.127258">
        <ele>512.4</ele>
      </trkpt>
      <trkpt lat="45.892515" lon="6.127333">
        <ele>513.0</ele>
      </trkpt>
      <trkpt lat="45.892525" lon="6.127331">
        <ele>512.9</ele>
        <name>Basilique de la Visitation</name>
        <extensions>
          <oa:Extension>
            <oa:mapZoom>13</oa:mapZoom>
          </oa:Extension>
        </extensions>
      </trkpt>
    </trkseg>
  </trk>
</gpx>