<?xml version="1.0" encoding="UTF-8"?>
<gpx creator="StravaGPX" version="1.1" xmlns="http://www.topografix.com/GPX/1/1" xmlns:xsi="http://www.w3.org/2001/XMLSchema-instance" xsi:schemaLocation="http://www.topografix.com/GPX/1/1 http://www.topografix.com/GPX/1/1/gpx.xsd http://www.garmin.com/xmlschemas/GpxExtensions/v3 http://www.garmin.com/xmlschemas/GpxExtensionsv3.xsd http://www.garmin.com/xmlschemas/TrackPointExtension/v1 http://www.garmin.com/xmlschemas/TrackPointExtensionv1.xsd" xmlns:gpxtpx="http://www.garmin.com/xmlschemas/TrackPointExtension/v1" xmlns:gpxx="http://www.garmin.com/xmlschemas/GpxExtensions/v3">
 <metadata>
 </metadata>
 <trk>
  <name>La grande baaaambee ⛰️🏃</name>
  <type>trail_running</type>
  <trkseg>
   <trkpt lat="45.8617770" lon="6.4948530">
    <ele>1085.0</ele>
   </trkpt>
   <trkpt lat="45.8618410" lon="6.4948900">
    <ele>1084.8</ele>
   </trkpt>
   <trkpt lat="45.8619220" lon="6.4949080">
    <ele>1085.4</ele>
   </trkpt>
   <trkpt lat="45.8619370" lon="6.4948780">
    <ele>1085.6</ele>
   </trkpt>
   <trkpt lat="45.8619780" lon="6.4947970">
    <ele>1086.2</ele>
   </trkpt>
   <trkpt lat="45.8620420" lon="6.4946760">
    <ele>1087.2</ele>
   </trkpt>
   <trkpt lat="45.8620830" lon="6.4946070">
    <ele>1087.8</ele>
   </trkpt>
   <trkpt lat="45.8621300" lon="6.4945360">
    <ele>1088.2</ele>
   </trkpt>
   <trkpt lat="45.8621520" lon="6.4945060">
    <ele>1088.6</ele>
   </trkpt>
   <trkpt lat="45.8621780" lon="6.4944760">
    <ele>1089.0</ele>
   </trkpt>
   <trkpt lat="45.8622390" lon="6.4944320">
    <ele>1089.8</ele>
   </trkpt>
   <trkpt lat="45.8623200" lon="6.4944110">
    <ele>1090.2</ele>
   </trkpt>
   <trkpt lat="45.8623710" lon="6.4944190">
    <ele>1090.8</ele>
   </trkpt>
   <trkpt lat="45.8624200" lon="6.4944360">
    <ele>1092.0</ele>
   </trkpt>
   <trkpt lat="45.8624450" lon="6.4944520">
    <ele>1092.4</ele>
   </trkpt>
   <trkpt lat="45.8625040" lon="6.4945110">
    <ele>1093.2</ele>
   </trkpt>
   <trkpt lat="45.8625220" lon="6.4945370">
    <ele>1093.4</ele>
   </trkpt>
   <trkpt lat="45.8625320" lon="6.4945610">
    <ele>1093.8</ele>
   </trkpt>
   <trkpt lat="45.8625380" lon="6.4945820">
    <ele>1094.2</ele>
   </trkpt>
   <trkpt lat="45.8625490" lon="6.4946150">
    <ele>1094.6</ele>
   </trkpt>
   <trkpt lat="45.8625900" lon="6.4947440">
    <ele>1095.6</ele>
   </trkpt>
   <trkpt lat="45.8625750" lon="6.4949060">
    <ele>1097.2</ele>
   </trkpt>
   <trkpt lat="45.8625630" lon="6.4949460">
    <ele>1097.4</ele>
   </trkpt>
   <trkpt lat="45.8625590" lon="6.4951660">
    <ele>1096.6</ele>
   </trkpt>
   <trkpt lat="45.8625680" lon="6.4952300">
    <ele>1097.0</ele>
   </trkpt>
   <trkpt lat="45.8625670" lon="6.4953350">
    <ele>1097.6</ele>
   </trkpt>
   <trkpt lat="45.8625510" lon="6.4954300">
    <ele>1098.6</ele>
   </trkpt>
   <trkpt lat="45.8625510" lon="6.4955000">
    <ele>1099.4</ele>
   </trkpt>
   <trkpt lat="45.8625430" lon="6.4955740">
    <ele>1100.0</ele>
   </trkpt>
   <trkpt lat="45.8625490" lon="6.4957830">
    <ele>1101.2</ele>
   </trkpt>
   <trkpt lat="45.8625630" lon="6.4959650">
    <ele>1102.6</ele>
   </trkpt>
   <trkpt lat="45.8625820" lon="6.4960060">
    <ele>1102.8</ele>
   </trkpt>
   <trkpt lat="45.8626130" lon="6.4960670">
    <ele>1103.2</ele>
   </trkpt>
   <trkpt lat="45.8626590" lon="6.4961320">
    <ele>1103.8</ele>
   </trkpt>
   <trkpt lat="45.8626870" lon="6.4961700">
    <ele>1104.0</ele>
   </trkpt>
   <trkpt lat="45.8627560" lon="6.4962330">
    <ele>1104.8</ele>
   </trkpt>
   <trkpt lat="45.8627760" lon="6.4962280">
    <ele>1105.2</ele>
   </trkpt>
   <trkpt lat="45.8628370" lon="6.4962170">
    <ele>1105.8</ele>
   </trkpt>
   <trkpt lat="45.8629080" lon="6.4961570">
    <ele>1106.8</ele>
   </trkpt>
   <trkpt lat="45.8629310" lon="6.4961290">
    <ele>1107.0</ele>
   </trkpt>
   <trkpt lat="45.8630220" lon="6.4960180">
    <ele>1108.2</ele>
   </trkpt>
   <trkpt lat="45.8630640" lon="6.4959560">
    <ele>1108.6</ele>
   </trkpt>
   <trkpt lat="45.8631050" lon="6.4958850">
    <ele>1109.2</ele>
   </trkpt>
   <trkpt lat="45.8631350" lon="6.4958210">
    <ele>1109.6</ele>
   </trkpt>
   <trkpt lat="45.8631680" lon="6.4957100">
    <ele>1110.2</ele>
   </trkpt>
   <trkpt lat="45.8632130" lon="6.4956030">
    <ele>1111.0</ele>
   </trkpt>
   <trkpt lat="45.8632140" lon="6.4955910">
    <ele>1111.0</ele>
   </trkpt>
   <trkpt lat="45.8632120" lon="6.4956170">
    <ele>1111.2</ele>
   </trkpt>
   <trkpt lat="45.8632480" lon="6.4956930">
    <ele>1112.6</ele>
   </trkpt>
   <trkpt lat="45.8632530" lon="6.4957010">
    <ele>1112.8</ele>
   </trkpt>
   <trkpt lat="45.8632600" lon="6.4957290">
    <ele>1113.6</ele>
   </trkpt>
   <trkpt lat="45.8632720" lon="6.4957990">
    <ele>1114.4</ele>
   </trkpt>
   <trkpt lat="45.8632790" lon="6.4958440">
    <ele>1114.8</ele>
   </trkpt>
   <trkpt lat="45.8632880" lon="6.4959820">
    <ele>1115.8</ele>
   </trkpt>
   <trkpt lat="45.8633440" lon="6.4961810">
    <ele>1117.2</ele>
   </trkpt>
   <trkpt lat="45.8633810" lon="6.4962580">
    <ele>1117.6</ele>
   </trkpt>
   <trkpt lat="45.8634450" lon="6.4963410">
    <ele>1118.2</ele>
   </trkpt>
   <trkpt lat="45.8635190" lon="6.4963930">
    <ele>1118.8</ele>
   </trkpt>
   <trkpt lat="45.8635670" lon="6.4964280">
    <ele>1119.2</ele>
   </trkpt>
   <trkpt lat="45.8636570" lon="6.4964430">
    <ele>1120.2</ele>
   </trkpt>
   <trkpt lat="45.8636790" lon="6.4964430">
    <ele>1120.6</ele>
   </trkpt>
   <trkpt lat="45.8638020" lon="6.4964340">
    <ele>1122.0</ele>
   </trkpt>
   <trkpt lat="45.8638660" lon="6.4964320">
    <ele>1122.8</ele>
   </trkpt>
   <trkpt lat="45.8638860" lon="6.4964270">
    <ele>1123.2</ele>
   </trkpt>
   <trkpt lat="45.8639460" lon="6.4964130">
    <ele>1124.2</ele>
   </trkpt>
   <trkpt lat="45.8639900" lon="6.4964200">
    <ele>1124.6</ele>
   </trkpt>
   <trkpt lat="45.8640340" lon="6.4964260">
    <ele>1125.4</ele>
   </trkpt>
   <trkpt lat="45.8640930" lon="6.4964400">
    <ele>1126.6</ele>
   </trkpt>
   <trkpt lat="45.8641310" lon="6.4964640">
    <ele>1127.2</ele>
   </trkpt>
   <trkpt lat="45.8641710" lon="6.4964870">
    <ele>1127.8</ele>
   </trkpt>
   <trkpt lat="45.8642260" lon="6.4965110">
    <ele>1128.8</ele>
   </trkpt>
   <trkpt lat="45.8642760" lon="6.4965660">
    <ele>1129.8</ele>
   </trkpt>
   <trkpt lat="45.8642880" lon="6.4965840">
    <ele>1130.0</ele>
   </trkpt>
   <trkpt lat="45.8643370" lon="6.4966720">
    <ele>1130.6</ele>
   </trkpt>
   <trkpt lat="45.8643690" lon="6.4967370">
    <ele>1131.2</ele>
   </trkpt>
   <trkpt lat="45.8643830" lon="6.4967650">
    <ele>1131.2</ele>
   </trkpt>
   <trkpt lat="45.8644040" lon="6.4967790">
    <ele>1131.6</ele>
   </trkpt>
   <trkpt lat="45.8644610" lon="6.4967940">
    <ele>1132.4</ele>
   </trkpt>
   <trkpt lat="45.8644880" lon="6.4967950">
    <ele>1132.6</ele>
   </trkpt>
   <trkpt lat="45.8645030" lon="6.4967860">
    <ele>1132.8</ele>
   </trkpt>
   <trkpt lat="45.8645140" lon="6.4967310">
    <ele>1133.4</ele>
   </trkpt>
   <trkpt lat="45.8645330" lon="6.4966840">
    <ele>1133.8</ele>
   </trkpt>
   <trkpt lat="45.8645880" lon="6.4966660">
    <ele>1134.2</ele>
   </trkpt>
   <trkpt lat="45.8646100" lon="6.4966470">
    <ele>1134.4</ele>
   </trkpt>
   <trkpt lat="45.8646850" lon="6.4965780">
    <ele>1135.8</ele>
   </trkpt>
   <trkpt lat="45.8647750" lon="6.4965050">
    <ele>1136.6</ele>
   </trkpt>
   <trkpt lat="45.8647930" lon="6.4964950">
    <ele>1137.0</ele>
   </trkpt>
   <trkpt lat="45.8648320" lon="6.4964680">
    <ele>1137.6</ele>
   </trkpt>
   <trkpt lat="45.8648670" lon="6.4964370">
    <ele>1138.2</ele>
   </trkpt>
   <trkpt lat="45.8649070" lon="6.4964000">
    <ele>1138.8</ele>
   </trkpt>
   <trkpt lat="45.8649380" lon="6.4963620">
    <ele>1139.2</ele>
   </trkpt>
   <trkpt lat="45.8649910" lon="6.4963100">
    <ele>1140.4</ele>
   </trkpt>
   <trkpt lat="45.8650170" lon="6.4962780">
    <ele>1140.8</ele>
   </trkpt>
   <trkpt lat="45.8650600" lon="6.4962570">
    <ele>1141.6</ele>
   </trkpt>
   <trkpt lat="45.8650910" lon="6.4962310">
    <ele>1142.4</ele>
   </trkpt>
   <trkpt lat="45.8651070" lon="6.4962180">
    <ele>1142.8</ele>
   </trkpt>
   <trkpt lat="45.8651600" lon="6.4961850">
    <ele>1144.0</ele>
   </trkpt>
   <trkpt lat="45.8651960" lon="6.4961520">
    <ele>1145.4</ele>
   </trkpt>
   <trkpt lat="45.8652380" lon="6.4961950">
    <ele>1146.4</ele>
   </trkpt>
   <trkpt lat="45.8652950" lon="6.4962920">
    <ele>1147.6</ele>
   </trkpt>
   <trkpt lat="45.8653290" lon="6.4963360">
    <ele>1148.4</ele>
   </trkpt>
   <trkpt lat="45.8653470" lon="6.4963470">
    <ele>1148.6</ele>
   </trkpt>
   <trkpt lat="45.8653670" lon="6.4963460">
    <ele>1149.0</ele>
   </trkpt>
   <trkpt lat="45.8654340" lon="6.4963030">
    <ele>1150.0</ele>
   </trkpt>
   <trkpt lat="45.8654820" lon="6.4962650">
    <ele>1151.2</ele>
   </trkpt>
   <trkpt lat="45.8655410" lon="6.4962250">
    <ele>1152.4</ele>
   </trkpt>
   <trkpt lat="45.8655930" lon="6.4961950">
    <ele>1153.4</ele>
   </trkpt>
   <trkpt lat="45.8656100" lon="6.4961870">
    <ele>1153.6</ele>
   </trkpt>
   <trkpt lat="45.8656780" lon="6.4961400">
    <ele>1154.6</ele>
   </trkpt>
   <trkpt lat="45.8657190" lon="6.4960950">
    <ele>1155.4</ele>
   </trkpt>
   <trkpt lat="45.8657300" lon="6.4960810">
    <ele>1155.6</ele>
   </trkpt>
   <trkpt lat="45.8657790" lon="6.4960210">
    <ele>1156.8</ele>
   </trkpt>
   <trkpt lat="45.8658290" lon="6.4959440">
    <ele>1158.0</ele>
   </trkpt>
   <trkpt lat="45.8658540" lon="6.4958970">
    <ele>1159.2</ele>
   </trkpt>
   <trkpt lat="45.8658730" lon="6.4958560">
    <ele>1160.4</ele>
   </trkpt>
   <trkpt lat="45.8658810" lon="6.4958450">
    <ele>1160.6</ele>
   </trkpt>
   <trkpt lat="45.8659130" lon="6.4958060">
    <ele>1161.6</ele>
   </trkpt>
   <trkpt lat="45.8659560" lon="6.4957740">
    <ele>1162.8</ele>
   </trkpt>
   <trkpt lat="45.8659950" lon="6.4957540">
    <ele>1163.6</ele>
   </trkpt>
   <trkpt lat="45.8660150" lon="6.4957550">
    <ele>1163.6</ele>
   </trkpt>
   <trkpt lat="45.8660570" lon="6.4957610">
    <ele>1164.2</ele>
   </trkpt>
   <trkpt lat="45.8661660" lon="6.4957870">
    <ele>1165.2</ele>
   </trkpt>
   <trkpt lat="45.8662050" lon="6.4958100">
    <ele>1165.8</ele>
   </trkpt>
   <trkpt lat="45.8662390" lon="6.4958420">
    <ele>1166.4</ele>
   </trkpt>
   <trkpt lat="45.8663070" lon="6.4958660">
    <ele>1167.6</ele>
   </trkpt>
   <trkpt lat="45.8663440" lon="6.4959110">
    <ele>1168.8</ele>
   </trkpt>
   <trkpt lat="45.8663600" lon="6.4959250">
    <ele>1169.0</ele>
   </trkpt>
   <trkpt lat="45.8663770" lon="6.4959390">
    <ele>1169.4</ele>
   </trkpt>
   <trkpt lat="45.8663930" lon="6.4959510">
    <ele>1169.8</ele>
   </trkpt>
   <trkpt lat="45.8664680" lon="6.4959950">
    <ele>1171.0</ele>
   </trkpt>
   <trkpt lat="45.8665170" lon="6.4959780">
    <ele>1172.2</ele>
   </trkpt>
   <trkpt lat="45.8665300" lon="6.4959260">
    <ele>1172.4</ele>
   </trkpt>
   <trkpt lat="45.8665260" lon="6.4959040">
    <ele>1172.8</ele>
   </trkpt>
   <trkpt lat="45.8665200" lon="6.4958770">
    <ele>1173.2</ele>
   </trkpt>
   <trkpt lat="45.8664700" lon="6.4957180">
    <ele>1174.4</ele>
   </trkpt>
   <trkpt lat="45.8664510" lon="6.4956440">
    <ele>1175.2</ele>
   </trkpt>
   <trkpt lat="45.8664570" lon="6.4956200">
    <ele>1175.6</ele>
   </trkpt>
   <trkpt lat="45.8664770" lon="6.4955550">
    <ele>1176.6</ele>
   </trkpt>
   <trkpt lat="45.8665250" lon="6.4953310">
    <ele>1177.4</ele>
   </trkpt>
   <trkpt lat="45.8665150" lon="6.4953020">
    <ele>1177.4</ele>
   </trkpt>
   <trkpt lat="45.8664930" lon="6.4952170">
    <ele>1177.4</ele>
   </trkpt>
   <trkpt lat="45.8665000" lon="6.4952040">
    <ele>1177.4</ele>
   </trkpt>
   <trkpt lat="45.8665270" lon="6.4951740">
    <ele>1177.6</ele>
   </trkpt>
   <trkpt lat="45.8665540" lon="6.4951490">
    <ele>1177.8</ele>
   </trkpt>
   <trkpt lat="45.8665980" lon="6.4950500">
    <ele>1179.0</ele>
   </trkpt>
   <trkpt lat="45.8666610" lon="6.4949920">
    <ele>1179.8</ele>
   </trkpt>
   <trkpt lat="45.8666780" lon="6.4949840">
    <ele>1180.0</ele>
   </trkpt>
   <trkpt lat="45.8666980" lon="6.4949760">
    <ele>1180.2</ele>
   </trkpt>
   <trkpt lat="45.8667790" lon="6.4949730">
    <ele>1181.8</ele>
   </trkpt>
   <trkpt lat="45.8667980" lon="6.4949730">
    <ele>1182.0</ele>
   </trkpt>
   <trkpt lat="45.8668650" lon="6.4949580">
    <ele>1182.8</ele>
   </trkpt>
   <trkpt lat="45.8669290" lon="6.4949520">
    <ele>1184.0</ele>
   </trkpt>
   <trkpt lat="45.8669660" lon="6.4949480">
    <ele>1184.6</ele>
   </trkpt>
   <trkpt lat="45.8669750" lon="6.4949440">
    <ele>1185.2</ele>
   </trkpt>
   <trkpt lat="45.8670250" lon="6.4948970">
    <ele>1186.2</ele>
   </trkpt>
   <trkpt lat="45.8670490" lon="6.4948700">
    <ele>1186.8</ele>
   </trkpt>
   <trkpt lat="45.8670640" lon="6.4948720">
    <ele>1187.4</ele>
   </trkpt>
   <trkpt lat="45.8671330" lon="6.4948620">
    <ele>1188.4</ele>
   </trkpt>
   <trkpt lat="45.8672230" lon="6.4948590">
    <ele>1189.4</ele>
   </trkpt>
   <trkpt lat="45.8672540" lon="6.4948520">
    <ele>1190.6</ele>
   </trkpt>
   <trkpt lat="45.8672690" lon="6.4948470">
    <ele>1190.8</ele>
   </trkpt>
   <trkpt lat="45.8672880" lon="6.4948470">
    <ele>1191.0</ele>
   </trkpt>
   <trkpt lat="45.8673050" lon="6.4948500">
    <ele>1191.4</ele>
   </trkpt>
   <trkpt lat="45.8673150" lon="6.4948530">
    <ele>1191.6</ele>
   </trkpt>
   <trkpt lat="45.8673270" lon="6.4948570">
    <ele>1192.4</ele>
   </trkpt>
   <trkpt lat="45.8673340" lon="6.4948640">
    <ele>1192.8</ele>
   </trkpt>
   <trkpt lat="45.8673560" lon="6.4948830">
    <ele>1193.2</ele>
   </trkpt>
   <trkpt lat="45.8673970" lon="6.4948940">
    <ele>1193.8</ele>
   </trkpt>
   <trkpt lat="45.8674690" lon="6.4948730">
    <ele>1195.0</ele>
   </trkpt>
   <trkpt lat="45.8675170" lon="6.4948450">
    <ele>1196.2</ele>
   </trkpt>
   <trkpt lat="45.8675640" lon="6.4948010">
    <ele>1197.6</ele>
   </trkpt>
   <trkpt lat="45.8676100" lon="6.4947640">
    <ele>1198.6</ele>
   </trkpt>
   <trkpt lat="45.8676210" lon="6.4947590">
    <ele>1199.0</ele>
   </trkpt>
   <trkpt lat="45.8676320" lon="6.4947530">
    <ele>1199.2</ele>
   </trkpt>
   <trkpt lat="45.8676370" lon="6.4947490">
    <ele>1199.6</ele>
   </trkpt>
   <trkpt lat="45.8676380" lon="6.4947450">
    <ele>1200.2</ele>
   </trkpt>
   <trkpt lat="45.8676490" lon="6.4947480">
    <ele>1200.4</ele>
   </trkpt>
   <trkpt lat="45.8676620" lon="6.4947460">
    <ele>1200.8</ele>
   </trkpt>
   <trkpt lat="45.8676770" lon="6.4947470">
    <ele>1201.0</ele>
   </trkpt>
   <trkpt lat="45.8677170" lon="6.4947540">
    <ele>1201.6</ele>
   </trkpt>
   <trkpt lat="45.8677220" lon="6.4947540">
    <ele>1201.8</ele>
   </trkpt>
   <trkpt lat="45.8677440" lon="6.4947520">
    <ele>1202.8</ele>
   </trkpt>
   <trkpt lat="45.8677860" lon="6.4947640">
    <ele>1203.4</ele>
   </trkpt>
   <trkpt lat="45.8678090" lon="6.4947560">
    <ele>1203.4</ele>
   </trkpt>
   <trkpt lat="45.8678250" lon="6.4947550">
    <ele>1203.6</ele>
   </trkpt>
   <trkpt lat="45.8678590" lon="6.4947480">
    <ele>1204.0</ele>
   </trkpt>
   <trkpt lat="45.8679280" lon="6.4947540">
    <ele>1205.2</ele>
   </trkpt>
   <trkpt lat="45.8679440" lon="6.4947630">
    <ele>1205.8</ele>
   </trkpt>
   <trkpt lat="45.8680070" lon="6.4948040">
    <ele>1206.4</ele>
   </trkpt>
   <trkpt lat="45.8680170" lon="6.4947880">
    <ele>1207.2</ele>
   </trkpt>
   <trkpt lat="45.8680270" lon="6.4947860">
    <ele>1207.4</ele>
   </trkpt>
   <trkpt lat="45.8681060" lon="6.4947860">
    <ele>1208.6</ele>
   </trkpt>
   <trkpt lat="45.8681500" lon="6.4947960">
    <ele>1209.8</ele>
   </trkpt>
   <trkpt lat="45.8681800" lon="6.4948060">
    <ele>1210.4</ele>
   </trkpt>
   <trkpt lat="45.8682090" lon="6.4948050">
    <ele>1211.2</ele>
   </trkpt>
   <trkpt lat="45.8682750" lon="6.4948210">
    <ele>1212.0</ele>
   </trkpt>
   <trkpt lat="45.8682990" lon="6.4948180">
    <ele>1212.6</ele>
   </trkpt>
   <trkpt lat="45.8683710" lon="6.4948140">
    <ele>1213.6</ele>
   </trkpt>
   <trkpt lat="45.8684090" lon="6.4948100">
    <ele>1214.0</ele>
   </trkpt>
   <trkpt lat="45.8684470" lon="6.4948100">
    <ele>1214.8</ele>
   </trkpt>
   <trkpt lat="45.8684940" lon="6.4948010">
    <ele>1215.8</ele>
   </trkpt>
   <trkpt lat="45.8685430" lon="6.4947650">
    <ele>1217.0</ele>
   </trkpt>
   <trkpt lat="45.8685880" lon="6.4947060">
    <ele>1218.2</ele>
   </trkpt>
   <trkpt lat="45.8686440" lon="6.4946670">
    <ele>1219.2</ele>
   </trkpt>
   <trkpt lat="45.8687140" lon="6.4946180">
    <ele>1220.4</ele>
   </trkpt>
   <trkpt lat="45.8687280" lon="6.4946100">
    <ele>1220.8</ele>
   </trkpt>
   <trkpt lat="45.8687910" lon="6.4945910">
    <ele>1221.8</ele>
   </trkpt>
   <trkpt lat="45.8688040" lon="6.4945880">
    <ele>1222.0</ele>
   </trkpt>
   <trkpt lat="45.8688460" lon="6.4945590">
    <ele>1222.8</ele>
   </trkpt>
   <trkpt lat="45.8688790" lon="6.4945250">
    <ele>1224.0</ele>
   </trkpt>
   <trkpt lat="45.8689010" lon="6.4945190">
    <ele>1224.6</ele>
   </trkpt>
   <trkpt lat="45.8689190" lon="6.4945210">
    <ele>1225.0</ele>
   </trkpt>
   <trkpt lat="45.8689960" lon="6.4945250">
    <ele>1226.2</ele>
   </trkpt>
   <trkpt lat="45.8690320" lon="6.4945300">
    <ele>1226.6</ele>
   </trkpt>
   <trkpt lat="45.8690710" lon="6.4945360">
    <ele>1227.2</ele>
   </trkpt>
   <trkpt lat="45.8691140" lon="6.4945480">
    <ele>1228.4</ele>
   </trkpt>
   <trkpt lat="45.8691750" lon="6.4945860">
    <ele>1229.4</ele>
   </trkpt>
   <trkpt lat="45.8691950" lon="6.4945990">
    <ele>1229.6</ele>
   </trkpt>
   <trkpt lat="45.8692450" lon="6.4946450">
    <ele>1230.4</ele>
   </trkpt>
   <trkpt lat="45.8692600" lon="6.4946560">
    <ele>1230.8</ele>
   </trkpt>
   <trkpt lat="45.8692780" lon="6.4946840">
    <ele>1231.6</ele>
   </trkpt>
   <trkpt lat="45.8693260" lon="6.4947850">
    <ele>1232.8</ele>
   </trkpt>
   <trkpt lat="45.8693570" lon="6.4948410">
    <ele>1233.8</ele>
   </trkpt>
   <trkpt lat="45.8693690" lon="6.4948570">
    <ele>1234.0</ele>
   </trkpt>
   <trkpt lat="45.8693830" lon="6.4948660">
    <ele>1234.4</ele>
   </trkpt>
   <trkpt lat="45.8694050" lon="6.4948750">
    <ele>1234.8</ele>
   </trkpt>
   <trkpt lat="45.8694220" lon="6.4948790">
    <ele>1235.0</ele>
   </trkpt>
   <trkpt lat="45.8694340" lon="6.4948830">
    <ele>1235.0</ele>
   </trkpt>
   <trkpt lat="45.8694550" lon="6.4948880">
    <ele>1235.8</ele>
   </trkpt>
   <trkpt lat="45.8694630" lon="6.4948930">
    <ele>1236.4</ele>
   </trkpt>
   <trkpt lat="45.8695230" lon="6.4949050">
    <ele>1237.6</ele>
   </trkpt>
   <trkpt lat="45.8695630" lon="6.4949120">
    <ele>1238.6</ele>
   </trkpt>
   <trkpt lat="45.8696420" lon="6.4949260">
    <ele>1239.6</ele>
   </trkpt>
   <trkpt lat="45.8696610" lon="6.4949380">
    <ele>1239.8</ele>
   </trkpt>
   <trkpt lat="45.8696990" lon="6.4949350">
    <ele>1240.8</ele>
   </trkpt>
   <trkpt lat="45.8697240" lon="6.4949210">
    <ele>1241.6</ele>
   </trkpt>
   <trkpt lat="45.8697280" lon="6.4949100">
    <ele>1241.8</ele>
   </trkpt>
   <trkpt lat="45.8697380" lon="6.4948950">
    <ele>1242.0</ele>
   </trkpt>
   <trkpt lat="45.8697830" lon="6.4948800">
    <ele>1242.8</ele>
   </trkpt>
   <trkpt lat="45.8698090" lon="6.4948780">
    <ele>1243.2</ele>
   </trkpt>
   <trkpt lat="45.8698850" lon="6.4948600">
    <ele>1244.4</ele>
   </trkpt>
   <trkpt lat="45.8699490" lon="6.4948700">
    <ele>1245.4</ele>
   </trkpt>
   <trkpt lat="45.8699750" lon="6.4948970">
    <ele>1246.8</ele>
   </trkpt>
   <trkpt lat="45.8699970" lon="6.4948890">
    <ele>1247.4</ele>
   </trkpt>
   <trkpt lat="45.8700140" lon="6.4948800">
    <ele>1247.6</ele>
   </trkpt>
   <trkpt lat="45.8700440" lon="6.4948740">
    <ele>1248.2</ele>
   </trkpt>
   <trkpt lat="45.8700610" lon="6.4948710">
    <ele>1249.4</ele>
   </trkpt>
   <trkpt lat="45.8700840" lon="6.4948660">
    <ele>1249.8</ele>
   </trkpt>
   <trkpt lat="45.8701170" lon="6.4948680">
    <ele>1250.6</ele>
   </trkpt>
   <trkpt lat="45.8701590" lon="6.4948650">
    <ele>1251.6</ele>
   </trkpt>
   <trkpt lat="45.8701680" lon="6.4948590">
    <ele>1251.8</ele>
   </trkpt>
   <trkpt lat="45.8701950" lon="6.4948560">
    <ele>1252.6</ele>
   </trkpt>
   <trkpt lat="45.8702140" lon="6.4948620">
    <ele>1253.0</ele>
   </trkpt>
   <trkpt lat="45.8702310" lon="6.4948730">
    <ele>1254.2</ele>
   </trkpt>
   <trkpt lat="45.8702950" lon="6.4948880">
    <ele>1255.2</ele>
   </trkpt>
   <trkpt lat="45.8703190" lon="6.4948680">
    <ele>1255.8</ele>
   </trkpt>
   <trkpt lat="45.8703300" lon="6.4948620">
    <ele>1256.2</ele>
   </trkpt>
   <trkpt lat="45.8703730" lon="6.4948420">
    <ele>1257.4</ele>
   </trkpt>
   <trkpt lat="45.8704040" lon="6.4948250">
    <ele>1258.0</ele>
   </trkpt>
   <trkpt lat="45.8704120" lon="6.4948150">
    <ele>1258.2</ele>
   </trkpt>
   <trkpt lat="45.8704250" lon="6.4947960">
    <ele>1258.8</ele>
   </trkpt>
   <trkpt lat="45.8704330" lon="6.4947740">
    <ele>1260.0</ele>
   </trkpt>
   <trkpt lat="45.8704390" lon="6.4947790">
    <ele>1260.6</ele>
   </trkpt>
   <trkpt lat="45.8704480" lon="6.4947820">
    <ele>1261.2</ele>
   </trkpt>
   <trkpt lat="45.8704730" lon="6.4947850">
    <ele>1262.2</ele>
   </trkpt>
   <trkpt lat="45.8704980" lon="6.4947820">
    <ele>1262.8</ele>
   </trkpt>
   <trkpt lat="45.8705140" lon="6.4947720">
    <ele>1263.2</ele>
   </trkpt>
   <trkpt lat="45.8705600" lon="6.4947490">
    <ele>1264.4</ele>
   </trkpt>
   <trkpt lat="45.8705680" lon="6.4947380">
    <ele>1264.6</ele>
   </trkpt>
   <trkpt lat="45.8705790" lon="6.4947190">
    <ele>1265.4</ele>
   </trkpt>
   <trkpt lat="45.8706020" lon="6.4946620">
    <ele>1266.4</ele>
   </trkpt>
   <trkpt lat="45.8706220" lon="6.4946060">
    <ele>1267.0</ele>
   </trkpt>
   <trkpt lat="45.8706750" lon="6.4944700">
    <ele>1267.4</ele>
   </trkpt>
   <trkpt lat="45.8706960" lon="6.4943840">
    <ele>1267.8</ele>
   </trkpt>
   <trkpt lat="45.8707570" lon="6.4943040">
    <ele>1268.4</ele>
   </trkpt>
   <trkpt lat="45.8707830" lon="6.4942930">
    <ele>1269.2</ele>
   </trkpt>
   <trkpt lat="45.8707940" lon="6.4942700">
    <ele>1269.6</ele>
   </trkpt>
   <trkpt lat="45.8708220" lon="6.4942190">
    <ele>1270.2</ele>
   </trkpt>
   <trkpt lat="45.8708350" lon="6.4942060">
    <ele>1270.6</ele>
   </trkpt>
   <trkpt lat="45.8708650" lon="6.4941770">
    <ele>1271.4</ele>
   </trkpt>
   <trkpt lat="45.8708730" lon="6.4941690">
    <ele>1271.8</ele>
   </trkpt>
   <trkpt lat="45.8709020" lon="6.4941720">
    <ele>1272.6</ele>
   </trkpt>
   <trkpt lat="45.8709210" lon="6.4941830">
    <ele>1272.8</ele>
   </trkpt>
   <trkpt lat="45.8709630" lon="6.4942440">
    <ele>1274.0</ele>
   </trkpt>
   <trkpt lat="45.8710060" lon="6.4942690">
    <ele>1274.8</ele>
   </trkpt>
   <trkpt lat="45.8710170" lon="6.4942760">
    <ele>1275.0</ele>
   </trkpt>
   <trkpt lat="45.8710420" lon="6.4942840">
    <ele>1275.2</ele>
   </trkpt>
   <trkpt lat="45.8710830" lon="6.4942650">
    <ele>1275.8</ele>
   </trkpt>
   <trkpt lat="45.8711020" lon="6.4942560">
    <ele>1276.2</ele>
   </trkpt>
   <trkpt lat="45.8711210" lon="6.4942580">
    <ele>1276.6</ele>
   </trkpt>
   <trkpt lat="45.8711790" lon="6.4942620">
    <ele>1277.4</ele>
   </trkpt>
   <trkpt lat="45.8711950" lon="6.4942650">
    <ele>1277.4</ele>
   </trkpt>
   <trkpt lat="45.8712290" lon="6.4942590">
    <ele>1278.0</ele>
   </trkpt>
   <trkpt lat="45.8712430" lon="6.4942520">
    <ele>1278.6</ele>
   </trkpt>
   <trkpt lat="45.8712550" lon="6.4942350">
    <ele>1279.0</ele>
   </trkpt>
   <trkpt lat="45.8712670" lon="6.4942340">
    <ele>1279.6</ele>
   </trkpt>
   <trkpt lat="45.8712950" lon="6.4942300">
    <ele>1280.6</ele>
   </trkpt>
   <trkpt lat="45.8713040" lon="6.4942240">
    <ele>1280.8</ele>
   </trkpt>
   <trkpt lat="45.8713130" lon="6.4942190">
    <ele>1280.8</ele>
   </trkpt>
   <trkpt lat="45.8713430" lon="6.4942160">
    <ele>1281.6</ele>
   </trkpt>
   <trkpt lat="45.8713550" lon="6.4942180">
    <ele>1281.8</ele>
   </trkpt>
   <trkpt lat="45.8713790" lon="6.4942200">
    <ele>1282.4</ele>
   </trkpt>
   <trkpt lat="45.8713920" lon="6.4942200">
    <ele>1282.6</ele>
   </trkpt>
   <trkpt lat="45.8714050" lon="6.4942170">
    <ele>1282.8</ele>
   </trkpt>
   <trkpt lat="45.8714540" lon="6.4941970">
    <ele>1284.0</ele>
   </trkpt>
   <trkpt lat="45.8714820" lon="6.4942220">
    <ele>1284.6</ele>
   </trkpt>
   <trkpt lat="45.8714980" lon="6.4942350">
    <ele>1285.0</ele>
   </trkpt>
   <trkpt lat="45.8715200" lon="6.4942420">
    <ele>1285.8</ele>
   </trkpt>
   <trkpt lat="45.8715250" lon="6.4942360">
    <ele>1286.2</ele>
   </trkpt>
   <trkpt lat="45.8715690" lon="6.4942810">
    <ele>1287.0</ele>
   </trkpt>
   <trkpt lat="45.8715860" lon="6.4943040">
    <ele>1287.2</ele>
   </trkpt>
   <trkpt lat="45.8716600" lon="6.4943480">
    <ele>1288.4</ele>
   </trkpt>
   <trkpt lat="45.8717340" lon="6.4943720">
    <ele>1289.6</ele>
   </trkpt>
   <trkpt lat="45.8717790" lon="6.4943950">
    <ele>1290.8</ele>
   </trkpt>
   <trkpt lat="45.8717850" lon="6.4944130">
    <ele>1291.2</ele>
   </trkpt>
   <trkpt lat="45.8717950" lon="6.4944360">
    <ele>1291.6</ele>
   </trkpt>
   <trkpt lat="45.8718040" lon="6.4944430">
    <ele>1291.8</ele>
   </trkpt>
   <trkpt lat="45.8718100" lon="6.4944570">
    <ele>1292.4</ele>
   </trkpt>
   <trkpt lat="45.8718280" lon="6.4944570">
    <ele>1293.0</ele>
   </trkpt>
   <trkpt lat="45.8718430" lon="6.4944600">
    <ele>1293.0</ele>
   </trkpt>
   <trkpt lat="45.8718730" lon="6.4944590">
    <ele>1294.2</ele>
   </trkpt>
   <trkpt lat="45.8718920" lon="6.4944610">
    <ele>1294.8</ele>
   </trkpt>
   <trkpt lat="45.8719150" lon="6.4944800">
    <ele>1295.4</ele>
   </trkpt>
   <trkpt lat="45.8719640" lon="6.4945170">
    <ele>1296.6</ele>
   </trkpt>
   <trkpt lat="45.8720410" lon="6.4945160">
    <ele>1297.6</ele>
   </trkpt>
   <trkpt lat="45.8720300" lon="6.4945340">
    <ele>1298.4</ele>
   </trkpt>
   <trkpt lat="45.8720380" lon="6.4945520">
    <ele>1298.8</ele>
   </trkpt>
   <trkpt lat="45.8720590" lon="6.4945520">
    <ele>1299.4</ele>
   </trkpt>
   <trkpt lat="45.8720650" lon="6.4945500">
    <ele>1300.0</ele>
   </trkpt>
   <trkpt lat="45.8721200" lon="6.4945050">
    <ele>1300.6</ele>
   </trkpt>
   <trkpt lat="45.8721360" lon="6.4944930">
    <ele>1301.0</ele>
   </trkpt>
   <trkpt lat="45.8721470" lon="6.4944870">
    <ele>1301.4</ele>
   </trkpt>
   <trkpt lat="45.8721710" lon="6.4944800">
    <ele>1302.2</ele>
   </trkpt>
   <trkpt lat="45.8721860" lon="6.4944790">
    <ele>1302.4</ele>
   </trkpt>
   <trkpt lat="45.8721990" lon="6.4944730">
    <ele>1302.8</ele>
   </trkpt>
   <trkpt lat="45.8722260" lon="6.4944730">
    <ele>1303.2</ele>
   </trkpt>
   <trkpt lat="45.8722630" lon="6.4944570">
    <ele>1304.4</ele>
   </trkpt>
   <trkpt lat="45.8722940" lon="6.4944130">
    <ele>1305.4</ele>
   </trkpt>
   <trkpt lat="45.8723420" lon="6.4943310">
    <ele>1306.6</ele>
   </trkpt>
   <trkpt lat="45.8723690" lon="6.4943140">
    <ele>1307.0</ele>
   </trkpt>
   <trkpt lat="45.8724160" lon="6.4942660">
    <ele>1308.0</ele>
   </trkpt>
   <trkpt lat="45.8724300" lon="6.4942450">
    <ele>1308.4</ele>
   </trkpt>
   <trkpt lat="45.8724340" lon="6.4942420">
    <ele>1309.0</ele>
   </trkpt>
   <trkpt lat="45.8724850" lon="6.4942100">
    <ele>1310.0</ele>
   </trkpt>
   <trkpt lat="45.8725140" lon="6.4942030">
    <ele>1310.4</ele>
   </trkpt>
   <trkpt lat="45.8725630" lon="6.4942230">
    <ele>1311.2</ele>
   </trkpt>
   <trkpt lat="45.8726040" lon="6.4942200">
    <ele>1312.2</ele>
   </trkpt>
   <trkpt lat="45.8726110" lon="6.4942320">
    <ele>1312.6</ele>
   </trkpt>
   <trkpt lat="45.8726410" lon="6.4942240">
    <ele>1313.0</ele>
   </trkpt>
   <trkpt lat="45.8726450" lon="6.4942210">
    <ele>1313.4</ele>
   </trkpt>
   <trkpt lat="45.8726820" lon="6.4942160">
    <ele>1314.4</ele>
   </trkpt>
   <trkpt lat="45.8726960" lon="6.4942340">
    <ele>1315.0</ele>
   </trkpt>
   <trkpt lat="45.8727070" lon="6.4942400">
    <ele>1315.6</ele>
   </trkpt>
   <trkpt lat="45.8727340" lon="6.4942360">
    <ele>1317.0</ele>
   </trkpt>
   <trkpt lat="45.8727630" lon="6.4942030">
    <ele>1318.0</ele>
   </trkpt>
   <trkpt lat="45.8727970" lon="6.4941800">
    <ele>1319.0</ele>
   </trkpt>
   <trkpt lat="45.8728070" lon="6.4941700">
    <ele>1319.4</ele>
   </trkpt>
   <trkpt lat="45.8728310" lon="6.4941380">
    <ele>1320.8</ele>
   </trkpt>
   <trkpt lat="45.8728360" lon="6.4941240">
    <ele>1321.4</ele>
   </trkpt>
   <trkpt lat="45.8728410" lon="6.4941140">
    <ele>1322.0</ele>
   </trkpt>
   <trkpt lat="45.8728600" lon="6.4940990">
    <ele>1323.0</ele>
   </trkpt>
   <trkpt lat="45.8728720" lon="6.4940860">
    <ele>1323.2</ele>
   </trkpt>
   <trkpt lat="45.8729120" lon="6.4940820">
    <ele>1324.2</ele>
   </trkpt>
   <trkpt lat="45.8729230" lon="6.4940810">
    <ele>1324.4</ele>
   </trkpt>
   <trkpt lat="45.8729290" lon="6.4940820">
    <ele>1324.6</ele>
   </trkpt>
   <trkpt lat="45.8729530" lon="6.4940980">
    <ele>1325.4</ele>
   </trkpt>
   <trkpt lat="45.8729590" lon="6.4941060">
    <ele>1325.6</ele>
   </trkpt>
   <trkpt lat="45.8729810" lon="6.4941020">
    <ele>1326.6</ele>
   </trkpt>
   <trkpt lat="45.8730460" lon="6.4940320">
    <ele>1327.6</ele>
   </trkpt>
   <trkpt lat="45.8730710" lon="6.4940160">
    <ele>1328.2</ele>
   </trkpt>
   <trkpt lat="45.8730810" lon="6.4940050">
    <ele>1328.4</ele>
   </trkpt>
   <trkpt lat="45.8730930" lon="6.4940010">
    <ele>1328.8</ele>
   </trkpt>
   <trkpt lat="45.8731210" lon="6.4939400">
    <ele>1329.8</ele>
   </trkpt>
   <trkpt lat="45.8731370" lon="6.4938810">
    <ele>1330.4</ele>
   </trkpt>
   <trkpt lat="45.8731480" lon="6.4938590">
    <ele>1330.8</ele>
   </trkpt>
   <trkpt lat="45.8731840" lon="6.4937700">
    <ele>1331.8</ele>
   </trkpt>
   <trkpt lat="45.8731960" lon="6.4937540">
    <ele>1332.0</ele>
   </trkpt>
   <trkpt lat="45.8732270" lon="6.4937090">
    <ele>1333.2</ele>
   </trkpt>
   <trkpt lat="45.8732410" lon="6.4936610">
    <ele>1334.2</ele>
   </trkpt>
   <trkpt lat="45.8732480" lon="6.4936300">
    <ele>1334.4</ele>
   </trkpt>
   <trkpt lat="45.8732360" lon="6.4933860">
    <ele>1334.2</ele>
   </trkpt>
   <trkpt lat="45.8732740" lon="6.4932280">
    <ele>1334.8</ele>
   </trkpt>
   <trkpt lat="45.8732680" lon="6.4932120">
    <ele>1335.2</ele>
   </trkpt>
   <trkpt lat="45.8732770" lon="6.4931870">
    <ele>1335.4</ele>
   </trkpt>
   <trkpt lat="45.8732850" lon="6.4930240">
    <ele>1336.6</ele>
   </trkpt>
   <trkpt lat="45.8732970" lon="6.4929100">
    <ele>1337.0</ele>
   </trkpt>
   <trkpt lat="45.8732940" lon="6.4928150">
    <ele>1337.6</ele>
   </trkpt>
   <trkpt lat="45.8732780" lon="6.4926300">
    <ele>1339.0</ele>
   </trkpt>
   <trkpt lat="45.8732750" lon="6.4925940">
    <ele>1339.4</ele>
   </trkpt>
   <trkpt lat="45.8732540" lon="6.4924900">
    <ele>1340.4</ele>
   </trkpt>
   <trkpt lat="45.8732220" lon="6.4923590">
    <ele>1342.0</ele>
   </trkpt>
   <trkpt lat="45.8732130" lon="6.4922850">
    <ele>1342.6</ele>
   </trkpt>
   <trkpt lat="45.8732130" lon="6.4921240">
    <ele>1343.2</ele>
   </trkpt>
   <trkpt lat="45.8732170" lon="6.4919950">
    <ele>1344.6</ele>
   </trkpt>
   <trkpt lat="45.8731810" lon="6.4918430">
    <ele>1346.0</ele>
   </trkpt>
   <trkpt lat="45.8731630" lon="6.4918160">
    <ele>1346.4</ele>
   </trkpt>
   <trkpt lat="45.8731470" lon="6.4917930">
    <ele>1347.0</ele>
   </trkpt>
   <trkpt lat="45.8730880" lon="6.4917220">
    <ele>1348.4</ele>
   </trkpt>
   <trkpt lat="45.8730380" lon="6.4916500">
    <ele>1349.2</ele>
   </trkpt>
   <trkpt lat="45.8730210" lon="6.4916310">
    <ele>1349.4</ele>
   </trkpt>
   <trkpt lat="45.8729750" lon="6.4915120">
    <ele>1350.6</ele>
   </trkpt>
   <trkpt lat="45.8729570" lon="6.4914420">
    <ele>1351.0</ele>
   </trkpt>
   <trkpt lat="45.8729300" lon="6.4913640">
    <ele>1351.6</ele>
   </trkpt>
   <trkpt lat="45.8728810" lon="6.4912300">
    <ele>1353.2</ele>
   </trkpt>
   <trkpt lat="45.8728650" lon="6.4911990">
    <ele>1353.4</ele>
   </trkpt>
   <trkpt lat="45.8728240" lon="6.4911120">
    <ele>1354.0</ele>
   </trkpt>
   <trkpt lat="45.8728120" lon="6.4910800">
    <ele>1354.2</ele>
   </trkpt>
   <trkpt lat="45.8727960" lon="6.4909860">
    <ele>1355.2</ele>
   </trkpt>
   <trkpt lat="45.8727930" lon="6.4909570">
    <ele>1355.4</ele>
   </trkpt>
   <trkpt lat="45.8727830" lon="6.4908640">
    <ele>1356.6</ele>
   </trkpt>
   <trkpt lat="45.8727750" lon="6.4908080">
    <ele>1357.0</ele>
   </trkpt>
   <trkpt lat="45.8727710" lon="6.4907360">
    <ele>1357.6</ele>
   </trkpt>
   <trkpt lat="45.8727610" lon="6.4905650">
    <ele>1358.8</ele>
   </trkpt>
   <trkpt lat="45.8727500" lon="6.4905270">
    <ele>1358.8</ele>
   </trkpt>
   <trkpt lat="45.8727380" lon="6.4904160">
    <ele>1360.0</ele>
   </trkpt>
   <trkpt lat="45.8727610" lon="6.4903270">
    <ele>1361.0</ele>
   </trkpt>
   <trkpt lat="45.8727650" lon="6.4903040">
    <ele>1361.4</ele>
   </trkpt>
   <trkpt lat="45.8728160" lon="6.4902180">
    <ele>1362.2</ele>
   </trkpt>
   <trkpt lat="45.8728420" lon="6.4902010">
    <ele>1362.6</ele>
   </trkpt>
   <trkpt lat="45.8728940" lon="6.4901380">
    <ele>1363.6</ele>
   </trkpt>
   <trkpt lat="45.8729180" lon="6.4900750">
    <ele>1364.6</ele>
   </trkpt>
   <trkpt lat="45.8729210" lon="6.4900290">
    <ele>1365.0</ele>
   </trkpt>
   <trkpt lat="45.8729160" lon="6.4898830">
    <ele>1364.6</ele>
   </trkpt>
   <trkpt lat="45.8728980" lon="6.4897830">
    <ele>1364.0</ele>
   </trkpt>
   <trkpt lat="45.8728870" lon="6.4896330">
    <ele>1363.8</ele>
   </trkpt>
   <trkpt lat="45.8728970" lon="6.4895850">
    <ele>1363.4</ele>
   </trkpt>
   <trkpt lat="45.8729650" lon="6.4893920">
    <ele>1362.2</ele>
   </trkpt>
   <trkpt lat="45.8730200" lon="6.4892670">
    <ele>1361.6</ele>
   </trkpt>
   <trkpt lat="45.8730820" lon="6.4891260">
    <ele>1361.0</ele>
   </trkpt>
   <trkpt lat="45.8731280" lon="6.4890380">
    <ele>1359.8</ele>
   </trkpt>
   <trkpt lat="45.8731500" lon="6.4889970">
    <ele>1359.6</ele>
   </trkpt>
   <trkpt lat="45.8732870" lon="6.4887810">
    <ele>1358.8</ele>
   </trkpt>
   <trkpt lat="45.8733620" lon="6.4886780">
    <ele>1358.8</ele>
   </trkpt>
   <trkpt lat="45.8734500" lon="6.4885900">
    <ele>1358.8</ele>
   </trkpt>
   <trkpt lat="45.8735490" lon="6.4884510">
    <ele>1359.0</ele>
   </trkpt>
   <trkpt lat="45.8735580" lon="6.4883090">
    <ele>1359.0</ele>
   </trkpt>
   <trkpt lat="45.8735360" lon="6.4882600">
    <ele>1358.8</ele>
   </trkpt>
   <trkpt lat="45.8734240" lon="6.4881510">
    <ele>1358.2</ele>
   </trkpt>
   <trkpt lat="45.8733850" lon="6.4881240">
    <ele>1357.8</ele>
   </trkpt>
   <trkpt lat="45.8733090" lon="6.4880640">
    <ele>1356.8</ele>
   </trkpt>
   <trkpt lat="45.8732090" lon="6.4879700">
    <ele>1355.8</ele>
   </trkpt>
   <trkpt lat="45.8731850" lon="6.4879130">
    <ele>1355.4</ele>
   </trkpt>
   <trkpt lat="45.8731350" lon="6.4877240">
    <ele>1354.2</ele>
   </trkpt>
   <trkpt lat="45.8731220" lon="6.4876840">
    <ele>1354.2</ele>
   </trkpt>
   <trkpt lat="45.8729900" lon="6.4874730">
    <ele>1353.6</ele>
   </trkpt>
   <trkpt lat="45.8729400" lon="6.4874480">
    <ele>1353.2</ele>
   </trkpt>
   <trkpt lat="45.8728150" lon="6.4873780">
    <ele>1352.0</ele>
   </trkpt>
   <trkpt lat="45.8727820" lon="6.4873700">
    <ele>1351.6</ele>
   </trkpt>
   <trkpt lat="45.8727150" lon="6.4873590">
    <ele>1350.8</ele>
   </trkpt>
   <trkpt lat="45.8725900" lon="6.4873610">
    <ele>1350.0</ele>
   </trkpt>
   <trkpt lat="45.8725600" lon="6.4873370">
    <ele>1349.6</ele>
   </trkpt>
   <trkpt lat="45.8724650" lon="6.4872040">
    <ele>1348.0</ele>
   </trkpt>
   <trkpt lat="45.8723690" lon="6.4870070">
    <ele>1347.0</ele>
   </trkpt>
   <trkpt lat="45.8723310" lon="6.4868970">
    <ele>1346.8</ele>
   </trkpt>
   <trkpt lat="45.8722820" lon="6.4867920">
    <ele>1346.6</ele>
   </trkpt>
   <trkpt lat="45.8722250" lon="6.4866610">
    <ele>1346.6</ele>
   </trkpt>
   <trkpt lat="45.8722210" lon="6.4865800">
    <ele>1347.0</ele>
   </trkpt>
   <trkpt lat="45.8722180" lon="6.4864770">
    <ele>1347.8</ele>
   </trkpt>
   <trkpt lat="45.8722260" lon="6.4864150">
    <ele>1348.2</ele>
   </trkpt>
   <trkpt lat="45.8722210" lon="6.4863560">
    <ele>1349.2</ele>
   </trkpt>
   <trkpt lat="45.8722190" lon="6.4863330">
    <ele>1349.4</ele>
   </trkpt>
   <trkpt lat="45.8722170" lon="6.4862990">
    <ele>1350.4</ele>
   </trkpt>
   <trkpt lat="45.8722030" lon="6.4861940">
    <ele>1351.6</ele>
   </trkpt>
   <trkpt lat="45.8721880" lon="6.4861590">
    <ele>1352.0</ele>
   </trkpt>
   <trkpt lat="45.8721630" lon="6.4860780">
    <ele>1352.8</ele>
   </trkpt>
   <trkpt lat="45.8721040" lon="6.4859770">
    <ele>1353.2</ele>
   </trkpt>
   <trkpt lat="45.8720840" lon="6.4859300">
    <ele>1353.8</ele>
   </trkpt>
   <trkpt lat="45.8720760" lon="6.4859080">
    <ele>1354.2</ele>
   </trkpt>
   <trkpt lat="45.8720640" lon="6.4858680">
    <ele>1354.8</ele>
   </trkpt>
   <trkpt lat="45.8720620" lon="6.4857850">
    <ele>1355.2</ele>
   </trkpt>
   <trkpt lat="45.8720640" lon="6.4857640">
    <ele>1355.4</ele>
   </trkpt>
   <trkpt lat="45.8720660" lon="6.4857350">
    <ele>1356.0</ele>
   </trkpt>
   <trkpt lat="45.8720670" lon="6.4857070">
    <ele>1356.4</ele>
   </trkpt>
   <trkpt lat="45.8721160" lon="6.4855630">
    <ele>1357.4</ele>
   </trkpt>
   <trkpt lat="45.8721280" lon="6.4855390">
    <ele>1357.6</ele>
   </trkpt>
   <trkpt lat="45.8721520" lon="6.4854780">
    <ele>1358.4</ele>
   </trkpt>
   <trkpt lat="45.8721580" lon="6.4854610">
    <ele>1358.8</ele>
   </trkpt>
   <trkpt lat="45.8721650" lon="6.4853710">
    <ele>1359.4</ele>
   </trkpt>
   <trkpt lat="45.8721650" lon="6.4853170">
    <ele>1360.0</ele>
   </trkpt>
   <trkpt lat="45.8721660" lon="6.4852560">
    <ele>1360.8</ele>
   </trkpt>
   <trkpt lat="45.8721720" lon="6.4852280">
    <ele>1361.2</ele>
   </trkpt>
   <trkpt lat="45.8721840" lon="6.4851780">
    <ele>1361.4</ele>
   </trkpt>
   <trkpt lat="45.8722140" lon="6.4851100">
    <ele>1362.2</ele>
   </trkpt>
   <trkpt lat="45.8722570" lon="6.4849590">
    <ele>1363.6</ele>
   </trkpt>
   <trkpt lat="45.8723380" lon="6.4847850">
    <ele>1364.6</ele>
   </trkpt>
   <trkpt lat="45.8723510" lon="6.4847540">
    <ele>1364.8</ele>
   </trkpt>
   <trkpt lat="45.8723450" lon="6.4846050">
    <ele>1365.8</ele>
   </trkpt>
   <trkpt lat="45.8723140" lon="6.4844810">
    <ele>1367.0</ele>
   </trkpt>
   <trkpt lat="45.8722840" lon="6.4844450">
    <ele>1367.8</ele>
   </trkpt>
   <trkpt lat="45.8722750" lon="6.4844300">
    <ele>1368.2</ele>
   </trkpt>
   <trkpt lat="45.8722590" lon="6.4842690">
    <ele>1369.4</ele>
   </trkpt>
   <trkpt lat="45.8722880" lon="6.4841330">
    <ele>1370.4</ele>
   </trkpt>
   <trkpt lat="45.8723230" lon="6.4840490">
    <ele>1371.2</ele>
   </trkpt>
   <trkpt lat="45.8723320" lon="6.4840210">
    <ele>1371.4</ele>
   </trkpt>
   <trkpt lat="45.8723540" lon="6.4839600">
    <ele>1372.0</ele>
   </trkpt>
   <trkpt lat="45.8723830" lon="6.4838400">
    <ele>1372.6</ele>
   </trkpt>
   <trkpt lat="45.8723860" lon="6.4838110">
    <ele>1372.6</ele>
   </trkpt>
   <trkpt lat="45.8723930" lon="6.4836980">
    <ele>1373.6</ele>
   </trkpt>
   <trkpt lat="45.8724190" lon="6.4836800">
    <ele>1374.0</ele>
   </trkpt>
   <trkpt lat="45.8724730" lon="6.4837070">
    <ele>1375.2</ele>
   </trkpt>
   <trkpt lat="45.8724790" lon="6.4837320">
    <ele>1375.4</ele>
   </trkpt>
   <trkpt lat="45.8724900" lon="6.4838520">
    <ele>1376.4</ele>
   </trkpt>
   <trkpt lat="45.8724910" lon="6.4839140">
    <ele>1377.0</ele>
   </trkpt>
   <trkpt lat="45.8724970" lon="6.4840210">
    <ele>1377.4</ele>
   </trkpt>
   <trkpt lat="45.8725140" lon="6.4841450">
    <ele>1378.6</ele>
   </trkpt>
   <trkpt lat="45.8725250" lon="6.4841790">
    <ele>1378.8</ele>
   </trkpt>
   <trkpt lat="45.8725390" lon="6.4842530">
    <ele>1379.2</ele>
   </trkpt>
   <trkpt lat="45.8725550" lon="6.4843830">
    <ele>1379.6</ele>
   </trkpt>
   <trkpt lat="45.8725550" lon="6.4844290">
    <ele>1379.6</ele>
   </trkpt>
   <trkpt lat="45.8725770" lon="6.4845930">
    <ele>1380.6</ele>
   </trkpt>
   <trkpt lat="45.8725980" lon="6.4846730">
    <ele>1381.2</ele>
   </trkpt>
   <trkpt lat="45.8726190" lon="6.4847380">
    <ele>1381.8</ele>
   </trkpt>
   <trkpt lat="45.8726730" lon="6.4849060">
    <ele>1382.4</ele>
   </trkpt>
   <trkpt lat="45.8726890" lon="6.4849690">
    <ele>1382.8</ele>
   </trkpt>
   <trkpt lat="45.8726990" lon="6.4850060">
    <ele>1383.2</ele>
   </trkpt>
   <trkpt lat="45.8727360" lon="6.4851210">
    <ele>1384.2</ele>
   </trkpt>
   <trkpt lat="45.8728010" lon="6.4852370">
    <ele>1385.4</ele>
   </trkpt>
   <trkpt lat="45.8728310" lon="6.4852400">
    <ele>1385.6</ele>
   </trkpt>
   <trkpt lat="45.8728930" lon="6.4852860">
    <ele>1386.0</ele>
   </trkpt>
   <trkpt lat="45.8729190" lon="6.4853260">
    <ele>1386.8</ele>
   </trkpt>
   <trkpt lat="45.8730170" lon="6.4854190">
    <ele>1387.6</ele>
   </trkpt>
   <trkpt lat="45.8730290" lon="6.4854420">
    <ele>1388.0</ele>
   </trkpt>
   <trkpt lat="45.8730460" lon="6.4854680">
    <ele>1388.4</ele>
   </trkpt>
   <trkpt lat="45.8730760" lon="6.4855340">
    <ele>1389.2</ele>
   </trkpt>
   <trkpt lat="45.8731090" lon="6.4855940">
    <ele>1390.4</ele>
   </trkpt>
   <trkpt lat="45.8731400" lon="6.4856090">
    <ele>1390.6</ele>
   </trkpt>
   <trkpt lat="45.8731850" lon="6.4856520">
    <ele>1391.4</ele>
   </trkpt>
   <trkpt lat="45.8731960" lon="6.4856730">
    <ele>1391.8</ele>
   </trkpt>
   <trkpt lat="45.8732630" lon="6.4857220">
    <ele>1392.8</ele>
   </trkpt>
   <trkpt lat="45.8732970" lon="6.4857400">
    <ele>1393.6</ele>
   </trkpt>
   <trkpt lat="45.8733220" lon="6.4857750">
    <ele>1394.2</ele>
   </trkpt>
   <trkpt lat="45.8733620" lon="6.4858070">
    <ele>1395.2</ele>
   </trkpt>
   <trkpt lat="45.8733860" lon="6.4858360">
    <ele>1395.4</ele>
   </trkpt>
   <trkpt lat="45.8733980" lon="6.4858520">
    <ele>1395.8</ele>
   </trkpt>
   <trkpt lat="45.8734250" lon="6.4858740">
    <ele>1396.6</ele>
   </trkpt>
   <trkpt lat="45.8734730" lon="6.4858740">
    <ele>1397.6</ele>
   </trkpt>
   <trkpt lat="45.8734870" lon="6.4858720">
    <ele>1397.8</ele>
   </trkpt>
   <trkpt lat="45.8735690" lon="6.4858460">
    <ele>1398.6</ele>
   </trkpt>
   <trkpt lat="45.8736210" lon="6.4858010">
    <ele>1399.6</ele>
   </trkpt>
   <trkpt lat="45.8736320" lon="6.4857800">
    <ele>1400.0</ele>
   </trkpt>
   <trkpt lat="45.8736560" lon="6.4856680">
    <ele>1401.2</ele>
   </trkpt>
   <trkpt lat="45.8736540" lon="6.4856390">
    <ele>1401.4</ele>
   </trkpt>
   <trkpt lat="45.8736420" lon="6.4855670">
    <ele>1402.4</ele>
   </trkpt>
   <trkpt lat="45.8736190" lon="6.4855250">
    <ele>1402.8</ele>
   </trkpt>
   <trkpt lat="45.8735930" lon="6.4854700">
    <ele>1403.4</ele>
   </trkpt>
   <trkpt lat="45.8735490" lon="6.4853670">
    <ele>1404.6</ele>
   </trkpt>
   <trkpt lat="45.8735280" lon="6.4853190">
    <ele>1405.4</ele>
   </trkpt>
   <trkpt lat="45.8735100" lon="6.4852750">
    <ele>1405.8</ele>
   </trkpt>
   <trkpt lat="45.8735030" lon="6.4852470">
    <ele>1406.2</ele>
   </trkpt>
   <trkpt lat="45.8735040" lon="6.4852100">
    <ele>1406.8</ele>
   </trkpt>
   <trkpt lat="45.8735090" lon="6.4851070">
    <ele>1408.0</ele>
   </trkpt>
   <trkpt lat="45.8735090" lon="6.4850270">
    <ele>1409.0</ele>
   </trkpt>
   <trkpt lat="45.8735140" lon="6.4850120">
    <ele>1409.2</ele>
   </trkpt>
   <trkpt lat="45.8735590" lon="6.4849810">
    <ele>1409.8</ele>
   </trkpt>
   <trkpt lat="45.8735660" lon="6.4849890">
    <ele>1410.0</ele>
   </trkpt>
   <trkpt lat="45.8736070" lon="6.4850380">
    <ele>1411.2</ele>
   </trkpt>
   <trkpt lat="45.8736130" lon="6.4850600">
    <ele>1411.6</ele>
   </trkpt>
   <trkpt lat="45.8736420" lon="6.4851220">
    <ele>1412.4</ele>
   </trkpt>
   <trkpt lat="45.8736770" lon="6.4851730">
    <ele>1413.2</ele>
   </trkpt>
   <trkpt lat="45.8736880" lon="6.4851730">
    <ele>1413.4</ele>
   </trkpt>
   <trkpt lat="45.8737040" lon="6.4851480">
    <ele>1414.0</ele>
   </trkpt>
   <trkpt lat="45.8737060" lon="6.4851020">
    <ele>1414.6</ele>
   </trkpt>
   <trkpt lat="45.8737040" lon="6.4849550">
    <ele>1415.0</ele>
   </trkpt>
   <trkpt lat="45.8736700" lon="6.4848090">
    <ele>1415.6</ele>
   </trkpt>
   <trkpt lat="45.8736550" lon="6.4847380">
    <ele>1416.2</ele>
   </trkpt>
   <trkpt lat="45.8736380" lon="6.4846610">
    <ele>1417.0</ele>
   </trkpt>
   <trkpt lat="45.8736280" lon="6.4845110">
    <ele>1418.2</ele>
   </trkpt>
   <trkpt lat="45.8736170" lon="6.4844800">
    <ele>1418.4</ele>
   </trkpt>
   <trkpt lat="45.8735840" lon="6.4843120">
    <ele>1419.2</ele>
   </trkpt>
   <trkpt lat="45.8735490" lon="6.4841610">
    <ele>1420.0</ele>
   </trkpt>
   <trkpt lat="45.8735700" lon="6.4839360">
    <ele>1420.0</ele>
   </trkpt>
   <trkpt lat="45.8735830" lon="6.4838830">
    <ele>1420.0</ele>
   </trkpt>
   <trkpt lat="45.8736780" lon="6.4837080">
    <ele>1419.6</ele>
   </trkpt>
   <trkpt lat="45.8737890" lon="6.4834860">
    <ele>1419.2</ele>
   </trkpt>
   <trkpt lat="45.8738180" lon="6.4832650">
    <ele>1419.4</ele>
   </trkpt>
   <trkpt lat="45.8738130" lon="6.4831440">
    <ele>1420.4</ele>
   </trkpt>
   <trkpt lat="45.8738120" lon="6.4830670">
    <ele>1421.4</ele>
   </trkpt>
   <trkpt lat="45.8738190" lon="6.4828640">
    <ele>1422.0</ele>
   </trkpt>
   <trkpt lat="45.8738580" lon="6.4827930">
    <ele>1421.6</ele>
   </trkpt>
   <trkpt lat="45.8738450" lon="6.4827770">
    <ele>1421.4</ele>
   </trkpt>
   <trkpt lat="45.8737950" lon="6.4827420">
    <ele>1421.2</ele>
   </trkpt>
   <trkpt lat="45.8737440" lon="6.4827250">
    <ele>1420.0</ele>
   </trkpt>
   <trkpt lat="45.8736840" lon="6.4826870">
    <ele>1418.4</ele>
   </trkpt>
   <trkpt lat="45.8736490" lon="6.4826660">
    <ele>1417.4</ele>
   </trkpt>
   <trkpt lat="45.8735570" lon="6.4825790">
    <ele>1415.6</ele>
   </trkpt>
   <trkpt lat="45.8735120" lon="6.4825140">
    <ele>1414.6</ele>
   </trkpt>
   <trkpt lat="45.8734850" lon="6.4824750">
    <ele>1413.2</ele>
   </trkpt>
   <trkpt lat="45.8734490" lon="6.4824810">
    <ele>1412.4</ele>
   </trkpt>
   <trkpt lat="45.8733640" lon="6.4824750">
    <ele>1412.6</ele>
   </trkpt>
   <trkpt lat="45.8733290" lon="6.4824450">
    <ele>1412.8</ele>
   </trkpt>
   <trkpt lat="45.8733020" lon="6.4824150">
    <ele>1412.8</ele>
   </trkpt>
   <trkpt lat="45.8732890" lon="6.4823850">
    <ele>1412.8</ele>
   </trkpt>
   <trkpt lat="45.8732620" lon="6.4823040">
    <ele>1412.0</ele>
   </trkpt>
   <trkpt lat="45.8732510" lon="6.4822580">
    <ele>1411.6</ele>
   </trkpt>
   <trkpt lat="45.8732350" lon="6.4821140">
    <ele>1410.8</ele>
   </trkpt>
   <trkpt lat="45.8732080" lon="6.4820350">
    <ele>1410.6</ele>
   </trkpt>
   <trkpt lat="45.8731910" lon="6.4819900">
    <ele>1410.6</ele>
   </trkpt>
   <trkpt lat="45.8731410" lon="6.4818530">
    <ele>1410.4</ele>
   </trkpt>
   <trkpt lat="45.8730750" lon="6.4817090">
    <ele>1410.0</ele>
   </trkpt>
   <trkpt lat="45.8730600" lon="6.4816600">
    <ele>1409.8</ele>
   </trkpt>
   <trkpt lat="45.8729720" lon="6.4815020">
    <ele>1408.8</ele>
   </trkpt>
   <trkpt lat="45.8729060" lon="6.4813810">
    <ele>1407.2</ele>
   </trkpt>
   <trkpt lat="45.8728730" lon="6.4813370">
    <ele>1406.6</ele>
   </trkpt>
   <trkpt lat="45.8728510" lon="6.4813010">
    <ele>1406.2</ele>
   </trkpt>
   <trkpt lat="45.8728060" lon="6.4811990">
    <ele>1404.6</ele>
   </trkpt>
   <trkpt lat="45.8727930" lon="6.4811500">
    <ele>1403.2</ele>
   </trkpt>
   <trkpt lat="45.8727850" lon="6.4811000">
    <ele>1402.4</ele>
   </trkpt>
   <trkpt lat="45.8727780" lon="6.4810620">
    <ele>1401.8</ele>
   </trkpt>
   <trkpt lat="45.8727500" lon="6.4809400">
    <ele>1400.8</ele>
   </trkpt>
   <trkpt lat="45.8727470" lon="6.4809210">
    <ele>1400.8</ele>
   </trkpt>
   <trkpt lat="45.8727320" lon="6.4808800">
    <ele>1400.8</ele>
   </trkpt>
   <trkpt lat="45.8726770" lon="6.4807660">
    <ele>1400.2</ele>
   </trkpt>
   <trkpt lat="45.8726180" lon="6.4806460">
    <ele>1399.2</ele>
   </trkpt>
   <trkpt lat="45.8725670" lon="6.4805760">
    <ele>1398.4</ele>
   </trkpt>
   <trkpt lat="45.8725410" lon="6.4805370">
    <ele>1398.0</ele>
   </trkpt>
   <trkpt lat="45.8724910" lon="6.4803600">
    <ele>1397.0</ele>
   </trkpt>
   <trkpt lat="45.8724810" lon="6.4803190">
    <ele>1396.8</ele>
   </trkpt>
   <trkpt lat="45.8724220" lon="6.4801150">
    <ele>1395.8</ele>
   </trkpt>
   <trkpt lat="45.8724040" lon="6.4800530">
    <ele>1395.4</ele>
   </trkpt>
   <trkpt lat="45.8723140" lon="6.4798460">
    <ele>1394.4</ele>
   </trkpt>
   <trkpt lat="45.8723020" lon="6.4797960">
    <ele>1394.2</ele>
   </trkpt>
   <trkpt lat="45.8722470" lon="6.4795890">
    <ele>1393.6</ele>
   </trkpt>
   <trkpt lat="45.8722030" lon="6.4794460">
    <ele>1393.4</ele>
   </trkpt>
   <trkpt lat="45.8721640" lon="6.4793210">
    <ele>1393.2</ele>
   </trkpt>
   <trkpt lat="45.8720890" lon="6.4790720">
    <ele>1392.6</ele>
   </trkpt>
   <trkpt lat="45.8720610" lon="6.4790290">
    <ele>1392.6</ele>
   </trkpt>
   <trkpt lat="45.8720060" lon="6.4788130">
    <ele>1392.8</ele>
   </trkpt>
   <trkpt lat="45.8719860" lon="6.4787040">
    <ele>1392.8</ele>
   </trkpt>
   <trkpt lat="45.8719830" lon="6.4786700">
    <ele>1392.6</ele>
   </trkpt>
   <trkpt lat="45.8719460" lon="6.4785200">
    <ele>1392.6</ele>
   </trkpt>
   <trkpt lat="45.8719300" lon="6.4783180">
    <ele>1394.0</ele>
   </trkpt>
   <trkpt lat="45.8719250" lon="6.4782950">
    <ele>1394.4</ele>
   </trkpt>
   <trkpt lat="45.8719180" lon="6.4781980">
    <ele>1395.4</ele>
   </trkpt>
   <trkpt lat="45.8719350" lon="6.4781480">
    <ele>1396.0</ele>
   </trkpt>
   <trkpt lat="45.8719410" lon="6.4781560">
    <ele>1396.4</ele>
   </trkpt>
   <trkpt lat="45.8719590" lon="6.4781640">
    <ele>1397.0</ele>
   </trkpt>
   <trkpt lat="45.8719840" lon="6.4781420">
    <ele>1397.8</ele>
   </trkpt>
   <trkpt lat="45.8720010" lon="6.4781010">
    <ele>1399.2</ele>
   </trkpt>
   <trkpt lat="45.8720010" lon="6.4780800">
    <ele>1399.8</ele>
   </trkpt>
   <trkpt lat="45.8720080" lon="6.4780590">
    <ele>1400.2</ele>
   </trkpt>
   <trkpt lat="45.8720320" lon="6.4780090">
    <ele>1400.8</ele>
   </trkpt>
   <trkpt lat="45.8720370" lon="6.4779800">
    <ele>1401.2</ele>
   </trkpt>
   <trkpt lat="45.8720560" lon="6.4779330">
    <ele>1403.0</ele>
   </trkpt>
   <trkpt lat="45.8720620" lon="6.4779020">
    <ele>1404.0</ele>
   </trkpt>
   <trkpt lat="45.8720650" lon="6.4778860">
    <ele>1404.4</ele>
   </trkpt>
   <trkpt lat="45.8720800" lon="6.4777950">
    <ele>1405.0</ele>
   </trkpt>
   <trkpt lat="45.8720820" lon="6.4777660">
    <ele>1405.0</ele>
   </trkpt>
   <trkpt lat="45.8720930" lon="6.4776950">
    <ele>1405.4</ele>
   </trkpt>
   <trkpt lat="45.8721220" lon="6.4776290">
    <ele>1406.4</ele>
   </trkpt>
   <trkpt lat="45.8721300" lon="6.4776230">
    <ele>1406.8</ele>
   </trkpt>
   <trkpt lat="45.8721290" lon="6.4775820">
    <ele>1407.6</ele>
   </trkpt>
   <trkpt lat="45.8721350" lon="6.4775390">
    <ele>1408.0</ele>
   </trkpt>
   <trkpt lat="45.8721380" lon="6.4774420">
    <ele>1408.6</ele>
   </trkpt>
   <trkpt lat="45.8721520" lon="6.4774050">
    <ele>1408.6</ele>
   </trkpt>
   <trkpt lat="45.8721550" lon="6.4773690">
    <ele>1408.8</ele>
   </trkpt>
   <trkpt lat="45.8721530" lon="6.4772510">
    <ele>1409.4</ele>
   </trkpt>
   <trkpt lat="45.8721580" lon="6.4771630">
    <ele>1409.6</ele>
   </trkpt>
   <trkpt lat="45.8721750" lon="6.4770650">
    <ele>1410.6</ele>
   </trkpt>
   <trkpt lat="45.8721830" lon="6.4770420">
    <ele>1410.8</ele>
   </trkpt>
   <trkpt lat="45.8722150" lon="6.4769710">
    <ele>1411.6</ele>
   </trkpt>
   <trkpt lat="45.8722260" lon="6.4769450">
    <ele>1412.0</ele>
   </trkpt>
   <trkpt lat="45.8722210" lon="6.4769170">
    <ele>1412.4</ele>
   </trkpt>
   <trkpt lat="45.8722220" lon="6.4768680">
    <ele>1413.2</ele>
   </trkpt>
   <trkpt lat="45.8722250" lon="6.4768440">
    <ele>1413.4</ele>
   </trkpt>
   <trkpt lat="45.8722310" lon="6.4768340">
    <ele>1414.0</ele>
   </trkpt>
   <trkpt lat="45.8722350" lon="6.4768300">
    <ele>1414.8</ele>
   </trkpt>
   <trkpt lat="45.8722450" lon="6.4767940">
    <ele>1416.2</ele>
   </trkpt>
   <trkpt lat="45.8722460" lon="6.4767600">
    <ele>1416.6</ele>
   </trkpt>
   <trkpt lat="45.8722700" lon="6.4766820">
    <ele>1417.4</ele>
   </trkpt>
   <trkpt lat="45.8723020" lon="6.4765870">
    <ele>1418.4</ele>
   </trkpt>
   <trkpt lat="45.8723230" lon="6.4765290">
    <ele>1419.4</ele>
   </trkpt>
   <trkpt lat="45.8723490" lon="6.4764750">
    <ele>1421.2</ele>
   </trkpt>
   <trkpt lat="45.8723880" lon="6.4763700">
    <ele>1422.0</ele>
   </trkpt>
   <trkpt lat="45.8723990" lon="6.4763500">
    <ele>1422.6</ele>
   </trkpt>
   <trkpt lat="45.8724280" lon="6.4763020">
    <ele>1424.2</ele>
   </trkpt>
   <trkpt lat="45.8724370" lon="6.4762950">
    <ele>1424.8</ele>
   </trkpt>
   <trkpt lat="45.8724460" lon="6.4762950">
    <ele>1425.0</ele>
   </trkpt>
   <trkpt lat="45.8724590" lon="6.4762940">
    <ele>1425.4</ele>
   </trkpt>
   <trkpt lat="45.8725150" lon="6.4762760">
    <ele>1426.4</ele>
   </trkpt>
   <trkpt lat="45.8725420" lon="6.4762500">
    <ele>1427.0</ele>
   </trkpt>
   <trkpt lat="45.8725530" lon="6.4762260">
    <ele>1427.4</ele>
   </trkpt>
   <trkpt lat="45.8725680" lon="6.4761810">
    <ele>1428.8</ele>
   </trkpt>
   <trkpt lat="45.8725730" lon="6.4761630">
    <ele>1429.4</ele>
   </trkpt>
   <trkpt lat="45.8725890" lon="6.4761110">
    <ele>1430.0</ele>
   </trkpt>
   <trkpt lat="45.8726010" lon="6.4760920">
    <ele>1431.0</ele>
   </trkpt>
   <trkpt lat="45.8726080" lon="6.4760890">
    <ele>1431.4</ele>
   </trkpt>
   <trkpt lat="45.8726160" lon="6.4760930">
    <ele>1431.6</ele>
   </trkpt>
   <trkpt lat="45.8726280" lon="6.4761110">
    <ele>1432.6</ele>
   </trkpt>
   <trkpt lat="45.8726690" lon="6.4761720">
    <ele>1433.8</ele>
   </trkpt>
   <trkpt lat="45.8726910" lon="6.4762130">
    <ele>1435.0</ele>
   </trkpt>
   <trkpt lat="45.8727090" lon="6.4762130">
    <ele>1435.2</ele>
   </trkpt>
   <trkpt lat="45.8727330" lon="6.4762230">
    <ele>1435.6</ele>
   </trkpt>
   <trkpt lat="45.8727390" lon="6.4762290">
    <ele>1435.8</ele>
   </trkpt>
   <trkpt lat="45.8727440" lon="6.4762420">
    <ele>1436.4</ele>
   </trkpt>
   <trkpt lat="45.8727600" lon="6.4762960">
    <ele>1437.6</ele>
   </trkpt>
   <trkpt lat="45.8727730" lon="6.4762930">
    <ele>1438.0</ele>
   </trkpt>
   <trkpt lat="45.8727710" lon="6.4762940">
    <ele>1438.2</ele>
   </trkpt>
   <trkpt lat="45.8727590" lon="6.4762930">
    <ele>1438.6</ele>
   </trkpt>
   <trkpt lat="45.8727500" lon="6.4762870">
    <ele>1438.6</ele>
   </trkpt>
   <trkpt lat="45.8727630" lon="6.4762810">
    <ele>1438.8</ele>
   </trkpt>
   <trkpt lat="45.8727710" lon="6.4762780">
    <ele>1438.8</ele>
   </trkpt>
   <trkpt lat="45.8727760" lon="6.4762170">
    <ele>1438.2</ele>
   </trkpt>
   <trkpt lat="45.8727540" lon="6.4761970">
    <ele>1437.6</ele>
   </trkpt>
   <trkpt lat="45.8727440" lon="6.4761820">
    <ele>1437.4</ele>
   </trkpt>
   <trkpt lat="45.8727200" lon="6.4761280">
    <ele>1437.2</ele>
   </trkpt>
   <trkpt lat="45.8727020" lon="6.4761110">
    <ele>1436.8</ele>
   </trkpt>
   <trkpt lat="45.8726700" lon="6.4760520">
    <ele>1436.2</ele>
   </trkpt>
   <trkpt lat="45.8726580" lon="6.4760190">
    <ele>1436.0</ele>
   </trkpt>
   <trkpt lat="45.8725960" lon="6.4758610">
    <ele>1435.4</ele>
   </trkpt>
   <trkpt lat="45.8725810" lon="6.4757850">
    <ele>1434.8</ele>
   </trkpt>
   <trkpt lat="45.8725680" lon="6.4757120">
    <ele>1433.8</ele>
   </trkpt>
   <trkpt lat="45.8725560" lon="6.4756810">
    <ele>1433.4</ele>
   </trkpt>
   <trkpt lat="45.8725370" lon="6.4755830">
    <ele>1432.8</ele>
   </trkpt>
   <trkpt lat="45.8725270" lon="6.4754920">
    <ele>1431.2</ele>
   </trkpt>
   <trkpt lat="45.8725260" lon="6.4754590">
    <ele>1430.4</ele>
   </trkpt>
   <trkpt lat="45.8725210" lon="6.4754260">
    <ele>1429.4</ele>
   </trkpt>
   <trkpt lat="45.8725070" lon="6.4753900">
    <ele>1428.2</ele>
   </trkpt>
   <trkpt lat="45.8724920" lon="6.4753740">
    <ele>1428.0</ele>
   </trkpt>
   <trkpt lat="45.8724920" lon="6.4753580">
    <ele>1427.4</ele>
   </trkpt>
   <trkpt lat="45.8724960" lon="6.4753210">
    <ele>1427.0</ele>
   </trkpt>
   <trkpt lat="45.8724980" lon="6.4752630">
    <ele>1426.2</ele>
   </trkpt>
   <trkpt lat="45.8725030" lon="6.4752100">
    <ele>1425.4</ele>
   </trkpt>
   <trkpt lat="45.8725100" lon="6.4751040">
    <ele>1424.4</ele>
   </trkpt>
   <trkpt lat="45.8725110" lon="6.4749840">
    <ele>1423.6</ele>
   </trkpt>
   <trkpt lat="45.8725290" lon="6.4748500">
    <ele>1423.2</ele>
   </trkpt>
   <trkpt lat="45.8725200" lon="6.4748150">
    <ele>1422.0</ele>
   </trkpt>
   <trkpt lat="45.8725080" lon="6.4747840">
    <ele>1421.4</ele>
   </trkpt>
   <trkpt lat="45.8724930" lon="6.4747380">
    <ele>1420.8</ele>
   </trkpt>
   <trkpt lat="45.8724660" lon="6.4745120">
    <ele>1420.8</ele>
   </trkpt>
   <trkpt lat="45.8725000" lon="6.4743840">
    <ele>1422.0</ele>
   </trkpt>
   <trkpt lat="45.8725070" lon="6.4742840">
    <ele>1422.6</ele>
   </trkpt>
   <trkpt lat="45.8724980" lon="6.4741370">
    <ele>1423.2</ele>
   </trkpt>
   <trkpt lat="45.8724770" lon="6.4741180">
    <ele>1423.4</ele>
   </trkpt>
   <trkpt lat="45.8724510" lon="6.4741100">
    <ele>1423.6</ele>
   </trkpt>
   <trkpt lat="45.8724060" lon="6.4740940">
    <ele>1424.0</ele>
   </trkpt>
   <trkpt lat="45.8723600" lon="6.4740830">
    <ele>1424.2</ele>
   </trkpt>
   <trkpt lat="45.8723200" lon="6.4740710">
    <ele>1424.2</ele>
   </trkpt>
   <trkpt lat="45.8722100" lon="6.4740130">
    <ele>1423.6</ele>
   </trkpt>
   <trkpt lat="45.8721790" lon="6.4739940">
    <ele>1423.2</ele>
   </trkpt>
   <trkpt lat="45.8721060" lon="6.4739560">
    <ele>1422.2</ele>
   </trkpt>
   <trkpt lat="45.8719980" lon="6.4739130">
    <ele>1421.4</ele>
   </trkpt>
   <trkpt lat="45.8719220" lon="6.4738820">
    <ele>1421.0</ele>
   </trkpt>
   <trkpt lat="45.8717640" lon="6.4738400">
    <ele>1420.2</ele>
   </trkpt>
   <trkpt lat="45.8717330" lon="6.4738300">
    <ele>1419.8</ele>
   </trkpt>
   <trkpt lat="45.8717130" lon="6.4738000">
    <ele>1419.8</ele>
   </trkpt>
   <trkpt lat="45.8717000" lon="6.4737610">
    <ele>1419.8</ele>
   </trkpt>
   <trkpt lat="45.8716880" lon="6.4736630">
    <ele>1419.6</ele>
   </trkpt>
   <trkpt lat="45.8716820" lon="6.4736370">
    <ele>1419.8</ele>
   </trkpt>
   <trkpt lat="45.8716880" lon="6.4735630">
    <ele>1421.0</ele>
   </trkpt>
   <trkpt lat="45.8716950" lon="6.4735210">
    <ele>1422.0</ele>
   </trkpt>
   <trkpt lat="45.8716770" lon="6.4734440">
    <ele>1423.2</ele>
   </trkpt>
   <trkpt lat="45.8716690" lon="6.4733860">
    <ele>1423.8</ele>
   </trkpt>
   <trkpt lat="45.8716670" lon="6.4733670">
    <ele>1424.4</ele>
   </trkpt>
   <trkpt lat="45.8716440" lon="6.4732740">
    <ele>1425.6</ele>
   </trkpt>
   <trkpt lat="45.8716270" lon="6.4732210">
    <ele>1426.2</ele>
   </trkpt>
   <trkpt lat="45.8716170" lon="6.4731970">
    <ele>1426.6</ele>
   </trkpt>
   <trkpt lat="45.8716050" lon="6.4731400">
    <ele>1427.4</ele>
   </trkpt>
   <trkpt lat="45.8716110" lon="6.4730810">
    <ele>1427.8</ele>
   </trkpt>
   <trkpt lat="45.8716050" lon="6.4730560">
    <ele>1428.2</ele>
   </trkpt>
   <trkpt lat="45.8715880" lon="6.4730060">
    <ele>1429.2</ele>
   </trkpt>
   <trkpt lat="45.8715800" lon="6.4729840">
    <ele>1429.6</ele>
   </trkpt>
   <trkpt lat="45.8715520" lon="6.4729140">
    <ele>1430.6</ele>
   </trkpt>
   <trkpt lat="45.8715320" lon="6.4728700">
    <ele>1431.6</ele>
   </trkpt>
   <trkpt lat="45.8715280" lon="6.4728460">
    <ele>1432.0</ele>
   </trkpt>
   <trkpt lat="45.8715170" lon="6.4727820">
    <ele>1432.8</ele>
   </trkpt>
   <trkpt lat="45.8715030" lon="6.4727300">
    <ele>1433.2</ele>
   </trkpt>
   <trkpt lat="45.8714850" lon="6.4726300">
    <ele>1434.0</ele>
   </trkpt>
   <trkpt lat="45.8714650" lon="6.4725460">
    <ele>1434.0</ele>
   </trkpt>
   <trkpt lat="45.8714230" lon="6.4723580">
    <ele>1433.8</ele>
   </trkpt>
   <trkpt lat="45.8713940" lon="6.4723060">
    <ele>1433.8</ele>
   </trkpt>
   <trkpt lat="45.8713670" lon="6.4722900">
    <ele>1434.0</ele>
   </trkpt>
   <trkpt lat="45.8713560" lon="6.4722800">
    <ele>1434.2</ele>
   </trkpt>
   <trkpt lat="45.8712660" lon="6.4721770">
    <ele>1434.6</ele>
   </trkpt>
   <trkpt lat="45.8712420" lon="6.4721560">
    <ele>1434.8</ele>
   </trkpt>
   <trkpt lat="45.8711270" lon="6.4720580">
    <ele>1435.0</ele>
   </trkpt>
   <trkpt lat="45.8709920" lon="6.4718690">
    <ele>1436.0</ele>
   </trkpt>
   <trkpt lat="45.8709670" lon="6.4718350">
    <ele>1436.2</ele>
   </trkpt>
   <trkpt lat="45.8709590" lon="6.4717970">
    <ele>1436.6</ele>
   </trkpt>
   <trkpt lat="45.8709340" lon="6.4717400">
    <ele>1436.8</ele>
   </trkpt>
   <trkpt lat="45.8709060" lon="6.4716970">
    <ele>1437.6</ele>
   </trkpt>
   <trkpt lat="45.8708460" lon="6.4716240">
    <ele>1438.4</ele>
   </trkpt>
   <trkpt lat="45.8708310" lon="6.4715990">
    <ele>1438.6</ele>
   </trkpt>
   <trkpt lat="45.8708090" lon="6.4715730">
    <ele>1439.0</ele>
   </trkpt>
   <trkpt lat="45.8707400" lon="6.4714730">
    <ele>1439.8</ele>
   </trkpt>
   <trkpt lat="45.8707100" lon="6.4714170">
    <ele>1440.2</ele>
   </trkpt>
   <trkpt lat="45.8706570" lon="6.4713130">
    <ele>1440.6</ele>
   </trkpt>
   <trkpt lat="45.8706250" lon="6.4712650">
    <ele>1441.0</ele>
   </trkpt>
   <trkpt lat="45.8705530" lon="6.4711800">
    <ele>1442.2</ele>
   </trkpt>
   <trkpt lat="45.8704870" lon="6.4710710">
    <ele>1443.4</ele>
   </trkpt>
   <trkpt lat="45.8704270" lon="6.4710080">
    <ele>1443.8</ele>
   </trkpt>
   <trkpt lat="45.8703620" lon="6.4709610">
    <ele>1444.4</ele>
   </trkpt>
   <trkpt lat="45.8702720" lon="6.4708760">
    <ele>1445.8</ele>
   </trkpt>
   <trkpt lat="45.8702130" lon="6.4707870">
    <ele>1447.2</ele>
   </trkpt>
   <trkpt lat="45.8702110" lon="6.4707660">
    <ele>1447.6</ele>
   </trkpt>
   <trkpt lat="45.8702060" lon="6.4707380">
    <ele>1447.8</ele>
   </trkpt>
   <trkpt lat="45.8701770" lon="6.4706310">
    <ele>1448.2</ele>
   </trkpt>
   <trkpt lat="45.8701160" lon="6.4705120">
    <ele>1448.6</ele>
   </trkpt>
   <trkpt lat="45.8700300" lon="6.4703890">
    <ele>1449.2</ele>
   </trkpt>
   <trkpt lat="45.8699950" lon="6.4703200">
    <ele>1450.0</ele>
   </trkpt>
   <trkpt lat="45.8699580" lon="6.4702660">
    <ele>1450.4</ele>
   </trkpt>
   <trkpt lat="45.8699230" lon="6.4701890">
    <ele>1451.0</ele>
   </trkpt>
   <trkpt lat="45.8699040" lon="6.4701620">
    <ele>1451.8</ele>
   </trkpt>
   <trkpt lat="45.8698450" lon="6.4700840">
    <ele>1452.8</ele>
   </trkpt>
   <trkpt lat="45.8697330" lon="6.4699790">
    <ele>1453.6</ele>
   </trkpt>
   <trkpt lat="45.8697260" lon="6.4699820">
    <ele>1453.8</ele>
   </trkpt>
   <trkpt lat="45.8696900" lon="6.4699940">
    <ele>1455.2</ele>
   </trkpt>
   <trkpt lat="45.8696700" lon="6.4700180">
    <ele>1456.4</ele>
   </trkpt>
   <trkpt lat="45.8696320" lon="6.4700300">
    <ele>1457.6</ele>
   </trkpt>
   <trkpt lat="45.8696160" lon="6.4700340">
    <ele>1458.0</ele>
   </trkpt>
   <trkpt lat="45.8695520" lon="6.4700250">
    <ele>1458.8</ele>
   </trkpt>
   <trkpt lat="45.8695000" lon="6.4700090">
    <ele>1459.4</ele>
   </trkpt>
   <trkpt lat="45.8694810" lon="6.4699990">
    <ele>1460.0</ele>
   </trkpt>
   <trkpt lat="45.8694370" lon="6.4699750">
    <ele>1461.2</ele>
   </trkpt>
   <trkpt lat="45.8694130" lon="6.4699330">
    <ele>1461.4</ele>
   </trkpt>
   <trkpt lat="45.8693230" lon="6.4698090">
    <ele>1462.4</ele>
   </trkpt>
   <trkpt lat="45.8692340" lon="6.4697030">
    <ele>1463.6</ele>
   </trkpt>
   <trkpt lat="45.8692010" lon="6.4696720">
    <ele>1464.0</ele>
   </trkpt>
   <trkpt lat="45.8691750" lon="6.4696390">
    <ele>1464.8</ele>
   </trkpt>
   <trkpt lat="45.8691430" lon="6.4695260">
    <ele>1466.0</ele>
   </trkpt>
   <trkpt lat="45.8690700" lon="6.4693630">
    <ele>1466.8</ele>
   </trkpt>
   <trkpt lat="45.8690140" lon="6.4690950">
    <ele>1466.4</ele>
   </trkpt>
   <trkpt lat="45.8690110" lon="6.4690430">
    <ele>1466.2</ele>
   </trkpt>
   <trkpt lat="45.8690220" lon="6.4688590">
    <ele>1465.0</ele>
   </trkpt>
   <trkpt lat="45.8690170" lon="6.4688240">
    <ele>1464.6</ele>
   </trkpt>
   <trkpt lat="45.8689570" lon="6.4686120">
    <ele>1465.0</ele>
   </trkpt>
   <trkpt lat="45.8689510" lon="6.4685800">
    <ele>1465.0</ele>
   </trkpt>
   <trkpt lat="45.8689470" lon="6.4685130">
    <ele>1465.6</ele>
   </trkpt>
   <trkpt lat="45.8689390" lon="6.4683860">
    <ele>1466.4</ele>
   </trkpt>
   <trkpt lat="45.8688910" lon="6.4682760">
    <ele>1466.8</ele>
   </trkpt>
   <trkpt lat="45.8688430" lon="6.4682200">
    <ele>1467.6</ele>
   </trkpt>
   <trkpt lat="45.8688360" lon="6.4681990">
    <ele>1468.0</ele>
   </trkpt>
   <trkpt lat="45.8687920" lon="6.4681420">
    <ele>1468.6</ele>
   </trkpt>
   <trkpt lat="45.8687730" lon="6.4681320">
    <ele>1469.2</ele>
   </trkpt>
   <trkpt lat="45.8687010" lon="6.4680680">
    <ele>1470.6</ele>
   </trkpt>
   <trkpt lat="45.8686730" lon="6.4680230">
    <ele>1471.6</ele>
   </trkpt>
   <trkpt lat="45.8686580" lon="6.4679960">
    <ele>1472.0</ele>
   </trkpt>
   <trkpt lat="45.8686190" lon="6.4678650">
    <ele>1473.0</ele>
   </trkpt>
   <trkpt lat="45.8685980" lon="6.4678070">
    <ele>1473.4</ele>
   </trkpt>
   <trkpt lat="45.8685910" lon="6.4677370">
    <ele>1473.8</ele>
   </trkpt>
   <trkpt lat="45.8685850" lon="6.4676330">
    <ele>1474.2</ele>
   </trkpt>
   <trkpt lat="45.8685860" lon="6.4675990">
    <ele>1474.6</ele>
   </trkpt>
   <trkpt lat="45.8685770" lon="6.4675500">
    <ele>1475.4</ele>
   </trkpt>
   <trkpt lat="45.8685310" lon="6.4675030">
    <ele>1476.6</ele>
   </trkpt>
   <trkpt lat="45.8685040" lon="6.4674850">
    <ele>1477.6</ele>
   </trkpt>
   <trkpt lat="45.8684640" lon="6.4674250">
    <ele>1479.0</ele>
   </trkpt>
   <trkpt lat="45.8684600" lon="6.4674040">
    <ele>1479.4</ele>
   </trkpt>
   <trkpt lat="45.8684450" lon="6.4673620">
    <ele>1479.8</ele>
   </trkpt>
   <trkpt lat="45.8684330" lon="6.4673410">
    <ele>1480.2</ele>
   </trkpt>
   <trkpt lat="45.8683820" lon="6.4672880">
    <ele>1480.8</ele>
   </trkpt>
   <trkpt lat="45.8683450" lon="6.4672440">
    <ele>1481.2</ele>
   </trkpt>
   <trkpt lat="45.8682830" lon="6.4671400">
    <ele>1482.0</ele>
   </trkpt>
   <trkpt lat="45.8682740" lon="6.4671180">
    <ele>1482.4</ele>
   </trkpt>
   <trkpt lat="45.8682240" lon="6.4670040">
    <ele>1483.2</ele>
   </trkpt>
   <trkpt lat="45.8681910" lon="6.4669640">
    <ele>1483.4</ele>
   </trkpt>
   <trkpt lat="45.8681340" lon="6.4669000">
    <ele>1484.4</ele>
   </trkpt>
   <trkpt lat="45.8681080" lon="6.4668790">
    <ele>1485.2</ele>
   </trkpt>
   <trkpt lat="45.8680970" lon="6.4668690">
    <ele>1485.8</ele>
   </trkpt>
   <trkpt lat="45.8680470" lon="6.4668360">
    <ele>1487.0</ele>
   </trkpt>
   <trkpt lat="45.8680090" lon="6.4667940">
    <ele>1487.8</ele>
   </trkpt>
   <trkpt lat="45.8679910" lon="6.4667710">
    <ele>1488.2</ele>
   </trkpt>
   <trkpt lat="45.8679750" lon="6.4666790">
    <ele>1489.2</ele>
   </trkpt>
   <trkpt lat="45.8679250" lon="6.4666540">
    <ele>1490.6</ele>
   </trkpt>
   <trkpt lat="45.8679170" lon="6.4666450">
    <ele>1490.8</ele>
   </trkpt>
   <trkpt lat="45.8679110" lon="6.4666070">
    <ele>1492.2</ele>
   </trkpt>
   <trkpt lat="45.8679030" lon="6.4665320">
    <ele>1493.4</ele>
   </trkpt>
   <trkpt lat="45.8678550" lon="6.4664250">
    <ele>1494.4</ele>
   </trkpt>
   <trkpt lat="45.8678440" lon="6.4664100">
    <ele>1494.4</ele>
   </trkpt>
   <trkpt lat="45.8678120" lon="6.4663610">
    <ele>1495.6</ele>
   </trkpt>
   <trkpt lat="45.8677610" lon="6.4662860">
    <ele>1496.8</ele>
   </trkpt>
   <trkpt lat="45.8677460" lon="6.4662660">
    <ele>1497.0</ele>
   </trkpt>
   <trkpt lat="45.8676950" lon="6.4662260">
    <ele>1498.0</ele>
   </trkpt>
   <trkpt lat="45.8676620" lon="6.4661700">
    <ele>1499.2</ele>
   </trkpt>
   <trkpt lat="45.8676590" lon="6.4661480">
    <ele>1499.8</ele>
   </trkpt>
   <trkpt lat="45.8676290" lon="6.4660860">
    <ele>1500.8</ele>
   </trkpt>
   <trkpt lat="45.8675720" lon="6.4660190">
    <ele>1502.2</ele>
   </trkpt>
   <trkpt lat="45.8675060" lon="6.4659720">
    <ele>1503.6</ele>
   </trkpt>
   <trkpt lat="45.8674730" lon="6.4659220">
    <ele>1504.8</ele>
   </trkpt>
   <trkpt lat="45.8674460" lon="6.4658820">
    <ele>1505.4</ele>
   </trkpt>
   <trkpt lat="45.8674300" lon="6.4658640">
    <ele>1506.0</ele>
   </trkpt>
   <trkpt lat="45.8673450" lon="6.4658410">
    <ele>1507.2</ele>
   </trkpt>
   <trkpt lat="45.8673280" lon="6.4658320">
    <ele>1507.2</ele>
   </trkpt>
   <trkpt lat="45.8672690" lon="6.4658060">
    <ele>1508.2</ele>
   </trkpt>
   <trkpt lat="45.8672290" lon="6.4657830">
    <ele>1509.2</ele>
   </trkpt>
   <trkpt lat="45.8672170" lon="6.4657670">
    <ele>1509.6</ele>
   </trkpt>
   <trkpt lat="45.8672070" lon="6.4657400">
    <ele>1510.2</ele>
   </trkpt>
   <trkpt lat="45.8672010" lon="6.4657300">
    <ele>1510.6</ele>
   </trkpt>
   <trkpt lat="45.8671850" lon="6.4657250">
    <ele>1511.0</ele>
   </trkpt>
   <trkpt lat="45.8671700" lon="6.4657200">
    <ele>1511.4</ele>
   </trkpt>
   <trkpt lat="45.8671670" lon="6.4657100">
    <ele>1512.0</ele>
   </trkpt>
   <trkpt lat="45.8670560" lon="6.4656170">
    <ele>1513.0</ele>
   </trkpt>
   <trkpt lat="45.8669810" lon="6.4655490">
    <ele>1514.2</ele>
   </trkpt>
   <trkpt lat="45.8669240" lon="6.4654970">
    <ele>1515.2</ele>
   </trkpt>
   <trkpt lat="45.8668550" lon="6.4655030">
    <ele>1516.6</ele>
   </trkpt>
   <trkpt lat="45.8667340" lon="6.4654560">
    <ele>1517.6</ele>
   </trkpt>
   <trkpt lat="45.8666940" lon="6.4654590">
    <ele>1518.0</ele>
   </trkpt>
   <trkpt lat="45.8666360" lon="6.4654540">
    <ele>1518.8</ele>
   </trkpt>
   <trkpt lat="45.8666210" lon="6.4654620">
    <ele>1519.2</ele>
   </trkpt>
   <trkpt lat="45.8665880" lon="6.4654690">
    <ele>1520.2</ele>
   </trkpt>
   <trkpt lat="45.8665730" lon="6.4654800">
    <ele>1520.4</ele>
   </trkpt>
   <trkpt lat="45.8665300" lon="6.4655040">
    <ele>1521.4</ele>
   </trkpt>
   <trkpt lat="45.8664990" lon="6.4655180">
    <ele>1522.0</ele>
   </trkpt>
   <trkpt lat="45.8664660" lon="6.4655210">
    <ele>1522.4</ele>
   </trkpt>
   <trkpt lat="45.8664400" lon="6.4655290">
    <ele>1523.0</ele>
   </trkpt>
   <trkpt lat="45.8664190" lon="6.4655470">
    <ele>1523.6</ele>
   </trkpt>
   <trkpt lat="45.8663710" lon="6.4655690">
    <ele>1525.0</ele>
   </trkpt>
   <trkpt lat="45.8663030" lon="6.4655870">
    <ele>1526.0</ele>
   </trkpt>
   <trkpt lat="45.8662570" lon="6.4655650">
    <ele>1527.2</ele>
   </trkpt>
   <trkpt lat="45.8662410" lon="6.4655890">
    <ele>1527.6</ele>
   </trkpt>
   <trkpt lat="45.8662350" lon="6.4656240">
    <ele>1528.0</ele>
   </trkpt>
   <trkpt lat="45.8662190" lon="6.4656460">
    <ele>1528.6</ele>
   </trkpt>
   <trkpt lat="45.8661870" lon="6.4657080">
    <ele>1529.2</ele>
   </trkpt>
   <trkpt lat="45.8661550" lon="6.4657030">
    <ele>1529.6</ele>
   </trkpt>
   <trkpt lat="45.8661390" lon="6.4656990">
    <ele>1530.0</ele>
   </trkpt>
   <trkpt lat="45.8660720" lon="6.4656960">
    <ele>1531.0</ele>
   </trkpt>
   <trkpt lat="45.8659920" lon="6.4657070">
    <ele>1532.2</ele>
   </trkpt>
   <trkpt lat="45.8659660" lon="6.4656980">
    <ele>1532.6</ele>
   </trkpt>
   <trkpt lat="45.8658300" lon="6.4656690">
    <ele>1533.4</ele>
   </trkpt>
   <trkpt lat="45.8658120" lon="6.4656640">
    <ele>1533.6</ele>
   </trkpt>
   <trkpt lat="45.8657510" lon="6.4656660">
    <ele>1534.6</ele>
   </trkpt>
   <trkpt lat="45.8656960" lon="6.4656670">
    <ele>1535.6</ele>
   </trkpt>
   <trkpt lat="45.8656710" lon="6.4656560">
    <ele>1536.2</ele>
   </trkpt>
   <trkpt lat="45.8656460" lon="6.4656580">
    <ele>1536.8</ele>
   </trkpt>
   <trkpt lat="45.8656030" lon="6.4656510">
    <ele>1538.0</ele>
   </trkpt>
   <trkpt lat="45.8655790" lon="6.4656390">
    <ele>1538.4</ele>
   </trkpt>
   <trkpt lat="45.8655700" lon="6.4656280">
    <ele>1538.8</ele>
   </trkpt>
   <trkpt lat="45.8655620" lon="6.4656110">
    <ele>1539.4</ele>
   </trkpt>
   <trkpt lat="45.8655400" lon="6.4655240">
    <ele>1540.4</ele>
   </trkpt>
   <trkpt lat="45.8655350" lon="6.4654830">
    <ele>1540.4</ele>
   </trkpt>
   <trkpt lat="45.8655020" lon="6.4653790">
    <ele>1540.8</ele>
   </trkpt>
   <trkpt lat="45.8654760" lon="6.4653690">
    <ele>1541.4</ele>
   </trkpt>
   <trkpt lat="45.8654470" lon="6.4653390">
    <ele>1542.4</ele>
   </trkpt>
   <trkpt lat="45.8654380" lon="6.4653200">
    <ele>1542.8</ele>
   </trkpt>
   <trkpt lat="45.8653800" lon="6.4652590">
    <ele>1544.2</ele>
   </trkpt>
   <trkpt lat="45.8653370" lon="6.4652300">
    <ele>1545.0</ele>
   </trkpt>
   <trkpt lat="45.8653220" lon="6.4652210">
    <ele>1545.4</ele>
   </trkpt>
   <trkpt lat="45.8652570" lon="6.4651680">
    <ele>1546.8</ele>
   </trkpt>
   <trkpt lat="45.8652400" lon="6.4651560">
    <ele>1547.4</ele>
   </trkpt>
   <trkpt lat="45.8652240" lon="6.4651410">
    <ele>1547.8</ele>
   </trkpt>
   <trkpt lat="45.8651930" lon="6.4651060">
    <ele>1548.6</ele>
   </trkpt>
   <trkpt lat="45.8651780" lon="6.4650890">
    <ele>1549.0</ele>
   </trkpt>
   <trkpt lat="45.8651180" lon="6.4650250">
    <ele>1550.2</ele>
   </trkpt>
   <trkpt lat="45.8650790" lon="6.4650090">
    <ele>1551.0</ele>
   </trkpt>
   <trkpt lat="45.8650630" lon="6.4650040">
    <ele>1551.4</ele>
   </trkpt>
   <trkpt lat="45.8650510" lon="6.4649920">
    <ele>1551.8</ele>
   </trkpt>
   <trkpt lat="45.8650480" lon="6.4649490">
    <ele>1552.2</ele>
   </trkpt>
   <trkpt lat="45.8650500" lon="6.4649260">
    <ele>1552.2</ele>
   </trkpt>
   <trkpt lat="45.8650500" lon="6.4649100">
    <ele>1552.8</ele>
   </trkpt>
   <trkpt lat="45.8650450" lon="6.4648930">
    <ele>1553.2</ele>
   </trkpt>
   <trkpt lat="45.8650310" lon="6.4648650">
    <ele>1554.0</ele>
   </trkpt>
   <trkpt lat="45.8650170" lon="6.4648410">
    <ele>1554.6</ele>
   </trkpt>
   <trkpt lat="45.8649920" lon="6.4648130">
    <ele>1555.2</ele>
   </trkpt>
   <trkpt lat="45.8649480" lon="6.4647820">
    <ele>1556.4</ele>
   </trkpt>
   <trkpt lat="45.8648970" lon="6.4647570">
    <ele>1557.4</ele>
   </trkpt>
   <trkpt lat="45.8648530" lon="6.4646890">
    <ele>1558.6</ele>
   </trkpt>
   <trkpt lat="45.8648290" lon="6.4646550">
    <ele>1559.2</ele>
   </trkpt>
   <trkpt lat="45.8648060" lon="6.4645870">
    <ele>1559.8</ele>
   </trkpt>
   <trkpt lat="45.8647920" lon="6.4645080">
    <ele>1560.6</ele>
   </trkpt>
   <trkpt lat="45.8647920" lon="6.4644800">
    <ele>1561.0</ele>
   </trkpt>
   <trkpt lat="45.8647930" lon="6.4643380">
    <ele>1562.0</ele>
   </trkpt>
   <trkpt lat="45.8647740" lon="6.4642640">
    <ele>1563.2</ele>
   </trkpt>
   <trkpt lat="45.8647570" lon="6.4642130">
    <ele>1563.8</ele>
   </trkpt>
   <trkpt lat="45.8647540" lon="6.4641860">
    <ele>1564.2</ele>
   </trkpt>
   <trkpt lat="45.8647450" lon="6.4640960">
    <ele>1565.2</ele>
   </trkpt>
   <trkpt lat="45.8647320" lon="6.4640500">
    <ele>1566.2</ele>
   </trkpt>
   <trkpt lat="45.8647240" lon="6.4640270">
    <ele>1566.4</ele>
   </trkpt>
   <trkpt lat="45.8646920" lon="6.4639300">
    <ele>1567.4</ele>
   </trkpt>
   <trkpt lat="45.8646870" lon="6.4639080">
    <ele>1567.6</ele>
   </trkpt>
   <trkpt lat="45.8646800" lon="6.4638520">
    <ele>1569.0</ele>
   </trkpt>
   <trkpt lat="45.8646740" lon="6.4637810">
    <ele>1570.4</ele>
   </trkpt>
   <trkpt lat="45.8646720" lon="6.4637650">
    <ele>1570.8</ele>
   </trkpt>
   <trkpt lat="45.8646700" lon="6.4637460">
    <ele>1571.2</ele>
   </trkpt>
   <trkpt lat="45.8646660" lon="6.4637270">
    <ele>1571.4</ele>
   </trkpt>
   <trkpt lat="45.8646600" lon="6.4636850">
    <ele>1572.8</ele>
   </trkpt>
   <trkpt lat="45.8646400" lon="6.4636130">
    <ele>1574.0</ele>
   </trkpt>
   <trkpt lat="45.8646190" lon="6.4635590">
    <ele>1574.6</ele>
   </trkpt>
   <trkpt lat="45.8645960" lon="6.4635200">
    <ele>1575.2</ele>
   </trkpt>
   <trkpt lat="45.8645570" lon="6.4634690">
    <ele>1576.2</ele>
   </trkpt>
   <trkpt lat="45.8645300" lon="6.4634450">
    <ele>1576.8</ele>
   </trkpt>
   <trkpt lat="45.8645120" lon="6.4634320">
    <ele>1577.2</ele>
   </trkpt>
   <trkpt lat="45.8644620" lon="6.4633850">
    <ele>1578.4</ele>
   </trkpt>
   <trkpt lat="45.8644140" lon="6.4633510">
    <ele>1579.0</ele>
   </trkpt>
   <trkpt lat="45.8643940" lon="6.4633450">
    <ele>1579.6</ele>
   </trkpt>
   <trkpt lat="45.8643310" lon="6.4633450">
    <ele>1581.0</ele>
   </trkpt>
   <trkpt lat="45.8643040" lon="6.4633450">
    <ele>1581.4</ele>
   </trkpt>
   <trkpt lat="45.8642750" lon="6.4633520">
    <ele>1582.4</ele>
   </trkpt>
   <trkpt lat="45.8642120" lon="6.4633420">
    <ele>1583.6</ele>
   </trkpt>
   <trkpt lat="45.8641670" lon="6.4633150">
    <ele>1584.6</ele>
   </trkpt>
   <trkpt lat="45.8641540" lon="6.4633040">
    <ele>1584.8</ele>
   </trkpt>
   <trkpt lat="45.8641100" lon="6.4632820">
    <ele>1586.0</ele>
   </trkpt>
   <trkpt lat="45.8640720" lon="6.4632680">
    <ele>1587.0</ele>
   </trkpt>
   <trkpt lat="45.8640490" lon="6.4632590">
    <ele>1587.8</ele>
   </trkpt>
   <trkpt lat="45.8640400" lon="6.4632520">
    <ele>1588.0</ele>
   </trkpt>
   <trkpt lat="45.8640000" lon="6.4632160">
    <ele>1589.2</ele>
   </trkpt>
   <trkpt lat="45.8639700" lon="6.4631960">
    <ele>1590.4</ele>
   </trkpt>
   <trkpt lat="45.8639650" lon="6.4631820">
    <ele>1590.8</ele>
   </trkpt>
   <trkpt lat="45.8639540" lon="6.4631320">
    <ele>1591.6</ele>
   </trkpt>
   <trkpt lat="45.8639500" lon="6.4631180">
    <ele>1591.8</ele>
   </trkpt>
   <trkpt lat="45.8639440" lon="6.4631080">
    <ele>1592.2</ele>
   </trkpt>
   <trkpt lat="45.8639320" lon="6.4630950">
    <ele>1592.8</ele>
   </trkpt>
   <trkpt lat="45.8639150" lon="6.4630810">
    <ele>1593.0</ele>
   </trkpt>
   <trkpt lat="45.8639050" lon="6.4630830">
    <ele>1593.4</ele>
   </trkpt>
   <trkpt lat="45.8638810" lon="6.4630910">
    <ele>1594.2</ele>
   </trkpt>
   <trkpt lat="45.8638330" lon="6.4630620">
    <ele>1595.0</ele>
   </trkpt>
   <trkpt lat="45.8638210" lon="6.4630530">
    <ele>1595.0</ele>
   </trkpt>
   <trkpt lat="45.8638120" lon="6.4630460">
    <ele>1595.4</ele>
   </trkpt>
   <trkpt lat="45.8638020" lon="6.4630420">
    <ele>1595.8</ele>
   </trkpt>
   <trkpt lat="45.8637540" lon="6.4630590">
    <ele>1596.4</ele>
   </trkpt>
   <trkpt lat="45.8637280" lon="6.4630140">
    <ele>1597.0</ele>
   </trkpt>
   <trkpt lat="45.8637000" lon="6.4630080">
    <ele>1597.6</ele>
   </trkpt>
   <trkpt lat="45.8636320" lon="6.4630260">
    <ele>1598.6</ele>
   </trkpt>
   <trkpt lat="45.8636140" lon="6.4630230">
    <ele>1598.8</ele>
   </trkpt>
   <trkpt lat="45.8634870" lon="6.4630890">
    <ele>1599.2</ele>
   </trkpt>
   <trkpt lat="45.8634170" lon="6.4632240">
    <ele>1599.4</ele>
   </trkpt>
   <trkpt lat="45.8634280" lon="6.4632840">
    <ele>1599.6</ele>
   </trkpt>
   <trkpt lat="45.8634420" lon="6.4633100">
    <ele>1599.8</ele>
   </trkpt>
   <trkpt lat="45.8634500" lon="6.4633360">
    <ele>1599.8</ele>
   </trkpt>
   <trkpt lat="45.8634920" lon="6.4634230">
    <ele>1600.8</ele>
   </trkpt>
   <trkpt lat="45.8635070" lon="6.4634370">
    <ele>1601.2</ele>
   </trkpt>
   <trkpt lat="45.8635250" lon="6.4634500">
    <ele>1601.8</ele>
   </trkpt>
   <trkpt lat="45.8635840" lon="6.4635020">
    <ele>1603.0</ele>
   </trkpt>
   <trkpt lat="45.8635920" lon="6.4635500">
    <ele>1603.4</ele>
   </trkpt>
   <trkpt lat="45.8635940" lon="6.4636170">
    <ele>1604.2</ele>
   </trkpt>
   <trkpt lat="45.8635490" lon="6.4638210">
    <ele>1605.2</ele>
   </trkpt>
   <trkpt lat="45.8635230" lon="6.4640640">
    <ele>1605.0</ele>
   </trkpt>
   <trkpt lat="45.8634240" lon="6.4642750">
    <ele>1605.2</ele>
   </trkpt>
   <trkpt lat="45.8634030" lon="6.4643010">
    <ele>1605.4</ele>
   </trkpt>
   <trkpt lat="45.8632790" lon="6.4644810">
    <ele>1605.6</ele>
   </trkpt>
   <trkpt lat="45.8632290" lon="6.4645650">
    <ele>1605.8</ele>
   </trkpt>
   <trkpt lat="45.8632060" lon="6.4647500">
    <ele>1605.4</ele>
   </trkpt>
   <trkpt lat="45.8632440" lon="6.4649460">
    <ele>1606.6</ele>
   </trkpt>
   <trkpt lat="45.8632030" lon="6.4650670">
    <ele>1608.0</ele>
   </trkpt>
   <trkpt lat="45.8631840" lon="6.4650840">
    <ele>1608.6</ele>
   </trkpt>
   <trkpt lat="45.8631650" lon="6.4650960">
    <ele>1609.0</ele>
   </trkpt>
   <trkpt lat="45.8631010" lon="6.4651260">
    <ele>1610.2</ele>
   </trkpt>
   <trkpt lat="45.8630480" lon="6.4651940">
    <ele>1610.8</ele>
   </trkpt>
   <trkpt lat="45.8630280" lon="6.4652480">
    <ele>1611.2</ele>
   </trkpt>
   <trkpt lat="45.8630260" lon="6.4652760">
    <ele>1611.4</ele>
   </trkpt>
   <trkpt lat="45.8630310" lon="6.4653330">
    <ele>1612.0</ele>
   </trkpt>
   <trkpt lat="45.8630380" lon="6.4653610">
    <ele>1612.2</ele>
   </trkpt>
   <trkpt lat="45.8630640" lon="6.4654290">
    <ele>1613.4</ele>
   </trkpt>
   <trkpt lat="45.8630780" lon="6.4654900">
    <ele>1614.0</ele>
   </trkpt>
   <trkpt lat="45.8630810" lon="6.4655200">
    <ele>1614.4</ele>
   </trkpt>
   <trkpt lat="45.8630990" lon="6.4656600">
    <ele>1616.2</ele>
   </trkpt>
   <trkpt lat="45.8631010" lon="6.4656850">
    <ele>1616.6</ele>
   </trkpt>
   <trkpt lat="45.8631060" lon="6.4657160">
    <ele>1617.2</ele>
   </trkpt>
   <trkpt lat="45.8631380" lon="6.4658140">
    <ele>1618.4</ele>
   </trkpt>
   <trkpt lat="45.8631630" lon="6.4658500">
    <ele>1619.2</ele>
   </trkpt>
   <trkpt lat="45.8632120" lon="6.4658970">
    <ele>1619.8</ele>
   </trkpt>
   <trkpt lat="45.8632580" lon="6.4659360">
    <ele>1621.0</ele>
   </trkpt>
   <trkpt lat="45.8632970" lon="6.4659580">
    <ele>1621.4</ele>
   </trkpt>
   <trkpt lat="45.8633520" lon="6.4659790">
    <ele>1622.2</ele>
   </trkpt>
   <trkpt lat="45.8633940" lon="6.4660150">
    <ele>1623.0</ele>
   </trkpt>
   <trkpt lat="45.8634030" lon="6.4660350">
    <ele>1623.2</ele>
   </trkpt>
   <trkpt lat="45.8634160" lon="6.4660510">
    <ele>1623.4</ele>
   </trkpt>
   <trkpt lat="45.8634280" lon="6.4660960">
    <ele>1623.8</ele>
   </trkpt>
   <trkpt lat="45.8634270" lon="6.4661160">
    <ele>1624.0</ele>
   </trkpt>
   <trkpt lat="45.8634210" lon="6.4661390">
    <ele>1624.6</ele>
   </trkpt>
   <trkpt lat="45.8633960" lon="6.4662380">
    <ele>1625.8</ele>
   </trkpt>
   <trkpt lat="45.8633670" lon="6.4663040">
    <ele>1626.4</ele>
   </trkpt>
   <trkpt lat="45.8633570" lon="6.4663210">
    <ele>1627.0</ele>
   </trkpt>
   <trkpt lat="45.8633370" lon="6.4663820">
    <ele>1628.0</ele>
   </trkpt>
   <trkpt lat="45.8633190" lon="6.4664300">
    <ele>1629.0</ele>
   </trkpt>
   <trkpt lat="45.8633130" lon="6.4664520">
    <ele>1629.4</ele>
   </trkpt>
   <trkpt lat="45.8632930" lon="6.4665050">
    <ele>1630.6</ele>
   </trkpt>
   <trkpt lat="45.8632800" lon="6.4665400">
    <ele>1631.8</ele>
   </trkpt>
   <trkpt lat="45.8632590" lon="6.4665740">
    <ele>1632.6</ele>
   </trkpt>
   <trkpt lat="45.8632530" lon="6.4665840">
    <ele>1633.0</ele>
   </trkpt>
   <trkpt lat="45.8632130" lon="6.4666460">
    <ele>1634.2</ele>
   </trkpt>
   <trkpt lat="45.8632110" lon="6.4666780">
    <ele>1634.4</ele>
   </trkpt>
   <trkpt lat="45.8632180" lon="6.4667110">
    <ele>1634.2</ele>
   </trkpt>
   <trkpt lat="45.8633420" lon="6.4668220">
    <ele>1633.6</ele>
   </trkpt>
   <trkpt lat="45.8634910" lon="6.4669610">
    <ele>1633.2</ele>
   </trkpt>
   <trkpt lat="45.8635820" lon="6.4670230">
    <ele>1632.6</ele>
   </trkpt>
   <trkpt lat="45.8637470" lon="6.4670300">
    <ele>1631.8</ele>
   </trkpt>
   <trkpt lat="45.8637870" lon="6.4670380">
    <ele>1631.4</ele>
   </trkpt>
   <trkpt lat="45.8639010" lon="6.4670810">
    <ele>1630.2</ele>
   </trkpt>
   <trkpt lat="45.8639390" lon="6.4670940">
    <ele>1629.6</ele>
   </trkpt>
   <trkpt lat="45.8640680" lon="6.4671580">
    <ele>1629.0</ele>
   </trkpt>
   <trkpt lat="45.8641910" lon="6.4672460">
    <ele>1627.8</ele>
   </trkpt>
   <trkpt lat="45.8642200" lon="6.4672720">
    <ele>1627.4</ele>
   </trkpt>
   <trkpt lat="45.8643600" lon="6.4674440">
    <ele>1626.8</ele>
   </trkpt>
   <trkpt lat="45.8643870" lon="6.4674880">
    <ele>1626.8</ele>
   </trkpt>
   <trkpt lat="45.8644100" lon="6.4675290">
    <ele>1626.4</ele>
   </trkpt>
   <trkpt lat="45.8644970" lon="6.4677410">
    <ele>1625.6</ele>
   </trkpt>
   <trkpt lat="45.8645120" lon="6.4677870">
    <ele>1625.6</ele>
   </trkpt>
   <trkpt lat="45.8645600" lon="6.4679220">
    <ele>1625.2</ele>
   </trkpt>
   <trkpt lat="45.8646180" lon="6.4681140">
    <ele>1624.6</ele>
   </trkpt>
   <trkpt lat="45.8646560" lon="6.4682610">
    <ele>1624.0</ele>
   </trkpt>
   <trkpt lat="45.8646950" lon="6.4685370">
    <ele>1623.2</ele>
   </trkpt>
   <trkpt lat="45.8647360" lon="6.4687960">
    <ele>1624.0</ele>
   </trkpt>
   <trkpt lat="45.8647900" lon="6.4690560">
    <ele>1624.4</ele>
   </trkpt>
   <trkpt lat="45.8648090" lon="6.4691300">
    <ele>1624.8</ele>
   </trkpt>
   <trkpt lat="45.8648370" lon="6.4692620">
    <ele>1625.4</ele>
   </trkpt>
   <trkpt lat="45.8648600" lon="6.4693230">
    <ele>1626.4</ele>
   </trkpt>
   <trkpt lat="45.8648770" lon="6.4693530">
    <ele>1626.8</ele>
   </trkpt>
   <trkpt lat="45.8649190" lon="6.4694600">
    <ele>1628.0</ele>
   </trkpt>
   <trkpt lat="45.8649050" lon="6.4694710">
    <ele>1628.4</ele>
   </trkpt>
   <trkpt lat="45.8647720" lon="6.4694280">
    <ele>1628.4</ele>
   </trkpt>
   <trkpt lat="45.8646880" lon="6.4694050">
    <ele>1627.0</ele>
   </trkpt>
   <trkpt lat="45.8645430" lon="6.4693640">
    <ele>1625.6</ele>
   </trkpt>
   <trkpt lat="45.8644970" lon="6.4693500">
    <ele>1625.2</ele>
   </trkpt>
   <trkpt lat="45.8643870" lon="6.4693670">
    <ele>1624.8</ele>
   </trkpt>
   <trkpt lat="45.8643670" lon="6.4693970">
    <ele>1625.0</ele>
   </trkpt>
   <trkpt lat="45.8642680" lon="6.4696330">
    <ele>1625.4</ele>
   </trkpt>
   <trkpt lat="45.8641800" lon="6.4698680">
    <ele>1624.6</ele>
   </trkpt>
   <trkpt lat="45.8641440" lon="6.4699410">
    <ele>1623.6</ele>
   </trkpt>
   <trkpt lat="45.8641170" lon="6.4699650">
    <ele>1623.4</ele>
   </trkpt>
   <trkpt lat="45.8640530" lon="6.4699980">
    <ele>1622.2</ele>
   </trkpt>
   <trkpt lat="45.8640140" lon="6.4700030">
    <ele>1621.6</ele>
   </trkpt>
   <trkpt lat="45.8639750" lon="6.4700000">
    <ele>1620.6</ele>
   </trkpt>
   <trkpt lat="45.8639030" lon="6.4699910">
    <ele>1619.0</ele>
   </trkpt>
   <trkpt lat="45.8638310" lon="6.4699840">
    <ele>1617.8</ele>
   </trkpt>
   <trkpt lat="45.8637670" lon="6.4699760">
    <ele>1617.0</ele>
   </trkpt>
   <trkpt lat="45.8637420" lon="6.4699730">
    <ele>1616.6</ele>
   </trkpt>
   <trkpt lat="45.8636550" lon="6.4699910">
    <ele>1615.6</ele>
   </trkpt>
   <trkpt lat="45.8636290" lon="6.4699870">
    <ele>1615.2</ele>
   </trkpt>
   <trkpt lat="45.8636080" lon="6.4699800">
    <ele>1614.6</ele>
   </trkpt>
   <trkpt lat="45.8635870" lon="6.4699870">
    <ele>1614.0</ele>
   </trkpt>
   <trkpt lat="45.8635600" lon="6.4699950">
    <ele>1613.4</ele>
   </trkpt>
   <trkpt lat="45.8635090" lon="6.4700040">
    <ele>1612.0</ele>
   </trkpt>
   <trkpt lat="45.8634770" lon="6.4700050">
    <ele>1611.0</ele>
   </trkpt>
   <trkpt lat="45.8634400" lon="6.4700130">
    <ele>1609.6</ele>
   </trkpt>
   <trkpt lat="45.8634050" lon="6.4700180">
    <ele>1608.4</ele>
   </trkpt>
   <trkpt lat="45.8633720" lon="6.4700170">
    <ele>1607.4</ele>
   </trkpt>
   <trkpt lat="45.8633400" lon="6.4700140">
    <ele>1606.6</ele>
   </trkpt>
   <trkpt lat="45.8633050" lon="6.4700090">
    <ele>1606.0</ele>
   </trkpt>
   <trkpt lat="45.8632340" lon="6.4700090">
    <ele>1603.4</ele>
   </trkpt>
   <trkpt lat="45.8631630" lon="6.4700120">
    <ele>1601.4</ele>
   </trkpt>
   <trkpt lat="45.8630860" lon="6.4700430">
    <ele>1599.6</ele>
   </trkpt>
   <trkpt lat="45.8630490" lon="6.4700530">
    <ele>1598.6</ele>
   </trkpt>
   <trkpt lat="45.8630110" lon="6.4700700">
    <ele>1597.6</ele>
   </trkpt>
   <trkpt lat="45.8629760" lon="6.4700910">
    <ele>1596.4</ele>
   </trkpt>
   <trkpt lat="45.8629140" lon="6.4701620">
    <ele>1594.6</ele>
   </trkpt>
   <trkpt lat="45.8628560" lon="6.4702030">
    <ele>1593.0</ele>
   </trkpt>
   <trkpt lat="45.8627960" lon="6.4702300">
    <ele>1591.6</ele>
   </trkpt>
   <trkpt lat="45.8627670" lon="6.4702370">
    <ele>1591.4</ele>
   </trkpt>
   <trkpt lat="45.8626940" lon="6.4702500">
    <ele>1590.0</ele>
   </trkpt>
   <trkpt lat="45.8626580" lon="6.4702540">
    <ele>1589.0</ele>
   </trkpt>
   <trkpt lat="45.8625920" lon="6.4702810">
    <ele>1587.4</ele>
   </trkpt>
   <trkpt lat="45.8625590" lon="6.4703010">
    <ele>1586.6</ele>
   </trkpt>
   <trkpt lat="45.8625260" lon="6.4703150">
    <ele>1586.2</ele>
   </trkpt>
   <trkpt lat="45.8624920" lon="6.4703030">
    <ele>1585.4</ele>
   </trkpt>
   <trkpt lat="45.8624660" lon="6.4702830">
    <ele>1584.6</ele>
   </trkpt>
   <trkpt lat="45.8624160" lon="6.4702470">
    <ele>1583.6</ele>
   </trkpt>
   <trkpt lat="45.8623500" lon="6.4702360">
    <ele>1582.8</ele>
   </trkpt>
   <trkpt lat="45.8623170" lon="6.4702520">
    <ele>1582.6</ele>
   </trkpt>
   <trkpt lat="45.8622010" lon="6.4703440">
    <ele>1581.0</ele>
   </trkpt>
   <trkpt lat="45.8621200" lon="6.4703720">
    <ele>1579.8</ele>
   </trkpt>
   <trkpt lat="45.8620810" lon="6.4704170">
    <ele>1579.2</ele>
   </trkpt>
   <trkpt lat="45.8620500" lon="6.4704520">
    <ele>1578.6</ele>
   </trkpt>
   <trkpt lat="45.8619960" lon="6.4704970">
    <ele>1577.4</ele>
   </trkpt>
   <trkpt lat="45.8619130" lon="6.4705220">
    <ele>1576.4</ele>
   </trkpt>
   <trkpt lat="45.8618960" lon="6.4705080">
    <ele>1576.2</ele>
   </trkpt>
   <trkpt lat="45.8618210" lon="6.4704930">
    <ele>1576.0</ele>
   </trkpt>
   <trkpt lat="45.8616920" lon="6.4704180">
    <ele>1575.8</ele>
   </trkpt>
   <trkpt lat="45.8616080" lon="6.4704300">
    <ele>1575.8</ele>
   </trkpt>
   <trkpt lat="45.8615740" lon="6.4704630">
    <ele>1575.8</ele>
   </trkpt>
   <trkpt lat="45.8615500" lon="6.4704880">
    <ele>1575.6</ele>
   </trkpt>
   <trkpt lat="45.8615220" lon="6.4705200">
    <ele>1575.0</ele>
   </trkpt>
   <trkpt lat="45.8614500" lon="6.4705640">
    <ele>1573.8</ele>
   </trkpt>
   <trkpt lat="45.8613730" lon="6.4705770">
    <ele>1572.2</ele>
   </trkpt>
   <trkpt lat="45.8613040" lon="6.4705730">
    <ele>1570.6</ele>
   </trkpt>
   <trkpt lat="45.8612660" lon="6.4705760">
    <ele>1569.6</ele>
   </trkpt>
   <trkpt lat="45.8611940" lon="6.4705780">
    <ele>1568.2</ele>
   </trkpt>
   <trkpt lat="45.8611650" lon="6.4705730">
    <ele>1567.8</ele>
   </trkpt>
   <trkpt lat="45.8611430" lon="6.4705740">
    <ele>1566.8</ele>
   </trkpt>
   <trkpt lat="45.8610990" lon="6.4706100">
    <ele>1565.0</ele>
   </trkpt>
   <trkpt lat="45.8611000" lon="6.4706350">
    <ele>1564.4</ele>
   </trkpt>
   <trkpt lat="45.8611010" lon="6.4706530">
    <ele>1563.6</ele>
   </trkpt>
   <trkpt lat="45.8610730" lon="6.4706970">
    <ele>1562.2</ele>
   </trkpt>
   <trkpt lat="45.8610570" lon="6.4707390">
    <ele>1561.6</ele>
   </trkpt>
   <trkpt lat="45.8610620" lon="6.4707780">
    <ele>1560.4</ele>
   </trkpt>
   <trkpt lat="45.8611040" lon="6.4708920">
    <ele>1559.0</ele>
   </trkpt>
   <trkpt lat="45.8611470" lon="6.4709860">
    <ele>1557.6</ele>
   </trkpt>
   <trkpt lat="45.8611850" lon="6.4710790">
    <ele>1556.0</ele>
   </trkpt>
   <trkpt lat="45.8611860" lon="6.4710930">
    <ele>1555.6</ele>
   </trkpt>
   <trkpt lat="45.8611660" lon="6.4711020">
    <ele>1554.8</ele>
   </trkpt>
   <trkpt lat="45.8611150" lon="6.4710870">
    <ele>1554.2</ele>
   </trkpt>
   <trkpt lat="45.8610220" lon="6.4710230">
    <ele>1553.8</ele>
   </trkpt>
   <trkpt lat="45.8609830" lon="6.4709990">
    <ele>1553.8</ele>
   </trkpt>
   <trkpt lat="45.8608200" lon="6.4709630">
    <ele>1553.6</ele>
   </trkpt>
   <trkpt lat="45.8607190" lon="6.4709980">
    <ele>1553.6</ele>
   </trkpt>
   <trkpt lat="45.8605790" lon="6.4709880">
    <ele>1552.6</ele>
   </trkpt>
   <trkpt lat="45.8605460" lon="6.4709790">
    <ele>1552.2</ele>
   </trkpt>
   <trkpt lat="45.8603660" lon="6.4709180">
    <ele>1551.8</ele>
   </trkpt>
   <trkpt lat="45.8602380" lon="6.4708780">
    <ele>1551.4</ele>
   </trkpt>
   <trkpt lat="45.8601870" lon="6.4708310">
    <ele>1551.2</ele>
   </trkpt>
   <trkpt lat="45.8600930" lon="6.4706210">
    <ele>1551.2</ele>
   </trkpt>
   <trkpt lat="45.8600280" lon="6.4703380">
    <ele>1550.6</ele>
   </trkpt>
   <trkpt lat="45.8599610" lon="6.4701120">
    <ele>1550.4</ele>
   </trkpt>
   <trkpt lat="45.8598740" lon="6.4698650">
    <ele>1550.4</ele>
   </trkpt>
   <trkpt lat="45.8598230" lon="6.4697560">
    <ele>1551.4</ele>
   </trkpt>
   <trkpt lat="45.8598110" lon="6.4697280">
    <ele>1551.8</ele>
   </trkpt>
   <trkpt lat="45.8597860" lon="6.4696940">
    <ele>1552.2</ele>
   </trkpt>
   <trkpt lat="45.8597220" lon="6.4696700">
    <ele>1552.4</ele>
   </trkpt>
   <trkpt lat="45.8595390" lon="6.4697020">
    <ele>1552.2</ele>
   </trkpt>
   <trkpt lat="45.8595080" lon="6.4697080">
    <ele>1552.2</ele>
   </trkpt>
   <trkpt lat="45.8593140" lon="6.4696870">
    <ele>1552.8</ele>
   </trkpt>
   <trkpt lat="45.8592410" lon="6.4696820">
    <ele>1552.8</ele>
   </trkpt>
   <trkpt lat="45.8590620" lon="6.4696190">
    <ele>1552.8</ele>
   </trkpt>
   <trkpt lat="45.8589960" lon="6.4696180">
    <ele>1552.8</ele>
   </trkpt>
   <trkpt lat="45.8589190" lon="6.4696390">
    <ele>1553.6</ele>
   </trkpt>
   <trkpt lat="45.8587870" lon="6.4697130">
    <ele>1553.8</ele>
   </trkpt>
   <trkpt lat="45.8586690" lon="6.4697410">
    <ele>1554.2</ele>
   </trkpt>
   <trkpt lat="45.8586450" lon="6.4697490">
    <ele>1554.4</ele>
   </trkpt>
   <trkpt lat="45.8585900" lon="6.4697550">
    <ele>1554.8</ele>
   </trkpt>
   <trkpt lat="45.8585650" lon="6.4697560">
    <ele>1554.8</ele>
   </trkpt>
   <trkpt lat="45.8583990" lon="6.4697230">
    <ele>1554.4</ele>
   </trkpt>
   <trkpt lat="45.8583730" lon="6.4696930">
    <ele>1554.4</ele>
   </trkpt>
   <trkpt lat="45.8582290" lon="6.4695160">
    <ele>1554.0</ele>
   </trkpt>
   <trkpt lat="45.8582000" lon="6.4694930">
    <ele>1553.8</ele>
   </trkpt>
   <trkpt lat="45.8581690" lon="6.4694570">
    <ele>1553.4</ele>
   </trkpt>
   <trkpt lat="45.8580980" lon="6.4693180">
    <ele>1553.0</ele>
   </trkpt>
   <trkpt lat="45.8579300" lon="6.4691750">
    <ele>1553.2</ele>
   </trkpt>
   <trkpt lat="45.8579050" lon="6.4691670">
    <ele>1553.2</ele>
   </trkpt>
   <trkpt lat="45.8577740" lon="6.4689710">
    <ele>1553.0</ele>
   </trkpt>
   <trkpt lat="45.8576700" lon="6.4687360">
    <ele>1553.4</ele>
   </trkpt>
   <trkpt lat="45.8575890" lon="6.4685920">
    <ele>1552.8</ele>
   </trkpt>
   <trkpt lat="45.8575530" lon="6.4685720">
    <ele>1552.8</ele>
   </trkpt>
   <trkpt lat="45.8575130" lon="6.4685680">
    <ele>1552.6</ele>
   </trkpt>
   <trkpt lat="45.8574400" lon="6.4685970">
    <ele>1552.2</ele>
   </trkpt>
   <trkpt lat="45.8574010" lon="6.4686190">
    <ele>1552.2</ele>
   </trkpt>
   <trkpt lat="45.8573070" lon="6.4687010">
    <ele>1552.0</ele>
   </trkpt>
   <trkpt lat="45.8572080" lon="6.4687590">
    <ele>1552.0</ele>
   </trkpt>
   <trkpt lat="45.8570870" lon="6.4687320">
    <ele>1552.6</ele>
   </trkpt>
   <trkpt lat="45.8569770" lon="6.4685760">
    <ele>1552.6</ele>
   </trkpt>
   <trkpt lat="45.8568840" lon="6.4683590">
    <ele>1552.8</ele>
   </trkpt>
   <trkpt lat="45.8568220" lon="6.4681830">
    <ele>1553.0</ele>
   </trkpt>
   <trkpt lat="45.8568160" lon="6.4681430">
    <ele>1553.4</ele>
   </trkpt>
   <trkpt lat="45.8568290" lon="6.4679680">
    <ele>1554.4</ele>
   </trkpt>
   <trkpt lat="45.8568160" lon="6.4679310">
    <ele>1554.6</ele>
   </trkpt>
   <trkpt lat="45.8568050" lon="6.4678150">
    <ele>1555.0</ele>
   </trkpt>
   <trkpt lat="45.8567830" lon="6.4677120">
    <ele>1555.8</ele>
   </trkpt>
   <trkpt lat="45.8567550" lon="6.4675830">
    <ele>1556.8</ele>
   </trkpt>
   <trkpt lat="45.8567540" lon="6.4675410">
    <ele>1557.0</ele>
   </trkpt>
   <trkpt lat="45.8567180" lon="6.4674070">
    <ele>1558.0</ele>
   </trkpt>
   <trkpt lat="45.8567080" lon="6.4673730">
    <ele>1558.4</ele>
   </trkpt>
   <trkpt lat="45.8566850" lon="6.4672610">
    <ele>1559.2</ele>
   </trkpt>
   <trkpt lat="45.8566390" lon="6.4671740">
    <ele>1559.8</ele>
   </trkpt>
   <trkpt lat="45.8565600" lon="6.4670830">
    <ele>1560.2</ele>
   </trkpt>
   <trkpt lat="45.8565060" lon="6.4670610">
    <ele>1560.6</ele>
   </trkpt>
   <trkpt lat="45.8563510" lon="6.4670170">
    <ele>1561.8</ele>
   </trkpt>
   <trkpt lat="45.8562880" lon="6.4670250">
    <ele>1562.4</ele>
   </trkpt>
   <trkpt lat="45.8562310" lon="6.4670380">
    <ele>1563.0</ele>
   </trkpt>
   <trkpt lat="45.8561450" lon="6.4670560">
    <ele>1564.0</ele>
   </trkpt>
   <trkpt lat="45.8561160" lon="6.4670540">
    <ele>1564.2</ele>
   </trkpt>
   <trkpt lat="45.8560470" lon="6.4670240">
    <ele>1565.2</ele>
   </trkpt>
   <trkpt lat="45.8559760" lon="6.4669510">
    <ele>1566.2</ele>
   </trkpt>
   <trkpt lat="45.8559610" lon="6.4669200">
    <ele>1566.4</ele>
   </trkpt>
   <trkpt lat="45.8559540" lon="6.4668900">
    <ele>1566.6</ele>
   </trkpt>
   <trkpt lat="45.8559320" lon="6.4667910">
    <ele>1567.4</ele>
   </trkpt>
   <trkpt lat="45.8559170" lon="6.4667590">
    <ele>1567.6</ele>
   </trkpt>
   <trkpt lat="45.8558130" lon="6.4666560">
    <ele>1568.6</ele>
   </trkpt>
   <trkpt lat="45.8557930" lon="6.4666530">
    <ele>1568.8</ele>
   </trkpt>
   <trkpt lat="45.8556800" lon="6.4666150">
    <ele>1570.0</ele>
   </trkpt>
   <trkpt lat="45.8555690" lon="6.4665510">
    <ele>1571.0</ele>
   </trkpt>
   <trkpt lat="45.8555040" lon="6.4665190">
    <ele>1571.8</ele>
   </trkpt>
   <trkpt lat="45.8554780" lon="6.4665030">
    <ele>1572.0</ele>
   </trkpt>
   <trkpt lat="45.8553510" lon="6.4664510">
    <ele>1573.0</ele>
   </trkpt>
   <trkpt lat="45.8553260" lon="6.4664470">
    <ele>1573.2</ele>
   </trkpt>
   <trkpt lat="45.8552900" lon="6.4664360">
    <ele>1573.8</ele>
   </trkpt>
   <trkpt lat="45.8552530" lon="6.4664240">
    <ele>1574.6</ele>
   </trkpt>
   <trkpt lat="45.8551640" lon="6.4664150">
    <ele>1575.2</ele>
   </trkpt>
   <trkpt lat="45.8551190" lon="6.4663910">
    <ele>1575.8</ele>
   </trkpt>
   <trkpt lat="45.8550260" lon="6.4663500">
    <ele>1576.8</ele>
   </trkpt>
   <trkpt lat="45.8549120" lon="6.4662920">
    <ele>1578.0</ele>
   </trkpt>
   <trkpt lat="45.8548160" lon="6.4662460">
    <ele>1579.0</ele>
   </trkpt>
   <trkpt lat="45.8547080" lon="6.4661890">
    <ele>1580.2</ele>
   </trkpt>
   <trkpt lat="45.8546890" lon="6.4661800">
    <ele>1580.4</ele>
   </trkpt>
   <trkpt lat="45.8546380" lon="6.4661570">
    <ele>1581.2</ele>
   </trkpt>
   <trkpt lat="45.8545470" lon="6.4661060">
    <ele>1582.4</ele>
   </trkpt>
   <trkpt lat="45.8545240" lon="6.4660940">
    <ele>1582.4</ele>
   </trkpt>
   <trkpt lat="45.8544490" lon="6.4660260">
    <ele>1583.6</ele>
   </trkpt>
   <trkpt lat="45.8544330" lon="6.4660100">
    <ele>1583.8</ele>
   </trkpt>
   <trkpt lat="45.8543410" lon="6.4659730">
    <ele>1584.6</ele>
   </trkpt>
   <trkpt lat="45.8542860" lon="6.4659820">
    <ele>1585.2</ele>
   </trkpt>
   <trkpt lat="45.8542110" lon="6.4659950">
    <ele>1585.8</ele>
   </trkpt>
   <trkpt lat="45.8541320" lon="6.4660200">
    <ele>1586.8</ele>
   </trkpt>
   <trkpt lat="45.8540860" lon="6.4660160">
    <ele>1587.4</ele>
   </trkpt>
   <trkpt lat="45.8540200" lon="6.4660260">
    <ele>1588.0</ele>
   </trkpt>
   <trkpt lat="45.8539510" lon="6.4660270">
    <ele>1588.8</ele>
   </trkpt>
   <trkpt lat="45.8539260" lon="6.4660200">
    <ele>1589.2</ele>
   </trkpt>
   <trkpt lat="45.8538410" lon="6.4660170">
    <ele>1590.2</ele>
   </trkpt>
   <trkpt lat="45.8537840" lon="6.4660120">
    <ele>1590.8</ele>
   </trkpt>
   <trkpt lat="45.8537360" lon="6.4660270">
    <ele>1591.2</ele>
   </trkpt>
   <trkpt lat="45.8536220" lon="6.4660870">
    <ele>1592.2</ele>
   </trkpt>
   <trkpt lat="45.8535980" lon="6.4661090">
    <ele>1592.6</ele>
   </trkpt>
   <trkpt lat="45.8534880" lon="6.4662430">
    <ele>1593.6</ele>
   </trkpt>
   <trkpt lat="45.8534580" lon="6.4663070">
    <ele>1594.0</ele>
   </trkpt>
   <trkpt lat="45.8534100" lon="6.4664710">
    <ele>1594.8</ele>
   </trkpt>
   <trkpt lat="45.8534060" lon="6.4665320">
    <ele>1595.0</ele>
   </trkpt>
   <trkpt lat="45.8533910" lon="6.4666300">
    <ele>1596.2</ele>
   </trkpt>
   <trkpt lat="45.8533620" lon="6.4667590">
    <ele>1597.2</ele>
   </trkpt>
   <trkpt lat="45.8533520" lon="6.4667910">
    <ele>1597.4</ele>
   </trkpt>
   <trkpt lat="45.8532670" lon="6.4669620">
    <ele>1598.4</ele>
   </trkpt>
   <trkpt lat="45.8532330" lon="6.4670080">
    <ele>1599.0</ele>
   </trkpt>
   <trkpt lat="45.8532070" lon="6.4670590">
    <ele>1599.8</ele>
   </trkpt>
   <trkpt lat="45.8531210" lon="6.4671910">
    <ele>1601.0</ele>
   </trkpt>
   <trkpt lat="45.8530260" lon="6.4673650">
    <ele>1602.0</ele>
   </trkpt>
   <trkpt lat="45.8529980" lon="6.4674190">
    <ele>1602.0</ele>
   </trkpt>
   <trkpt lat="45.8529810" lon="6.4674580">
    <ele>1602.2</ele>
   </trkpt>
   <trkpt lat="45.8528770" lon="6.4675960">
    <ele>1603.0</ele>
   </trkpt>
   <trkpt lat="45.8528570" lon="6.4676180">
    <ele>1603.2</ele>
   </trkpt>
   <trkpt lat="45.8528420" lon="6.4676330">
    <ele>1603.4</ele>
   </trkpt>
   <trkpt lat="45.8527780" lon="6.4677400">
    <ele>1604.4</ele>
   </trkpt>
   <trkpt lat="45.8527590" lon="6.4677600">
    <ele>1604.6</ele>
   </trkpt>
   <trkpt lat="45.8527110" lon="6.4678900">
    <ele>1605.4</ele>
   </trkpt>
   <trkpt lat="45.8526790" lon="6.4679810">
    <ele>1606.4</ele>
   </trkpt>
   <trkpt lat="45.8526380" lon="6.4681100">
    <ele>1607.6</ele>
   </trkpt>
   <trkpt lat="45.8526260" lon="6.4681420">
    <ele>1608.0</ele>
   </trkpt>
   <trkpt lat="45.8525960" lon="6.4682330">
    <ele>1608.8</ele>
   </trkpt>
   <trkpt lat="45.8525620" lon="6.4683080">
    <ele>1610.0</ele>
   </trkpt>
   <trkpt lat="45.8525260" lon="6.4683680">
    <ele>1610.4</ele>
   </trkpt>
   <trkpt lat="45.8525040" lon="6.4684100">
    <ele>1611.6</ele>
   </trkpt>
   <trkpt lat="45.8524800" lon="6.4684620">
    <ele>1612.8</ele>
   </trkpt>
   <trkpt lat="45.8524500" lon="6.4686050">
    <ele>1613.4</ele>
   </trkpt>
   <trkpt lat="45.8524310" lon="6.4687050">
    <ele>1613.8</ele>
   </trkpt>
   <trkpt lat="45.8523990" lon="6.4688560">
    <ele>1615.0</ele>
   </trkpt>
   <trkpt lat="45.8523560" lon="6.4689860">
    <ele>1615.8</ele>
   </trkpt>
   <trkpt lat="45.8523390" lon="6.4690500">
    <ele>1616.2</ele>
   </trkpt>
   <trkpt lat="45.8523040" lon="6.4691020">
    <ele>1616.6</ele>
   </trkpt>
   <trkpt lat="45.8522410" lon="6.4691450">
    <ele>1617.2</ele>
   </trkpt>
   <trkpt lat="45.8521970" lon="6.4691290">
    <ele>1618.0</ele>
   </trkpt>
   <trkpt lat="45.8521740" lon="6.4691100">
    <ele>1618.4</ele>
   </trkpt>
   <trkpt lat="45.8521610" lon="6.4690830">
    <ele>1618.8</ele>
   </trkpt>
   <trkpt lat="45.8521560" lon="6.4689540">
    <ele>1619.2</ele>
   </trkpt>
   <trkpt lat="45.8521600" lon="6.4689150">
    <ele>1619.2</ele>
   </trkpt>
   <trkpt lat="45.8521720" lon="6.4688340">
    <ele>1619.6</ele>
   </trkpt>
   <trkpt lat="45.8521670" lon="6.4686590">
    <ele>1620.4</ele>
   </trkpt>
   <trkpt lat="45.8521580" lon="6.4686360">
    <ele>1620.8</ele>
   </trkpt>
   <trkpt lat="45.8521420" lon="6.4686190">
    <ele>1621.2</ele>
   </trkpt>
   <trkpt lat="45.8520980" lon="6.4686230">
    <ele>1621.8</ele>
   </trkpt>
   <trkpt lat="45.8520760" lon="6.4686350">
    <ele>1622.2</ele>
   </trkpt>
   <trkpt lat="45.8519860" lon="6.4686780">
    <ele>1623.2</ele>
   </trkpt>
   <trkpt lat="45.8519400" lon="6.4687020">
    <ele>1623.8</ele>
   </trkpt>
   <trkpt lat="45.8518890" lon="6.4687240">
    <ele>1624.2</ele>
   </trkpt>
   <trkpt lat="45.8517890" lon="6.4687750">
    <ele>1625.4</ele>
   </trkpt>
   <trkpt lat="45.8517350" lon="6.4688060">
    <ele>1625.6</ele>
   </trkpt>
   <trkpt lat="45.8515920" lon="6.4689120">
    <ele>1626.8</ele>
   </trkpt>
   <trkpt lat="45.8515540" lon="6.4689550">
    <ele>1627.4</ele>
   </trkpt>
   <trkpt lat="45.8515030" lon="6.4690440">
    <ele>1627.8</ele>
   </trkpt>
   <trkpt lat="45.8514590" lon="6.4691340">
    <ele>1628.6</ele>
   </trkpt>
   <trkpt lat="45.8514460" lon="6.4691630">
    <ele>1629.0</ele>
   </trkpt>
   <trkpt lat="45.8513810" lon="6.4692930">
    <ele>1630.2</ele>
   </trkpt>
   <trkpt lat="45.8512760" lon="6.4694690">
    <ele>1631.0</ele>
   </trkpt>
   <trkpt lat="45.8512600" lon="6.4694980">
    <ele>1631.8</ele>
   </trkpt>
   <trkpt lat="45.8511780" lon="6.4696950">
    <ele>1632.4</ele>
   </trkpt>
   <trkpt lat="45.8511660" lon="6.4697670">
    <ele>1632.4</ele>
   </trkpt>
   <trkpt lat="45.8511850" lon="6.4699870">
    <ele>1633.2</ele>
   </trkpt>
   <trkpt lat="45.8511860" lon="6.4700280">
    <ele>1633.4</ele>
   </trkpt>
   <trkpt lat="45.8511410" lon="6.4702780">
    <ele>1633.8</ele>
   </trkpt>
   <trkpt lat="45.8511210" lon="6.4703150">
    <ele>1633.8</ele>
   </trkpt>
   <trkpt lat="45.8509820" lon="6.4705280">
    <ele>1633.6</ele>
   </trkpt>
   <trkpt lat="45.8509600" lon="6.4705610">
    <ele>1633.4</ele>
   </trkpt>
   <trkpt lat="45.8508740" lon="6.4708160">
    <ele>1632.4</ele>
   </trkpt>
   <trkpt lat="45.8508580" lon="6.4709020">
    <ele>1632.0</ele>
   </trkpt>
   <trkpt lat="45.8508060" lon="6.4711480">
    <ele>1631.4</ele>
   </trkpt>
   <trkpt lat="45.8507700" lon="6.4712890">
    <ele>1631.4</ele>
   </trkpt>
   <trkpt lat="45.8507390" lon="6.4714460">
    <ele>1631.0</ele>
   </trkpt>
   <trkpt lat="45.8506750" lon="6.4717250">
    <ele>1630.0</ele>
   </trkpt>
   <trkpt lat="45.8506630" lon="6.4717750">
    <ele>1629.8</ele>
   </trkpt>
   <trkpt lat="45.8506490" lon="6.4718230">
    <ele>1629.8</ele>
   </trkpt>
   <trkpt lat="45.8505750" lon="6.4720900">
    <ele>1629.0</ele>
   </trkpt>
   <trkpt lat="45.8505620" lon="6.4721460">
    <ele>1628.6</ele>
   </trkpt>
   <trkpt lat="45.8505460" lon="6.4722980">
    <ele>1628.0</ele>
   </trkpt>
   <trkpt lat="45.8505460" lon="6.4723910">
    <ele>1627.6</ele>
   </trkpt>
   <trkpt lat="45.8505380" lon="6.4726440">
    <ele>1627.0</ele>
   </trkpt>
   <trkpt lat="45.8505240" lon="6.4728130">
    <ele>1626.6</ele>
   </trkpt>
   <trkpt lat="45.8505060" lon="6.4730870">
    <ele>1626.0</ele>
   </trkpt>
   <trkpt lat="45.8505040" lon="6.4731940">
    <ele>1625.4</ele>
   </trkpt>
   <trkpt lat="45.8505080" lon="6.4734560">
    <ele>1624.0</ele>
   </trkpt>
   <trkpt lat="45.8505090" lon="6.4735730">
    <ele>1622.8</ele>
   </trkpt>
   <trkpt lat="45.8505290" lon="6.4737410">
    <ele>1621.4</ele>
   </trkpt>
   <trkpt lat="45.8505680" lon="6.4738920">
    <ele>1620.2</ele>
   </trkpt>
   <trkpt lat="45.8506250" lon="6.4740770">
    <ele>1619.6</ele>
   </trkpt>
   <trkpt lat="45.8506820" lon="6.4743740">
    <ele>1619.2</ele>
   </trkpt>
   <trkpt lat="45.8506860" lon="6.4744230">
    <ele>1618.6</ele>
   </trkpt>
   <trkpt lat="45.8506960" lon="6.4745220">
    <ele>1618.0</ele>
   </trkpt>
   <trkpt lat="45.8506920" lon="6.4747420">
    <ele>1616.8</ele>
   </trkpt>
   <trkpt lat="45.8506850" lon="6.4748510">
    <ele>1616.8</ele>
   </trkpt>
   <trkpt lat="45.8506440" lon="6.4750290">
    <ele>1616.8</ele>
   </trkpt>
   <trkpt lat="45.8506160" lon="6.4751230">
    <ele>1615.8</ele>
   </trkpt>
   <trkpt lat="45.8505690" lon="6.4752680">
    <ele>1614.6</ele>
   </trkpt>
   <trkpt lat="45.8504930" lon="6.4755120">
    <ele>1613.8</ele>
   </trkpt>
   <trkpt lat="45.8504790" lon="6.4755570">
    <ele>1613.4</ele>
   </trkpt>
   <trkpt lat="45.8504120" lon="6.4756680">
    <ele>1612.8</ele>
   </trkpt>
   <trkpt lat="45.8503810" lon="6.4756860">
    <ele>1612.4</ele>
   </trkpt>
   <trkpt lat="45.8503470" lon="6.4756820">
    <ele>1612.2</ele>
   </trkpt>
   <trkpt lat="45.8502930" lon="6.4756120">
    <ele>1611.6</ele>
   </trkpt>
   <trkpt lat="45.8502470" lon="6.4755140">
    <ele>1611.0</ele>
   </trkpt>
   <trkpt lat="45.8501870" lon="6.4753540">
    <ele>1609.8</ele>
   </trkpt>
   <trkpt lat="45.8501320" lon="6.4751910">
    <ele>1608.6</ele>
   </trkpt>
   <trkpt lat="45.8501180" lon="6.4751370">
    <ele>1608.2</ele>
   </trkpt>
   <trkpt lat="45.8500850" lon="6.4750310">
    <ele>1607.4</ele>
   </trkpt>
   <trkpt lat="45.8500390" lon="6.4748700">
    <ele>1606.2</ele>
   </trkpt>
   <trkpt lat="45.8499950" lon="6.4747030">
    <ele>1604.8</ele>
   </trkpt>
   <trkpt lat="45.8499760" lon="6.4745700">
    <ele>1603.6</ele>
   </trkpt>
   <trkpt lat="45.8499590" lon="6.4744540">
    <ele>1602.6</ele>
   </trkpt>
   <trkpt lat="45.8499330" lon="6.4743300">
    <ele>1601.8</ele>
   </trkpt>
   <trkpt lat="45.8499080" lon="6.4742640">
    <ele>1601.2</ele>
   </trkpt>
   <trkpt lat="45.8498640" lon="6.4741680">
    <ele>1600.2</ele>
   </trkpt>
   <trkpt lat="45.8498430" lon="6.4741180">
    <ele>1599.8</ele>
   </trkpt>
   <trkpt lat="45.8498250" lon="6.4740710">
    <ele>1599.6</ele>
   </trkpt>
   <trkpt lat="45.8497830" lon="6.4739730">
    <ele>1598.8</ele>
   </trkpt>
   <trkpt lat="45.8497330" lon="6.4738950">
    <ele>1597.8</ele>
   </trkpt>
   <trkpt lat="45.8496970" lon="6.4738610">
    <ele>1597.6</ele>
   </trkpt>
   <trkpt lat="45.8496560" lon="6.4738360">
    <ele>1597.4</ele>
   </trkpt>
   <trkpt lat="45.8495650" lon="6.4738170">
    <ele>1596.8</ele>
   </trkpt>
   <trkpt lat="45.8495200" lon="6.4738340">
    <ele>1596.4</ele>
   </trkpt>
   <trkpt lat="45.8494820" lon="6.4738600">
    <ele>1596.0</ele>
   </trkpt>
   <trkpt lat="45.8493820" lon="6.4739530">
    <ele>1595.4</ele>
   </trkpt>
   <trkpt lat="45.8493470" lon="6.4739680">
    <ele>1595.2</ele>
   </trkpt>
   <trkpt lat="45.8492680" lon="6.4739810">
    <ele>1595.2</ele>
   </trkpt>
   <trkpt lat="45.8491920" lon="6.4739380">
    <ele>1595.0</ele>
   </trkpt>
   <trkpt lat="45.8491290" lon="6.4738790">
    <ele>1594.6</ele>
   </trkpt>
   <trkpt lat="45.8491010" lon="6.4738380">
    <ele>1594.2</ele>
   </trkpt>
   <trkpt lat="45.8490540" lon="6.4737500">
    <ele>1593.6</ele>
   </trkpt>
   <trkpt lat="45.8490270" lon="6.4737060">
    <ele>1593.2</ele>
   </trkpt>
   <trkpt lat="45.8489010" lon="6.4734500">
    <ele>1591.8</ele>
   </trkpt>
   <trkpt lat="45.8488310" lon="6.4733180">
    <ele>1591.4</ele>
   </trkpt>
   <trkpt lat="45.8487950" lon="6.4732190">
    <ele>1591.0</ele>
   </trkpt>
   <trkpt lat="45.8487770" lon="6.4731630">
    <ele>1590.6</ele>
   </trkpt>
   <trkpt lat="45.8487670" lon="6.4731140">
    <ele>1590.4</ele>
   </trkpt>
   <trkpt lat="45.8487490" lon="6.4730170">
    <ele>1590.0</ele>
   </trkpt>
   <trkpt lat="45.8487310" lon="6.4729100">
    <ele>1589.8</ele>
   </trkpt>
   <trkpt lat="45.8487250" lon="6.4728540">
    <ele>1589.6</ele>
   </trkpt>
   <trkpt lat="45.8487160" lon="6.4727420">
    <ele>1589.2</ele>
   </trkpt>
   <trkpt lat="45.8487170" lon="6.4726900">
    <ele>1588.6</ele>
   </trkpt>
   <trkpt lat="45.8487180" lon="6.4725210">
    <ele>1587.6</ele>
   </trkpt>
   <trkpt lat="45.8487060" lon="6.4722490">
    <ele>1587.6</ele>
   </trkpt>
   <trkpt lat="45.8487000" lon="6.4721890">
    <ele>1587.4</ele>
   </trkpt>
   <trkpt lat="45.8486900" lon="6.4720190">
    <ele>1587.2</ele>
   </trkpt>
   <trkpt lat="45.8486830" lon="6.4718430">
    <ele>1586.8</ele>
   </trkpt>
   <trkpt lat="45.8486870" lon="6.4717310">
    <ele>1586.2</ele>
   </trkpt>
   <trkpt lat="45.8486870" lon="6.4716760">
    <ele>1586.0</ele>
   </trkpt>
   <trkpt lat="45.8486780" lon="6.4715030">
    <ele>1585.0</ele>
   </trkpt>
   <trkpt lat="45.8486550" lon="6.4712290">
    <ele>1584.2</ele>
   </trkpt>
   <trkpt lat="45.8486500" lon="6.4711700">
    <ele>1584.0</ele>
   </trkpt>
   <trkpt lat="45.8486490" lon="6.4711120">
    <ele>1583.8</ele>
   </trkpt>
   <trkpt lat="45.8486510" lon="6.4708760">
    <ele>1582.8</ele>
   </trkpt>
   <trkpt lat="45.8486540" lon="6.4708210">
    <ele>1582.6</ele>
   </trkpt>
   <trkpt lat="45.8486610" lon="6.4705340">
    <ele>1582.0</ele>
   </trkpt>
   <trkpt lat="45.8486550" lon="6.4704180">
    <ele>1581.8</ele>
   </trkpt>
   <trkpt lat="45.8486300" lon="6.4701330">
    <ele>1581.6</ele>
   </trkpt>
   <trkpt lat="45.8486130" lon="6.4699670">
    <ele>1581.4</ele>
   </trkpt>
   <trkpt lat="45.8486090" lon="6.4699170">
    <ele>1581.4</ele>
   </trkpt>
   <trkpt lat="45.8485800" lon="6.4696440">
    <ele>1580.6</ele>
   </trkpt>
   <trkpt lat="45.8485790" lon="6.4694340">
    <ele>1579.4</ele>
   </trkpt>
   <trkpt lat="45.8485770" lon="6.4693150">
    <ele>1579.2</ele>
   </trkpt>
   <trkpt lat="45.8485280" lon="6.4690340">
    <ele>1578.6</ele>
   </trkpt>
   <trkpt lat="45.8485190" lon="6.4689910">
    <ele>1578.2</ele>
   </trkpt>
   <trkpt lat="45.8485080" lon="6.4689380">
    <ele>1578.0</ele>
   </trkpt>
   <trkpt lat="45.8484840" lon="6.4688350">
    <ele>1577.2</ele>
   </trkpt>
   <trkpt lat="45.8484630" lon="6.4686010">
    <ele>1576.0</ele>
   </trkpt>
   <trkpt lat="45.8484680" lon="6.4685470">
    <ele>1575.8</ele>
   </trkpt>
   <trkpt lat="45.8484930" lon="6.4683590">
    <ele>1575.0</ele>
   </trkpt>
   <trkpt lat="45.8485080" lon="6.4681060">
    <ele>1574.0</ele>
   </trkpt>
   <trkpt lat="45.8485160" lon="6.4680520">
    <ele>1573.8</ele>
   </trkpt>
   <trkpt lat="45.8485560" lon="6.4679150">
    <ele>1573.0</ele>
   </trkpt>
   <trkpt lat="45.8485810" lon="6.4678770">
    <ele>1572.8</ele>
   </trkpt>
   <trkpt lat="45.8486100" lon="6.4678400">
    <ele>1572.6</ele>
   </trkpt>
   <trkpt lat="45.8486980" lon="6.4677280">
    <ele>1571.6</ele>
   </trkpt>
   <trkpt lat="45.8487280" lon="6.4676820">
    <ele>1571.6</ele>
   </trkpt>
   <trkpt lat="45.8487940" lon="6.4675570">
    <ele>1571.8</ele>
   </trkpt>
   <trkpt lat="45.8488110" lon="6.4674590">
    <ele>1571.8</ele>
   </trkpt>
   <trkpt lat="45.8488230" lon="6.4672980">
    <ele>1571.6</ele>
   </trkpt>
   <trkpt lat="45.8488060" lon="6.4670160">
    <ele>1571.0</ele>
   </trkpt>
   <trkpt lat="45.8487900" lon="6.4669760">
    <ele>1570.8</ele>
   </trkpt>
   <trkpt lat="45.8487730" lon="6.4669260">
    <ele>1570.4</ele>
   </trkpt>
   <trkpt lat="45.8487610" lon="6.4667820">
    <ele>1569.6</ele>
   </trkpt>
   <trkpt lat="45.8487700" lon="6.4667260">
    <ele>1569.4</ele>
   </trkpt>
   <trkpt lat="45.8487860" lon="6.4664490">
    <ele>1568.4</ele>
   </trkpt>
   <trkpt lat="45.8487910" lon="6.4661610">
    <ele>1568.0</ele>
   </trkpt>
   <trkpt lat="45.8487900" lon="6.4661190">
    <ele>1567.8</ele>
   </trkpt>
   <trkpt lat="45.8487850" lon="6.4660210">
    <ele>1567.2</ele>
   </trkpt>
   <trkpt lat="45.8488040" lon="6.4658500">
    <ele>1566.8</ele>
   </trkpt>
   <trkpt lat="45.8488370" lon="6.4656320">
    <ele>1566.8</ele>
   </trkpt>
   <trkpt lat="45.8488350" lon="6.4653580">
    <ele>1566.6</ele>
   </trkpt>
   <trkpt lat="45.8488240" lon="6.4653010">
    <ele>1566.4</ele>
   </trkpt>
   <trkpt lat="45.8487550" lon="6.4651600">
    <ele>1566.4</ele>
   </trkpt>
   <trkpt lat="45.8487290" lon="6.4651350">
    <ele>1566.4</ele>
   </trkpt>
   <trkpt lat="45.8486980" lon="6.4651040">
    <ele>1566.2</ele>
   </trkpt>
   <trkpt lat="45.8485550" lon="6.4649140">
    <ele>1565.8</ele>
   </trkpt>
   <trkpt lat="45.8485300" lon="6.4648770">
    <ele>1565.6</ele>
   </trkpt>
   <trkpt lat="45.8484810" lon="6.4647970">
    <ele>1565.4</ele>
   </trkpt>
   <trkpt lat="45.8484120" lon="6.4647350">
    <ele>1565.0</ele>
   </trkpt>
   <trkpt lat="45.8482230" lon="6.4646150">
    <ele>1564.4</ele>
   </trkpt>
   <trkpt lat="45.8481520" lon="6.4645760">
    <ele>1564.0</ele>
   </trkpt>
   <trkpt lat="45.8481190" lon="6.4645480">
    <ele>1564.0</ele>
   </trkpt>
   <trkpt lat="45.8479830" lon="6.4643610">
    <ele>1563.4</ele>
   </trkpt>
   <trkpt lat="45.8479580" lon="6.4643190">
    <ele>1563.2</ele>
   </trkpt>
   <trkpt lat="45.8478760" lon="6.4641880">
    <ele>1562.8</ele>
   </trkpt>
   <trkpt lat="45.8478500" lon="6.4639710">
    <ele>1562.0</ele>
   </trkpt>
   <trkpt lat="45.8478520" lon="6.4639000">
    <ele>1561.8</ele>
   </trkpt>
   <trkpt lat="45.8478440" lon="6.4636260">
    <ele>1561.4</ele>
   </trkpt>
   <trkpt lat="45.8478030" lon="6.4633410">
    <ele>1562.2</ele>
   </trkpt>
   <trkpt lat="45.8477230" lon="6.4632230">
    <ele>1562.8</ele>
   </trkpt>
   <trkpt lat="45.8477060" lon="6.4631940">
    <ele>1563.2</ele>
   </trkpt>
   <trkpt lat="45.8476570" lon="6.4631670">
    <ele>1564.2</ele>
   </trkpt>
   <trkpt lat="45.8476360" lon="6.4631870">
    <ele>1564.4</ele>
   </trkpt>
   <trkpt lat="45.8476160" lon="6.4632300">
    <ele>1564.4</ele>
   </trkpt>
   <trkpt lat="45.8475840" lon="6.4633360">
    <ele>1564.0</ele>
   </trkpt>
   <trkpt lat="45.8475650" lon="6.4634230">
    <ele>1562.8</ele>
   </trkpt>
   <trkpt lat="45.8475290" lon="6.4635030">
    <ele>1560.8</ele>
   </trkpt>
   <trkpt lat="45.8475050" lon="6.4635280">
    <ele>1559.8</ele>
   </trkpt>
   <trkpt lat="45.8474740" lon="6.4635590">
    <ele>1559.2</ele>
   </trkpt>
   <trkpt lat="45.8474090" lon="6.4636120">
    <ele>1557.4</ele>
   </trkpt>
   <trkpt lat="45.8473520" lon="6.4636770">
    <ele>1555.4</ele>
   </trkpt>
   <trkpt lat="45.8473310" lon="6.4637170">
    <ele>1554.6</ele>
   </trkpt>
   <trkpt lat="45.8473150" lon="6.4637610">
    <ele>1553.8</ele>
   </trkpt>
   <trkpt lat="45.8472770" lon="6.4638720">
    <ele>1552.0</ele>
   </trkpt>
   <trkpt lat="45.8472900" lon="6.4639570">
    <ele>1550.6</ele>
   </trkpt>
   <trkpt lat="45.8473600" lon="6.4640760">
    <ele>1549.2</ele>
   </trkpt>
   <trkpt lat="45.8474150" lon="6.4641500">
    <ele>1548.0</ele>
   </trkpt>
   <trkpt lat="45.8474440" lon="6.4642390">
    <ele>1546.8</ele>
   </trkpt>
   <trkpt lat="45.8474300" lon="6.4643710">
    <ele>1545.6</ele>
   </trkpt>
   <trkpt lat="45.8474260" lon="6.4645420">
    <ele>1545.2</ele>
   </trkpt>
   <trkpt lat="45.8474300" lon="6.4645900">
    <ele>1545.0</ele>
   </trkpt>
   <trkpt lat="45.8474280" lon="6.4646160">
    <ele>1544.6</ele>
   </trkpt>
   <trkpt lat="45.8474150" lon="6.4646440">
    <ele>1544.4</ele>
   </trkpt>
   <trkpt lat="45.8473930" lon="6.4646650">
    <ele>1543.8</ele>
   </trkpt>
   <trkpt lat="45.8473640" lon="6.4646720">
    <ele>1543.2</ele>
   </trkpt>
   <trkpt lat="45.8473300" lon="6.4646840">
    <ele>1542.8</ele>
   </trkpt>
   <trkpt lat="45.8473000" lon="6.4646990">
    <ele>1541.6</ele>
   </trkpt>
   <trkpt lat="45.8472690" lon="6.4647190">
    <ele>1540.8</ele>
   </trkpt>
   <trkpt lat="45.8472360" lon="6.4647440">
    <ele>1539.8</ele>
   </trkpt>
   <trkpt lat="45.8472010" lon="6.4647720">
    <ele>1538.8</ele>
   </trkpt>
   <trkpt lat="45.8471090" lon="6.4648260">
    <ele>1537.0</ele>
   </trkpt>
   <trkpt lat="45.8470760" lon="6.4648400">
    <ele>1536.0</ele>
   </trkpt>
   <trkpt lat="45.8469910" lon="6.4648690">
    <ele>1534.6</ele>
   </trkpt>
   <trkpt lat="45.8469040" lon="6.4649020">
    <ele>1532.8</ele>
   </trkpt>
   <trkpt lat="45.8468730" lon="6.4649090">
    <ele>1532.0</ele>
   </trkpt>
   <trkpt lat="45.8468330" lon="6.4649230">
    <ele>1531.6</ele>
   </trkpt>
   <trkpt lat="45.8467980" lon="6.4649410">
    <ele>1530.6</ele>
   </trkpt>
   <trkpt lat="45.8467600" lon="6.4649690">
    <ele>1529.4</ele>
   </trkpt>
   <trkpt lat="45.8466960" lon="6.4650160">
    <ele>1527.8</ele>
   </trkpt>
   <trkpt lat="45.8466640" lon="6.4650330">
    <ele>1526.6</ele>
   </trkpt>
   <trkpt lat="45.8466160" lon="6.4650830">
    <ele>1524.6</ele>
   </trkpt>
   <trkpt lat="45.8465600" lon="6.4651520">
    <ele>1522.8</ele>
   </trkpt>
   <trkpt lat="45.8465200" lon="6.4652000">
    <ele>1521.0</ele>
   </trkpt>
   <trkpt lat="45.8464950" lon="6.4652380">
    <ele>1520.2</ele>
   </trkpt>
   <trkpt lat="45.8464700" lon="6.4652760">
    <ele>1519.0</ele>
   </trkpt>
   <trkpt lat="45.8464230" lon="6.4653620">
    <ele>1517.4</ele>
   </trkpt>
   <trkpt lat="45.8463900" lon="6.4654490">
    <ele>1516.8</ele>
   </trkpt>
   <trkpt lat="45.8463670" lon="6.4654950">
    <ele>1516.2</ele>
   </trkpt>
   <trkpt lat="45.8463410" lon="6.4655450">
    <ele>1515.0</ele>
   </trkpt>
   <trkpt lat="45.8463250" lon="6.4655880">
    <ele>1513.8</ele>
   </trkpt>
   <trkpt lat="45.8462920" lon="6.4656760">
    <ele>1512.2</ele>
   </trkpt>
   <trkpt lat="45.8462740" lon="6.4657130">
    <ele>1511.0</ele>
   </trkpt>
   <trkpt lat="45.8462530" lon="6.4657480">
    <ele>1509.8</ele>
   </trkpt>
   <trkpt lat="45.8462260" lon="6.4657900">
    <ele>1509.0</ele>
   </trkpt>
   <trkpt lat="45.8461930" lon="6.4658390">
    <ele>1507.6</ele>
   </trkpt>
   <trkpt lat="45.8461660" lon="6.4658960">
    <ele>1506.4</ele>
   </trkpt>
   <trkpt lat="45.8461210" lon="6.4660110">
    <ele>1504.4</ele>
   </trkpt>
   <trkpt lat="45.8461050" lon="6.4660690">
    <ele>1503.6</ele>
   </trkpt>
   <trkpt lat="45.8460850" lon="6.4661480">
    <ele>1503.0</ele>
   </trkpt>
   <trkpt lat="45.8460730" lon="6.4662070">
    <ele>1501.8</ele>
   </trkpt>
   <trkpt lat="45.8460470" lon="6.4663150">
    <ele>1499.6</ele>
   </trkpt>
   <trkpt lat="45.8460400" lon="6.4663820">
    <ele>1498.8</ele>
   </trkpt>
   <trkpt lat="45.8460370" lon="6.4664320">
    <ele>1497.8</ele>
   </trkpt>
   <trkpt lat="45.8460230" lon="6.4665070">
    <ele>1495.8</ele>
   </trkpt>
   <trkpt lat="45.8460160" lon="6.4665280">
    <ele>1495.2</ele>
   </trkpt>
   <trkpt lat="45.8459910" lon="6.4665790">
    <ele>1494.6</ele>
   </trkpt>
   <trkpt lat="45.8459780" lon="6.4666290">
    <ele>1493.4</ele>
   </trkpt>
   <trkpt lat="45.8459620" lon="6.4666780">
    <ele>1492.4</ele>
   </trkpt>
   <trkpt lat="45.8459440" lon="6.4667680">
    <ele>1490.6</ele>
   </trkpt>
   <trkpt lat="45.8459310" lon="6.4668390">
    <ele>1489.6</ele>
   </trkpt>
   <trkpt lat="45.8459190" lon="6.4669590">
    <ele>1487.8</ele>
   </trkpt>
   <trkpt lat="45.8459180" lon="6.4670140">
    <ele>1486.6</ele>
   </trkpt>
   <trkpt lat="45.8459240" lon="6.4671180">
    <ele>1484.6</ele>
   </trkpt>
   <trkpt lat="45.8459290" lon="6.4671710">
    <ele>1483.6</ele>
   </trkpt>
   <trkpt lat="45.8459460" lon="6.4672530">
    <ele>1482.2</ele>
   </trkpt>
   <trkpt lat="45.8459580" lon="6.4673560">
    <ele>1481.0</ele>
   </trkpt>
   <trkpt lat="45.8459570" lon="6.4674030">
    <ele>1479.2</ele>
   </trkpt>
   <trkpt lat="45.8459550" lon="6.4674470">
    <ele>1478.2</ele>
   </trkpt>
   <trkpt lat="45.8459480" lon="6.4674880">
    <ele>1476.8</ele>
   </trkpt>
   <trkpt lat="45.8459420" lon="6.4675250">
    <ele>1475.6</ele>
   </trkpt>
   <trkpt lat="45.8459050" lon="6.4676080">
    <ele>1474.2</ele>
   </trkpt>
   <trkpt lat="45.8458570" lon="6.4676630">
    <ele>1472.8</ele>
   </trkpt>
   <trkpt lat="45.8458130" lon="6.4677290">
    <ele>1470.8</ele>
   </trkpt>
   <trkpt lat="45.8458020" lon="6.4677920">
    <ele>1469.4</ele>
   </trkpt>
   <trkpt lat="45.8457920" lon="6.4678350">
    <ele>1468.2</ele>
   </trkpt>
   <trkpt lat="45.8457660" lon="6.4679240">
    <ele>1467.0</ele>
   </trkpt>
   <trkpt lat="45.8457360" lon="6.4680150">
    <ele>1465.8</ele>
   </trkpt>
   <trkpt lat="45.8457220" lon="6.4681050">
    <ele>1464.2</ele>
   </trkpt>
   <trkpt lat="45.8457200" lon="6.4682040">
    <ele>1462.8</ele>
   </trkpt>
   <trkpt lat="45.8457070" lon="6.4682960">
    <ele>1461.6</ele>
   </trkpt>
   <trkpt lat="45.8456880" lon="6.4683710">
    <ele>1460.8</ele>
   </trkpt>
   <trkpt lat="45.8456720" lon="6.4684100">
    <ele>1460.6</ele>
   </trkpt>
   <trkpt lat="45.8456390" lon="6.4684950">
    <ele>1459.6</ele>
   </trkpt>
   <trkpt lat="45.8456070" lon="6.4685600">
    <ele>1458.2</ele>
   </trkpt>
   <trkpt lat="45.8455920" lon="6.4685950">
    <ele>1457.2</ele>
   </trkpt>
   <trkpt lat="45.8455770" lon="6.4686310">
    <ele>1456.8</ele>
   </trkpt>
   <trkpt lat="45.8455540" lon="6.4687300">
    <ele>1455.0</ele>
   </trkpt>
   <trkpt lat="45.8455560" lon="6.4687790">
    <ele>1454.0</ele>
   </trkpt>
   <trkpt lat="45.8455620" lon="6.4688300">
    <ele>1453.4</ele>
   </trkpt>
   <trkpt lat="45.8455760" lon="6.4688630">
    <ele>1452.8</ele>
   </trkpt>
   <trkpt lat="45.8455940" lon="6.4689060">
    <ele>1451.4</ele>
   </trkpt>
   <trkpt lat="45.8456140" lon="6.4689570">
    <ele>1450.4</ele>
   </trkpt>
   <trkpt lat="45.8456260" lon="6.4690020">
    <ele>1449.8</ele>
   </trkpt>
   <trkpt lat="45.8456320" lon="6.4690450">
    <ele>1449.2</ele>
   </trkpt>
   <trkpt lat="45.8456510" lon="6.4691210">
    <ele>1447.4</ele>
   </trkpt>
   <trkpt lat="45.8456790" lon="6.4692030">
    <ele>1446.0</ele>
   </trkpt>
   <trkpt lat="45.8456870" lon="6.4692440">
    <ele>1445.4</ele>
   </trkpt>
   <trkpt lat="45.8456910" lon="6.4692800">
    <ele>1444.8</ele>
   </trkpt>
   <trkpt lat="45.8456890" lon="6.4694600">
    <ele>1443.8</ele>
   </trkpt>
   <trkpt lat="45.8456770" lon="6.4694910">
    <ele>1443.6</ele>
   </trkpt>
   <trkpt lat="45.8456540" lon="6.4695270">
    <ele>1443.2</ele>
   </trkpt>
   <trkpt lat="45.8456310" lon="6.4695640">
    <ele>1442.6</ele>
   </trkpt>
   <trkpt lat="45.8456120" lon="6.4696070">
    <ele>1442.0</ele>
   </trkpt>
   <trkpt lat="45.8455970" lon="6.4696540">
    <ele>1441.0</ele>
   </trkpt>
   <trkpt lat="45.8455850" lon="6.4696980">
    <ele>1439.6</ele>
   </trkpt>
   <trkpt lat="45.8455750" lon="6.4697280">
    <ele>1438.2</ele>
   </trkpt>
   <trkpt lat="45.8455650" lon="6.4698150">
    <ele>1436.6</ele>
   </trkpt>
   <trkpt lat="45.8455610" lon="6.4699170">
    <ele>1434.8</ele>
   </trkpt>
   <trkpt lat="45.8455310" lon="6.4700110">
    <ele>1433.8</ele>
   </trkpt>
   <trkpt lat="45.8455160" lon="6.4700520">
    <ele>1433.0</ele>
   </trkpt>
   <trkpt lat="45.8454930" lon="6.4700880">
    <ele>1432.2</ele>
   </trkpt>
   <trkpt lat="45.8454830" lon="6.4701220">
    <ele>1431.4</ele>
   </trkpt>
   <trkpt lat="45.8454740" lon="6.4701610">
    <ele>1431.0</ele>
   </trkpt>
   <trkpt lat="45.8454540" lon="6.4702960">
    <ele>1429.6</ele>
   </trkpt>
   <trkpt lat="45.8454040" lon="6.4704370">
    <ele>1428.4</ele>
   </trkpt>
   <trkpt lat="45.8453420" lon="6.4706750">
    <ele>1426.8</ele>
   </trkpt>
   <trkpt lat="45.8453030" lon="6.4708690">
    <ele>1425.6</ele>
   </trkpt>
   <trkpt lat="45.8453050" lon="6.4709330">
    <ele>1425.2</ele>
   </trkpt>
   <trkpt lat="45.8453180" lon="6.4710350">
    <ele>1424.4</ele>
   </trkpt>
   <trkpt lat="45.8453460" lon="6.4711740">
    <ele>1423.4</ele>
   </trkpt>
   <trkpt lat="45.8453580" lon="6.4712230">
    <ele>1423.0</ele>
   </trkpt>
   <trkpt lat="45.8453710" lon="6.4712800">
    <ele>1423.0</ele>
   </trkpt>
   <trkpt lat="45.8453940" lon="6.4714390">
    <ele>1422.0</ele>
   </trkpt>
   <trkpt lat="45.8454110" lon="6.4716480">
    <ele>1421.4</ele>
   </trkpt>
   <trkpt lat="45.8453980" lon="6.4719020">
    <ele>1421.4</ele>
   </trkpt>
   <trkpt lat="45.8454100" lon="6.4721740">
    <ele>1422.4</ele>
   </trkpt>
   <trkpt lat="45.8454220" lon="6.4722180">
    <ele>1422.4</ele>
   </trkpt>
   <trkpt lat="45.8454720" lon="6.4724810">
    <ele>1422.0</ele>
   </trkpt>
   <trkpt lat="45.8454770" lon="6.4725120">
    <ele>1422.0</ele>
   </trkpt>
   <trkpt lat="45.8455340" lon="6.4727790">
    <ele>1421.4</ele>
   </trkpt>
   <trkpt lat="45.8455570" lon="6.4728700">
    <ele>1421.0</ele>
   </trkpt>
   <trkpt lat="45.8456080" lon="6.4730720">
    <ele>1420.8</ele>
   </trkpt>
   <trkpt lat="45.8456280" lon="6.4731190">
    <ele>1421.0</ele>
   </trkpt>
   <trkpt lat="45.8456880" lon="6.4733100">
    <ele>1421.0</ele>
   </trkpt>
   <trkpt lat="45.8457000" lon="6.4735300">
    <ele>1421.4</ele>
   </trkpt>
   <trkpt lat="45.8457620" lon="6.4736850">
    <ele>1421.4</ele>
   </trkpt>
   <trkpt lat="45.8458140" lon="6.4739350">
    <ele>1421.8</ele>
   </trkpt>
   <trkpt lat="45.8458170" lon="6.4739840">
    <ele>1421.8</ele>
   </trkpt>
   <trkpt lat="45.8458410" lon="6.4741470">
    <ele>1422.0</ele>
   </trkpt>
   <trkpt lat="45.8458620" lon="6.4742640">
    <ele>1422.6</ele>
   </trkpt>
   <trkpt lat="45.8458810" lon="6.4743380">
    <ele>1423.2</ele>
   </trkpt>
   <trkpt lat="45.8459530" lon="6.4744640">
    <ele>1423.8</ele>
   </trkpt>
   <trkpt lat="45.8459910" lon="6.4745300">
    <ele>1424.2</ele>
   </trkpt>
   <trkpt lat="45.8460230" lon="6.4746610">
    <ele>1425.0</ele>
   </trkpt>
   <trkpt lat="45.8460780" lon="6.4747260">
    <ele>1425.4</ele>
   </trkpt>
   <trkpt lat="45.8461170" lon="6.4747610">
    <ele>1425.6</ele>
   </trkpt>
   <trkpt lat="45.8462140" lon="6.4748610">
    <ele>1426.4</ele>
   </trkpt>
   <trkpt lat="45.8462250" lon="6.4748790">
    <ele>1426.4</ele>
   </trkpt>
   <trkpt lat="45.8462530" lon="6.4749420">
    <ele>1427.6</ele>
   </trkpt>
   <trkpt lat="45.8463280" lon="6.4751720">
    <ele>1427.6</ele>
   </trkpt>
   <trkpt lat="45.8463460" lon="6.4752190">
    <ele>1427.4</ele>
   </trkpt>
   <trkpt lat="45.8464490" lon="6.4753500">
    <ele>1426.8</ele>
   </trkpt>
   <trkpt lat="45.8465590" lon="6.4753880">
    <ele>1426.8</ele>
   </trkpt>
   <trkpt lat="45.8466390" lon="6.4754300">
    <ele>1428.6</ele>
   </trkpt>
   <trkpt lat="45.8466840" lon="6.4754460">
    <ele>1429.8</ele>
   </trkpt>
   <trkpt lat="45.8467190" lon="6.4754660">
    <ele>1430.4</ele>
   </trkpt>
   <trkpt lat="45.8467340" lon="6.4754810">
    <ele>1430.6</ele>
   </trkpt>
   <trkpt lat="45.8467640" lon="6.4755030">
    <ele>1431.0</ele>
   </trkpt>
   <trkpt lat="45.8468130" lon="6.4755250">
    <ele>1431.6</ele>
   </trkpt>
   <trkpt lat="45.8468480" lon="6.4755380">
    <ele>1432.0</ele>
   </trkpt>
   <trkpt lat="45.8468780" lon="6.4755660">
    <ele>1433.4</ele>
   </trkpt>
   <trkpt lat="45.8468890" lon="6.4755980">
    <ele>1434.4</ele>
   </trkpt>
   <trkpt lat="45.8468860" lon="6.4756220">
    <ele>1434.6</ele>
   </trkpt>
   <trkpt lat="45.8468880" lon="6.4756600">
    <ele>1435.4</ele>
   </trkpt>
   <trkpt lat="45.8468730" lon="6.4756970">
    <ele>1435.8</ele>
   </trkpt>
   <trkpt lat="45.8468250" lon="6.4757780">
    <ele>1436.0</ele>
   </trkpt>
   <trkpt lat="45.8467780" lon="6.4759260">
    <ele>1436.0</ele>
   </trkpt>
   <trkpt lat="45.8467350" lon="6.4761170">
    <ele>1436.4</ele>
   </trkpt>
   <trkpt lat="45.8467390" lon="6.4761830">
    <ele>1436.6</ele>
   </trkpt>
   <trkpt lat="45.8467620" lon="6.4762600">
    <ele>1436.8</ele>
   </trkpt>
   <trkpt lat="45.8467620" lon="6.4762990">
    <ele>1437.4</ele>
   </trkpt>
   <trkpt lat="45.8467560" lon="6.4763210">
    <ele>1437.6</ele>
   </trkpt>
   <trkpt lat="45.8467450" lon="6.4763400">
    <ele>1438.0</ele>
   </trkpt>
   <trkpt lat="45.8467180" lon="6.4764600">
    <ele>1439.2</ele>
   </trkpt>
   <trkpt lat="45.8466960" lon="6.4765180">
    <ele>1439.6</ele>
   </trkpt>
   <trkpt lat="45.8466690" lon="6.4765730">
    <ele>1440.2</ele>
   </trkpt>
   <trkpt lat="45.8466630" lon="6.4766210">
    <ele>1441.2</ele>
   </trkpt>
   <trkpt lat="45.8466490" lon="6.4766140">
    <ele>1441.4</ele>
   </trkpt>
   <trkpt lat="45.8466410" lon="6.4766410">
    <ele>1442.6</ele>
   </trkpt>
   <trkpt lat="45.8466250" lon="6.4766370">
    <ele>1443.4</ele>
   </trkpt>
   <trkpt lat="45.8466050" lon="6.4766350">
    <ele>1443.8</ele>
   </trkpt>
   <trkpt lat="45.8466010" lon="6.4766570">
    <ele>1444.2</ele>
   </trkpt>
   <trkpt lat="45.8466270" lon="6.4767380">
    <ele>1445.0</ele>
   </trkpt>
   <trkpt lat="45.8466930" lon="6.4768360">
    <ele>1446.4</ele>
   </trkpt>
   <trkpt lat="45.8467240" lon="6.4768600">
    <ele>1446.8</ele>
   </trkpt>
   <trkpt lat="45.8467540" lon="6.4769180">
    <ele>1448.0</ele>
   </trkpt>
   <trkpt lat="45.8468160" lon="6.4769840">
    <ele>1449.0</ele>
   </trkpt>
   <trkpt lat="45.8468580" lon="6.4770360">
    <ele>1450.2</ele>
   </trkpt>
   <trkpt lat="45.8468900" lon="6.4770980">
    <ele>1451.4</ele>
   </trkpt>
   <trkpt lat="45.8469000" lon="6.4771240">
    <ele>1451.8</ele>
   </trkpt>
   <trkpt lat="45.8469250" lon="6.4772030">
    <ele>1452.6</ele>
   </trkpt>
   <trkpt lat="45.8469320" lon="6.4772220">
    <ele>1453.0</ele>
   </trkpt>
   <trkpt lat="45.8469300" lon="6.4772670">
    <ele>1453.8</ele>
   </trkpt>
   <trkpt lat="45.8469330" lon="6.4772870">
    <ele>1454.2</ele>
   </trkpt>
   <trkpt lat="45.8469420" lon="6.4773790">
    <ele>1455.0</ele>
   </trkpt>
   <trkpt lat="45.8469450" lon="6.4774360">
    <ele>1455.4</ele>
   </trkpt>
   <trkpt lat="45.8469560" lon="6.4775130">
    <ele>1456.0</ele>
   </trkpt>
   <trkpt lat="45.8469480" lon="6.4776000">
    <ele>1457.2</ele>
   </trkpt>
   <trkpt lat="45.8469470" lon="6.4776380">
    <ele>1458.2</ele>
   </trkpt>
   <trkpt lat="45.8469500" lon="6.4776630">
    <ele>1458.6</ele>
   </trkpt>
   <trkpt lat="45.8469570" lon="6.4777460">
    <ele>1459.6</ele>
   </trkpt>
   <trkpt lat="45.8469540" lon="6.4778060">
    <ele>1460.8</ele>
   </trkpt>
   <trkpt lat="45.8469620" lon="6.4778710">
    <ele>1461.6</ele>
   </trkpt>
   <trkpt lat="45.8469660" lon="6.4778750">
    <ele>1462.0</ele>
   </trkpt>
   <trkpt lat="45.8469690" lon="6.4778800">
    <ele>1462.6</ele>
   </trkpt>
   <trkpt lat="45.8469710" lon="6.4778950">
    <ele>1463.0</ele>
   </trkpt>
   <trkpt lat="45.8469740" lon="6.4779100">
    <ele>1463.4</ele>
   </trkpt>
   <trkpt lat="45.8469950" lon="6.4779630">
    <ele>1464.2</ele>
   </trkpt>
   <trkpt lat="45.8469990" lon="6.4779890">
    <ele>1464.4</ele>
   </trkpt>
   <trkpt lat="45.8470150" lon="6.4780740">
    <ele>1465.4</ele>
   </trkpt>
   <trkpt lat="45.8470180" lon="6.4781210">
    <ele>1465.6</ele>
   </trkpt>
   <trkpt lat="45.8470660" lon="6.4783130">
    <ele>1466.4</ele>
   </trkpt>
   <trkpt lat="45.8471110" lon="6.4785110">
    <ele>1467.6</ele>
   </trkpt>
   <trkpt lat="45.8471340" lon="6.4786040">
    <ele>1468.0</ele>
   </trkpt>
   <trkpt lat="45.8471430" lon="6.4787390">
    <ele>1468.6</ele>
   </trkpt>
   <trkpt lat="45.8471410" lon="6.4787740">
    <ele>1468.8</ele>
   </trkpt>
   <trkpt lat="45.8471530" lon="6.4788860">
    <ele>1470.0</ele>
   </trkpt>
   <trkpt lat="45.8471980" lon="6.4790460">
    <ele>1471.2</ele>
   </trkpt>
   <trkpt lat="45.8472470" lon="6.4791940">
    <ele>1472.2</ele>
   </trkpt>
   <trkpt lat="45.8472510" lon="6.4792220">
    <ele>1472.4</ele>
   </trkpt>
   <trkpt lat="45.8472710" lon="6.4793350">
    <ele>1473.4</ele>
   </trkpt>
   <trkpt lat="45.8472950" lon="6.4793660">
    <ele>1473.4</ele>
   </trkpt>
   <trkpt lat="45.8474040" lon="6.4795180">
    <ele>1473.8</ele>
   </trkpt>
   <trkpt lat="45.8474890" lon="6.4797620">
    <ele>1474.4</ele>
   </trkpt>
   <trkpt lat="45.8475100" lon="6.4797990">
    <ele>1474.4</ele>
   </trkpt>
   <trkpt lat="45.8476390" lon="6.4798990">
    <ele>1475.4</ele>
   </trkpt>
   <trkpt lat="45.8476740" lon="6.4799080">
    <ele>1475.4</ele>
   </trkpt>
   <trkpt lat="45.8477450" lon="6.4799700">
    <ele>1475.6</ele>
   </trkpt>
   <trkpt lat="45.8477550" lon="6.4800080">
    <ele>1475.6</ele>
   </trkpt>
   <trkpt lat="45.8478340" lon="6.4801920">
    <ele>1475.6</ele>
   </trkpt>
   <trkpt lat="45.8479360" lon="6.4803930">
    <ele>1476.0</ele>
   </trkpt>
   <trkpt lat="45.8479590" lon="6.4804240">
    <ele>1476.0</ele>
   </trkpt>
   <trkpt lat="45.8481150" lon="6.4805530">
    <ele>1476.2</ele>
   </trkpt>
   <trkpt lat="45.8483000" lon="6.4806160">
    <ele>1475.6</ele>
   </trkpt>
   <trkpt lat="45.8483210" lon="6.4806390">
    <ele>1475.6</ele>
   </trkpt>
   <trkpt lat="45.8483670" lon="6.4807920">
    <ele>1476.2</ele>
   </trkpt>
   <trkpt lat="45.8483770" lon="6.4808210">
    <ele>1476.6</ele>
   </trkpt>
   <trkpt lat="45.8484180" lon="6.4809010">
    <ele>1478.0</ele>
   </trkpt>
   <trkpt lat="45.8484360" lon="6.4809680">
    <ele>1478.4</ele>
   </trkpt>
   <trkpt lat="45.8484650" lon="6.4810820">
    <ele>1479.0</ele>
   </trkpt>
   <trkpt lat="45.8485070" lon="6.4811220">
    <ele>1479.0</ele>
   </trkpt>
   <trkpt lat="45.8486250" lon="6.4811890">
    <ele>1479.2</ele>
   </trkpt>
   <trkpt lat="45.8487810" lon="6.4812560">
    <ele>1479.2</ele>
   </trkpt>
   <trkpt lat="45.8488110" lon="6.4812960">
    <ele>1479.2</ele>
   </trkpt>
   <trkpt lat="45.8489540" lon="6.4814690">
    <ele>1478.4</ele>
   </trkpt>
   <trkpt lat="45.8489800" lon="6.4814890">
    <ele>1478.4</ele>
   </trkpt>
   <trkpt lat="45.8491830" lon="6.4815640">
    <ele>1478.6</ele>
   </trkpt>
   <trkpt lat="45.8493740" lon="6.4815890">
    <ele>1478.4</ele>
   </trkpt>
   <trkpt lat="45.8494240" lon="6.4815900">
    <ele>1478.4</ele>
   </trkpt>
   <trkpt lat="45.8495600" lon="6.4815900">
    <ele>1480.0</ele>
   </trkpt>
   <trkpt lat="45.8496190" lon="6.4815820">
    <ele>1481.0</ele>
   </trkpt>
   <trkpt lat="45.8496820" lon="6.4815700">
    <ele>1482.0</ele>
   </trkpt>
   <trkpt lat="45.8497390" lon="6.4815960">
    <ele>1483.0</ele>
   </trkpt>
   <trkpt lat="45.8497510" lon="6.4816170">
    <ele>1483.2</ele>
   </trkpt>
   <trkpt lat="45.8498450" lon="6.4817640">
    <ele>1484.4</ele>
   </trkpt>
   <trkpt lat="45.8498680" lon="6.4817900">
    <ele>1484.8</ele>
   </trkpt>
   <trkpt lat="45.8499630" lon="6.4818630">
    <ele>1485.6</ele>
   </trkpt>
   <trkpt lat="45.8500020" lon="6.4818860">
    <ele>1485.8</ele>
   </trkpt>
   <trkpt lat="45.8500690" lon="6.4819310">
    <ele>1486.6</ele>
   </trkpt>
   <trkpt lat="45.8501430" lon="6.4819750">
    <ele>1487.6</ele>
   </trkpt>
   <trkpt lat="45.8501570" lon="6.4819920">
    <ele>1488.0</ele>
   </trkpt>
   <trkpt lat="45.8502060" lon="6.4820420">
    <ele>1489.0</ele>
   </trkpt>
   <trkpt lat="45.8502760" lon="6.4820750">
    <ele>1489.4</ele>
   </trkpt>
   <trkpt lat="45.8504050" lon="6.4822050">
    <ele>1489.4</ele>
   </trkpt>
   <trkpt lat="45.8504190" lon="6.4822250">
    <ele>1489.4</ele>
   </trkpt>
   <trkpt lat="45.8504910" lon="6.4823160">
    <ele>1490.2</ele>
   </trkpt>
   <trkpt lat="45.8505390" lon="6.4823510">
    <ele>1490.6</ele>
   </trkpt>
   <trkpt lat="45.8505820" lon="6.4824060">
    <ele>1491.4</ele>
   </trkpt>
   <trkpt lat="45.8506020" lon="6.4824410">
    <ele>1491.8</ele>
   </trkpt>
   <trkpt lat="45.8506140" lon="6.4824650">
    <ele>1492.0</ele>
   </trkpt>
   <trkpt lat="45.8506400" lon="6.4824950">
    <ele>1492.8</ele>
   </trkpt>
   <trkpt lat="45.8506990" lon="6.4825560">
    <ele>1493.2</ele>
   </trkpt>
   <trkpt lat="45.8507630" lon="6.4825990">
    <ele>1493.8</ele>
   </trkpt>
   <trkpt lat="45.8508340" lon="6.4826300">
    <ele>1494.0</ele>
   </trkpt>
   <trkpt lat="45.8509430" lon="6.4827070">
    <ele>1494.8</ele>
   </trkpt>
   <trkpt lat="45.8509540" lon="6.4827540">
    <ele>1494.8</ele>
   </trkpt>
   <trkpt lat="45.8510550" lon="6.4829080">
    <ele>1496.0</ele>
   </trkpt>
   <trkpt lat="45.8510890" lon="6.4829440">
    <ele>1496.2</ele>
   </trkpt>
   <trkpt lat="45.8511810" lon="6.4830690">
    <ele>1497.2</ele>
   </trkpt>
   <trkpt lat="45.8512520" lon="6.4831270">
    <ele>1497.6</ele>
   </trkpt>
   <trkpt lat="45.8512930" lon="6.4831670">
    <ele>1497.8</ele>
   </trkpt>
   <trkpt lat="45.8513610" lon="6.4832150">
    <ele>1498.2</ele>
   </trkpt>
   <trkpt lat="45.8514150" lon="6.4832450">
    <ele>1498.8</ele>
   </trkpt>
   <trkpt lat="45.8515360" lon="6.4832890">
    <ele>1499.2</ele>
   </trkpt>
   <trkpt lat="45.8516270" lon="6.4832990">
    <ele>1499.4</ele>
   </trkpt>
   <trkpt lat="45.8517070" lon="6.4833550">
    <ele>1499.2</ele>
   </trkpt>
   <trkpt lat="45.8517480" lon="6.4834160">
    <ele>1499.0</ele>
   </trkpt>
   <trkpt lat="45.8518660" lon="6.4834770">
    <ele>1498.8</ele>
   </trkpt>
   <trkpt lat="45.8519200" lon="6.4835300">
    <ele>1498.0</ele>
   </trkpt>
   <trkpt lat="45.8519970" lon="6.4835930">
    <ele>1497.6</ele>
   </trkpt>
   <trkpt lat="45.8520210" lon="6.4836130">
    <ele>1497.6</ele>
   </trkpt>
   <trkpt lat="45.8520850" lon="6.4836500">
    <ele>1497.6</ele>
   </trkpt>
   <trkpt lat="45.8521030" lon="6.4836670">
    <ele>1497.8</ele>
   </trkpt>
   <trkpt lat="45.8521410" lon="6.4837040">
    <ele>1498.6</ele>
   </trkpt>
   <trkpt lat="45.8521900" lon="6.4837140">
    <ele>1499.0</ele>
   </trkpt>
   <trkpt lat="45.8522430" lon="6.4837190">
    <ele>1499.4</ele>
   </trkpt>
   <trkpt lat="45.8522800" lon="6.4837650">
    <ele>1500.2</ele>
   </trkpt>
   <trkpt lat="45.8523000" lon="6.4837740">
    <ele>1500.6</ele>
   </trkpt>
   <trkpt lat="45.8523390" lon="6.4837860">
    <ele>1501.6</ele>
   </trkpt>
   <trkpt lat="45.8524180" lon="6.4838150">
    <ele>1502.8</ele>
   </trkpt>
   <trkpt lat="45.8525030" lon="6.4838480">
    <ele>1503.8</ele>
   </trkpt>
   <trkpt lat="45.8525170" lon="6.4838540">
    <ele>1504.2</ele>
   </trkpt>
   <trkpt lat="45.8525330" lon="6.4838570">
    <ele>1504.4</ele>
   </trkpt>
   <trkpt lat="45.8525500" lon="6.4838600">
    <ele>1504.8</ele>
   </trkpt>
   <trkpt lat="45.8526110" lon="6.4839040">
    <ele>1506.0</ele>
   </trkpt>
   <trkpt lat="45.8526280" lon="6.4839150">
    <ele>1506.4</ele>
   </trkpt>
   <trkpt lat="45.8526450" lon="6.4839290">
    <ele>1507.0</ele>
   </trkpt>
   <trkpt lat="45.8526560" lon="6.4839490">
    <ele>1507.2</ele>
   </trkpt>
   <trkpt lat="45.8526730" lon="6.4839840">
    <ele>1508.0</ele>
   </trkpt>
   <trkpt lat="45.8526890" lon="6.4839910">
    <ele>1508.4</ele>
   </trkpt>
   <trkpt lat="45.8527560" lon="6.4840200">
    <ele>1509.4</ele>
   </trkpt>
   <trkpt lat="45.8527740" lon="6.4840300">
    <ele>1509.6</ele>
   </trkpt>
   <trkpt lat="45.8528710" lon="6.4840320">
    <ele>1510.4</ele>
   </trkpt>
   <trkpt lat="45.8528910" lon="6.4840230">
    <ele>1510.6</ele>
   </trkpt>
   <trkpt lat="45.8529530" lon="6.4840040">
    <ele>1511.4</ele>
   </trkpt>
   <trkpt lat="45.8529770" lon="6.4840120">
    <ele>1511.4</ele>
   </trkpt>
   <trkpt lat="45.8531300" lon="6.4841250">
    <ele>1512.0</ele>
   </trkpt>
   <trkpt lat="45.8531590" lon="6.4842080">
    <ele>1512.0</ele>
   </trkpt>
   <trkpt lat="45.8532030" lon="6.4843280">
    <ele>1512.0</ele>
   </trkpt>
   <trkpt lat="45.8532830" lon="6.4844120">
    <ele>1512.2</ele>
   </trkpt>
   <trkpt lat="45.8532970" lon="6.4844140">
    <ele>1512.6</ele>
   </trkpt>
   <trkpt lat="45.8533720" lon="6.4844280">
    <ele>1514.0</ele>
   </trkpt>
   <trkpt lat="45.8533920" lon="6.4844160">
    <ele>1514.2</ele>
   </trkpt>
   <trkpt lat="45.8534360" lon="6.4844310">
    <ele>1514.8</ele>
   </trkpt>
   <trkpt lat="45.8534500" lon="6.4844400">
    <ele>1515.0</ele>
   </trkpt>
   <trkpt lat="45.8534940" lon="6.4844450">
    <ele>1516.0</ele>
   </trkpt>
   <trkpt lat="45.8535200" lon="6.4844440">
    <ele>1516.4</ele>
   </trkpt>
   <trkpt lat="45.8535700" lon="6.4844580">
    <ele>1517.4</ele>
   </trkpt>
   <trkpt lat="45.8536040" lon="6.4844720">
    <ele>1518.0</ele>
   </trkpt>
   <trkpt lat="45.8536120" lon="6.4844640">
    <ele>1518.6</ele>
   </trkpt>
   <trkpt lat="45.8536630" lon="6.4844460">
    <ele>1519.6</ele>
   </trkpt>
   <trkpt lat="45.8536840" lon="6.4844570">
    <ele>1519.8</ele>
   </trkpt>
   <trkpt lat="45.8537190" lon="6.4844790">
    <ele>1520.6</ele>
   </trkpt>
   <trkpt lat="45.8537700" lon="6.4845070">
    <ele>1521.8</ele>
   </trkpt>
   <trkpt lat="45.8538120" lon="6.4845770">
    <ele>1523.4</ele>
   </trkpt>
   <trkpt lat="45.8538410" lon="6.4846150">
    <ele>1524.0</ele>
   </trkpt>
   <trkpt lat="45.8538630" lon="6.4846250">
    <ele>1524.2</ele>
   </trkpt>
   <trkpt lat="45.8539080" lon="6.4846680">
    <ele>1524.6</ele>
   </trkpt>
   <trkpt lat="45.8539580" lon="6.4846950">
    <ele>1525.6</ele>
   </trkpt>
   <trkpt lat="45.8540030" lon="6.4846770">
    <ele>1526.8</ele>
   </trkpt>
   <trkpt lat="45.8540160" lon="6.4846750">
    <ele>1527.2</ele>
   </trkpt>
   <trkpt lat="45.8540640" lon="6.4846870">
    <ele>1528.0</ele>
   </trkpt>
   <trkpt lat="45.8541200" lon="6.4847060">
    <ele>1528.8</ele>
   </trkpt>
   <trkpt lat="45.8541400" lon="6.4847060">
    <ele>1529.2</ele>
   </trkpt>
   <trkpt lat="45.8541860" lon="6.4846960">
    <ele>1530.4</ele>
   </trkpt>
   <trkpt lat="45.8542030" lon="6.4846970">
    <ele>1530.8</ele>
   </trkpt>
   <trkpt lat="45.8542550" lon="6.4846930">
    <ele>1531.8</ele>
   </trkpt>
   <trkpt lat="45.8542950" lon="6.4846900">
    <ele>1532.8</ele>
   </trkpt>
   <trkpt lat="45.8543080" lon="6.4846880">
    <ele>1533.2</ele>
   </trkpt>
   <trkpt lat="45.8543150" lon="6.4846860">
    <ele>1533.6</ele>
   </trkpt>
   <trkpt lat="45.8543250" lon="6.4846920">
    <ele>1533.8</ele>
   </trkpt>
   <trkpt lat="45.8543660" lon="6.4847170">
    <ele>1534.6</ele>
   </trkpt>
   <trkpt lat="45.8543750" lon="6.4847310">
    <ele>1535.0</ele>
   </trkpt>
   <trkpt lat="45.8543940" lon="6.4847680">
    <ele>1535.8</ele>
   </trkpt>
   <trkpt lat="45.8544110" lon="6.4847680">
    <ele>1536.0</ele>
   </trkpt>
   <trkpt lat="45.8544400" lon="6.4847730">
    <ele>1537.0</ele>
   </trkpt>
   <trkpt lat="45.8544840" lon="6.4848200">
    <ele>1537.8</ele>
   </trkpt>
   <trkpt lat="45.8544890" lon="6.4848310">
    <ele>1538.4</ele>
   </trkpt>
   <trkpt lat="45.8544850" lon="6.4848410">
    <ele>1538.8</ele>
   </trkpt>
   <trkpt lat="45.8544850" lon="6.4848680">
    <ele>1539.6</ele>
   </trkpt>
   <trkpt lat="45.8545210" lon="6.4849000">
    <ele>1540.4</ele>
   </trkpt>
   <trkpt lat="45.8545210" lon="6.4849020">
    <ele>1540.8</ele>
   </trkpt>
   <trkpt lat="45.8545940" lon="6.4849460">
    <ele>1541.4</ele>
   </trkpt>
   <trkpt lat="45.8546640" lon="6.4850180">
    <ele>1542.0</ele>
   </trkpt>
   <trkpt lat="45.8546660" lon="6.4850230">
    <ele>1542.4</ele>
   </trkpt>
   <trkpt lat="45.8546970" lon="6.4850610">
    <ele>1543.2</ele>
   </trkpt>
   <trkpt lat="45.8547360" lon="6.4851170">
    <ele>1544.0</ele>
   </trkpt>
   <trkpt lat="45.8547780" lon="6.4851610">
    <ele>1544.2</ele>
   </trkpt>
   <trkpt lat="45.8548110" lon="6.4852380">
    <ele>1543.2</ele>
   </trkpt>
   <trkpt lat="45.8548380" lon="6.4853400">
    <ele>1542.0</ele>
   </trkpt>
   <trkpt lat="45.8548550" lon="6.4853720">
    <ele>1541.6</ele>
   </trkpt>
   <trkpt lat="45.8548910" lon="6.4854050">
    <ele>1540.8</ele>
   </trkpt>
   <trkpt lat="45.8549330" lon="6.4854360">
    <ele>1540.2</ele>
   </trkpt>
   <trkpt lat="45.8549730" lon="6.4854550">
    <ele>1539.2</ele>
   </trkpt>
   <trkpt lat="45.8550680" lon="6.4854680">
    <ele>1537.8</ele>
   </trkpt>
   <trkpt lat="45.8551540" lon="6.4854740">
    <ele>1537.0</ele>
   </trkpt>
   <trkpt lat="45.8551870" lon="6.4854820">
    <ele>1536.0</ele>
   </trkpt>
   <trkpt lat="45.8552460" lon="6.4855240">
    <ele>1534.8</ele>
   </trkpt>
   <trkpt lat="45.8552660" lon="6.4855550">
    <ele>1534.2</ele>
   </trkpt>
   <trkpt lat="45.8552850" lon="6.4855890">
    <ele>1533.6</ele>
   </trkpt>
   <trkpt lat="45.8554390" lon="6.4857050">
    <ele>1532.8</ele>
   </trkpt>
   <trkpt lat="45.8555070" lon="6.4857460">
    <ele>1532.4</ele>
   </trkpt>
   <trkpt lat="45.8555950" lon="6.4858150">
    <ele>1531.2</ele>
   </trkpt>
   <trkpt lat="45.8556920" lon="6.4858810">
    <ele>1530.6</ele>
   </trkpt>
   <trkpt lat="45.8557470" lon="6.4859370">
    <ele>1530.2</ele>
   </trkpt>
   <trkpt lat="45.8559210" lon="6.4860940">
    <ele>1529.2</ele>
   </trkpt>
   <trkpt lat="45.8560070" lon="6.4861830">
    <ele>1529.2</ele>
   </trkpt>
   <trkpt lat="45.8560580" lon="6.4862450">
    <ele>1529.4</ele>
   </trkpt>
   <trkpt lat="45.8561960" lon="6.4863270">
    <ele>1529.0</ele>
   </trkpt>
   <trkpt lat="45.8562870" lon="6.4863770">
    <ele>1527.8</ele>
   </trkpt>
   <trkpt lat="45.8563780" lon="6.4864270">
    <ele>1526.6</ele>
   </trkpt>
   <trkpt lat="45.8565380" lon="6.4865210">
    <ele>1525.8</ele>
   </trkpt>
   <trkpt lat="45.8567100" lon="6.4866660">
    <ele>1526.4</ele>
   </trkpt>
   <trkpt lat="45.8568860" lon="6.4867900">
    <ele>1526.8</ele>
   </trkpt>
   <trkpt lat="45.8569380" lon="6.4868280">
    <ele>1527.4</ele>
   </trkpt>
   <trkpt lat="45.8569680" lon="6.4868230">
    <ele>1527.4</ele>
   </trkpt>
   <trkpt lat="45.8570150" lon="6.4867560">
    <ele>1527.2</ele>
   </trkpt>
   <trkpt lat="45.8570310" lon="6.4865670">
    <ele>1525.4</ele>
   </trkpt>
   <trkpt lat="45.8570220" lon="6.4865080">
    <ele>1524.2</ele>
   </trkpt>
   <trkpt lat="45.8570270" lon="6.4865080">
    <ele>1523.6</ele>
   </trkpt>
   <trkpt lat="45.8570470" lon="6.4865080">
    <ele>1523.0</ele>
   </trkpt>
   <trkpt lat="45.8571310" lon="6.4865160">
    <ele>1521.8</ele>
   </trkpt>
   <trkpt lat="45.8571500" lon="6.4865150">
    <ele>1521.4</ele>
   </trkpt>
   <trkpt lat="45.8571530" lon="6.4865000">
    <ele>1520.8</ele>
   </trkpt>
   <trkpt lat="45.8571500" lon="6.4864770">
    <ele>1520.4</ele>
   </trkpt>
   <trkpt lat="45.8571260" lon="6.4864160">
    <ele>1519.6</ele>
   </trkpt>
   <trkpt lat="45.8571110" lon="6.4863790">
    <ele>1518.2</ele>
   </trkpt>
   <trkpt lat="45.8570860" lon="6.4862960">
    <ele>1516.4</ele>
   </trkpt>
   <trkpt lat="45.8570540" lon="6.4861960">
    <ele>1515.0</ele>
   </trkpt>
   <trkpt lat="45.8570220" lon="6.4861060">
    <ele>1513.0</ele>
   </trkpt>
   <trkpt lat="45.8570090" lon="6.4860710">
    <ele>1512.2</ele>
   </trkpt>
   <trkpt lat="45.8569800" lon="6.4860270">
    <ele>1511.8</ele>
   </trkpt>
   <trkpt lat="45.8569400" lon="6.4859420">
    <ele>1510.6</ele>
   </trkpt>
   <trkpt lat="45.8568860" lon="6.4858540">
    <ele>1509.0</ele>
   </trkpt>
   <trkpt lat="45.8568480" lon="6.4858170">
    <ele>1508.4</ele>
   </trkpt>
   <trkpt lat="45.8568130" lon="6.4857710">
    <ele>1507.8</ele>
   </trkpt>
   <trkpt lat="45.8567290" lon="6.4856380">
    <ele>1506.4</ele>
   </trkpt>
   <trkpt lat="45.8567210" lon="6.4855900">
    <ele>1505.6</ele>
   </trkpt>
   <trkpt lat="45.8567090" lon="6.4855510">
    <ele>1505.2</ele>
   </trkpt>
   <trkpt lat="45.8566370" lon="6.4854350">
    <ele>1503.6</ele>
   </trkpt>
   <trkpt lat="45.8565790" lon="6.4853960">
    <ele>1502.4</ele>
   </trkpt>
   <trkpt lat="45.8565230" lon="6.4853590">
    <ele>1501.8</ele>
   </trkpt>
   <trkpt lat="45.8564750" lon="6.4853140">
    <ele>1501.2</ele>
   </trkpt>
   <trkpt lat="45.8563870" lon="6.4852190">
    <ele>1500.0</ele>
   </trkpt>
   <trkpt lat="45.8563720" lon="6.4851960">
    <ele>1500.0</ele>
   </trkpt>
   <trkpt lat="45.8562570" lon="6.4851100">
    <ele>1501.0</ele>
   </trkpt>
   <trkpt lat="45.8562390" lon="6.4851040">
    <ele>1501.2</ele>
   </trkpt>
   <trkpt lat="45.8562160" lon="6.4850930">
    <ele>1501.2</ele>
   </trkpt>
   <trkpt lat="45.8561660" lon="6.4849660">
    <ele>1500.2</ele>
   </trkpt>
   <trkpt lat="45.8561570" lon="6.4849370">
    <ele>1499.0</ele>
   </trkpt>
   <trkpt lat="45.8561300" lon="6.4849070">
    <ele>1498.2</ele>
   </trkpt>
   <trkpt lat="45.8561100" lon="6.4848590">
    <ele>1498.0</ele>
   </trkpt>
   <trkpt lat="45.8561050" lon="6.4848080">
    <ele>1497.4</ele>
   </trkpt>
   <trkpt lat="45.8560860" lon="6.4847450">
    <ele>1496.8</ele>
   </trkpt>
   <trkpt lat="45.8560450" lon="6.4846890">
    <ele>1496.4</ele>
   </trkpt>
   <trkpt lat="45.8560040" lon="6.4846440">
    <ele>1495.2</ele>
   </trkpt>
   <trkpt lat="45.8559670" lon="6.4845980">
    <ele>1494.4</ele>
   </trkpt>
   <trkpt lat="45.8559320" lon="6.4845370">
    <ele>1494.0</ele>
   </trkpt>
   <trkpt lat="45.8558930" lon="6.4844460">
    <ele>1493.4</ele>
   </trkpt>
   <trkpt lat="45.8558610" lon="6.4844020">
    <ele>1492.8</ele>
   </trkpt>
   <trkpt lat="45.8558040" lon="6.4843390">
    <ele>1491.4</ele>
   </trkpt>
   <trkpt lat="45.8558080" lon="6.4843140">
    <ele>1491.0</ele>
   </trkpt>
   <trkpt lat="45.8557790" lon="6.4842000">
    <ele>1490.6</ele>
   </trkpt>
   <trkpt lat="45.8557540" lon="6.4840790">
    <ele>1489.8</ele>
   </trkpt>
   <trkpt lat="45.8557280" lon="6.4840340">
    <ele>1489.2</ele>
   </trkpt>
   <trkpt lat="45.8557000" lon="6.4840000">
    <ele>1488.6</ele>
   </trkpt>
   <trkpt lat="45.8556360" lon="6.4839140">
    <ele>1486.8</ele>
   </trkpt>
   <trkpt lat="45.8555970" lon="6.4838310">
    <ele>1485.2</ele>
   </trkpt>
   <trkpt lat="45.8555330" lon="6.4837400">
    <ele>1483.0</ele>
   </trkpt>
   <trkpt lat="45.8555080" lon="6.4837040">
    <ele>1482.2</ele>
   </trkpt>
   <trkpt lat="45.8554900" lon="6.4836510">
    <ele>1481.2</ele>
   </trkpt>
   <trkpt lat="45.8554780" lon="6.4835690">
    <ele>1480.0</ele>
   </trkpt>
   <trkpt lat="45.8554600" lon="6.4835290">
    <ele>1479.6</ele>
   </trkpt>
   <trkpt lat="45.8554110" lon="6.4834070">
    <ele>1478.8</ele>
   </trkpt>
   <trkpt lat="45.8554170" lon="6.4833520">
    <ele>1478.6</ele>
   </trkpt>
   <trkpt lat="45.8553810" lon="6.4831780">
    <ele>1477.8</ele>
   </trkpt>
   <trkpt lat="45.8553700" lon="6.4831260">
    <ele>1477.4</ele>
   </trkpt>
   <trkpt lat="45.8553730" lon="6.4830590">
    <ele>1477.0</ele>
   </trkpt>
   <trkpt lat="45.8553830" lon="6.4830270">
    <ele>1477.0</ele>
   </trkpt>
   <trkpt lat="45.8553710" lon="6.4829920">
    <ele>1476.8</ele>
   </trkpt>
   <trkpt lat="45.8553560" lon="6.4829750">
    <ele>1476.4</ele>
   </trkpt>
   <trkpt lat="45.8553470" lon="6.4829600">
    <ele>1476.0</ele>
   </trkpt>
   <trkpt lat="45.8553360" lon="6.4829040">
    <ele>1475.2</ele>
   </trkpt>
   <trkpt lat="45.8553700" lon="6.4828460">
    <ele>1474.8</ele>
   </trkpt>
   <trkpt lat="45.8554010" lon="6.4827780">
    <ele>1474.0</ele>
   </trkpt>
   <trkpt lat="45.8554040" lon="6.4827510">
    <ele>1473.4</ele>
   </trkpt>
   <trkpt lat="45.8554080" lon="6.4827180">
    <ele>1472.8</ele>
   </trkpt>
   <trkpt lat="45.8554010" lon="6.4826750">
    <ele>1472.2</ele>
   </trkpt>
   <trkpt lat="45.8554150" lon="6.4826530">
    <ele>1471.6</ele>
   </trkpt>
   <trkpt lat="45.8554250" lon="6.4826340">
    <ele>1470.4</ele>
   </trkpt>
   <trkpt lat="45.8554560" lon="6.4826010">
    <ele>1469.0</ele>
   </trkpt>
   <trkpt lat="45.8554800" lon="6.4825630">
    <ele>1468.4</ele>
   </trkpt>
   <trkpt lat="45.8555040" lon="6.4825130">
    <ele>1467.6</ele>
   </trkpt>
   <trkpt lat="45.8555400" lon="6.4824200">
    <ele>1465.6</ele>
   </trkpt>
   <trkpt lat="45.8555430" lon="6.4823690">
    <ele>1464.8</ele>
   </trkpt>
   <trkpt lat="45.8555340" lon="6.4823160">
    <ele>1464.2</ele>
   </trkpt>
   <trkpt lat="45.8555170" lon="6.4822560">
    <ele>1463.0</ele>
   </trkpt>
   <trkpt lat="45.8554890" lon="6.4821750">
    <ele>1461.8</ele>
   </trkpt>
   <trkpt lat="45.8555060" lon="6.4820960">
    <ele>1460.0</ele>
   </trkpt>
   <trkpt lat="45.8555270" lon="6.4820720">
    <ele>1459.0</ele>
   </trkpt>
   <trkpt lat="45.8555530" lon="6.4820760">
    <ele>1458.6</ele>
   </trkpt>
   <trkpt lat="45.8555950" lon="6.4821340">
    <ele>1456.6</ele>
   </trkpt>
   <trkpt lat="45.8556330" lon="6.4822150">
    <ele>1455.4</ele>
   </trkpt>
   <trkpt lat="45.8556650" lon="6.4822260">
    <ele>1454.6</ele>
   </trkpt>
   <trkpt lat="45.8556970" lon="6.4822210">
    <ele>1454.2</ele>
   </trkpt>
   <trkpt lat="45.8557380" lon="6.4821940">
    <ele>1453.6</ele>
   </trkpt>
   <trkpt lat="45.8557750" lon="6.4821550">
    <ele>1452.8</ele>
   </trkpt>
   <trkpt lat="45.8558090" lon="6.4821140">
    <ele>1452.2</ele>
   </trkpt>
   <trkpt lat="45.8558370" lon="6.4820770">
    <ele>1451.4</ele>
   </trkpt>
   <trkpt lat="45.8558810" lon="6.4819940">
    <ele>1450.2</ele>
   </trkpt>
   <trkpt lat="45.8558830" lon="6.4819570">
    <ele>1449.8</ele>
   </trkpt>
   <trkpt lat="45.8558860" lon="6.4819050">
    <ele>1449.0</ele>
   </trkpt>
   <trkpt lat="45.8559050" lon="6.4817820">
    <ele>1447.6</ele>
   </trkpt>
   <trkpt lat="45.8559260" lon="6.4816910">
    <ele>1446.0</ele>
   </trkpt>
   <trkpt lat="45.8559510" lon="6.4816490">
    <ele>1445.0</ele>
   </trkpt>
   <trkpt lat="45.8559790" lon="6.4816330">
    <ele>1444.4</ele>
   </trkpt>
   <trkpt lat="45.8560350" lon="6.4816100">
    <ele>1443.4</ele>
   </trkpt>
   <trkpt lat="45.8560500" lon="6.4816070">
    <ele>1443.0</ele>
   </trkpt>
   <trkpt lat="45.8561220" lon="6.4816490">
    <ele>1443.6</ele>
   </trkpt>
   <trkpt lat="45.8561520" lon="6.4817290">
    <ele>1443.8</ele>
   </trkpt>
   <trkpt lat="45.8562850" lon="6.4818910">
    <ele>1442.0</ele>
   </trkpt>
   <trkpt lat="45.8563040" lon="6.4819130">
    <ele>1441.8</ele>
   </trkpt>
   <trkpt lat="45.8563310" lon="6.4819120">
    <ele>1441.0</ele>
   </trkpt>
   <trkpt lat="45.8563710" lon="6.4819030">
    <ele>1440.8</ele>
   </trkpt>
   <trkpt lat="45.8564430" lon="6.4819020">
    <ele>1440.2</ele>
   </trkpt>
   <trkpt lat="45.8564710" lon="6.4818920">
    <ele>1439.2</ele>
   </trkpt>
   <trkpt lat="45.8565110" lon="6.4818960">
    <ele>1438.0</ele>
   </trkpt>
   <trkpt lat="45.8565380" lon="6.4818720">
    <ele>1436.6</ele>
   </trkpt>
   <trkpt lat="45.8565630" lon="6.4818140">
    <ele>1435.6</ele>
   </trkpt>
   <trkpt lat="45.8565430" lon="6.4817590">
    <ele>1434.0</ele>
   </trkpt>
   <trkpt lat="45.8565420" lon="6.4817250">
    <ele>1433.6</ele>
   </trkpt>
   <trkpt lat="45.8565140" lon="6.4816670">
    <ele>1432.6</ele>
   </trkpt>
   <trkpt lat="45.8565110" lon="6.4816310">
    <ele>1431.2</ele>
   </trkpt>
   <trkpt lat="45.8565370" lon="6.4816440">
    <ele>1429.4</ele>
   </trkpt>
   <trkpt lat="45.8565620" lon="6.4816610">
    <ele>1427.8</ele>
   </trkpt>
   <trkpt lat="45.8565630" lon="6.4816630">
    <ele>1427.2</ele>
   </trkpt>
   <trkpt lat="45.8565740" lon="6.4816600">
    <ele>1426.4</ele>
   </trkpt>
   <trkpt lat="45.8565710" lon="6.4816300">
    <ele>1426.0</ele>
   </trkpt>
   <trkpt lat="45.8565690" lon="6.4815490">
    <ele>1425.0</ele>
   </trkpt>
   <trkpt lat="45.8565850" lon="6.4815300">
    <ele>1424.8</ele>
   </trkpt>
   <trkpt lat="45.8566070" lon="6.4814970">
    <ele>1423.6</ele>
   </trkpt>
   <trkpt lat="45.8566320" lon="6.4815030">
    <ele>1422.6</ele>
   </trkpt>
   <trkpt lat="45.8566490" lon="6.4814980">
    <ele>1422.0</ele>
   </trkpt>
   <trkpt lat="45.8566470" lon="6.4814990">
    <ele>1421.4</ele>
   </trkpt>
   <trkpt lat="45.8566460" lon="6.4814840">
    <ele>1421.0</ele>
   </trkpt>
   <trkpt lat="45.8566380" lon="6.4814780">
    <ele>1419.6</ele>
   </trkpt>
   <trkpt lat="45.8566170" lon="6.4814590">
    <ele>1419.2</ele>
   </trkpt>
   <trkpt lat="45.8565970" lon="6.4814040">
    <ele>1418.4</ele>
   </trkpt>
   <trkpt lat="45.8565950" lon="6.4813190">
    <ele>1417.8</ele>
   </trkpt>
   <trkpt lat="45.8565900" lon="6.4812600">
    <ele>1417.0</ele>
   </trkpt>
   <trkpt lat="45.8565800" lon="6.4811840">
    <ele>1415.6</ele>
   </trkpt>
   <trkpt lat="45.8565930" lon="6.4811340">
    <ele>1413.6</ele>
   </trkpt>
   <trkpt lat="45.8566170" lon="6.4811110">
    <ele>1413.0</ele>
   </trkpt>
   <trkpt lat="45.8566380" lon="6.4811000">
    <ele>1412.6</ele>
   </trkpt>
   <trkpt lat="45.8566750" lon="6.4810970">
    <ele>1411.6</ele>
   </trkpt>
   <trkpt lat="45.8566960" lon="6.4811070">
    <ele>1410.0</ele>
   </trkpt>
   <trkpt lat="45.8567040" lon="6.4811400">
    <ele>1408.6</ele>
   </trkpt>
   <trkpt lat="45.8567480" lon="6.4811640">
    <ele>1407.8</ele>
   </trkpt>
   <trkpt lat="45.8567650" lon="6.4811500">
    <ele>1406.6</ele>
   </trkpt>
   <trkpt lat="45.8567700" lon="6.4810910">
    <ele>1405.2</ele>
   </trkpt>
   <trkpt lat="45.8567610" lon="6.4810140">
    <ele>1404.0</ele>
   </trkpt>
   <trkpt lat="45.8567560" lon="6.4809350">
    <ele>1402.4</ele>
   </trkpt>
   <trkpt lat="45.8567450" lon="6.4808940">
    <ele>1401.8</ele>
   </trkpt>
   <trkpt lat="45.8567320" lon="6.4808610">
    <ele>1401.2</ele>
   </trkpt>
   <trkpt lat="45.8567270" lon="6.4808220">
    <ele>1400.6</ele>
   </trkpt>
   <trkpt lat="45.8567300" lon="6.4807830">
    <ele>1400.2</ele>
   </trkpt>
   <trkpt lat="45.8567320" lon="6.4807430">
    <ele>1399.2</ele>
   </trkpt>
   <trkpt lat="45.8567760" lon="6.4806810">
    <ele>1397.8</ele>
   </trkpt>
   <trkpt lat="45.8568010" lon="6.4806640">
    <ele>1397.2</ele>
   </trkpt>
   <trkpt lat="45.8568240" lon="6.4806530">
    <ele>1396.8</ele>
   </trkpt>
   <trkpt lat="45.8568440" lon="6.4806320">
    <ele>1395.6</ele>
   </trkpt>
   <trkpt lat="45.8568880" lon="6.4806060">
    <ele>1394.2</ele>
   </trkpt>
   <trkpt lat="45.8568970" lon="6.4805970">
    <ele>1393.4</ele>
   </trkpt>
   <trkpt lat="45.8569100" lon="6.4806000">
    <ele>1392.4</ele>
   </trkpt>
   <trkpt lat="45.8569560" lon="6.4806010">
    <ele>1391.8</ele>
   </trkpt>
   <trkpt lat="45.8570040" lon="6.4805840">
    <ele>1391.2</ele>
   </trkpt>
   <trkpt lat="45.8570320" lon="6.4805450">
    <ele>1390.4</ele>
   </trkpt>
   <trkpt lat="45.8570590" lon="6.4805150">
    <ele>1390.2</ele>
   </trkpt>
   <trkpt lat="45.8570960" lon="6.4804350">
    <ele>1388.4</ele>
   </trkpt>
   <trkpt lat="45.8571150" lon="6.4804090">
    <ele>1387.4</ele>
   </trkpt>
   <trkpt lat="45.8571200" lon="6.4803750">
    <ele>1386.4</ele>
   </trkpt>
   <trkpt lat="45.8571190" lon="6.4803450">
    <ele>1385.2</ele>
   </trkpt>
   <trkpt lat="45.8571330" lon="6.4803410">
    <ele>1383.8</ele>
   </trkpt>
   <trkpt lat="45.8571590" lon="6.4803050">
    <ele>1382.4</ele>
   </trkpt>
   <trkpt lat="45.8571710" lon="6.4802860">
    <ele>1381.0</ele>
   </trkpt>
   <trkpt lat="45.8571950" lon="6.4802410">
    <ele>1379.4</ele>
   </trkpt>
   <trkpt lat="45.8572120" lon="6.4802160">
    <ele>1378.2</ele>
   </trkpt>
   <trkpt lat="45.8572250" lon="6.4801590">
    <ele>1376.8</ele>
   </trkpt>
   <trkpt lat="45.8572470" lon="6.4800840">
    <ele>1375.8</ele>
   </trkpt>
   <trkpt lat="45.8572910" lon="6.4800920">
    <ele>1374.6</ele>
   </trkpt>
   <trkpt lat="45.8573080" lon="6.4801070">
    <ele>1373.2</ele>
   </trkpt>
   <trkpt lat="45.8573160" lon="6.4801120">
    <ele>1372.0</ele>
   </trkpt>
   <trkpt lat="45.8573320" lon="6.4801020">
    <ele>1371.2</ele>
   </trkpt>
   <trkpt lat="45.8573360" lon="6.4800860">
    <ele>1370.6</ele>
   </trkpt>
   <trkpt lat="45.8573550" lon="6.4800510">
    <ele>1369.2</ele>
   </trkpt>
   <trkpt lat="45.8573670" lon="6.4800270">
    <ele>1368.6</ele>
   </trkpt>
   <trkpt lat="45.8573880" lon="6.4800110">
    <ele>1368.2</ele>
   </trkpt>
   <trkpt lat="45.8574040" lon="6.4799970">
    <ele>1366.6</ele>
   </trkpt>
   <trkpt lat="45.8574230" lon="6.4799700">
    <ele>1365.2</ele>
   </trkpt>
   <trkpt lat="45.8574590" lon="6.4799160">
    <ele>1363.6</ele>
   </trkpt>
   <trkpt lat="45.8575270" lon="6.4798670">
    <ele>1362.4</ele>
   </trkpt>
   <trkpt lat="45.8575820" lon="6.4798230">
    <ele>1361.0</ele>
   </trkpt>
   <trkpt lat="45.8576200" lon="6.4797970">
    <ele>1360.2</ele>
   </trkpt>
   <trkpt lat="45.8576380" lon="6.4798030">
    <ele>1359.6</ele>
   </trkpt>
   <trkpt lat="45.8576840" lon="6.4798220">
    <ele>1358.6</ele>
   </trkpt>
   <trkpt lat="45.8577180" lon="6.4798340">
    <ele>1358.2</ele>
   </trkpt>
   <trkpt lat="45.8577560" lon="6.4798370">
    <ele>1357.2</ele>
   </trkpt>
   <trkpt lat="45.8577850" lon="6.4798240">
    <ele>1356.6</ele>
   </trkpt>
   <trkpt lat="45.8578010" lon="6.4798030">
    <ele>1355.8</ele>
   </trkpt>
   <trkpt lat="45.8578110" lon="6.4797840">
    <ele>1355.2</ele>
   </trkpt>
   <trkpt lat="45.8578180" lon="6.4797830">
    <ele>1354.6</ele>
   </trkpt>
   <trkpt lat="45.8578480" lon="6.4798200">
    <ele>1353.0</ele>
   </trkpt>
   <trkpt lat="45.8579030" lon="6.4798690">
    <ele>1351.8</ele>
   </trkpt>
   <trkpt lat="45.8579310" lon="6.4798930">
    <ele>1350.8</ele>
   </trkpt>
   <trkpt lat="45.8579590" lon="6.4799170">
    <ele>1350.0</ele>
   </trkpt>
   <trkpt lat="45.8579730" lon="6.4799370">
    <ele>1349.0</ele>
   </trkpt>
   <trkpt lat="45.8579910" lon="6.4799540">
    <ele>1347.8</ele>
   </trkpt>
   <trkpt lat="45.8580150" lon="6.4799690">
    <ele>1347.0</ele>
   </trkpt>
   <trkpt lat="45.8580410" lon="6.4799870">
    <ele>1345.6</ele>
   </trkpt>
   <trkpt lat="45.8581050" lon="6.4800100">
    <ele>1344.0</ele>
   </trkpt>
   <trkpt lat="45.8581650" lon="6.4800110">
    <ele>1342.8</ele>
   </trkpt>
   <trkpt lat="45.8581920" lon="6.4800010">
    <ele>1341.6</ele>
   </trkpt>
   <trkpt lat="45.8582180" lon="6.4799860">
    <ele>1340.8</ele>
   </trkpt>
   <trkpt lat="45.8582460" lon="6.4799590">
    <ele>1340.0</ele>
   </trkpt>
   <trkpt lat="45.8582780" lon="6.4799290">
    <ele>1339.0</ele>
   </trkpt>
   <trkpt lat="45.8583020" lon="6.4798970">
    <ele>1338.4</ele>
   </trkpt>
   <trkpt lat="45.8583250" lon="6.4798660">
    <ele>1337.6</ele>
   </trkpt>
   <trkpt lat="45.8583530" lon="6.4798340">
    <ele>1337.0</ele>
   </trkpt>
   <trkpt lat="45.8583740" lon="6.4797990">
    <ele>1336.4</ele>
   </trkpt>
   <trkpt lat="45.8583790" lon="6.4797530">
    <ele>1335.8</ele>
   </trkpt>
   <trkpt lat="45.8583970" lon="6.4796940">
    <ele>1335.0</ele>
   </trkpt>
   <trkpt lat="45.8584010" lon="6.4796370">
    <ele>1333.6</ele>
   </trkpt>
   <trkpt lat="45.8584130" lon="6.4795540">
    <ele>1331.8</ele>
   </trkpt>
   <trkpt lat="45.8584100" lon="6.4795210">
    <ele>1331.2</ele>
   </trkpt>
   <trkpt lat="45.8584280" lon="6.4794900">
    <ele>1330.4</ele>
   </trkpt>
   <trkpt lat="45.8584560" lon="6.4795130">
    <ele>1329.6</ele>
   </trkpt>
   <trkpt lat="45.8584600" lon="6.4794990">
    <ele>1329.2</ele>
   </trkpt>
   <trkpt lat="45.8584780" lon="6.4794200">
    <ele>1330.0</ele>
   </trkpt>
   <trkpt lat="45.8584970" lon="6.4794170">
    <ele>1330.4</ele>
   </trkpt>
   <trkpt lat="45.8584990" lon="6.4793830">
    <ele>1331.0</ele>
   </trkpt>
   <trkpt lat="45.8584760" lon="6.4793480">
    <ele>1331.8</ele>
   </trkpt>
   <trkpt lat="45.8584510" lon="6.4793080">
    <ele>1333.2</ele>
   </trkpt>
   <trkpt lat="45.8584470" lon="6.4792950">
    <ele>1333.6</ele>
   </trkpt>
   <trkpt lat="45.8584880" lon="6.4792920">
    <ele>1334.4</ele>
   </trkpt>
   <trkpt lat="45.8585090" lon="6.4792930">
    <ele>1334.8</ele>
   </trkpt>
   <trkpt lat="45.8585200" lon="6.4793110">
    <ele>1335.4</ele>
   </trkpt>
   <trkpt lat="45.8585400" lon="6.4793380">
    <ele>1336.2</ele>
   </trkpt>
   <trkpt lat="45.8585760" lon="6.4793500">
    <ele>1336.6</ele>
   </trkpt>
   <trkpt lat="45.8586450" lon="6.4793520">
    <ele>1337.6</ele>
   </trkpt>
   <trkpt lat="45.8586730" lon="6.4793320">
    <ele>1338.4</ele>
   </trkpt>
   <trkpt lat="45.8586800" lon="6.4793220">
    <ele>1339.0</ele>
   </trkpt>
   <trkpt lat="45.8587220" lon="6.4792930">
    <ele>1340.2</ele>
   </trkpt>
   <trkpt lat="45.8587460" lon="6.4792950">
    <ele>1340.8</ele>
   </trkpt>
   <trkpt lat="45.8587510" lon="6.4793020">
    <ele>1341.0</ele>
   </trkpt>
   <trkpt lat="45.8587640" lon="6.4793130">
    <ele>1341.2</ele>
   </trkpt>
   <trkpt lat="45.8588340" lon="6.4793410">
    <ele>1342.2</ele>
   </trkpt>
   <trkpt lat="45.8588610" lon="6.4793420">
    <ele>1342.6</ele>
   </trkpt>
   <trkpt lat="45.8589090" lon="6.4793310">
    <ele>1343.6</ele>
   </trkpt>
   <trkpt lat="45.8589360" lon="6.4793560">
    <ele>1344.6</ele>
   </trkpt>
   <trkpt lat="45.8589380" lon="6.4793800">
    <ele>1345.2</ele>
   </trkpt>
   <trkpt lat="45.8589520" lon="6.4794170">
    <ele>1345.8</ele>
   </trkpt>
   <trkpt lat="45.8589530" lon="6.4794460">
    <ele>1346.8</ele>
   </trkpt>
   <trkpt lat="45.8589530" lon="6.4794530">
    <ele>1347.0</ele>
   </trkpt>
   <trkpt lat="45.8589630" lon="6.4794480">
    <ele>1347.2</ele>
   </trkpt>
   <trkpt lat="45.8589750" lon="6.4794160">
    <ele>1347.6</ele>
   </trkpt>
   <trkpt lat="45.8589800" lon="6.4794000">
    <ele>1347.6</ele>
   </trkpt>
   <trkpt lat="45.8589860" lon="6.4793630">
    <ele>1348.2</ele>
   </trkpt>
   <trkpt lat="45.8589870" lon="6.4792900">
    <ele>1349.4</ele>
   </trkpt>
   <trkpt lat="45.8589950" lon="6.4792680">
    <ele>1349.6</ele>
   </trkpt>
   <trkpt lat="45.8590080" lon="6.4792510">
    <ele>1349.8</ele>
   </trkpt>
   <trkpt lat="45.8590110" lon="6.4792280">
    <ele>1350.6</ele>
   </trkpt>
   <trkpt lat="45.8590180" lon="6.4792170">
    <ele>1351.8</ele>
   </trkpt>
   <trkpt lat="45.8590280" lon="6.4792220">
    <ele>1352.0</ele>
   </trkpt>
   <trkpt lat="45.8590740" lon="6.4792550">
    <ele>1352.8</ele>
   </trkpt>
   <trkpt lat="45.8591340" lon="6.4792450">
    <ele>1353.6</ele>
   </trkpt>
   <trkpt lat="45.8591940" lon="6.4792780">
    <ele>1353.4</ele>
   </trkpt>
   <trkpt lat="45.8592110" lon="6.4793010">
    <ele>1353.4</ele>
   </trkpt>
   <trkpt lat="45.8592270" lon="6.4793990">
    <ele>1353.2</ele>
   </trkpt>
   <trkpt lat="45.8592500" lon="6.4794520">
    <ele>1353.8</ele>
   </trkpt>
   <trkpt lat="45.8593130" lon="6.4795580">
    <ele>1354.0</ele>
   </trkpt>
   <trkpt lat="45.8594490" lon="6.4797860">
    <ele>1352.4</ele>
   </trkpt>
   <trkpt lat="45.8595080" lon="6.4798290">
    <ele>1351.2</ele>
   </trkpt>
   <trkpt lat="45.8595850" lon="6.4799070">
    <ele>1350.2</ele>
   </trkpt>
   <trkpt lat="45.8596030" lon="6.4799380">
    <ele>1349.8</ele>
   </trkpt>
   <trkpt lat="45.8596150" lon="6.4799680">
    <ele>1349.0</ele>
   </trkpt>
   <trkpt lat="45.8596310" lon="6.4800500">
    <ele>1347.6</ele>
   </trkpt>
   <trkpt lat="45.8596420" lon="6.4800960">
    <ele>1346.6</ele>
   </trkpt>
   <trkpt lat="45.8596540" lon="6.4801410">
    <ele>1345.8</ele>
   </trkpt>
   <trkpt lat="45.8596640" lon="6.4801900">
    <ele>1344.8</ele>
   </trkpt>
   <trkpt lat="45.8596800" lon="6.4802890">
    <ele>1343.4</ele>
   </trkpt>
   <trkpt lat="45.8596980" lon="6.4803420">
    <ele>1342.2</ele>
   </trkpt>
   <trkpt lat="45.8597130" lon="6.4803900">
    <ele>1340.6</ele>
   </trkpt>
   <trkpt lat="45.8597490" lon="6.4804710">
    <ele>1339.2</ele>
   </trkpt>
   <trkpt lat="45.8597920" lon="6.4805550">
    <ele>1337.4</ele>
   </trkpt>
   <trkpt lat="45.8598520" lon="6.4806620">
    <ele>1335.6</ele>
   </trkpt>
   <trkpt lat="45.8598830" lon="6.4806950">
    <ele>1335.0</ele>
   </trkpt>
   <trkpt lat="45.8599080" lon="6.4807300">
    <ele>1334.0</ele>
   </trkpt>
   <trkpt lat="45.8599390" lon="6.4807820">
    <ele>1332.8</ele>
   </trkpt>
   <trkpt lat="45.8599880" lon="6.4808400">
    <ele>1332.0</ele>
   </trkpt>
   <trkpt lat="45.8600170" lon="6.4808680">
    <ele>1331.2</ele>
   </trkpt>
   <trkpt lat="45.8600520" lon="6.4808760">
    <ele>1329.8</ele>
   </trkpt>
   <trkpt lat="45.8600660" lon="6.4808700">
    <ele>1329.4</ele>
   </trkpt>
   <trkpt lat="45.8600690" lon="6.4808640">
    <ele>1328.6</ele>
   </trkpt>
   <trkpt lat="45.8600660" lon="6.4808860">
    <ele>1327.4</ele>
   </trkpt>
   <trkpt lat="45.8600760" lon="6.4808980">
    <ele>1327.0</ele>
   </trkpt>
   <trkpt lat="45.8601470" lon="6.4809210">
    <ele>1325.8</ele>
   </trkpt>
   <trkpt lat="45.8602130" lon="6.4809500">
    <ele>1324.4</ele>
   </trkpt>
   <trkpt lat="45.8602380" lon="6.4809860">
    <ele>1323.4</ele>
   </trkpt>
   <trkpt lat="45.8603080" lon="6.4810680">
    <ele>1322.8</ele>
   </trkpt>
   <trkpt lat="45.8603550" lon="6.4811430">
    <ele>1321.4</ele>
   </trkpt>
   <trkpt lat="45.8603840" lon="6.4812420">
    <ele>1319.8</ele>
   </trkpt>
   <trkpt lat="45.8604090" lon="6.4812730">
    <ele>1319.2</ele>
   </trkpt>
   <trkpt lat="45.8604880" lon="6.4813300">
    <ele>1318.6</ele>
   </trkpt>
   <trkpt lat="45.8605590" lon="6.4813600">
    <ele>1317.4</ele>
   </trkpt>
   <trkpt lat="45.8606970" lon="6.4813920">
    <ele>1316.2</ele>
   </trkpt>
   <trkpt lat="45.8607740" lon="6.4814100">
    <ele>1315.6</ele>
   </trkpt>
   <trkpt lat="45.8608140" lon="6.4814230">
    <ele>1314.8</ele>
   </trkpt>
   <trkpt lat="45.8608770" lon="6.4814550">
    <ele>1313.6</ele>
   </trkpt>
   <trkpt lat="45.8609450" lon="6.4814720">
    <ele>1312.2</ele>
   </trkpt>
   <trkpt lat="45.8609830" lon="6.4814730">
    <ele>1311.8</ele>
   </trkpt>
   <trkpt lat="45.8610170" lon="6.4814750">
    <ele>1310.8</ele>
   </trkpt>
   <trkpt lat="45.8610850" lon="6.4814800">
    <ele>1309.8</ele>
   </trkpt>
   <trkpt lat="45.8611870" lon="6.4814990">
    <ele>1308.2</ele>
   </trkpt>
   <trkpt lat="45.8612680" lon="6.4815000">
    <ele>1307.0</ele>
   </trkpt>
   <trkpt lat="45.8613480" lon="6.4815340">
    <ele>1306.0</ele>
   </trkpt>
   <trkpt lat="45.8613810" lon="6.4815450">
    <ele>1305.6</ele>
   </trkpt>
   <trkpt lat="45.8615560" lon="6.4816280">
    <ele>1305.4</ele>
   </trkpt>
   <trkpt lat="45.8616570" lon="6.4817190">
    <ele>1306.4</ele>
   </trkpt>
   <trkpt lat="45.8616910" lon="6.4818170">
    <ele>1306.8</ele>
   </trkpt>
   <trkpt lat="45.8617350" lon="6.4819750">
    <ele>1307.0</ele>
   </trkpt>
   <trkpt lat="45.8618760" lon="6.4820870">
    <ele>1305.2</ele>
   </trkpt>
   <trkpt lat="45.8619120" lon="6.4821030">
    <ele>1304.4</ele>
   </trkpt>
   <trkpt lat="45.8619770" lon="6.4821310">
    <ele>1303.2</ele>
   </trkpt>
   <trkpt lat="45.8620280" lon="6.4821450">
    <ele>1301.4</ele>
   </trkpt>
   <trkpt lat="45.8620640" lon="6.4821370">
    <ele>1301.0</ele>
   </trkpt>
   <trkpt lat="45.8621000" lon="6.4821330">
    <ele>1300.6</ele>
   </trkpt>
   <trkpt lat="45.8621390" lon="6.4821350">
    <ele>1299.8</ele>
   </trkpt>
   <trkpt lat="45.8622020" lon="6.4821290">
    <ele>1297.8</ele>
   </trkpt>
   <trkpt lat="45.8622390" lon="6.4821320">
    <ele>1297.0</ele>
   </trkpt>
   <trkpt lat="45.8622720" lon="6.4821280">
    <ele>1295.6</ele>
   </trkpt>
   <trkpt lat="45.8623100" lon="6.4821240">
    <ele>1294.6</ele>
   </trkpt>
   <trkpt lat="45.8623780" lon="6.4821050">
    <ele>1293.4</ele>
   </trkpt>
   <trkpt lat="45.8624680" lon="6.4820890">
    <ele>1291.8</ele>
   </trkpt>
   <trkpt lat="45.8624950" lon="6.4820980">
    <ele>1291.4</ele>
   </trkpt>
   <trkpt lat="45.8625180" lon="6.4821090">
    <ele>1290.4</ele>
   </trkpt>
   <trkpt lat="45.8625640" lon="6.4821510">
    <ele>1288.8</ele>
   </trkpt>
   <trkpt lat="45.8625890" lon="6.4821690">
    <ele>1287.4</ele>
   </trkpt>
   <trkpt lat="45.8626230" lon="6.4821780">
    <ele>1286.0</ele>
   </trkpt>
   <trkpt lat="45.8626940" lon="6.4821970">
    <ele>1284.6</ele>
   </trkpt>
   <trkpt lat="45.8627600" lon="6.4822320">
    <ele>1282.6</ele>
   </trkpt>
   <trkpt lat="45.8628210" lon="6.4822880">
    <ele>1280.6</ele>
   </trkpt>
   <trkpt lat="45.8628890" lon="6.4823170">
    <ele>1279.2</ele>
   </trkpt>
   <trkpt lat="45.8629610" lon="6.4823460">
    <ele>1278.0</ele>
   </trkpt>
   <trkpt lat="45.8629990" lon="6.4823620">
    <ele>1277.6</ele>
   </trkpt>
   <trkpt lat="45.8630380" lon="6.4823760">
    <ele>1276.6</ele>
   </trkpt>
   <trkpt lat="45.8631210" lon="6.4823840">
    <ele>1275.0</ele>
   </trkpt>
   <trkpt lat="45.8631890" lon="6.4823820">
    <ele>1273.0</ele>
   </trkpt>
   <trkpt lat="45.8632050" lon="6.4823850">
    <ele>1271.8</ele>
   </trkpt>
   <trkpt lat="45.8632120" lon="6.4823880">
    <ele>1271.2</ele>
   </trkpt>
   <trkpt lat="45.8632060" lon="6.4823960">
    <ele>1270.4</ele>
   </trkpt>
   <trkpt lat="45.8632020" lon="6.4824220">
    <ele>1269.8</ele>
   </trkpt>
   <trkpt lat="45.8631910" lon="6.4824540">
    <ele>1269.0</ele>
   </trkpt>
   <trkpt lat="45.8631540" lon="6.4825040">
    <ele>1267.8</ele>
   </trkpt>
   <trkpt lat="45.8631310" lon="6.4825930">
    <ele>1266.4</ele>
   </trkpt>
   <trkpt lat="45.8631370" lon="6.4826470">
    <ele>1265.2</ele>
   </trkpt>
   <trkpt lat="45.8631440" lon="6.4826990">
    <ele>1263.6</ele>
   </trkpt>
   <trkpt lat="45.8631590" lon="6.4827880">
    <ele>1261.6</ele>
   </trkpt>
   <trkpt lat="45.8631720" lon="6.4828070">
    <ele>1261.0</ele>
   </trkpt>
   <trkpt lat="45.8631840" lon="6.4828070">
    <ele>1260.4</ele>
   </trkpt>
   <trkpt lat="45.8632150" lon="6.4828110">
    <ele>1259.2</ele>
   </trkpt>
   <trkpt lat="45.8632660" lon="6.4828480">
    <ele>1258.4</ele>
   </trkpt>
   <trkpt lat="45.8632860" lon="6.4828770">
    <ele>1258.0</ele>
   </trkpt>
   <trkpt lat="45.8632840" lon="6.4829470">
    <ele>1257.4</ele>
   </trkpt>
   <trkpt lat="45.8632840" lon="6.4829890">
    <ele>1256.8</ele>
   </trkpt>
   <trkpt lat="45.8632790" lon="6.4830920">
    <ele>1254.8</ele>
   </trkpt>
   <trkpt lat="45.8632870" lon="6.4832050">
    <ele>1253.4</ele>
   </trkpt>
   <trkpt lat="45.8633220" lon="6.4833080">
    <ele>1252.0</ele>
   </trkpt>
   <trkpt lat="45.8633800" lon="6.4833920">
    <ele>1251.0</ele>
   </trkpt>
   <trkpt lat="45.8634480" lon="6.4834600">
    <ele>1249.8</ele>
   </trkpt>
   <trkpt lat="45.8635370" lon="6.4835090">
    <ele>1248.4</ele>
   </trkpt>
   <trkpt lat="45.8635850" lon="6.4835330">
    <ele>1246.8</ele>
   </trkpt>
   <trkpt lat="45.8636270" lon="6.4835820">
    <ele>1245.4</ele>
   </trkpt>
   <trkpt lat="45.8636560" lon="6.4836080">
    <ele>1244.8</ele>
   </trkpt>
   <trkpt lat="45.8636840" lon="6.4836270">
    <ele>1243.8</ele>
   </trkpt>
   <trkpt lat="45.8637420" lon="6.4836380">
    <ele>1242.2</ele>
   </trkpt>
   <trkpt lat="45.8637770" lon="6.4836320">
    <ele>1241.0</ele>
   </trkpt>
   <trkpt lat="45.8638260" lon="6.4836110">
    <ele>1239.2</ele>
   </trkpt>
   <trkpt lat="45.8638600" lon="6.4836060">
    <ele>1237.6</ele>
   </trkpt>
   <trkpt lat="45.8638660" lon="6.4836070">
    <ele>1237.2</ele>
   </trkpt>
   <trkpt lat="45.8638760" lon="6.4836220">
    <ele>1236.0</ele>
   </trkpt>
   <trkpt lat="45.8638950" lon="6.4836410">
    <ele>1235.0</ele>
   </trkpt>
   <trkpt lat="45.8639130" lon="6.4836650">
    <ele>1233.8</ele>
   </trkpt>
   <trkpt lat="45.8639240" lon="6.4836860">
    <ele>1232.4</ele>
   </trkpt>
   <trkpt lat="45.8639410" lon="6.4837150">
    <ele>1231.2</ele>
   </trkpt>
   <trkpt lat="45.8639520" lon="6.4837450">
    <ele>1230.2</ele>
   </trkpt>
   <trkpt lat="45.8639690" lon="6.4837710">
    <ele>1229.8</ele>
   </trkpt>
   <trkpt lat="45.8640070" lon="6.4838210">
    <ele>1227.8</ele>
   </trkpt>
   <trkpt lat="45.8640290" lon="6.4838520">
    <ele>1226.4</ele>
   </trkpt>
   <trkpt lat="45.8640690" lon="6.4839310">
    <ele>1224.4</ele>
   </trkpt>
   <trkpt lat="45.8640820" lon="6.4840160">
    <ele>1222.4</ele>
   </trkpt>
   <trkpt lat="45.8640660" lon="6.4840950">
    <ele>1220.4</ele>
   </trkpt>
   <trkpt lat="45.8640610" lon="6.4841210">
    <ele>1219.4</ele>
   </trkpt>
   <trkpt lat="45.8640550" lon="6.4841400">
    <ele>1218.8</ele>
   </trkpt>
   <trkpt lat="45.8640510" lon="6.4841600">
    <ele>1218.0</ele>
   </trkpt>
   <trkpt lat="45.8640620" lon="6.4841760">
    <ele>1217.8</ele>
   </trkpt>
   <trkpt lat="45.8640780" lon="6.4841830">
    <ele>1216.6</ele>
   </trkpt>
   <trkpt lat="45.8641010" lon="6.4841790">
    <ele>1215.8</ele>
   </trkpt>
   <trkpt lat="45.8641130" lon="6.4841810">
    <ele>1214.6</ele>
   </trkpt>
   <trkpt lat="45.8641200" lon="6.4842020">
    <ele>1213.8</ele>
   </trkpt>
   <trkpt lat="45.8641100" lon="6.4842320">
    <ele>1213.2</ele>
   </trkpt>
   <trkpt lat="45.8640970" lon="6.4842860">
    <ele>1211.2</ele>
   </trkpt>
   <trkpt lat="45.8641060" lon="6.4843380">
    <ele>1209.4</ele>
   </trkpt>
   <trkpt lat="45.8641330" lon="6.4843850">
    <ele>1208.0</ele>
   </trkpt>
   <trkpt lat="45.8641410" lon="6.4844120">
    <ele>1206.8</ele>
   </trkpt>
   <trkpt lat="45.8641390" lon="6.4844490">
    <ele>1205.6</ele>
   </trkpt>
   <trkpt lat="45.8641280" lon="6.4844970">
    <ele>1204.4</ele>
   </trkpt>
   <trkpt lat="45.8641090" lon="6.4845480">
    <ele>1203.2</ele>
   </trkpt>
   <trkpt lat="45.8640780" lon="6.4845860">
    <ele>1202.4</ele>
   </trkpt>
   <trkpt lat="45.8640690" lon="6.4846270">
    <ele>1201.8</ele>
   </trkpt>
   <trkpt lat="45.8640730" lon="6.4846800">
    <ele>1201.4</ele>
   </trkpt>
   <trkpt lat="45.8640830" lon="6.4847270">
    <ele>1200.8</ele>
   </trkpt>
   <trkpt lat="45.8641160" lon="6.4847740">
    <ele>1200.0</ele>
   </trkpt>
   <trkpt lat="45.8641620" lon="6.4848270">
    <ele>1199.0</ele>
   </trkpt>
   <trkpt lat="45.8642120" lon="6.4848760">
    <ele>1198.2</ele>
   </trkpt>
   <trkpt lat="45.8642520" lon="6.4849180">
    <ele>1198.0</ele>
   </trkpt>
   <trkpt lat="45.8643600" lon="6.4850470">
    <ele>1196.4</ele>
   </trkpt>
   <trkpt lat="45.8643660" lon="6.4850980">
    <ele>1195.4</ele>
   </trkpt>
   <trkpt lat="45.8643640" lon="6.4851450">
    <ele>1194.2</ele>
   </trkpt>
   <trkpt lat="45.8643530" lon="6.4851880">
    <ele>1193.2</ele>
   </trkpt>
   <trkpt lat="45.8643440" lon="6.4852250">
    <ele>1192.2</ele>
   </trkpt>
   <trkpt lat="45.8643360" lon="6.4852700">
    <ele>1191.4</ele>
   </trkpt>
   <trkpt lat="45.8643370" lon="6.4853070">
    <ele>1190.2</ele>
   </trkpt>
   <trkpt lat="45.8643530" lon="6.4853500">
    <ele>1189.4</ele>
   </trkpt>
   <trkpt lat="45.8643690" lon="6.4853920">
    <ele>1189.0</ele>
   </trkpt>
   <trkpt lat="45.8643820" lon="6.4854260">
    <ele>1188.6</ele>
   </trkpt>
   <trkpt lat="45.8643870" lon="6.4854640">
    <ele>1187.8</ele>
   </trkpt>
   <trkpt lat="45.8644020" lon="6.4855420">
    <ele>1186.2</ele>
   </trkpt>
   <trkpt lat="45.8644100" lon="6.4856190">
    <ele>1184.8</ele>
   </trkpt>
   <trkpt lat="45.8644050" lon="6.4856550">
    <ele>1183.4</ele>
   </trkpt>
   <trkpt lat="45.8643830" lon="6.4856890">
    <ele>1182.4</ele>
   </trkpt>
   <trkpt lat="45.8643540" lon="6.4857290">
    <ele>1181.4</ele>
   </trkpt>
   <trkpt lat="45.8643210" lon="6.4857730">
    <ele>1180.2</ele>
   </trkpt>
   <trkpt lat="45.8643000" lon="6.4858170">
    <ele>1179.0</ele>
   </trkpt>
   <trkpt lat="45.8642840" lon="6.4859200">
    <ele>1176.6</ele>
   </trkpt>
   <trkpt lat="45.8642670" lon="6.4860120">
    <ele>1175.4</ele>
   </trkpt>
   <trkpt lat="45.8642630" lon="6.4860490">
    <ele>1174.0</ele>
   </trkpt>
   <trkpt lat="45.8642510" lon="6.4860910">
    <ele>1172.8</ele>
   </trkpt>
   <trkpt lat="45.8642700" lon="6.4861590">
    <ele>1171.4</ele>
   </trkpt>
   <trkpt lat="45.8643010" lon="6.4861820">
    <ele>1169.8</ele>
   </trkpt>
   <trkpt lat="45.8643650" lon="6.4861880">
    <ele>1168.6</ele>
   </trkpt>
   <trkpt lat="45.8643950" lon="6.4861890">
    <ele>1168.0</ele>
   </trkpt>
   <trkpt lat="45.8644190" lon="6.4861940">
    <ele>1166.8</ele>
   </trkpt>
   <trkpt lat="45.8644500" lon="6.4862000">
    <ele>1165.6</ele>
   </trkpt>
   <trkpt lat="45.8644810" lon="6.4862350">
    <ele>1164.0</ele>
   </trkpt>
   <trkpt lat="45.8645130" lon="6.4862710">
    <ele>1163.0</ele>
   </trkpt>
   <trkpt lat="45.8645350" lon="6.4863040">
    <ele>1162.4</ele>
   </trkpt>
   <trkpt lat="45.8645590" lon="6.4864040">
    <ele>1162.0</ele>
   </trkpt>
   <trkpt lat="45.8645430" lon="6.4864460">
    <ele>1162.0</ele>
   </trkpt>
   <trkpt lat="45.8644570" lon="6.4865590">
    <ele>1162.4</ele>
   </trkpt>
   <trkpt lat="45.8643630" lon="6.4866730">
    <ele>1162.8</ele>
   </trkpt>
   <trkpt lat="45.8642950" lon="6.4867590">
    <ele>1163.2</ele>
   </trkpt>
   <trkpt lat="45.8642820" lon="6.4867970">
    <ele>1163.6</ele>
   </trkpt>
   <trkpt lat="45.8643080" lon="6.4870530">
    <ele>1164.0</ele>
   </trkpt>
   <trkpt lat="45.8643270" lon="6.4872510">
    <ele>1164.2</ele>
   </trkpt>
   <trkpt lat="45.8643310" lon="6.4873380">
    <ele>1164.6</ele>
   </trkpt>
   <trkpt lat="45.8643380" lon="6.4873860">
    <ele>1164.8</ele>
   </trkpt>
   <trkpt lat="45.8643810" lon="6.4875780">
    <ele>1165.8</ele>
   </trkpt>
   <trkpt lat="45.8644020" lon="6.4876820">
    <ele>1166.4</ele>
   </trkpt>
   <trkpt lat="45.8645210" lon="6.4879090">
    <ele>1166.6</ele>
   </trkpt>
   <trkpt lat="45.8646330" lon="6.4880590">
    <ele>1167.0</ele>
   </trkpt>
   <trkpt lat="45.8647830" lon="6.4882710">
    <ele>1167.8</ele>
   </trkpt>
   <trkpt lat="45.8648370" lon="6.4883350">
    <ele>1168.0</ele>
   </trkpt>
   <trkpt lat="45.8648790" lon="6.4883920">
    <ele>1168.2</ele>
   </trkpt>
   <trkpt lat="45.8649360" lon="6.4886050">
    <ele>1168.8</ele>
   </trkpt>
   <trkpt lat="45.8649970" lon="6.4888890">
    <ele>1167.6</ele>
   </trkpt>
   <trkpt lat="45.8650110" lon="6.4889900">
    <ele>1167.0</ele>
   </trkpt>
   <trkpt lat="45.8650130" lon="6.4890340">
    <ele>1166.8</ele>
   </trkpt>
   <trkpt lat="45.8649820" lon="6.4892350">
    <ele>1165.8</ele>
   </trkpt>
   <trkpt lat="45.8649470" lon="6.4893420">
    <ele>1165.6</ele>
   </trkpt>
   <trkpt lat="45.8649070" lon="6.4896140">
    <ele>1164.8</ele>
   </trkpt>
   <trkpt lat="45.8649130" lon="6.4896610">
    <ele>1164.8</ele>
   </trkpt>
   <trkpt lat="45.8649240" lon="6.4897140">
    <ele>1164.6</ele>
   </trkpt>
   <trkpt lat="45.8650140" lon="6.4899300">
    <ele>1163.4</ele>
   </trkpt>
   <trkpt lat="45.8650340" lon="6.4899820">
    <ele>1163.2</ele>
   </trkpt>
   <trkpt lat="45.8651120" lon="6.4901350">
    <ele>1161.8</ele>
   </trkpt>
   <trkpt lat="45.8651690" lon="6.4902890">
    <ele>1161.0</ele>
   </trkpt>
   <trkpt lat="45.8651900" lon="6.4903300">
    <ele>1160.8</ele>
   </trkpt>
   <trkpt lat="45.8653140" lon="6.4905440">
    <ele>1159.6</ele>
   </trkpt>
   <trkpt lat="45.8653460" lon="6.4905860">
    <ele>1159.4</ele>
   </trkpt>
   <trkpt lat="45.8654760" lon="6.4907700">
    <ele>1158.6</ele>
   </trkpt>
   <trkpt lat="45.8655450" lon="6.4909040">
    <ele>1157.2</ele>
   </trkpt>
   <trkpt lat="45.8655950" lon="6.4910600">
    <ele>1156.0</ele>
   </trkpt>
   <trkpt lat="45.8656040" lon="6.4911120">
    <ele>1155.6</ele>
   </trkpt>
   <trkpt lat="45.8656160" lon="6.4912500">
    <ele>1155.4</ele>
   </trkpt>
   <trkpt lat="45.8656110" lon="6.4914160">
    <ele>1155.2</ele>
   </trkpt>
   <trkpt lat="45.8655990" lon="6.4914940">
    <ele>1155.2</ele>
   </trkpt>
   <trkpt lat="45.8655230" lon="6.4915740">
    <ele>1155.2</ele>
   </trkpt>
   <trkpt lat="45.8654780" lon="6.4916090">
    <ele>1154.8</ele>
   </trkpt>
   <trkpt lat="45.8654040" lon="6.4916220">
    <ele>1154.2</ele>
   </trkpt>
   <trkpt lat="45.8653400" lon="6.4916230">
    <ele>1153.6</ele>
   </trkpt>
   <trkpt lat="45.8652740" lon="6.4916070">
    <ele>1152.4</ele>
   </trkpt>
   <trkpt lat="45.8652420" lon="6.4916080">
    <ele>1151.6</ele>
   </trkpt>
   <trkpt lat="45.8652180" lon="6.4916170">
    <ele>1151.0</ele>
   </trkpt>
   <trkpt lat="45.8651110" lon="6.4916480">
    <ele>1150.0</ele>
   </trkpt>
   <trkpt lat="45.8649970" lon="6.4916830">
    <ele>1149.6</ele>
   </trkpt>
   <trkpt lat="45.8649380" lon="6.4917040">
    <ele>1149.0</ele>
   </trkpt>
   <trkpt lat="45.8648900" lon="6.4917270">
    <ele>1148.6</ele>
   </trkpt>
   <trkpt lat="45.8648020" lon="6.4917850">
    <ele>1147.8</ele>
   </trkpt>
   <trkpt lat="45.8647430" lon="6.4918320">
    <ele>1147.2</ele>
   </trkpt>
   <trkpt lat="45.8646520" lon="6.4919330">
    <ele>1145.8</ele>
   </trkpt>
   <trkpt lat="45.8645890" lon="6.4920270">
    <ele>1144.6</ele>
   </trkpt>
   <trkpt lat="45.8645610" lon="6.4920780">
    <ele>1144.4</ele>
   </trkpt>
   <trkpt lat="45.8645340" lon="6.4921180">
    <ele>1144.2</ele>
   </trkpt>
   <trkpt lat="45.8645050" lon="6.4921590">
    <ele>1144.0</ele>
   </trkpt>
   <trkpt lat="45.8644780" lon="6.4922070">
    <ele>1143.2</ele>
   </trkpt>
   <trkpt lat="45.8644200" lon="6.4923000">
    <ele>1142.2</ele>
   </trkpt>
   <trkpt lat="45.8643630" lon="6.4923990">
    <ele>1141.4</ele>
   </trkpt>
   <trkpt lat="45.8643320" lon="6.4924450">
    <ele>1141.2</ele>
   </trkpt>
   <trkpt lat="45.8642680" lon="6.4925120">
    <ele>1140.6</ele>
   </trkpt>
   <trkpt lat="45.8641920" lon="6.4925260">
    <ele>1140.2</ele>
   </trkpt>
   <trkpt lat="45.8641470" lon="6.4925210">
    <ele>1139.8</ele>
   </trkpt>
   <trkpt lat="45.8641000" lon="6.4925090">
    <ele>1139.6</ele>
   </trkpt>
   <trkpt lat="45.8640130" lon="6.4925260">
    <ele>1138.8</ele>
   </trkpt>
   <trkpt lat="45.8639430" lon="6.4925470">
    <ele>1138.0</ele>
   </trkpt>
   <trkpt lat="45.8639050" lon="6.4925600">
    <ele>1137.6</ele>
   </trkpt>
   <trkpt lat="45.8638290" lon="6.4925750">
    <ele>1136.6</ele>
   </trkpt>
   <trkpt lat="45.8637910" lon="6.4925910">
    <ele>1136.4</ele>
   </trkpt>
   <trkpt lat="45.8636900" lon="6.4926670">
    <ele>1135.4</ele>
   </trkpt>
   <trkpt lat="45.8636680" lon="6.4927140">
    <ele>1134.6</ele>
   </trkpt>
   <trkpt lat="45.8635630" lon="6.4928240">
    <ele>1133.4</ele>
   </trkpt>
   <trkpt lat="45.8635300" lon="6.4928640">
    <ele>1133.2</ele>
   </trkpt>
   <trkpt lat="45.8635090" lon="6.4929000">
    <ele>1133.0</ele>
   </trkpt>
   <trkpt lat="45.8634820" lon="6.4929340">
    <ele>1132.8</ele>
   </trkpt>
   <trkpt lat="45.8634160" lon="6.4929800">
    <ele>1132.2</ele>
   </trkpt>
   <trkpt lat="45.8633460" lon="6.4929950">
    <ele>1131.6</ele>
   </trkpt>
   <trkpt lat="45.8633080" lon="6.4929970">
    <ele>1131.2</ele>
   </trkpt>
   <trkpt lat="45.8632660" lon="6.4930050">
    <ele>1131.0</ele>
   </trkpt>
   <trkpt lat="45.8630760" lon="6.4930640">
    <ele>1130.0</ele>
   </trkpt>
   <trkpt lat="45.8629820" lon="6.4931200">
    <ele>1129.0</ele>
   </trkpt>
   <trkpt lat="45.8629430" lon="6.4931590">
    <ele>1128.8</ele>
   </trkpt>
   <trkpt lat="45.8628640" lon="6.4932340">
    <ele>1127.8</ele>
   </trkpt>
   <trkpt lat="45.8628560" lon="6.4932930">
    <ele>1127.4</ele>
   </trkpt>
   <trkpt lat="45.8627140" lon="6.4933460">
    <ele>1126.6</ele>
   </trkpt>
   <trkpt lat="45.8626760" lon="6.4933590">
    <ele>1126.2</ele>
   </trkpt>
   <trkpt lat="45.8626440" lon="6.4933650">
    <ele>1125.0</ele>
   </trkpt>
   <trkpt lat="45.8626160" lon="6.4933830">
    <ele>1124.2</ele>
   </trkpt>
   <trkpt lat="45.8625890" lon="6.4934190">
    <ele>1123.4</ele>
   </trkpt>
   <trkpt lat="45.8625540" lon="6.4934580">
    <ele>1122.8</ele>
   </trkpt>
   <trkpt lat="45.8625180" lon="6.4935130">
    <ele>1122.2</ele>
   </trkpt>
   <trkpt lat="45.8624980" lon="6.4936210">
    <ele>1120.2</ele>
   </trkpt>
   <trkpt lat="45.8624550" lon="6.4937100">
    <ele>1118.8</ele>
   </trkpt>
   <trkpt lat="45.8624240" lon="6.4938160">
    <ele>1117.2</ele>
   </trkpt>
   <trkpt lat="45.8624200" lon="6.4939280">
    <ele>1115.8</ele>
   </trkpt>
   <trkpt lat="45.8624320" lon="6.4939860">
    <ele>1115.6</ele>
   </trkpt>
   <trkpt lat="45.8624590" lon="6.4940470">
    <ele>1114.6</ele>
   </trkpt>
   <trkpt lat="45.8624790" lon="6.4941020">
    <ele>1114.0</ele>
   </trkpt>
   <trkpt lat="45.8625040" lon="6.4941490">
    <ele>1112.8</ele>
   </trkpt>
   <trkpt lat="45.8625380" lon="6.4941820">
    <ele>1112.2</ele>
   </trkpt>
   <trkpt lat="45.8625860" lon="6.4942520">
    <ele>1111.0</ele>
   </trkpt>
   <trkpt lat="45.8626050" lon="6.4943020">
    <ele>1110.4</ele>
   </trkpt>
   <trkpt lat="45.8626290" lon="6.4943500">
    <ele>1110.0</ele>
   </trkpt>
   <trkpt lat="45.8626600" lon="6.4943970">
    <ele>1109.6</ele>
   </trkpt>
   <trkpt lat="45.8626950" lon="6.4944900">
    <ele>1108.0</ele>
   </trkpt>
   <trkpt lat="45.8626920" lon="6.4945440">
    <ele>1107.4</ele>
   </trkpt>
   <trkpt lat="45.8626700" lon="6.4945760">
    <ele>1106.8</ele>
   </trkpt>
   <trkpt lat="45.8626450" lon="6.4946030">
    <ele>1106.4</ele>
   </trkpt>
   <trkpt lat="45.8626240" lon="6.4946230">
    <ele>1105.4</ele>
   </trkpt>
   <trkpt lat="45.8626160" lon="6.4946710">
    <ele>1104.8</ele>
   </trkpt>
   <trkpt lat="45.8626070" lon="6.4947360">
    <ele>1104.0</ele>
   </trkpt>
   <trkpt lat="45.8625910" lon="6.4947890">
    <ele>1103.0</ele>
   </trkpt>
   <trkpt lat="45.8625750" lon="6.4948320">
    <ele>1102.0</ele>
   </trkpt>
   <trkpt lat="45.8625530" lon="6.4948470">
    <ele>1101.4</ele>
   </trkpt>
   <trkpt lat="45.8625390" lon="6.4948010">
    <ele>1100.6</ele>
   </trkpt>
   <trkpt lat="45.8625390" lon="6.4947580">
    <ele>1100.2</ele>
   </trkpt>
   <trkpt lat="45.8625240" lon="6.4947060">
    <ele>1100.0</ele>
   </trkpt>
   <trkpt lat="45.8624860" lon="6.4946030">
    <ele>1099.4</ele>
   </trkpt>
   <trkpt lat="45.8624650" lon="6.4945600">
    <ele>1099.0</ele>
   </trkpt>
   <trkpt lat="45.8624220" lon="6.4944800">
    <ele>1098.4</ele>
   </trkpt>
   <trkpt lat="45.8623780" lon="6.4943990">
    <ele>1097.6</ele>
   </trkpt>
   <trkpt lat="45.8623280" lon="6.4943260">
    <ele>1097.0</ele>
   </trkpt>
   <trkpt lat="45.8623010" lon="6.4943030">
    <ele>1096.6</ele>
   </trkpt>
   <trkpt lat="45.8621920" lon="6.4942670">
    <ele>1095.2</ele>
   </trkpt>
   <trkpt lat="45.8621100" lon="6.4942840">
    <ele>1095.0</ele>
   </trkpt>
   <trkpt lat="45.8620440" lon="6.4943410">
    <ele>1094.2</ele>
   </trkpt>
   <trkpt lat="45.8619450" lon="6.4944980">
    <ele>1093.2</ele>
   </trkpt>
   <trkpt lat="45.8618630" lon="6.4946620">
    <ele>1092.4</ele>
   </trkpt>
   <trkpt lat="45.8618130" lon="6.4947680">
    <ele>1092.0</ele>
   </trkpt>
   <trkpt lat="45.8617960" lon="6.4947960">
    <ele>1091.8</ele>
   </trkpt>
   <trkpt lat="45.8617680" lon="6.4948050">
    <ele>1091.6</ele>
   </trkpt>
   <trkpt lat="45.8617370" lon="6.4948070">
    <ele>1091.2</ele>
   </trkpt>
   <trkpt lat="45.8617050" lon="6.4948080">
    <ele>1090.6</ele>
   </trkpt>
   <trkpt lat="45.8616850" lon="6.4948430">
    <ele>1090.4</ele>
   </trkpt>
   <trkpt lat="45.8616670" lon="6.4949480">
    <ele>1090.0</ele>
   </trkpt>
   <trkpt lat="45.8616680" lon="6.4950270">
    <ele>1089.6</ele>
   </trkpt>
   <trkpt lat="45.8616660" lon="6.4950270">
    <ele>1089.4</ele>
   </trkpt>
   <trkpt lat="45.8616720" lon="6.4950220">
    <ele>1089.0</ele>
   </trkpt>
   <trkpt lat="45.8616800" lon="6.4950060">
    <ele>1088.8</ele>
   </trkpt>
   <trkpt lat="45.8616750" lon="6.4949940">
    <ele>1088.6</ele>
   </trkpt>
   <trkpt lat="45.8616710" lon="6.4949750">
    <ele>1088.6</ele>
   </trkpt>
   <trkpt lat="45.8616770" lon="6.4949880">
    <ele>1088.6</ele>
   </trkpt>
   <trkpt lat="45.8616680" lon="6.4949770">
    <ele>1088.4</ele>
   </trkpt>
   <trkpt lat="45.8616710" lon="6.4950150">
    <ele>1088.0</ele>
   </trkpt>
   <trkpt lat="45.8616700" lon="6.4950320">
    <ele>1088.0</ele>
   </trkpt>
   <trkpt lat="45.8616710" lon="6.4950260">
    <ele>1088.0</ele>
   </trkpt>
   <trkpt lat="45.8616840" lon="6.4950480">
    <ele>1087.8</ele>
   </trkpt>
   <trkpt lat="45.8617010" lon="6.4950710">
    <ele>1087.6</ele>
   </trkpt>
   <trkpt lat="45.8617120" lon="6.4951590">
    <ele>1087.2</ele>
   </trkpt>
   <trkpt lat="45.8617160" lon="6.4951920">
    <ele>1087.0</ele>
   </trkpt>
   <trkpt lat="45.8617240" lon="6.4952290">
    <ele>1086.8</ele>
   </trkpt>
   <trkpt lat="45.8617150" lon="6.4952680">
    <ele>1086.6</ele>
   </trkpt>
   <trkpt lat="45.8616340" lon="6.4953580">
    <ele>1086.2</ele>
   </trkpt>
   <trkpt lat="45.8616070" lon="6.4953880">
    <ele>1085.8</ele>
   </trkpt>
   <trkpt lat="45.8615460" lon="6.4954360">
    <ele>1085.4</ele>
   </trkpt>
   <trkpt lat="45.8614420" lon="6.4954570">
    <ele>1084.6</ele>
   </trkpt>
   <trkpt lat="45.8613780" lon="6.4954780">
    <ele>1083.6</ele>
   </trkpt>
   <trkpt lat="45.8612760" lon="6.4954790">
    <ele>1082.2</ele>
   </trkpt>
   <trkpt lat="45.8612120" lon="6.4954770">
    <ele>1081.6</ele>
   </trkpt>
   <trkpt lat="45.8611430" lon="6.4954800">
    <ele>1081.0</ele>
   </trkpt>
   <trkpt lat="45.8610140" lon="6.4954900">
    <ele>1080.0</ele>
   </trkpt>
   <trkpt lat="45.8609380" lon="6.4954880">
    <ele>1079.0</ele>
   </trkpt>
   <trkpt lat="45.8608670" lon="6.4954810">
    <ele>1078.0</ele>
   </trkpt>
   <trkpt lat="45.8606980" lon="6.4955540">
    <ele>1077.0</ele>
   </trkpt>
   <trkpt lat="45.8606690" lon="6.4955870">
    <ele>1076.8</ele>
   </trkpt>
   <trkpt lat="45.8606630" lon="6.4956380">
    <ele>1076.4</ele>
   </trkpt>
   <trkpt lat="45.8606780" lon="6.4957400">
    <ele>1076.0</ele>
   </trkpt>
   <trkpt lat="45.8607050" lon="6.4957900">
    <ele>1076.0</ele>
   </trkpt>
   <trkpt lat="45.8607590" lon="6.4958420">
    <ele>1075.6</ele>
   </trkpt>
   <trkpt lat="45.8607980" lon="6.4958660">
    <ele>1075.4</ele>
   </trkpt>
   <trkpt lat="45.8608700" lon="6.4959280">
    <ele>1074.6</ele>
   </trkpt>
   <trkpt lat="45.8609040" lon="6.4959570">
    <ele>1074.4</ele>
   </trkpt>
   <trkpt lat="45.8610170" lon="6.4960550">
    <ele>1073.2</ele>
   </trkpt>
   <trkpt lat="45.8611580" lon="6.4962580">
    <ele>1072.4</ele>
   </trkpt>
   <trkpt lat="45.8611860" lon="6.4962920">
    <ele>1072.2</ele>
   </trkpt>
   <trkpt lat="45.8612240" lon="6.4963200">
    <ele>1072.0</ele>
   </trkpt>
   <trkpt lat="45.8612860" lon="6.4964350">
    <ele>1070.8</ele>
   </trkpt>
   <trkpt lat="45.8612670" lon="6.4965160">
    <ele>1070.4</ele>
   </trkpt>
   <trkpt lat="45.8612910" lon="6.4966890">
    <ele>1070.2</ele>
   </trkpt>
   <trkpt lat="45.8613940" lon="6.4968210">
    <ele>1070.8</ele>
   </trkpt>
   <trkpt lat="45.8614060" lon="6.4968300">
    <ele>1071.0</ele>
   </trkpt>
   <trkpt lat="45.8614080" lon="6.4968210">
    <ele>1071.4</ele>
   </trkpt>
   <trkpt lat="45.8614140" lon="6.4968230">
    <ele>1072.2</ele>
   </trkpt>
   <trkpt lat="45.8614330" lon="6.4968340">
    <ele>1073.2</ele>
   </trkpt>
   <trkpt lat="45.8614490" lon="6.4968370">
    <ele>1073.4</ele>
   </trkpt>
   <trkpt lat="45.8614580" lon="6.4968380">
    <ele>1073.6</ele>
   </trkpt>
   <trkpt lat="45.8614810" lon="6.4968410">
    <ele>1074.8</ele>
   </trkpt>
   <trkpt lat="45.8615140" lon="6.4968380">
    <ele>1075.8</ele>
   </trkpt>
   <trkpt lat="45.8615430" lon="6.4968330">
    <ele>1077.2</ele>
   </trkpt>
   <trkpt lat="45.8615750" lon="6.4968000">
    <ele>1077.6</ele>
   </trkpt>
   <trkpt lat="45.8615960" lon="6.4967890">
    <ele>1078.2</ele>
   </trkpt>
   <trkpt lat="45.8616180" lon="6.4967920">
    <ele>1078.8</ele>
   </trkpt>
   <trkpt lat="45.8616240" lon="6.4967950">
    <ele>1079.0</ele>
   </trkpt>
   <trkpt lat="45.8616360" lon="6.4968010">
    <ele>1079.6</ele>
   </trkpt>
   <trkpt lat="45.8616480" lon="6.4968180">
    <ele>1080.4</ele>
   </trkpt>
   <trkpt lat="45.8616510" lon="6.4968310">
    <ele>1080.6</ele>
   </trkpt>
   <trkpt lat="45.8616480" lon="6.4968390">
    <ele>1081.0</ele>
   </trkpt>
   <trkpt lat="45.8616630" lon="6.4968620">
    <ele>1082.2</ele>
   </trkpt>
   <trkpt lat="45.8616650" lon="6.4968750">
    <ele>1083.0</ele>
   </trkpt>
   <trkpt lat="45.8616540" lon="6.4968780">
    <ele>1083.4</ele>
   </trkpt>
   <trkpt lat="45.8616560" lon="6.4968890">
    <ele>1083.8</ele>
   </trkpt>
   <trkpt lat="45.8616650" lon="6.4969010">
    <ele>1084.6</ele>
   </trkpt>
   <trkpt lat="45.8617430" lon="6.4969420">
    <ele>1086.0</ele>
   </trkpt>
   <trkpt lat="45.8617480" lon="6.4969440">
    <ele>1086.4</ele>
   </trkpt>
   <trkpt lat="45.8617820" lon="6.4969520">
    <ele>1087.0</ele>
   </trkpt>
   <trkpt lat="45.8618070" lon="6.4969640">
    <ele>1087.0</ele>
   </trkpt>
   <trkpt lat="45.8618730" lon="6.4970060">
    <ele>1087.8</ele>
   </trkpt>
   <trkpt lat="45.8618820" lon="6.4970160">
    <ele>1088.4</ele>
   </trkpt>
   <trkpt lat="45.8619730" lon="6.4970880">
    <ele>1089.8</ele>
   </trkpt>
   <trkpt lat="45.8620190" lon="6.4971440">
    <ele>1091.0</ele>
   </trkpt>
   <trkpt lat="45.8620290" lon="6.4971530">
    <ele>1091.0</ele>
   </trkpt>
   <trkpt lat="45.8620440" lon="6.4971660">
    <ele>1091.2</ele>
   </trkpt>
   <trkpt lat="45.8620800" lon="6.4971950">
    <ele>1092.0</ele>
   </trkpt>
   <trkpt lat="45.8621800" lon="6.4972370">
    <ele>1092.8</ele>
   </trkpt>
   <trkpt lat="45.8621900" lon="6.4972420">
    <ele>1093.0</ele>
   </trkpt>
   <trkpt lat="45.8621820" lon="6.4972500">
    <ele>1093.2</ele>
   </trkpt>
   <trkpt lat="45.8622540" lon="6.4973020">
    <ele>1094.0</ele>
   </trkpt>
   <trkpt lat="45.8622940" lon="6.4973300">
    <ele>1094.4</ele>
   </trkpt>
   <trkpt lat="45.8623520" lon="6.4973710">
    <ele>1095.6</ele>
   </trkpt>
   <trkpt lat="45.8623640" lon="6.4973810">
    <ele>1095.8</ele>
   </trkpt>
   <trkpt lat="45.8623620" lon="6.4973700">
    <ele>1096.6</ele>
   </trkpt>
   <trkpt lat="45.8624000" lon="6.4973680">
    <ele>1097.0</ele>
   </trkpt>
   <trkpt lat="45.8624540" lon="6.4973930">
    <ele>1097.8</ele>
   </trkpt>
   <trkpt lat="45.8625020" lon="6.4974350">
    <ele>1098.4</ele>
   </trkpt>
   <trkpt lat="45.8625080" lon="6.4974530">
    <ele>1098.8</ele>
   </trkpt>
   <trkpt lat="45.8625230" lon="6.4974810">
    <ele>1100.0</ele>
   </trkpt>
   <trkpt lat="45.8625330" lon="6.4974990">
    <ele>1100.4</ele>
   </trkpt>
   <trkpt lat="45.8625470" lon="6.4975170">
    <ele>1101.4</ele>
   </trkpt>
   <trkpt lat="45.8626030" lon="6.4975600">
    <ele>1102.6</ele>
   </trkpt>
   <trkpt lat="45.8626270" lon="6.4975720">
    <ele>1102.8</ele>
   </trkpt>
   <trkpt lat="45.8626430" lon="6.4975890">
    <ele>1103.6</ele>
   </trkpt>
   <trkpt lat="45.8626420" lon="6.4975900">
    <ele>1103.8</ele>
   </trkpt>
   <trkpt lat="45.8626450" lon="6.4975890">
    <ele>1104.0</ele>
   </trkpt>
   <trkpt lat="45.8626520" lon="6.4976020">
    <ele>1105.2</ele>
   </trkpt>
   <trkpt lat="45.8626620" lon="6.4976100">
    <ele>1105.8</ele>
   </trkpt>
   <trkpt lat="45.8626770" lon="6.4976160">
    <ele>1106.2</ele>
   </trkpt>
   <trkpt lat="45.8627090" lon="6.4976340">
    <ele>1107.4</ele>
   </trkpt>
   <trkpt lat="45.8627360" lon="6.4976550">
    <ele>1108.2</ele>
   </trkpt>
   <trkpt lat="45.8627460" lon="6.4976660">
    <ele>1108.4</ele>
   </trkpt>
   <trkpt lat="45.8627880" lon="6.4977130">
    <ele>1109.4</ele>
   </trkpt>
   <trkpt lat="45.8628170" lon="6.4977610">
    <ele>1110.6</ele>
   </trkpt>
   <trkpt lat="45.8628250" lon="6.4977880">
    <ele>1111.8</ele>
   </trkpt>
   <trkpt lat="45.8628300" lon="6.4978100">
    <ele>1113.0</ele>
   </trkpt>
   <trkpt lat="45.8628500" lon="6.4978640">
    <ele>1113.6</ele>
   </trkpt>
   <trkpt lat="45.8628740" lon="6.4979000">
    <ele>1114.0</ele>
   </trkpt>
   <trkpt lat="45.8629380" lon="6.4979960">
    <ele>1115.2</ele>
   </trkpt>
   <trkpt lat="45.8629540" lon="6.4980230">
    <ele>1115.6</ele>
   </trkpt>
   <trkpt lat="45.8629960" lon="6.4980730">
    <ele>1116.2</ele>
   </trkpt>
   <trkpt lat="45.8630380" lon="6.4981490">
    <ele>1117.4</ele>
   </trkpt>
   <trkpt lat="45.8630200" lon="6.4981770">
    <ele>1118.6</ele>
   </trkpt>
   <trkpt lat="45.8630270" lon="6.4982380">
    <ele>1119.4</ele>
   </trkpt>
   <trkpt lat="45.8630360" lon="6.4982500">
    <ele>1120.0</ele>
   </trkpt>
   <trkpt lat="45.8630610" lon="6.4982800">
    <ele>1121.4</ele>
   </trkpt>
   <trkpt lat="45.8630810" lon="6.4983270">
    <ele>1122.6</ele>
   </trkpt>
   <trkpt lat="45.8630370" lon="6.4983520">
    <ele>1123.6</ele>
   </trkpt>
   <trkpt lat="45.8630350" lon="6.4983640">
    <ele>1123.8</ele>
   </trkpt>
   <trkpt lat="45.8630490" lon="6.4983820">
    <ele>1124.4</ele>
   </trkpt>
   <trkpt lat="45.8630590" lon="6.4983970">
    <ele>1124.8</ele>
   </trkpt>
   <trkpt lat="45.8630770" lon="6.4984320">
    <ele>1125.8</ele>
   </trkpt>
   <trkpt lat="45.8630730" lon="6.4984680">
    <ele>1125.8</ele>
   </trkpt>
   <trkpt lat="45.8630760" lon="6.4984830">
    <ele>1125.8</ele>
   </trkpt>
   <trkpt lat="45.8631050" lon="6.4985240">
    <ele>1126.4</ele>
   </trkpt>
   <trkpt lat="45.8631240" lon="6.4985550">
    <ele>1127.2</ele>
   </trkpt>
   <trkpt lat="45.8631300" lon="6.4985640">
    <ele>1127.4</ele>
   </trkpt>
   <trkpt lat="45.8631410" lon="6.4985740">
    <ele>1127.6</ele>
   </trkpt>
   <trkpt lat="45.8631570" lon="6.4985870">
    <ele>1128.2</ele>
   </trkpt>
   <trkpt lat="45.8632110" lon="6.4986270">
    <ele>1129.2</ele>
   </trkpt>
   <trkpt lat="45.8632290" lon="6.4986490">
    <ele>1129.6</ele>
   </trkpt>
   <trkpt lat="45.8632360" lon="6.4986640">
    <ele>1129.8</ele>
   </trkpt>
   <trkpt lat="45.8632450" lon="6.4986800">
    <ele>1130.6</ele>
   </trkpt>
   <trkpt lat="45.8632610" lon="6.4986890">
    <ele>1131.0</ele>
   </trkpt>
   <trkpt lat="45.8632710" lon="6.4987000">
    <ele>1131.6</ele>
   </trkpt>
   <trkpt lat="45.8632690" lon="6.4987130">
    <ele>1132.0</ele>
   </trkpt>
   <trkpt lat="45.8632760" lon="6.4987190">
    <ele>1132.2</ele>
   </trkpt>
   <trkpt lat="45.8633010" lon="6.4987260">
    <ele>1132.4</ele>
   </trkpt>
   <trkpt lat="45.8633170" lon="6.4987380">
    <ele>1132.6</ele>
   </trkpt>
   <trkpt lat="45.8633510" lon="6.4987620">
    <ele>1133.6</ele>
   </trkpt>
   <trkpt lat="45.8633580" lon="6.4987660">
    <ele>1134.0</ele>
   </trkpt>
   <trkpt lat="45.8633550" lon="6.4987710">
    <ele>1134.4</ele>
   </trkpt>
   <trkpt lat="45.8633490" lon="6.4988010">
    <ele>1135.0</ele>
   </trkpt>
   <trkpt lat="45.8632880" lon="6.4988590">
    <ele>1135.6</ele>
   </trkpt>
   <trkpt lat="45.8633610" lon="6.4988770">
    <ele>1135.8</ele>
   </trkpt>
   <trkpt lat="45.8633770" lon="6.4988970">
    <ele>1136.2</ele>
   </trkpt>
   <trkpt lat="45.8634090" lon="6.4989180">
    <ele>1137.2</ele>
   </trkpt>
   <trkpt lat="45.8634250" lon="6.4989100">
    <ele>1137.4</ele>
   </trkpt>
   <trkpt lat="45.8634450" lon="6.4988940">
    <ele>1138.4</ele>
   </trkpt>
   <trkpt lat="45.8634590" lon="6.4989000">
    <ele>1138.6</ele>
   </trkpt>
   <trkpt lat="45.8634770" lon="6.4989110">
    <ele>1138.8</ele>
   </trkpt>
   <trkpt lat="45.8634840" lon="6.4989190">
    <ele>1139.0</ele>
   </trkpt>
   <trkpt lat="45.8634980" lon="6.4989330">
    <ele>1139.4</ele>
   </trkpt>
   <trkpt lat="45.8635080" lon="6.4989490">
    <ele>1139.8</ele>
   </trkpt>
   <trkpt lat="45.8635450" lon="6.4990120">
    <ele>1141.6</ele>
   </trkpt>
   <trkpt lat="45.8635870" lon="6.4990620">
    <ele>1142.6</ele>
   </trkpt>
   <trkpt lat="45.8635930" lon="6.4990720">
    <ele>1143.0</ele>
   </trkpt>
   <trkpt lat="45.8636040" lon="6.4990810">
    <ele>1143.0</ele>
   </trkpt>
   <trkpt lat="45.8636230" lon="6.4991020">
    <ele>1143.8</ele>
   </trkpt>
   <trkpt lat="45.8635990" lon="6.4991160">
    <ele>1144.0</ele>
   </trkpt>
   <trkpt lat="45.8636330" lon="6.4991280">
    <ele>1144.2</ele>
   </trkpt>
   <trkpt lat="45.8636400" lon="6.4991410">
    <ele>1145.0</ele>
   </trkpt>
   <trkpt lat="45.8636630" lon="6.4991630">
    <ele>1145.6</ele>
   </trkpt>
   <trkpt lat="45.8637050" lon="6.4991830">
    <ele>1146.2</ele>
   </trkpt>
   <trkpt lat="45.8637320" lon="6.4991960">
    <ele>1147.2</ele>
   </trkpt>
   <trkpt lat="45.8637410" lon="6.4992100">
    <ele>1147.4</ele>
   </trkpt>
   <trkpt lat="45.8637740" lon="6.4992630">
    <ele>1148.4</ele>
   </trkpt>
   <trkpt lat="45.8638070" lon="6.4993050">
    <ele>1149.4</ele>
   </trkpt>
   <trkpt lat="45.8638470" lon="6.4993460">
    <ele>1150.8</ele>
   </trkpt>
   <trkpt lat="45.8638560" lon="6.4993600">
    <ele>1151.0</ele>
   </trkpt>
   <trkpt lat="45.8638860" lon="6.4993800">
    <ele>1151.8</ele>
   </trkpt>
   <trkpt lat="45.8639070" lon="6.4993830">
    <ele>1152.6</ele>
   </trkpt>
   <trkpt lat="45.8639210" lon="6.4993940">
    <ele>1152.8</ele>
   </trkpt>
   <trkpt lat="45.8639330" lon="6.4994070">
    <ele>1153.2</ele>
   </trkpt>
   <trkpt lat="45.8639720" lon="6.4994370">
    <ele>1154.0</ele>
   </trkpt>
   <trkpt lat="45.8640040" lon="6.4994590">
    <ele>1155.0</ele>
   </trkpt>
   <trkpt lat="45.8640020" lon="6.4994610">
    <ele>1155.2</ele>
   </trkpt>
   <trkpt lat="45.8640120" lon="6.4994740">
    <ele>1155.4</ele>
   </trkpt>
   <trkpt lat="45.8640270" lon="6.4994980">
    <ele>1156.0</ele>
   </trkpt>
   <trkpt lat="45.8640390" lon="6.4995270">
    <ele>1156.6</ele>
   </trkpt>
   <trkpt lat="45.8640360" lon="6.4995580">
    <ele>1157.2</ele>
   </trkpt>
   <trkpt lat="45.8640370" lon="6.4995730">
    <ele>1157.4</ele>
   </trkpt>
   <trkpt lat="45.8640300" lon="6.4995890">
    <ele>1157.6</ele>
   </trkpt>
   <trkpt lat="45.8640170" lon="6.4996040">
    <ele>1158.2</ele>
   </trkpt>
   <trkpt lat="45.8640200" lon="6.4996180">
    <ele>1158.4</ele>
   </trkpt>
   <trkpt lat="45.8640200" lon="6.4996350">
    <ele>1159.2</ele>
   </trkpt>
   <trkpt lat="45.8640190" lon="6.4996540">
    <ele>1159.6</ele>
   </trkpt>
   <trkpt lat="45.8640550" lon="6.4997470">
    <ele>1160.6</ele>
   </trkpt>
   <trkpt lat="45.8640700" lon="6.4997770">
    <ele>1160.8</ele>
   </trkpt>
   <trkpt lat="45.8640900" lon="6.4998480">
    <ele>1161.8</ele>
   </trkpt>
   <trkpt lat="45.8640990" lon="6.4998770">
    <ele>1162.0</ele>
   </trkpt>
   <trkpt lat="45.8641400" lon="6.4999770">
    <ele>1163.2</ele>
   </trkpt>
   <trkpt lat="45.8641590" lon="6.5000190">
    <ele>1164.0</ele>
   </trkpt>
   <trkpt lat="45.8642260" lon="6.5000890">
    <ele>1164.2</ele>
   </trkpt>
   <trkpt lat="45.8642290" lon="6.5001080">
    <ele>1164.4</ele>
   </trkpt>
   <trkpt lat="45.8642330" lon="6.5001240">
    <ele>1164.6</ele>
   </trkpt>
   <trkpt lat="45.8642780" lon="6.5001760">
    <ele>1165.4</ele>
   </trkpt>
   <trkpt lat="45.8643170" lon="6.5002160">
    <ele>1165.8</ele>
   </trkpt>
   <trkpt lat="45.8643380" lon="6.5002670">
    <ele>1166.6</ele>
   </trkpt>
   <trkpt lat="45.8643370" lon="6.5002770">
    <ele>1166.8</ele>
   </trkpt>
   <trkpt lat="45.8643410" lon="6.5002940">
    <ele>1167.6</ele>
   </trkpt>
   <trkpt lat="45.8643720" lon="6.5003130">
    <ele>1168.4</ele>
   </trkpt>
   <trkpt lat="45.8643900" lon="6.5003290">
    <ele>1168.6</ele>
   </trkpt>
   <trkpt lat="45.8644200" lon="6.5003930">
    <ele>1169.8</ele>
   </trkpt>
   <trkpt lat="45.8644090" lon="6.5004360">
    <ele>1170.8</ele>
   </trkpt>
   <trkpt lat="45.8644000" lon="6.5004500">
    <ele>1171.2</ele>
   </trkpt>
   <trkpt lat="45.8643970" lon="6.5004640">
    <ele>1171.6</ele>
   </trkpt>
   <trkpt lat="45.8644070" lon="6.5004860">
    <ele>1172.2</ele>
   </trkpt>
   <trkpt lat="45.8644320" lon="6.5004980">
    <ele>1172.4</ele>
   </trkpt>
   <trkpt lat="45.8644220" lon="6.5005590">
    <ele>1173.2</ele>
   </trkpt>
   <trkpt lat="45.8644210" lon="6.5005920">
    <ele>1173.4</ele>
   </trkpt>
   <trkpt lat="45.8644190" lon="6.5006850">
    <ele>1174.4</ele>
   </trkpt>
   <trkpt lat="45.8644390" lon="6.5006960">
    <ele>1174.8</ele>
   </trkpt>
   <trkpt lat="45.8644560" lon="6.5007110">
    <ele>1175.4</ele>
   </trkpt>
   <trkpt lat="45.8644580" lon="6.5007150">
    <ele>1175.8</ele>
   </trkpt>
   <trkpt lat="45.8644660" lon="6.5007710">
    <ele>1177.2</ele>
   </trkpt>
   <trkpt lat="45.8644360" lon="6.5008000">
    <ele>1178.2</ele>
   </trkpt>
   <trkpt lat="45.8644400" lon="6.5008170">
    <ele>1178.4</ele>
   </trkpt>
   <trkpt lat="45.8644360" lon="6.5008340">
    <ele>1179.2</ele>
   </trkpt>
   <trkpt lat="45.8644460" lon="6.5008450">
    <ele>1179.6</ele>
   </trkpt>
   <trkpt lat="45.8644490" lon="6.5008470">
    <ele>1179.6</ele>
   </trkpt>
   <trkpt lat="45.8644440" lon="6.5008420">
    <ele>1179.8</ele>
   </trkpt>
   <trkpt lat="45.8644410" lon="6.5008390">
    <ele>1180.4</ele>
   </trkpt>
   <trkpt lat="45.8644440" lon="6.5008440">
    <ele>1180.8</ele>
   </trkpt>
   <trkpt lat="45.8644510" lon="6.5008560">
    <ele>1181.0</ele>
   </trkpt>
   <trkpt lat="45.8644820" lon="6.5008880">
    <ele>1181.6</ele>
   </trkpt>
   <trkpt lat="45.8645220" lon="6.5009300">
    <ele>1182.2</ele>
   </trkpt>
   <trkpt lat="45.8645160" lon="6.5009410">
    <ele>1182.8</ele>
   </trkpt>
   <trkpt lat="45.8645170" lon="6.5009630">
    <ele>1183.6</ele>
   </trkpt>
   <trkpt lat="45.8645140" lon="6.5009720">
    <ele>1183.8</ele>
   </trkpt>
   <trkpt lat="45.8645150" lon="6.5009870">
    <ele>1184.2</ele>
   </trkpt>
   <trkpt lat="45.8645350" lon="6.5010180">
    <ele>1184.4</ele>
   </trkpt>
   <trkpt lat="45.8645700" lon="6.5010500">
    <ele>1185.2</ele>
   </trkpt>
   <trkpt lat="45.8645850" lon="6.5010760">
    <ele>1185.4</ele>
   </trkpt>
   <trkpt lat="45.8646050" lon="6.5011190">
    <ele>1186.4</ele>
   </trkpt>
   <trkpt lat="45.8646630" lon="6.5012230">
    <ele>1187.6</ele>
   </trkpt>
   <trkpt lat="45.8647090" lon="6.5012750">
    <ele>1188.0</ele>
   </trkpt>
   <trkpt lat="45.8647850" lon="6.5013620">
    <ele>1188.8</ele>
   </trkpt>
   <trkpt lat="45.8648410" lon="6.5014210">
    <ele>1189.4</ele>
   </trkpt>
   <trkpt lat="45.8648910" lon="6.5014860">
    <ele>1189.8</ele>
   </trkpt>
   <trkpt lat="45.8649360" lon="6.5015900">
    <ele>1190.8</ele>
   </trkpt>
   <trkpt lat="45.8649470" lon="6.5016110">
    <ele>1191.2</ele>
   </trkpt>
   <trkpt lat="45.8649530" lon="6.5016290">
    <ele>1192.0</ele>
   </trkpt>
   <trkpt lat="45.8649510" lon="6.5016370">
    <ele>1192.4</ele>
   </trkpt>
   <trkpt lat="45.8649530" lon="6.5016580">
    <ele>1192.8</ele>
   </trkpt>
   <trkpt lat="45.8649850" lon="6.5017030">
    <ele>1193.2</ele>
   </trkpt>
   <trkpt lat="45.8650050" lon="6.5017290">
    <ele>1193.8</ele>
   </trkpt>
   <trkpt lat="45.8650330" lon="6.5018040">
    <ele>1194.6</ele>
   </trkpt>
   <trkpt lat="45.8650430" lon="6.5018230">
    <ele>1194.8</ele>
   </trkpt>
   <trkpt lat="45.8650810" lon="6.5018810">
    <ele>1195.4</ele>
   </trkpt>
   <trkpt lat="45.8650860" lon="6.5018990">
    <ele>1195.8</ele>
   </trkpt>
   <trkpt lat="45.8651040" lon="6.5019860">
    <ele>1196.8</ele>
   </trkpt>
   <trkpt lat="45.8651070" lon="6.5020040">
    <ele>1197.0</ele>
   </trkpt>
   <trkpt lat="45.8651230" lon="6.5020350">
    <ele>1197.6</ele>
   </trkpt>
   <trkpt lat="45.8651330" lon="6.5020470">
    <ele>1198.0</ele>
   </trkpt>
   <trkpt lat="45.8651650" lon="6.5020880">
    <ele>1198.6</ele>
   </trkpt>
   <trkpt lat="45.8651740" lon="6.5021140">
    <ele>1199.2</ele>
   </trkpt>
   <trkpt lat="45.8651920" lon="6.5021650">
    <ele>1199.6</ele>
   </trkpt>
   <trkpt lat="45.8652020" lon="6.5022200">
    <ele>1200.2</ele>
   </trkpt>
   <trkpt lat="45.8652060" lon="6.5022500">
    <ele>1200.2</ele>
   </trkpt>
   <trkpt lat="45.8652190" lon="6.5023300">
    <ele>1201.2</ele>
   </trkpt>
   <trkpt lat="45.8652170" lon="6.5023820">
    <ele>1201.8</ele>
   </trkpt>
   <trkpt lat="45.8652080" lon="6.5024200">
    <ele>1202.4</ele>
   </trkpt>
   <trkpt lat="45.8652200" lon="6.5024640">
    <ele>1203.2</ele>
   </trkpt>
   <trkpt lat="45.8652400" lon="6.5025120">
    <ele>1203.6</ele>
   </trkpt>
   <trkpt lat="45.8652340" lon="6.5025720">
    <ele>1204.4</ele>
   </trkpt>
   <trkpt lat="45.8652280" lon="6.5025980">
    <ele>1204.8</ele>
   </trkpt>
   <trkpt lat="45.8652430" lon="6.5026850">
    <ele>1206.0</ele>
   </trkpt>
   <trkpt lat="45.8652620" lon="6.5027200">
    <ele>1206.4</ele>
   </trkpt>
   <trkpt lat="45.8652740" lon="6.5027420">
    <ele>1206.6</ele>
   </trkpt>
   <trkpt lat="45.8652900" lon="6.5027980">
    <ele>1207.2</ele>
   </trkpt>
   <trkpt lat="45.8653520" lon="6.5028640">
    <ele>1207.6</ele>
   </trkpt>
   <trkpt lat="45.8654010" lon="6.5029500">
    <ele>1208.2</ele>
   </trkpt>
   <trkpt lat="45.8654470" lon="6.5030250">
    <ele>1209.4</ele>
   </trkpt>
   <trkpt lat="45.8654500" lon="6.5030570">
    <ele>1210.4</ele>
   </trkpt>
   <trkpt lat="45.8654440" lon="6.5030700">
    <ele>1210.6</ele>
   </trkpt>
   <trkpt lat="45.8654560" lon="6.5031380">
    <ele>1211.8</ele>
   </trkpt>
   <trkpt lat="45.8654480" lon="6.5031600">
    <ele>1212.0</ele>
   </trkpt>
   <trkpt lat="45.8655440" lon="6.5033500">
    <ele>1212.6</ele>
   </trkpt>
   <trkpt lat="45.8655560" lon="6.5033760">
    <ele>1212.8</ele>
   </trkpt>
   <trkpt lat="45.8655780" lon="6.5034930">
    <ele>1213.6</ele>
   </trkpt>
   <trkpt lat="45.8655750" lon="6.5035140">
    <ele>1214.0</ele>
   </trkpt>
   <trkpt lat="45.8656060" lon="6.5035920">
    <ele>1215.0</ele>
   </trkpt>
   <trkpt lat="45.8656120" lon="6.5036750">
    <ele>1216.0</ele>
   </trkpt>
   <trkpt lat="45.8656330" lon="6.5037220">
    <ele>1216.4</ele>
   </trkpt>
   <trkpt lat="45.8656840" lon="6.5037760">
    <ele>1216.8</ele>
   </trkpt>
   <trkpt lat="45.8656990" lon="6.5037950">
    <ele>1217.0</ele>
   </trkpt>
   <trkpt lat="45.8657290" lon="6.5038760">
    <ele>1217.6</ele>
   </trkpt>
   <trkpt lat="45.8657210" lon="6.5038960">
    <ele>1217.8</ele>
   </trkpt>
   <trkpt lat="45.8657090" lon="6.5039220">
    <ele>1218.0</ele>
   </trkpt>
   <trkpt lat="45.8656980" lon="6.5039440">
    <ele>1218.6</ele>
   </trkpt>
   <trkpt lat="45.8656930" lon="6.5039750">
    <ele>1219.0</ele>
   </trkpt>
   <trkpt lat="45.8656920" lon="6.5040020">
    <ele>1219.2</ele>
   </trkpt>
   <trkpt lat="45.8656920" lon="6.5040790">
    <ele>1220.4</ele>
   </trkpt>
   <trkpt lat="45.8656990" lon="6.5041060">
    <ele>1220.6</ele>
   </trkpt>
   <trkpt lat="45.8657010" lon="6.5041370">
    <ele>1220.8</ele>
   </trkpt>
   <trkpt lat="45.8657290" lon="6.5042200">
    <ele>1221.6</ele>
   </trkpt>
   <trkpt lat="45.8657550" lon="6.5043140">
    <ele>1222.6</ele>
   </trkpt>
   <trkpt lat="45.8657640" lon="6.5043320">
    <ele>1223.0</ele>
   </trkpt>
   <trkpt lat="45.8657710" lon="6.5043610">
    <ele>1223.2</ele>
   </trkpt>
   <trkpt lat="45.8657840" lon="6.5044040">
    <ele>1223.6</ele>
   </trkpt>
   <trkpt lat="45.8657920" lon="6.5044520">
    <ele>1224.4</ele>
   </trkpt>
   <trkpt lat="45.8657850" lon="6.5044780">
    <ele>1225.0</ele>
   </trkpt>
   <trkpt lat="45.8657720" lon="6.5045550">
    <ele>1226.0</ele>
   </trkpt>
   <trkpt lat="45.8657550" lon="6.5045910">
    <ele>1227.2</ele>
   </trkpt>
   <trkpt lat="45.8657490" lon="6.5046270">
    <ele>1228.4</ele>
   </trkpt>
   <trkpt lat="45.8657600" lon="6.5046480">
    <ele>1228.8</ele>
   </trkpt>
   <trkpt lat="45.8657790" lon="6.5046650">
    <ele>1229.0</ele>
   </trkpt>
   <trkpt lat="45.8657950" lon="6.5047490">
    <ele>1229.4</ele>
   </trkpt>
   <trkpt lat="45.8657870" lon="6.5047730">
    <ele>1229.6</ele>
   </trkpt>
   <trkpt lat="45.8657930" lon="6.5048160">
    <ele>1229.8</ele>
   </trkpt>
   <trkpt lat="45.8658170" lon="6.5048940">
    <ele>1230.8</ele>
   </trkpt>
   <trkpt lat="45.8658210" lon="6.5049180">
    <ele>1231.2</ele>
   </trkpt>
   <trkpt lat="45.8658070" lon="6.5049530">
    <ele>1231.6</ele>
   </trkpt>
   <trkpt lat="45.8658020" lon="6.5049740">
    <ele>1232.0</ele>
   </trkpt>
   <trkpt lat="45.8658050" lon="6.5050000">
    <ele>1232.0</ele>
   </trkpt>
   <trkpt lat="45.8658110" lon="6.5050260">
    <ele>1232.2</ele>
   </trkpt>
   <trkpt lat="45.8658400" lon="6.5051290">
    <ele>1232.2</ele>
   </trkpt>
   <trkpt lat="45.8658450" lon="6.5051710">
    <ele>1233.0</ele>
   </trkpt>
   <trkpt lat="45.8658390" lon="6.5052110">
    <ele>1233.4</ele>
   </trkpt>
   <trkpt lat="45.8658400" lon="6.5052960">
    <ele>1232.8</ele>
   </trkpt>
   <trkpt lat="45.8658730" lon="6.5053380">
    <ele>1232.6</ele>
   </trkpt>
   <trkpt lat="45.8660010" lon="6.5055030">
    <ele>1233.0</ele>
   </trkpt>
   <trkpt lat="45.8660440" lon="6.5055770">
    <ele>1234.6</ele>
   </trkpt>
   <trkpt lat="45.8660530" lon="6.5055980">
    <ele>1235.8</ele>
   </trkpt>
   <trkpt lat="45.8660720" lon="6.5056160">
    <ele>1236.8</ele>
   </trkpt>
   <trkpt lat="45.8660900" lon="6.5056420">
    <ele>1237.2</ele>
   </trkpt>
   <trkpt lat="45.8661410" lon="6.5057110">
    <ele>1238.0</ele>
   </trkpt>
   <trkpt lat="45.8661400" lon="6.5057230">
    <ele>1238.2</ele>
   </trkpt>
   <trkpt lat="45.8661480" lon="6.5057390">
    <ele>1238.6</ele>
   </trkpt>
   <trkpt lat="45.8661570" lon="6.5057600">
    <ele>1239.0</ele>
   </trkpt>
   <trkpt lat="45.8661690" lon="6.5057860">
    <ele>1239.6</ele>
   </trkpt>
   <trkpt lat="45.8661750" lon="6.5057950">
    <ele>1240.0</ele>
   </trkpt>
   <trkpt lat="45.8661880" lon="6.5058010">
    <ele>1240.2</ele>
   </trkpt>
   <trkpt lat="45.8661990" lon="6.5058100">
    <ele>1240.6</ele>
   </trkpt>
   <trkpt lat="45.8661980" lon="6.5058120">
    <ele>1241.0</ele>
   </trkpt>
   <trkpt lat="45.8662020" lon="6.5058190">
    <ele>1241.4</ele>
   </trkpt>
   <trkpt lat="45.8662100" lon="6.5058340">
    <ele>1241.6</ele>
   </trkpt>
   <trkpt lat="45.8662270" lon="6.5058520">
    <ele>1241.8</ele>
   </trkpt>
   <trkpt lat="45.8662630" lon="6.5058850">
    <ele>1242.8</ele>
   </trkpt>
   <trkpt lat="45.8663010" lon="6.5058920">
    <ele>1243.4</ele>
   </trkpt>
   <trkpt lat="45.8663080" lon="6.5058880">
    <ele>1243.6</ele>
   </trkpt>
   <trkpt lat="45.8663000" lon="6.5058790">
    <ele>1243.8</ele>
   </trkpt>
   <trkpt lat="45.8663010" lon="6.5058690">
    <ele>1244.2</ele>
   </trkpt>
   <trkpt lat="45.8663020" lon="6.5058590">
    <ele>1244.8</ele>
   </trkpt>
   <trkpt lat="45.8663130" lon="6.5058680">
    <ele>1245.6</ele>
   </trkpt>
   <trkpt lat="45.8663180" lon="6.5058610">
    <ele>1246.2</ele>
   </trkpt>
   <trkpt lat="45.8663160" lon="6.5058590">
    <ele>1247.4</ele>
   </trkpt>
   <trkpt lat="45.8663260" lon="6.5058660">
    <ele>1247.4</ele>
   </trkpt>
   <trkpt lat="45.8663720" lon="6.5059400">
    <ele>1248.4</ele>
   </trkpt>
   <trkpt lat="45.8663870" lon="6.5059680">
    <ele>1249.0</ele>
   </trkpt>
   <trkpt lat="45.8663990" lon="6.5060120">
    <ele>1249.6</ele>
   </trkpt>
   <trkpt lat="45.8664220" lon="6.5060610">
    <ele>1250.6</ele>
   </trkpt>
   <trkpt lat="45.8664360" lon="6.5060900">
    <ele>1251.0</ele>
   </trkpt>
   <trkpt lat="45.8664800" lon="6.5061880">
    <ele>1251.8</ele>
   </trkpt>
   <trkpt lat="45.8665190" lon="6.5062610">
    <ele>1253.0</ele>
   </trkpt>
   <trkpt lat="45.8665370" lon="6.5063380">
    <ele>1253.8</ele>
   </trkpt>
   <trkpt lat="45.8665500" lon="6.5063660">
    <ele>1254.0</ele>
   </trkpt>
   <trkpt lat="45.8665610" lon="6.5064330">
    <ele>1255.0</ele>
   </trkpt>
   <trkpt lat="45.8665650" lon="6.5064560">
    <ele>1256.2</ele>
   </trkpt>
   <trkpt lat="45.8665670" lon="6.5065350">
    <ele>1257.2</ele>
   </trkpt>
   <trkpt lat="45.8665760" lon="6.5065760">
    <ele>1258.2</ele>
   </trkpt>
   <trkpt lat="45.8665760" lon="6.5065980">
    <ele>1258.6</ele>
   </trkpt>
   <trkpt lat="45.8665930" lon="6.5066840">
    <ele>1259.2</ele>
   </trkpt>
   <trkpt lat="45.8665820" lon="6.5067020">
    <ele>1259.6</ele>
   </trkpt>
   <trkpt lat="45.8665560" lon="6.5067220">
    <ele>1260.4</ele>
   </trkpt>
   <trkpt lat="45.8665420" lon="6.5067580">
    <ele>1261.4</ele>
   </trkpt>
   <trkpt lat="45.8665100" lon="6.5067960">
    <ele>1262.6</ele>
   </trkpt>
   <trkpt lat="45.8664970" lon="6.5068160">
    <ele>1263.0</ele>
   </trkpt>
   <trkpt lat="45.8664790" lon="6.5068850">
    <ele>1263.8</ele>
   </trkpt>
   <trkpt lat="45.8664260" lon="6.5069030">
    <ele>1264.2</ele>
   </trkpt>
   <trkpt lat="45.8663710" lon="6.5069480">
    <ele>1265.0</ele>
   </trkpt>
   <trkpt lat="45.8663560" lon="6.5069720">
    <ele>1265.4</ele>
   </trkpt>
   <trkpt lat="45.8663470" lon="6.5069860">
    <ele>1265.6</ele>
   </trkpt>
   <trkpt lat="45.8663390" lon="6.5069990">
    <ele>1266.2</ele>
   </trkpt>
   <trkpt lat="45.8663430" lon="6.5070580">
    <ele>1267.4</ele>
   </trkpt>
   <trkpt lat="45.8663490" lon="6.5071970">
    <ele>1268.4</ele>
   </trkpt>
   <trkpt lat="45.8663350" lon="6.5072110">
    <ele>1269.0</ele>
   </trkpt>
   <trkpt lat="45.8663210" lon="6.5072380">
    <ele>1269.6</ele>
   </trkpt>
   <trkpt lat="45.8663190" lon="6.5072650">
    <ele>1270.4</ele>
   </trkpt>
   <trkpt lat="45.8663160" lon="6.5072790">
    <ele>1270.6</ele>
   </trkpt>
   <trkpt lat="45.8663080" lon="6.5072930">
    <ele>1271.0</ele>
   </trkpt>
   <trkpt lat="45.8662650" lon="6.5073220">
    <ele>1272.0</ele>
   </trkpt>
   <trkpt lat="45.8662590" lon="6.5073420">
    <ele>1272.4</ele>
   </trkpt>
   <trkpt lat="45.8662080" lon="6.5073960">
    <ele>1273.0</ele>
   </trkpt>
   <trkpt lat="45.8661680" lon="6.5074420">
    <ele>1273.4</ele>
   </trkpt>
   <trkpt lat="45.8661180" lon="6.5076210">
    <ele>1273.8</ele>
   </trkpt>
   <trkpt lat="45.8661130" lon="6.5076550">
    <ele>1274.0</ele>
   </trkpt>
   <trkpt lat="45.8661020" lon="6.5077050">
    <ele>1274.4</ele>
   </trkpt>
   <trkpt lat="45.8660950" lon="6.5077280">
    <ele>1274.8</ele>
   </trkpt>
   <trkpt lat="45.8660880" lon="6.5077490">
    <ele>1275.2</ele>
   </trkpt>
   <trkpt lat="45.8660590" lon="6.5078570">
    <ele>1276.2</ele>
   </trkpt>
   <trkpt lat="45.8660490" lon="6.5078760">
    <ele>1276.4</ele>
   </trkpt>
   <trkpt lat="45.8660410" lon="6.5078760">
    <ele>1276.8</ele>
   </trkpt>
   <trkpt lat="45.8660370" lon="6.5078880">
    <ele>1277.6</ele>
   </trkpt>
   <trkpt lat="45.8660360" lon="6.5078870">
    <ele>1277.8</ele>
   </trkpt>
   <trkpt lat="45.8660490" lon="6.5078890">
    <ele>1278.0</ele>
   </trkpt>
   <trkpt lat="45.8660560" lon="6.5078630">
    <ele>1278.6</ele>
   </trkpt>
   <trkpt lat="45.8660530" lon="6.5078470">
    <ele>1279.0</ele>
   </trkpt>
   <trkpt lat="45.8660500" lon="6.5078080">
    <ele>1279.8</ele>
   </trkpt>
   <trkpt lat="45.8660620" lon="6.5077710">
    <ele>1280.4</ele>
   </trkpt>
   <trkpt lat="45.8660620" lon="6.5076980">
    <ele>1280.8</ele>
   </trkpt>
   <trkpt lat="45.8660480" lon="6.5076680">
    <ele>1281.2</ele>
   </trkpt>
   <trkpt lat="45.8660380" lon="6.5076420">
    <ele>1281.6</ele>
   </trkpt>
   <trkpt lat="45.8660320" lon="6.5075940">
    <ele>1282.0</ele>
   </trkpt>
   <trkpt lat="45.8660460" lon="6.5075460">
    <ele>1283.0</ele>
   </trkpt>
   <trkpt lat="45.8660480" lon="6.5075330">
    <ele>1283.2</ele>
   </trkpt>
   <trkpt lat="45.8660410" lon="6.5075050">
    <ele>1283.8</ele>
   </trkpt>
   <trkpt lat="45.8660180" lon="6.5075180">
    <ele>1284.6</ele>
   </trkpt>
   <trkpt lat="45.8659610" lon="6.5075470">
    <ele>1285.2</ele>
   </trkpt>
   <trkpt lat="45.8659440" lon="6.5075580">
    <ele>1285.4</ele>
   </trkpt>
   <trkpt lat="45.8659410" lon="6.5075820">
    <ele>1285.8</ele>
   </trkpt>
   <trkpt lat="45.8659550" lon="6.5077300">
    <ele>1286.0</ele>
   </trkpt>
   <trkpt lat="45.8659990" lon="6.5079660">
    <ele>1285.2</ele>
   </trkpt>
   <trkpt lat="45.8660590" lon="6.5080860">
    <ele>1285.0</ele>
   </trkpt>
   <trkpt lat="45.8660590" lon="6.5082580">
    <ele>1284.6</ele>
   </trkpt>
   <trkpt lat="45.8660510" lon="6.5083130">
    <ele>1284.4</ele>
   </trkpt>
   <trkpt lat="45.8661350" lon="6.5085650">
    <ele>1283.8</ele>
   </trkpt>
   <trkpt lat="45.8661770" lon="6.5086440">
    <ele>1283.6</ele>
   </trkpt>
   <trkpt lat="45.8662780" lon="6.5087990">
    <ele>1283.4</ele>
   </trkpt>
   <trkpt lat="45.8663140" lon="6.5089140">
    <ele>1283.4</ele>
   </trkpt>
   <trkpt lat="45.8663120" lon="6.5089460">
    <ele>1283.4</ele>
   </trkpt>
   <trkpt lat="45.8663320" lon="6.5090170">
    <ele>1283.6</ele>
   </trkpt>
   <trkpt lat="45.8663360" lon="6.5090390">
    <ele>1283.6</ele>
   </trkpt>
   <trkpt lat="45.8663600" lon="6.5090980">
    <ele>1283.0</ele>
   </trkpt>
   <trkpt lat="45.8663790" lon="6.5091170">
    <ele>1282.6</ele>
   </trkpt>
   <trkpt lat="45.8664040" lon="6.5091330">
    <ele>1282.4</ele>
   </trkpt>
   <trkpt lat="45.8665550" lon="6.5091920">
    <ele>1281.8</ele>
   </trkpt>
   <trkpt lat="45.8666840" lon="6.5093130">
    <ele>1281.6</ele>
   </trkpt>
   <trkpt lat="45.8667310" lon="6.5093830">
    <ele>1281.2</ele>
   </trkpt>
   <trkpt lat="45.8667610" lon="6.5094390">
    <ele>1280.8</ele>
   </trkpt>
   <trkpt lat="45.8667850" lon="6.5095280">
    <ele>1280.2</ele>
   </trkpt>
   <trkpt lat="45.8668140" lon="6.5095820">
    <ele>1279.8</ele>
   </trkpt>
   <trkpt lat="45.8668860" lon="6.5097400">
    <ele>1279.2</ele>
   </trkpt>
   <trkpt lat="45.8669440" lon="6.5098460">
    <ele>1278.8</ele>
   </trkpt>
   <trkpt lat="45.8670010" lon="6.5099910">
    <ele>1278.2</ele>
   </trkpt>
   <trkpt lat="45.8670400" lon="6.5100230">
    <ele>1278.0</ele>
   </trkpt>
   <trkpt lat="45.8670750" lon="6.5100690">
    <ele>1277.8</ele>
   </trkpt>
   <trkpt lat="45.8671560" lon="6.5101730">
    <ele>1277.8</ele>
   </trkpt>
   <trkpt lat="45.8672730" lon="6.5103240">
    <ele>1277.8</ele>
   </trkpt>
   <trkpt lat="45.8673770" lon="6.5104030">
    <ele>1277.8</ele>
   </trkpt>
   <trkpt lat="45.8675770" lon="6.5105720">
    <ele>1276.8</ele>
   </trkpt>
   <trkpt lat="45.8676350" lon="6.5106160">
    <ele>1276.4</ele>
   </trkpt>
   <trkpt lat="45.8677840" lon="6.5107340">
    <ele>1275.6</ele>
   </trkpt>
   <trkpt lat="45.8678810" lon="6.5108220">
    <ele>1275.4</ele>
   </trkpt>
   <trkpt lat="45.8680020" lon="6.5109300">
    <ele>1274.6</ele>
   </trkpt>
   <trkpt lat="45.8680680" lon="6.5110160">
    <ele>1274.4</ele>
   </trkpt>
   <trkpt lat="45.8682040" lon="6.5111290">
    <ele>1273.6</ele>
   </trkpt>
   <trkpt lat="45.8682220" lon="6.5111450">
    <ele>1273.6</ele>
   </trkpt>
   <trkpt lat="45.8682250" lon="6.5111610">
    <ele>1273.2</ele>
   </trkpt>
   <trkpt lat="45.8682380" lon="6.5112220">
    <ele>1273.0</ele>
   </trkpt>
   <trkpt lat="45.8682330" lon="6.5112680">
    <ele>1273.0</ele>
   </trkpt>
   <trkpt lat="45.8682160" lon="6.5113340">
    <ele>1272.6</ele>
   </trkpt>
   <trkpt lat="45.8682410" lon="6.5114110">
    <ele>1272.4</ele>
   </trkpt>
   <trkpt lat="45.8682620" lon="6.5114870">
    <ele>1272.2</ele>
   </trkpt>
   <trkpt lat="45.8683320" lon="6.5117150">
    <ele>1271.4</ele>
   </trkpt>
   <trkpt lat="45.8684510" lon="6.5118710">
    <ele>1271.4</ele>
   </trkpt>
   <trkpt lat="45.8684770" lon="6.5119050">
    <ele>1271.4</ele>
   </trkpt>
   <trkpt lat="45.8686380" lon="6.5121200">
    <ele>1270.4</ele>
   </trkpt>
   <trkpt lat="45.8686690" lon="6.5121600">
    <ele>1270.2</ele>
   </trkpt>
   <trkpt lat="45.8687670" lon="6.5123340">
    <ele>1269.4</ele>
   </trkpt>
   <trkpt lat="45.8687900" lon="6.5123620">
    <ele>1269.0</ele>
   </trkpt>
   <trkpt lat="45.8688360" lon="6.5124100">
    <ele>1268.4</ele>
   </trkpt>
   <trkpt lat="45.8688420" lon="6.5124260">
    <ele>1268.2</ele>
   </trkpt>
   <trkpt lat="45.8688610" lon="6.5124380">
    <ele>1268.0</ele>
   </trkpt>
   <trkpt lat="45.8689150" lon="6.5124560">
    <ele>1267.6</ele>
   </trkpt>
   <trkpt lat="45.8689470" lon="6.5124560">
    <ele>1267.0</ele>
   </trkpt>
   <trkpt lat="45.8689740" lon="6.5124630">
    <ele>1266.6</ele>
   </trkpt>
   <trkpt lat="45.8690600" lon="6.5124750">
    <ele>1265.4</ele>
   </trkpt>
   <trkpt lat="45.8691840" lon="6.5125510">
    <ele>1264.0</ele>
   </trkpt>
   <trkpt lat="45.8692740" lon="6.5126990">
    <ele>1263.0</ele>
   </trkpt>
   <trkpt lat="45.8693010" lon="6.5127490">
    <ele>1262.8</ele>
   </trkpt>
   <trkpt lat="45.8694420" lon="6.5129590">
    <ele>1261.8</ele>
   </trkpt>
   <trkpt lat="45.8695880" lon="6.5131730">
    <ele>1261.4</ele>
   </trkpt>
   <trkpt lat="45.8696100" lon="6.5132040">
    <ele>1261.2</ele>
   </trkpt>
   <trkpt lat="45.8696640" lon="6.5132590">
    <ele>1260.8</ele>
   </trkpt>
   <trkpt lat="45.8698040" lon="6.5133390">
    <ele>1260.0</ele>
   </trkpt>
   <trkpt lat="45.8698990" lon="6.5133780">
    <ele>1259.8</ele>
   </trkpt>
   <trkpt lat="45.8700730" lon="6.5135190">
    <ele>1259.8</ele>
   </trkpt>
   <trkpt lat="45.8701010" lon="6.5135610">
    <ele>1259.8</ele>
   </trkpt>
   <trkpt lat="45.8701270" lon="6.5136020">
    <ele>1259.6</ele>
   </trkpt>
   <trkpt lat="45.8701730" lon="6.5137760">
    <ele>1258.4</ele>
   </trkpt>
   <trkpt lat="45.8701890" lon="6.5138310">
    <ele>1257.8</ele>
   </trkpt>
   <trkpt lat="45.8702220" lon="6.5139940">
    <ele>1257.0</ele>
   </trkpt>
   <trkpt lat="45.8702600" lon="6.5141980">
    <ele>1256.0</ele>
   </trkpt>
   <trkpt lat="45.8703860" lon="6.5144490">
    <ele>1255.2</ele>
   </trkpt>
   <trkpt lat="45.8704360" lon="6.5145640">
    <ele>1255.0</ele>
   </trkpt>
   <trkpt lat="45.8705290" lon="6.5146840">
    <ele>1253.8</ele>
   </trkpt>
   <trkpt lat="45.8705640" lon="6.5147350">
    <ele>1253.2</ele>
   </trkpt>
   <trkpt lat="45.8705890" lon="6.5147870">
    <ele>1252.6</ele>
   </trkpt>
   <trkpt lat="45.8706540" lon="6.5149140">
    <ele>1251.8</ele>
   </trkpt>
   <trkpt lat="45.8706190" lon="6.5149230">
    <ele>1251.2</ele>
   </trkpt>
   <trkpt lat="45.8705960" lon="6.5149360">
    <ele>1251.0</ele>
   </trkpt>
   <trkpt lat="45.8705710" lon="6.5150450">
    <ele>1250.2</ele>
   </trkpt>
   <trkpt lat="45.8705760" lon="6.5150750">
    <ele>1249.8</ele>
   </trkpt>
   <trkpt lat="45.8705960" lon="6.5151840">
    <ele>1249.2</ele>
   </trkpt>
   <trkpt lat="45.8706060" lon="6.5152160">
    <ele>1249.0</ele>
   </trkpt>
   <trkpt lat="45.8706090" lon="6.5152400">
    <ele>1248.6</ele>
   </trkpt>
   <trkpt lat="45.8706030" lon="6.5153120">
    <ele>1247.8</ele>
   </trkpt>
   <trkpt lat="45.8706200" lon="6.5153950">
    <ele>1246.4</ele>
   </trkpt>
   <trkpt lat="45.8706310" lon="6.5154330">
    <ele>1245.6</ele>
   </trkpt>
   <trkpt lat="45.8706400" lon="6.5154450">
    <ele>1245.4</ele>
   </trkpt>
   <trkpt lat="45.8706490" lon="6.5154520">
    <ele>1245.0</ele>
   </trkpt>
   <trkpt lat="45.8706950" lon="6.5154930">
    <ele>1244.2</ele>
   </trkpt>
   <trkpt lat="45.8708240" lon="6.5155640">
    <ele>1243.8</ele>
   </trkpt>
   <trkpt lat="45.8708610" lon="6.5155750">
    <ele>1243.6</ele>
   </trkpt>
   <trkpt lat="45.8708930" lon="6.5155880">
    <ele>1243.2</ele>
   </trkpt>
   <trkpt lat="45.8709280" lon="6.5156150">
    <ele>1242.8</ele>
   </trkpt>
   <trkpt lat="45.8709540" lon="6.5156430">
    <ele>1242.4</ele>
   </trkpt>
   <trkpt lat="45.8709560" lon="6.5156500">
    <ele>1241.8</ele>
   </trkpt>
   <trkpt lat="45.8709680" lon="6.5156740">
    <ele>1241.6</ele>
   </trkpt>
   <trkpt lat="45.8710530" lon="6.5157750">
    <ele>1241.0</ele>
   </trkpt>
   <trkpt lat="45.8711130" lon="6.5158460">
    <ele>1240.8</ele>
   </trkpt>
   <trkpt lat="45.8711430" lon="6.5159260">
    <ele>1240.4</ele>
   </trkpt>
   <trkpt lat="45.8711580" lon="6.5159690">
    <ele>1240.2</ele>
   </trkpt>
   <trkpt lat="45.8712110" lon="6.5160640">
    <ele>1239.2</ele>
   </trkpt>
   <trkpt lat="45.8712590" lon="6.5161240">
    <ele>1238.8</ele>
   </trkpt>
   <trkpt lat="45.8713530" lon="6.5162000">
    <ele>1237.8</ele>
   </trkpt>
   <trkpt lat="45.8713700" lon="6.5162000">
    <ele>1237.6</ele>
   </trkpt>
   <trkpt lat="45.8713870" lon="6.5162210">
    <ele>1236.8</ele>
   </trkpt>
   <trkpt lat="45.8713610" lon="6.5162290">
    <ele>1236.6</ele>
   </trkpt>
   <trkpt lat="45.8713990" lon="6.5163110">
    <ele>1236.6</ele>
   </trkpt>
   <trkpt lat="45.8714290" lon="6.5163410">
    <ele>1236.8</ele>
   </trkpt>
   <trkpt lat="45.8716190" lon="6.5164970">
    <ele>1237.2</ele>
   </trkpt>
   <trkpt lat="45.8716580" lon="6.5165340">
    <ele>1237.2</ele>
   </trkpt>
   <trkpt lat="45.8717550" lon="6.5166530">
    <ele>1237.2</ele>
   </trkpt>
   <trkpt lat="45.8717710" lon="6.5166930">
    <ele>1237.2</ele>
   </trkpt>
   <trkpt lat="45.8718420" lon="6.5168610">
    <ele>1237.4</ele>
   </trkpt>
   <trkpt lat="45.8719090" lon="6.5169620">
    <ele>1237.4</ele>
   </trkpt>
   <trkpt lat="45.8719670" lon="6.5170600">
    <ele>1237.4</ele>
   </trkpt>
   <trkpt lat="45.8719910" lon="6.5171050">
    <ele>1237.4</ele>
   </trkpt>
   <trkpt lat="45.8720170" lon="6.5171590">
    <ele>1237.4</ele>
   </trkpt>
   <trkpt lat="45.8720560" lon="6.5172610">
    <ele>1237.8</ele>
   </trkpt>
   <trkpt lat="45.8720730" lon="6.5173140">
    <ele>1238.0</ele>
   </trkpt>
   <trkpt lat="45.8721040" lon="6.5174000">
    <ele>1238.2</ele>
   </trkpt>
   <trkpt lat="45.8721460" lon="6.5174180">
    <ele>1239.0</ele>
   </trkpt>
   <trkpt lat="45.8721660" lon="6.5174060">
    <ele>1240.2</ele>
   </trkpt>
   <trkpt lat="45.8721770" lon="6.5174270">
    <ele>1241.4</ele>
   </trkpt>
   <trkpt lat="45.8721970" lon="6.5174510">
    <ele>1241.8</ele>
   </trkpt>
   <trkpt lat="45.8722110" lon="6.5174970">
    <ele>1242.0</ele>
   </trkpt>
   <trkpt lat="45.8722150" lon="6.5174990">
    <ele>1242.0</ele>
   </trkpt>
   <trkpt lat="45.8722290" lon="6.5175230">
    <ele>1241.8</ele>
   </trkpt>
   <trkpt lat="45.8722300" lon="6.5175240">
    <ele>1241.8</ele>
   </trkpt>
   <trkpt lat="45.8722450" lon="6.5175400">
    <ele>1241.6</ele>
   </trkpt>
   <trkpt lat="45.8722430" lon="6.5175270">
    <ele>1241.2</ele>
   </trkpt>
   <trkpt lat="45.8722230" lon="6.5175130">
    <ele>1240.8</ele>
   </trkpt>
   <trkpt lat="45.8722030" lon="6.5175050">
    <ele>1240.4</ele>
   </trkpt>
   <trkpt lat="45.8722150" lon="6.5175140">
    <ele>1240.2</ele>
   </trkpt>
   <trkpt lat="45.8722630" lon="6.5175510">
    <ele>1239.8</ele>
   </trkpt>
   <trkpt lat="45.8722910" lon="6.5175820">
    <ele>1239.2</ele>
   </trkpt>
   <trkpt lat="45.8722990" lon="6.5176030">
    <ele>1239.4</ele>
   </trkpt>
   <trkpt lat="45.8723070" lon="6.5176160">
    <ele>1239.2</ele>
   </trkpt>
   <trkpt lat="45.8723180" lon="6.5176310">
    <ele>1239.2</ele>
   </trkpt>
   <trkpt lat="45.8723440" lon="6.5176510">
    <ele>1239.0</ele>
   </trkpt>
   <trkpt lat="45.8723790" lon="6.5176900">
    <ele>1238.2</ele>
   </trkpt>
   <trkpt lat="45.8723820" lon="6.5177040">
    <ele>1237.6</ele>
   </trkpt>
   <trkpt lat="45.8723860" lon="6.5177230">
    <ele>1237.2</ele>
   </trkpt>
   <trkpt lat="45.8723880" lon="6.5177450">
    <ele>1236.2</ele>
   </trkpt>
   <trkpt lat="45.8724090" lon="6.5177630">
    <ele>1236.2</ele>
   </trkpt>
   <trkpt lat="45.8724400" lon="6.5177820">
    <ele>1236.0</ele>
   </trkpt>
   <trkpt lat="45.8725790" lon="6.5178140">
    <ele>1235.8</ele>
   </trkpt>
   <trkpt lat="45.8727170" lon="6.5179490">
    <ele>1235.0</ele>
   </trkpt>
   <trkpt lat="45.8728120" lon="6.5181820">
    <ele>1234.6</ele>
   </trkpt>
   <trkpt lat="45.8728840" lon="6.5183980">
    <ele>1235.2</ele>
   </trkpt>
   <trkpt lat="45.8729470" lon="6.5185800">
    <ele>1235.4</ele>
   </trkpt>
   <trkpt lat="45.8729780" lon="6.5186270">
    <ele>1235.2</ele>
   </trkpt>
   <trkpt lat="45.8730710" lon="6.5188580">
    <ele>1234.0</ele>
   </trkpt>
   <trkpt lat="45.8731780" lon="6.5190890">
    <ele>1233.8</ele>
   </trkpt>
   <trkpt lat="45.8732030" lon="6.5192660">
    <ele>1234.2</ele>
   </trkpt>
   <trkpt lat="45.8732530" lon="6.5194520">
    <ele>1233.8</ele>
   </trkpt>
   <trkpt lat="45.8733150" lon="6.5194510">
    <ele>1233.4</ele>
   </trkpt>
   <trkpt lat="45.8733200" lon="6.5194510">
    <ele>1233.2</ele>
   </trkpt>
   <trkpt lat="45.8733030" lon="6.5194780">
    <ele>1233.4</ele>
   </trkpt>
   <trkpt lat="45.8733890" lon="6.5195870">
    <ele>1233.4</ele>
   </trkpt>
   <trkpt lat="45.8734240" lon="6.5196620">
    <ele>1233.2</ele>
   </trkpt>
   <trkpt lat="45.8734330" lon="6.5196930">
    <ele>1233.0</ele>
   </trkpt>
   <trkpt lat="45.8734390" lon="6.5197820">
    <ele>1232.6</ele>
   </trkpt>
   <trkpt lat="45.8734220" lon="6.5198630">
    <ele>1232.8</ele>
   </trkpt>
   <trkpt lat="45.8733730" lon="6.5200890">
    <ele>1233.2</ele>
   </trkpt>
   <trkpt lat="45.8733120" lon="6.5202830">
    <ele>1233.2</ele>
   </trkpt>
   <trkpt lat="45.8732560" lon="6.5202880">
    <ele>1233.2</ele>
   </trkpt>
   <trkpt lat="45.8731910" lon="6.5202990">
    <ele>1233.0</ele>
   </trkpt>
   <trkpt lat="45.8730940" lon="6.5203330">
    <ele>1232.4</ele>
   </trkpt>
   <trkpt lat="45.8731190" lon="6.5203300">
    <ele>1232.4</ele>
   </trkpt>
   <trkpt lat="45.8731290" lon="6.5202950">
    <ele>1232.8</ele>
   </trkpt>
   <trkpt lat="45.8731450" lon="6.5202700">
    <ele>1233.0</ele>
   </trkpt>
   <trkpt lat="45.8731950" lon="6.5202500">
    <ele>1233.2</ele>
   </trkpt>
   <trkpt lat="45.8732340" lon="6.5202230">
    <ele>1233.2</ele>
   </trkpt>
   <trkpt lat="45.8732650" lon="6.5202060">
    <ele>1232.8</ele>
   </trkpt>
   <trkpt lat="45.8733340" lon="6.5202170">
    <ele>1232.6</ele>
   </trkpt>
   <trkpt lat="45.8734030" lon="6.5202710">
    <ele>1231.8</ele>
   </trkpt>
   <trkpt lat="45.8735250" lon="6.5203740">
    <ele>1230.6</ele>
   </trkpt>
   <trkpt lat="45.8735280" lon="6.5204010">
    <ele>1230.4</ele>
   </trkpt>
   <trkpt lat="45.8735140" lon="6.5204430">
    <ele>1230.4</ele>
   </trkpt>
   <trkpt lat="45.8735310" lon="6.5204810">
    <ele>1230.6</ele>
   </trkpt>
   <trkpt lat="45.8735420" lon="6.5205060">
    <ele>1230.4</ele>
   </trkpt>
   <trkpt lat="45.8735570" lon="6.5205110">
    <ele>1230.6</ele>
   </trkpt>
   <trkpt lat="45.8735980" lon="6.5205390">
    <ele>1230.4</ele>
   </trkpt>
   <trkpt lat="45.8736830" lon="6.5206160">
    <ele>1230.4</ele>
   </trkpt>
   <trkpt lat="45.8737040" lon="6.5206360">
    <ele>1230.4</ele>
   </trkpt>
   <trkpt lat="45.8736920" lon="6.5206660">
    <ele>1230.0</ele>
   </trkpt>
   <trkpt lat="45.8736640" lon="6.5206670">
    <ele>1230.0</ele>
   </trkpt>
   <trkpt lat="45.8736260" lon="6.5206770">
    <ele>1230.0</ele>
   </trkpt>
   <trkpt lat="45.8735230" lon="6.5207180">
    <ele>1229.8</ele>
   </trkpt>
   <trkpt lat="45.8735110" lon="6.5207400">
    <ele>1229.8</ele>
   </trkpt>
   <trkpt lat="45.8735260" lon="6.5207990">
    <ele>1229.6</ele>
   </trkpt>
   <trkpt lat="45.8736540" lon="6.5210340">
    <ele>1229.0</ele>
   </trkpt>
   <trkpt lat="45.8736820" lon="6.5210810">
    <ele>1228.8</ele>
   </trkpt>
   <trkpt lat="45.8737070" lon="6.5210920">
    <ele>1228.6</ele>
   </trkpt>
   <trkpt lat="45.8737900" lon="6.5210900">
    <ele>1228.6</ele>
   </trkpt>
   <trkpt lat="45.8738280" lon="6.5210380">
    <ele>1228.8</ele>
   </trkpt>
   <trkpt lat="45.8738670" lon="6.5210280">
    <ele>1228.8</ele>
   </trkpt>
   <trkpt lat="45.8739100" lon="6.5210250">
    <ele>1229.0</ele>
   </trkpt>
   <trkpt lat="45.8739470" lon="6.5210400">
    <ele>1229.0</ele>
   </trkpt>
   <trkpt lat="45.8739770" lon="6.5210640">
    <ele>1228.8</ele>
   </trkpt>
   <trkpt lat="45.8739840" lon="6.5211080">
    <ele>1227.6</ele>
   </trkpt>
   <trkpt lat="45.8739670" lon="6.5211660">
    <ele>1226.4</ele>
   </trkpt>
   <trkpt lat="45.8739880" lon="6.5211990">
    <ele>1226.2</ele>
   </trkpt>
   <trkpt lat="45.8740780" lon="6.5213240">
    <ele>1225.4</ele>
   </trkpt>
   <trkpt lat="45.8741380" lon="6.5214390">
    <ele>1224.6</ele>
   </trkpt>
   <trkpt lat="45.8741600" lon="6.5214840">
    <ele>1224.0</ele>
   </trkpt>
   <trkpt lat="45.8742620" lon="6.5216630">
    <ele>1223.0</ele>
   </trkpt>
   <trkpt lat="45.8743640" lon="6.5217870">
    <ele>1223.0</ele>
   </trkpt>
   <trkpt lat="45.8745250" lon="6.5219480">
    <ele>1223.6</ele>
   </trkpt>
   <trkpt lat="45.8745520" lon="6.5219860">
    <ele>1223.6</ele>
   </trkpt>
   <trkpt lat="45.8745410" lon="6.5219950">
    <ele>1223.6</ele>
   </trkpt>
   <trkpt lat="45.8745400" lon="6.5220400">
    <ele>1224.0</ele>
   </trkpt>
   <trkpt lat="45.8745650" lon="6.5220650">
    <ele>1224.2</ele>
   </trkpt>
   <trkpt lat="45.8745770" lon="6.5220910">
    <ele>1224.2</ele>
   </trkpt>
   <trkpt lat="45.8745820" lon="6.5221100">
    <ele>1224.4</ele>
   </trkpt>
   <trkpt lat="45.8745750" lon="6.5221110">
    <ele>1224.4</ele>
   </trkpt>
   <trkpt lat="45.8745710" lon="6.5221200">
    <ele>1224.6</ele>
   </trkpt>
   <trkpt lat="45.8745960" lon="6.5221690">
    <ele>1225.4</ele>
   </trkpt>
   <trkpt lat="45.8745960" lon="6.5222510">
    <ele>1226.2</ele>
   </trkpt>
   <trkpt lat="45.8745900" lon="6.5222640">
    <ele>1226.4</ele>
   </trkpt>
   <trkpt lat="45.8746030" lon="6.5222970">
    <ele>1226.4</ele>
   </trkpt>
   <trkpt lat="45.8745990" lon="6.5223250">
    <ele>1226.8</ele>
   </trkpt>
   <trkpt lat="45.8746130" lon="6.5224240">
    <ele>1227.6</ele>
   </trkpt>
   <trkpt lat="45.8746280" lon="6.5224690">
    <ele>1227.8</ele>
   </trkpt>
   <trkpt lat="45.8746580" lon="6.5225400">
    <ele>1228.8</ele>
   </trkpt>
   <trkpt lat="45.8746710" lon="6.5225690">
    <ele>1229.0</ele>
   </trkpt>
   <trkpt lat="45.8747020" lon="6.5226380">
    <ele>1229.8</ele>
   </trkpt>
   <trkpt lat="45.8747160" lon="6.5226790">
    <ele>1230.4</ele>
   </trkpt>
   <trkpt lat="45.8746990" lon="6.5227350">
    <ele>1231.0</ele>
   </trkpt>
   <trkpt lat="45.8747240" lon="6.5227870">
    <ele>1231.2</ele>
   </trkpt>
   <trkpt lat="45.8747810" lon="6.5228370">
    <ele>1231.8</ele>
   </trkpt>
   <trkpt lat="45.8747820" lon="6.5228520">
    <ele>1232.0</ele>
   </trkpt>
   <trkpt lat="45.8747910" lon="6.5228580">
    <ele>1232.2</ele>
   </trkpt>
   <trkpt lat="45.8748020" lon="6.5228750">
    <ele>1232.4</ele>
   </trkpt>
   <trkpt lat="45.8748320" lon="6.5229170">
    <ele>1232.6</ele>
   </trkpt>
   <trkpt lat="45.8748690" lon="6.5230340">
    <ele>1233.0</ele>
   </trkpt>
   <trkpt lat="45.8749110" lon="6.5230900">
    <ele>1233.2</ele>
   </trkpt>
   <trkpt lat="45.8749900" lon="6.5231990">
    <ele>1234.2</ele>
   </trkpt>
   <trkpt lat="45.8750220" lon="6.5232060">
    <ele>1234.6</ele>
   </trkpt>
   <trkpt lat="45.8750660" lon="6.5232230">
    <ele>1234.8</ele>
   </trkpt>
   <trkpt lat="45.8751230" lon="6.5232660">
    <ele>1235.0</ele>
   </trkpt>
   <trkpt lat="45.8751300" lon="6.5232850">
    <ele>1235.2</ele>
   </trkpt>
   <trkpt lat="45.8751570" lon="6.5233430">
    <ele>1235.2</ele>
   </trkpt>
   <trkpt lat="45.8752990" lon="6.5235610">
    <ele>1235.2</ele>
   </trkpt>
   <trkpt lat="45.8754320" lon="6.5237230">
    <ele>1236.4</ele>
   </trkpt>
   <trkpt lat="45.8754440" lon="6.5237740">
    <ele>1236.6</ele>
   </trkpt>
   <trkpt lat="45.8754460" lon="6.5238080">
    <ele>1236.6</ele>
   </trkpt>
   <trkpt lat="45.8754500" lon="6.5239080">
    <ele>1236.8</ele>
   </trkpt>
   <trkpt lat="45.8754470" lon="6.5240130">
    <ele>1237.4</ele>
   </trkpt>
   <trkpt lat="45.8754460" lon="6.5240380">
    <ele>1237.6</ele>
   </trkpt>
   <trkpt lat="45.8754670" lon="6.5240750">
    <ele>1238.0</ele>
   </trkpt>
   <trkpt lat="45.8754860" lon="6.5240870">
    <ele>1238.0</ele>
   </trkpt>
   <trkpt lat="45.8755140" lon="6.5241120">
    <ele>1238.6</ele>
   </trkpt>
   <trkpt lat="45.8755390" lon="6.5241300">
    <ele>1239.4</ele>
   </trkpt>
   <trkpt lat="45.8755430" lon="6.5241330">
    <ele>1239.8</ele>
   </trkpt>
   <trkpt lat="45.8756030" lon="6.5241500">
    <ele>1240.2</ele>
   </trkpt>
   <trkpt lat="45.8756490" lon="6.5241720">
    <ele>1240.4</ele>
   </trkpt>
   <trkpt lat="45.8757940" lon="6.5242680">
    <ele>1240.8</ele>
   </trkpt>
   <trkpt lat="45.8758360" lon="6.5243170">
    <ele>1240.8</ele>
   </trkpt>
   <trkpt lat="45.8758730" lon="6.5243770">
    <ele>1242.0</ele>
   </trkpt>
   <trkpt lat="45.8759140" lon="6.5244600">
    <ele>1242.4</ele>
   </trkpt>
   <trkpt lat="45.8759620" lon="6.5246100">
    <ele>1243.0</ele>
   </trkpt>
   <trkpt lat="45.8759960" lon="6.5246760">
    <ele>1243.4</ele>
   </trkpt>
   <trkpt lat="45.8760120" lon="6.5247220">
    <ele>1243.6</ele>
   </trkpt>
   <trkpt lat="45.8760620" lon="6.5248510">
    <ele>1244.0</ele>
   </trkpt>
   <trkpt lat="45.8760510" lon="6.5248230">
    <ele>1244.8</ele>
   </trkpt>
   <trkpt lat="45.8760480" lon="6.5248140">
    <ele>1245.2</ele>
   </trkpt>
   <trkpt lat="45.8759790" lon="6.5246720">
    <ele>1245.2</ele>
   </trkpt>
   <trkpt lat="45.8759780" lon="6.5246230">
    <ele>1245.4</ele>
   </trkpt>
   <trkpt lat="45.8759990" lon="6.5246200">
    <ele>1245.4</ele>
   </trkpt>
   <trkpt lat="45.8760470" lon="6.5246490">
    <ele>1246.2</ele>
   </trkpt>
   <trkpt lat="45.8760710" lon="6.5246720">
    <ele>1246.4</ele>
   </trkpt>
   <trkpt lat="45.8761520" lon="6.5247670">
    <ele>1247.0</ele>
   </trkpt>
   <trkpt lat="45.8761550" lon="6.5247740">
    <ele>1247.2</ele>
   </trkpt>
   <trkpt lat="45.8761480" lon="6.5247900">
    <ele>1247.4</ele>
   </trkpt>
   <trkpt lat="45.8761450" lon="6.5248030">
    <ele>1247.6</ele>
   </trkpt>
   <trkpt lat="45.8761570" lon="6.5248210">
    <ele>1247.8</ele>
   </trkpt>
   <trkpt lat="45.8761120" lon="6.5248870">
    <ele>1248.2</ele>
   </trkpt>
   <trkpt lat="45.8761190" lon="6.5249390">
    <ele>1248.6</ele>
   </trkpt>
   <trkpt lat="45.8761260" lon="6.5249870">
    <ele>1248.8</ele>
   </trkpt>
   <trkpt lat="45.8761970" lon="6.5250300">
    <ele>1249.4</ele>
   </trkpt>
   <trkpt lat="45.8762220" lon="6.5250550">
    <ele>1249.6</ele>
   </trkpt>
   <trkpt lat="45.8762800" lon="6.5251150">
    <ele>1250.8</ele>
   </trkpt>
   <trkpt lat="45.8762930" lon="6.5251540">
    <ele>1250.8</ele>
   </trkpt>
   <trkpt lat="45.8763300" lon="6.5252250">
    <ele>1251.0</ele>
   </trkpt>
   <trkpt lat="45.8763390" lon="6.5252450">
    <ele>1251.2</ele>
   </trkpt>
   <trkpt lat="45.8763460" lon="6.5252730">
    <ele>1251.6</ele>
   </trkpt>
   <trkpt lat="45.8763630" lon="6.5253130">
    <ele>1252.2</ele>
   </trkpt>
   <trkpt lat="45.8763860" lon="6.5253590">
    <ele>1252.4</ele>
   </trkpt>
   <trkpt lat="45.8764010" lon="6.5253930">
    <ele>1252.6</ele>
   </trkpt>
   <trkpt lat="45.8764210" lon="6.5254650">
    <ele>1252.6</ele>
   </trkpt>
   <trkpt lat="45.8764350" lon="6.5255990">
    <ele>1253.0</ele>
   </trkpt>
   <trkpt lat="45.8764690" lon="6.5256490">
    <ele>1253.4</ele>
   </trkpt>
   <trkpt lat="45.8765460" lon="6.5257840">
    <ele>1254.2</ele>
   </trkpt>
   <trkpt lat="45.8765790" lon="6.5258310">
    <ele>1254.4</ele>
   </trkpt>
   <trkpt lat="45.8765790" lon="6.5258680">
    <ele>1254.6</ele>
   </trkpt>
   <trkpt lat="45.8765830" lon="6.5259200">
    <ele>1255.2</ele>
   </trkpt>
   <trkpt lat="45.8765860" lon="6.5259850">
    <ele>1255.8</ele>
   </trkpt>
   <trkpt lat="45.8766120" lon="6.5260280">
    <ele>1256.0</ele>
   </trkpt>
   <trkpt lat="45.8766210" lon="6.5260530">
    <ele>1256.0</ele>
   </trkpt>
   <trkpt lat="45.8766080" lon="6.5260570">
    <ele>1256.2</ele>
   </trkpt>
   <trkpt lat="45.8766170" lon="6.5260610">
    <ele>1256.4</ele>
   </trkpt>
   <trkpt lat="45.8766560" lon="6.5260810">
    <ele>1256.6</ele>
   </trkpt>
   <trkpt lat="45.8766650" lon="6.5260780">
    <ele>1256.8</ele>
   </trkpt>
   <trkpt lat="45.8766790" lon="6.5260700">
    <ele>1256.8</ele>
   </trkpt>
   <trkpt lat="45.8767170" lon="6.5260540">
    <ele>1257.0</ele>
   </trkpt>
   <trkpt lat="45.8767940" lon="6.5260540">
    <ele>1257.0</ele>
   </trkpt>
   <trkpt lat="45.8768500" lon="6.5260820">
    <ele>1257.4</ele>
   </trkpt>
   <trkpt lat="45.8769130" lon="6.5261270">
    <ele>1257.6</ele>
   </trkpt>
   <trkpt lat="45.8769670" lon="6.5261900">
    <ele>1258.0</ele>
   </trkpt>
   <trkpt lat="45.8770120" lon="6.5262440">
    <ele>1258.2</ele>
   </trkpt>
   <trkpt lat="45.8770410" lon="6.5262770">
    <ele>1258.6</ele>
   </trkpt>
   <trkpt lat="45.8770450" lon="6.5263010">
    <ele>1258.8</ele>
   </trkpt>
   <trkpt lat="45.8770880" lon="6.5263820">
    <ele>1259.0</ele>
   </trkpt>
   <trkpt lat="45.8772420" lon="6.5265540">
    <ele>1259.6</ele>
   </trkpt>
   <trkpt lat="45.8774100" lon="6.5267670">
    <ele>1259.0</ele>
   </trkpt>
   <trkpt lat="45.8775760" lon="6.5269700">
    <ele>1257.8</ele>
   </trkpt>
   <trkpt lat="45.8776140" lon="6.5270110">
    <ele>1257.4</ele>
   </trkpt>
   <trkpt lat="45.8777010" lon="6.5270800">
    <ele>1256.8</ele>
   </trkpt>
   <trkpt lat="45.8777210" lon="6.5271040">
    <ele>1256.2</ele>
   </trkpt>
   <trkpt lat="45.8777380" lon="6.5271290">
    <ele>1256.0</ele>
   </trkpt>
   <trkpt lat="45.8777450" lon="6.5271450">
    <ele>1255.4</ele>
   </trkpt>
   <trkpt lat="45.8777970" lon="6.5271760">
    <ele>1253.4</ele>
   </trkpt>
   <trkpt lat="45.8779010" lon="6.5272060">
    <ele>1251.8</ele>
   </trkpt>
   <trkpt lat="45.8779350" lon="6.5271840">
    <ele>1250.8</ele>
   </trkpt>
   <trkpt lat="45.8779660" lon="6.5271460">
    <ele>1250.4</ele>
   </trkpt>
   <trkpt lat="45.8779860" lon="6.5270960">
    <ele>1249.4</ele>
   </trkpt>
   <trkpt lat="45.8780120" lon="6.5270550">
    <ele>1248.4</ele>
   </trkpt>
   <trkpt lat="45.8780410" lon="6.5270210">
    <ele>1247.2</ele>
   </trkpt>
   <trkpt lat="45.8780650" lon="6.5269500">
    <ele>1245.4</ele>
   </trkpt>
   <trkpt lat="45.8780890" lon="6.5268570">
    <ele>1244.4</ele>
   </trkpt>
   <trkpt lat="45.8781010" lon="6.5267080">
    <ele>1243.4</ele>
   </trkpt>
   <trkpt lat="45.8781180" lon="6.5266690">
    <ele>1242.8</ele>
   </trkpt>
   <trkpt lat="45.8781420" lon="6.5266110">
    <ele>1242.4</ele>
   </trkpt>
   <trkpt lat="45.8781600" lon="6.5265630">
    <ele>1241.6</ele>
   </trkpt>
   <trkpt lat="45.8782040" lon="6.5264580">
    <ele>1239.4</ele>
   </trkpt>
   <trkpt lat="45.8782260" lon="6.5264140">
    <ele>1238.6</ele>
   </trkpt>
   <trkpt lat="45.8782450" lon="6.5263540">
    <ele>1237.6</ele>
   </trkpt>
   <trkpt lat="45.8782700" lon="6.5262870">
    <ele>1236.6</ele>
   </trkpt>
   <trkpt lat="45.8782820" lon="6.5262420">
    <ele>1235.8</ele>
   </trkpt>
   <trkpt lat="45.8783070" lon="6.5261270">
    <ele>1234.6</ele>
   </trkpt>
   <trkpt lat="45.8783340" lon="6.5260110">
    <ele>1234.0</ele>
   </trkpt>
   <trkpt lat="45.8783550" lon="6.5259060">
    <ele>1233.6</ele>
   </trkpt>
   <trkpt lat="45.8783710" lon="6.5258540">
    <ele>1233.2</ele>
   </trkpt>
   <trkpt lat="45.8783960" lon="6.5257480">
    <ele>1233.2</ele>
   </trkpt>
   <trkpt lat="45.8784490" lon="6.5255110">
    <ele>1233.4</ele>
   </trkpt>
   <trkpt lat="45.8785170" lon="6.5254270">
    <ele>1233.2</ele>
   </trkpt>
   <trkpt lat="45.8785570" lon="6.5254120">
    <ele>1233.0</ele>
   </trkpt>
   <trkpt lat="45.8787460" lon="6.5253030">
    <ele>1233.6</ele>
   </trkpt>
   <trkpt lat="45.8788730" lon="6.5251880">
    <ele>1234.6</ele>
   </trkpt>
   <trkpt lat="45.8789410" lon="6.5251150">
    <ele>1235.0</ele>
   </trkpt>
   <trkpt lat="45.8789730" lon="6.5250620">
    <ele>1235.4</ele>
   </trkpt>
   <trkpt lat="45.8789760" lon="6.5249850">
    <ele>1235.6</ele>
   </trkpt>
   <trkpt lat="45.8790540" lon="6.5247830">
    <ele>1235.2</ele>
   </trkpt>
   <trkpt lat="45.8792180" lon="6.5247660">
    <ele>1235.6</ele>
   </trkpt>
   <trkpt lat="45.8793970" lon="6.5247810">
    <ele>1236.0</ele>
   </trkpt>
   <trkpt lat="45.8795720" lon="6.5246770">
    <ele>1236.4</ele>
   </trkpt>
   <trkpt lat="45.8795840" lon="6.5245010">
    <ele>1236.6</ele>
   </trkpt>
   <trkpt lat="45.8795310" lon="6.5242070">
    <ele>1236.6</ele>
   </trkpt>
   <trkpt lat="45.8795160" lon="6.5241250">
    <ele>1236.6</ele>
   </trkpt>
   <trkpt lat="45.8794470" lon="6.5240010">
    <ele>1236.4</ele>
   </trkpt>
   <trkpt lat="45.8792730" lon="6.5238470">
    <ele>1236.2</ele>
   </trkpt>
   <trkpt lat="45.8792440" lon="6.5238250">
    <ele>1236.2</ele>
   </trkpt>
   <trkpt lat="45.8790890" lon="6.5236960">
    <ele>1235.6</ele>
   </trkpt>
   <trkpt lat="45.8790670" lon="6.5236740">
    <ele>1235.4</ele>
   </trkpt>
   <trkpt lat="45.8789800" lon="6.5235570">
    <ele>1234.8</ele>
   </trkpt>
   <trkpt lat="45.8788480" lon="6.5233290">
    <ele>1235.2</ele>
   </trkpt>
   <trkpt lat="45.8788220" lon="6.5232950">
    <ele>1235.2</ele>
   </trkpt>
   <trkpt lat="45.8786800" lon="6.5231310">
    <ele>1235.4</ele>
   </trkpt>
   <trkpt lat="45.8785920" lon="6.5230390">
    <ele>1235.6</ele>
   </trkpt>
   <trkpt lat="45.8784120" lon="6.5229220">
    <ele>1236.6</ele>
   </trkpt>
   <trkpt lat="45.8783510" lon="6.5228810">
    <ele>1236.6</ele>
   </trkpt>
   <trkpt lat="45.8781880" lon="6.5227820">
    <ele>1237.4</ele>
   </trkpt>
   <trkpt lat="45.8781650" lon="6.5227640">
    <ele>1237.4</ele>
   </trkpt>
   <trkpt lat="45.8780490" lon="6.5226570">
    <ele>1237.6</ele>
   </trkpt>
   <trkpt lat="45.8780230" lon="6.5226350">
    <ele>1237.6</ele>
   </trkpt>
   <trkpt lat="45.8779680" lon="6.5225910">
    <ele>1237.6</ele>
   </trkpt>
   <trkpt lat="45.8778040" lon="6.5224670">
    <ele>1238.0</ele>
   </trkpt>
   <trkpt lat="45.8776450" lon="6.5222980">
    <ele>1238.2</ele>
   </trkpt>
   <trkpt lat="45.8776230" lon="6.5222660">
    <ele>1238.4</ele>
   </trkpt>
   <trkpt lat="45.8774560" lon="6.5221120">
    <ele>1238.4</ele>
   </trkpt>
   <trkpt lat="45.8774140" lon="6.5220290">
    <ele>1238.4</ele>
   </trkpt>
   <trkpt lat="45.8772780" lon="6.5218370">
    <ele>1238.6</ele>
   </trkpt>
   <trkpt lat="45.8772640" lon="6.5218110">
    <ele>1238.6</ele>
   </trkpt>
   <trkpt lat="45.8771370" lon="6.5215960">
    <ele>1238.4</ele>
   </trkpt>
   <trkpt lat="45.8771160" lon="6.5215610">
    <ele>1238.4</ele>
   </trkpt>
   <trkpt lat="45.8771060" lon="6.5214890">
    <ele>1238.6</ele>
   </trkpt>
   <trkpt lat="45.8771170" lon="6.5215110">
    <ele>1239.8</ele>
   </trkpt>
   <trkpt lat="45.8771310" lon="6.5215200">
    <ele>1240.2</ele>
   </trkpt>
   <trkpt lat="45.8771550" lon="6.5214870">
    <ele>1241.2</ele>
   </trkpt>
   <trkpt lat="45.8771620" lon="6.5214780">
    <ele>1241.6</ele>
   </trkpt>
   <trkpt lat="45.8771780" lon="6.5215100">
    <ele>1242.4</ele>
   </trkpt>
   <trkpt lat="45.8772050" lon="6.5215420">
    <ele>1243.0</ele>
   </trkpt>
   <trkpt lat="45.8772310" lon="6.5215620">
    <ele>1243.8</ele>
   </trkpt>
   <trkpt lat="45.8772610" lon="6.5215480">
    <ele>1244.6</ele>
   </trkpt>
   <trkpt lat="45.8772650" lon="6.5215410">
    <ele>1244.8</ele>
   </trkpt>
   <trkpt lat="45.8772870" lon="6.5215120">
    <ele>1246.0</ele>
   </trkpt>
   <trkpt lat="45.8773090" lon="6.5214880">
    <ele>1246.8</ele>
   </trkpt>
   <trkpt lat="45.8773210" lon="6.5214780">
    <ele>1247.0</ele>
   </trkpt>
   <trkpt lat="45.8773660" lon="6.5214210">
    <ele>1248.4</ele>
   </trkpt>
   <trkpt lat="45.8773800" lon="6.5213680">
    <ele>1248.8</ele>
   </trkpt>
   <trkpt lat="45.8773770" lon="6.5213140">
    <ele>1249.6</ele>
   </trkpt>
   <trkpt lat="45.8773600" lon="6.5212620">
    <ele>1250.4</ele>
   </trkpt>
   <trkpt lat="45.8773610" lon="6.5212410">
    <ele>1250.6</ele>
   </trkpt>
   <trkpt lat="45.8773540" lon="6.5212110">
    <ele>1250.6</ele>
   </trkpt>
   <trkpt lat="45.8773410" lon="6.5211680">
    <ele>1250.8</ele>
   </trkpt>
   <trkpt lat="45.8772810" lon="6.5210820">
    <ele>1251.8</ele>
   </trkpt>
   <trkpt lat="45.8772260" lon="6.5210230">
    <ele>1252.2</ele>
   </trkpt>
   <trkpt lat="45.8771190" lon="6.5209460">
    <ele>1253.0</ele>
   </trkpt>
   <trkpt lat="45.8770660" lon="6.5209190">
    <ele>1253.2</ele>
   </trkpt>
   <trkpt lat="45.8770210" lon="6.5208830">
    <ele>1253.4</ele>
   </trkpt>
   <trkpt lat="45.8769570" lon="6.5208160">
    <ele>1253.6</ele>
   </trkpt>
   <trkpt lat="45.8769390" lon="6.5207940">
    <ele>1254.2</ele>
   </trkpt>
   <trkpt lat="45.8768860" lon="6.5207150">
    <ele>1255.4</ele>
   </trkpt>
   <trkpt lat="45.8768470" lon="6.5206920">
    <ele>1256.4</ele>
   </trkpt>
   <trkpt lat="45.8768340" lon="6.5206810">
    <ele>1256.8</ele>
   </trkpt>
   <trkpt lat="45.8768100" lon="6.5206420">
    <ele>1257.8</ele>
   </trkpt>
   <trkpt lat="45.8768030" lon="6.5206290">
    <ele>1258.0</ele>
   </trkpt>
   <trkpt lat="45.8767830" lon="6.5205790">
    <ele>1259.2</ele>
   </trkpt>
   <trkpt lat="45.8767590" lon="6.5205300">
    <ele>1259.8</ele>
   </trkpt>
   <trkpt lat="45.8767410" lon="6.5205020">
    <ele>1260.2</ele>
   </trkpt>
   <trkpt lat="45.8766940" lon="6.5204450">
    <ele>1261.2</ele>
   </trkpt>
   <trkpt lat="45.8766870" lon="6.5204030">
    <ele>1262.4</ele>
   </trkpt>
   <trkpt lat="45.8766630" lon="6.5203370">
    <ele>1263.6</ele>
   </trkpt>
   <trkpt lat="45.8766540" lon="6.5203200">
    <ele>1264.6</ele>
   </trkpt>
   <trkpt lat="45.8766530" lon="6.5203070">
    <ele>1265.0</ele>
   </trkpt>
   <trkpt lat="45.8766340" lon="6.5202690">
    <ele>1266.0</ele>
   </trkpt>
   <trkpt lat="45.8766200" lon="6.5202350">
    <ele>1266.6</ele>
   </trkpt>
   <trkpt lat="45.8766140" lon="6.5202220">
    <ele>1266.8</ele>
   </trkpt>
   <trkpt lat="45.8766160" lon="6.5201990">
    <ele>1267.2</ele>
   </trkpt>
   <trkpt lat="45.8766430" lon="6.5201870">
    <ele>1267.4</ele>
   </trkpt>
   <trkpt lat="45.8766830" lon="6.5201810">
    <ele>1268.2</ele>
   </trkpt>
   <trkpt lat="45.8767440" lon="6.5201740">
    <ele>1269.4</ele>
   </trkpt>
   <trkpt lat="45.8768450" lon="6.5201720">
    <ele>1270.2</ele>
   </trkpt>
   <trkpt lat="45.8768970" lon="6.5201860">
    <ele>1270.6</ele>
   </trkpt>
   <trkpt lat="45.8769910" lon="6.5202130">
    <ele>1271.0</ele>
   </trkpt>
   <trkpt lat="45.8770110" lon="6.5202000">
    <ele>1271.2</ele>
   </trkpt>
   <trkpt lat="45.8770460" lon="6.5201720">
    <ele>1271.6</ele>
   </trkpt>
   <trkpt lat="45.8770890" lon="6.5201400">
    <ele>1273.0</ele>
   </trkpt>
   <trkpt lat="45.8771300" lon="6.5201190">
    <ele>1274.0</ele>
   </trkpt>
   <trkpt lat="45.8771740" lon="6.5200750">
    <ele>1275.2</ele>
   </trkpt>
   <trkpt lat="45.8772040" lon="6.5200500">
    <ele>1276.2</ele>
   </trkpt>
   <trkpt lat="45.8772160" lon="6.5200610">
    <ele>1276.4</ele>
   </trkpt>
   <trkpt lat="45.8772520" lon="6.5200970">
    <ele>1276.8</ele>
   </trkpt>
   <trkpt lat="45.8772740" lon="6.5201220">
    <ele>1276.8</ele>
   </trkpt>
   <trkpt lat="45.8773300" lon="6.5201840">
    <ele>1277.4</ele>
   </trkpt>
   <trkpt lat="45.8774090" lon="6.5202680">
    <ele>1278.2</ele>
   </trkpt>
   <trkpt lat="45.8774310" lon="6.5202880">
    <ele>1278.4</ele>
   </trkpt>
   <trkpt lat="45.8775820" lon="6.5204070">
    <ele>1278.8</ele>
   </trkpt>
   <trkpt lat="45.8776240" lon="6.5204420">
    <ele>1279.0</ele>
   </trkpt>
   <trkpt lat="45.8776800" lon="6.5204770">
    <ele>1279.6</ele>
   </trkpt>
   <trkpt lat="45.8778030" lon="6.5204840">
    <ele>1280.0</ele>
   </trkpt>
   <trkpt lat="45.8778170" lon="6.5204540">
    <ele>1280.6</ele>
   </trkpt>
   <trkpt lat="45.8778190" lon="6.5204420">
    <ele>1281.0</ele>
   </trkpt>
   <trkpt lat="45.8778250" lon="6.5204320">
    <ele>1281.4</ele>
   </trkpt>
   <trkpt lat="45.8778320" lon="6.5204220">
    <ele>1282.0</ele>
   </trkpt>
   <trkpt lat="45.8778530" lon="6.5203870">
    <ele>1283.6</ele>
   </trkpt>
   <trkpt lat="45.8778590" lon="6.5203750">
    <ele>1284.0</ele>
   </trkpt>
   <trkpt lat="45.8778660" lon="6.5203640">
    <ele>1284.2</ele>
   </trkpt>
   <trkpt lat="45.8778810" lon="6.5203420">
    <ele>1284.6</ele>
   </trkpt>
   <trkpt lat="45.8778890" lon="6.5203290">
    <ele>1284.8</ele>
   </trkpt>
   <trkpt lat="45.8779070" lon="6.5202970">
    <ele>1285.6</ele>
   </trkpt>
   <trkpt lat="45.8779310" lon="6.5202650">
    <ele>1286.6</ele>
   </trkpt>
   <trkpt lat="45.8779720" lon="6.5202110">
    <ele>1288.0</ele>
   </trkpt>
   <trkpt lat="45.8779870" lon="6.5201910">
    <ele>1288.4</ele>
   </trkpt>
   <trkpt lat="45.8779970" lon="6.5201790">
    <ele>1288.6</ele>
   </trkpt>
   <trkpt lat="45.8780160" lon="6.5201550">
    <ele>1289.2</ele>
   </trkpt>
   <trkpt lat="45.8780380" lon="6.5201220">
    <ele>1289.8</ele>
   </trkpt>
   <trkpt lat="45.8780430" lon="6.5201110">
    <ele>1290.0</ele>
   </trkpt>
   <trkpt lat="45.8780510" lon="6.5200960">
    <ele>1290.6</ele>
   </trkpt>
   <trkpt lat="45.8780540" lon="6.5200670">
    <ele>1291.0</ele>
   </trkpt>
   <trkpt lat="45.8780520" lon="6.5200180">
    <ele>1291.6</ele>
   </trkpt>
   <trkpt lat="45.8780330" lon="6.5199680">
    <ele>1292.0</ele>
   </trkpt>
   <trkpt lat="45.8779830" lon="6.5198700">
    <ele>1292.8</ele>
   </trkpt>
   <trkpt lat="45.8779300" lon="6.5197690">
    <ele>1293.4</ele>
   </trkpt>
   <trkpt lat="45.8779150" lon="6.5197400">
    <ele>1293.8</ele>
   </trkpt>
   <trkpt lat="45.8778260" lon="6.5196110">
    <ele>1295.2</ele>
   </trkpt>
   <trkpt lat="45.8778100" lon="6.5195900">
    <ele>1295.4</ele>
   </trkpt>
   <trkpt lat="45.8777560" lon="6.5195090">
    <ele>1296.4</ele>
   </trkpt>
   <trkpt lat="45.8777170" lon="6.5194490">
    <ele>1297.4</ele>
   </trkpt>
   <trkpt lat="45.8777050" lon="6.5194250">
    <ele>1297.8</ele>
   </trkpt>
   <trkpt lat="45.8776210" lon="6.5193120">
    <ele>1298.6</ele>
   </trkpt>
   <trkpt lat="45.8775990" lon="6.5192920">
    <ele>1298.8</ele>
   </trkpt>
   <trkpt lat="45.8775810" lon="6.5192680">
    <ele>1298.8</ele>
   </trkpt>
   <trkpt lat="45.8775040" lon="6.5191100">
    <ele>1299.6</ele>
   </trkpt>
   <trkpt lat="45.8774800" lon="6.5190730">
    <ele>1300.0</ele>
   </trkpt>
   <trkpt lat="45.8774530" lon="6.5190180">
    <ele>1301.0</ele>
   </trkpt>
   <trkpt lat="45.8774450" lon="6.5189930">
    <ele>1301.4</ele>
   </trkpt>
   <trkpt lat="45.8774320" lon="6.5189150">
    <ele>1302.4</ele>
   </trkpt>
   <trkpt lat="45.8774100" lon="6.5188520">
    <ele>1303.6</ele>
   </trkpt>
   <trkpt lat="45.8774040" lon="6.5188320">
    <ele>1303.8</ele>
   </trkpt>
   <trkpt lat="45.8773800" lon="6.5187780">
    <ele>1304.6</ele>
   </trkpt>
   <trkpt lat="45.8773640" lon="6.5187300">
    <ele>1305.8</ele>
   </trkpt>
   <trkpt lat="45.8774450" lon="6.5187130">
    <ele>1306.8</ele>
   </trkpt>
   <trkpt lat="45.8774830" lon="6.5185830">
    <ele>1308.0</ele>
   </trkpt>
   <trkpt lat="45.8774250" lon="6.5183980">
    <ele>1309.2</ele>
   </trkpt>
   <trkpt lat="45.8773970" lon="6.5183370">
    <ele>1309.8</ele>
   </trkpt>
   <trkpt lat="45.8773350" lon="6.5182170">
    <ele>1310.4</ele>
   </trkpt>
   <trkpt lat="45.8772850" lon="6.5181110">
    <ele>1311.4</ele>
   </trkpt>
   <trkpt lat="45.8772370" lon="6.5179300">
    <ele>1312.8</ele>
   </trkpt>
   <trkpt lat="45.8772350" lon="6.5178940">
    <ele>1313.0</ele>
   </trkpt>
   <trkpt lat="45.8772290" lon="6.5178260">
    <ele>1313.2</ele>
   </trkpt>
   <trkpt lat="45.8772200" lon="6.5177190">
    <ele>1313.8</ele>
   </trkpt>
   <trkpt lat="45.8772090" lon="6.5176030">
    <ele>1314.4</ele>
   </trkpt>
   <trkpt lat="45.8771940" lon="6.5174860">
    <ele>1314.8</ele>
   </trkpt>
   <trkpt lat="45.8771530" lon="6.5173490">
    <ele>1315.8</ele>
   </trkpt>
   <trkpt lat="45.8771180" lon="6.5171710">
    <ele>1316.8</ele>
   </trkpt>
   <trkpt lat="45.8771100" lon="6.5171060">
    <ele>1317.4</ele>
   </trkpt>
   <trkpt lat="45.8771070" lon="6.5170050">
    <ele>1318.0</ele>
   </trkpt>
   <trkpt lat="45.8771060" lon="6.5169200">
    <ele>1319.0</ele>
   </trkpt>
   <trkpt lat="45.8771070" lon="6.5168880">
    <ele>1319.2</ele>
   </trkpt>
   <trkpt lat="45.8771190" lon="6.5167960">
    <ele>1320.2</ele>
   </trkpt>
   <trkpt lat="45.8771270" lon="6.5167150">
    <ele>1321.2</ele>
   </trkpt>
   <trkpt lat="45.8771250" lon="6.5166280">
    <ele>1322.8</ele>
   </trkpt>
   <trkpt lat="45.8771190" lon="6.5166060">
    <ele>1323.2</ele>
   </trkpt>
   <trkpt lat="45.8771100" lon="6.5165850">
    <ele>1323.6</ele>
   </trkpt>
   <trkpt lat="45.8771010" lon="6.5165640">
    <ele>1323.8</ele>
   </trkpt>
   <trkpt lat="45.8770810" lon="6.5164880">
    <ele>1324.8</ele>
   </trkpt>
   <trkpt lat="45.8770850" lon="6.5164120">
    <ele>1325.6</ele>
   </trkpt>
   <trkpt lat="45.8770670" lon="6.5163660">
    <ele>1326.0</ele>
   </trkpt>
   <trkpt lat="45.8770570" lon="6.5163420">
    <ele>1326.2</ele>
   </trkpt>
   <trkpt lat="45.8770360" lon="6.5162780">
    <ele>1327.0</ele>
   </trkpt>
   <trkpt lat="45.8770140" lon="6.5162230">
    <ele>1328.2</ele>
   </trkpt>
   <trkpt lat="45.8770060" lon="6.5162070">
    <ele>1328.6</ele>
   </trkpt>
   <trkpt lat="45.8770010" lon="6.5161970">
    <ele>1328.8</ele>
   </trkpt>
   <trkpt lat="45.8769910" lon="6.5161620">
    <ele>1329.4</ele>
   </trkpt>
   <trkpt lat="45.8769850" lon="6.5161120">
    <ele>1330.4</ele>
   </trkpt>
   <trkpt lat="45.8769820" lon="6.5160700">
    <ele>1331.4</ele>
   </trkpt>
   <trkpt lat="45.8769840" lon="6.5160410">
    <ele>1332.0</ele>
   </trkpt>
   <trkpt lat="45.8769850" lon="6.5160180">
    <ele>1332.2</ele>
   </trkpt>
   <trkpt lat="45.8769910" lon="6.5159730">
    <ele>1332.6</ele>
   </trkpt>
   <trkpt lat="45.8770180" lon="6.5158850">
    <ele>1333.8</ele>
   </trkpt>
   <trkpt lat="45.8770390" lon="6.5158690">
    <ele>1334.0</ele>
   </trkpt>
   <trkpt lat="45.8770660" lon="6.5158360">
    <ele>1334.6</ele>
   </trkpt>
   <trkpt lat="45.8770750" lon="6.5158110">
    <ele>1334.8</ele>
   </trkpt>
   <trkpt lat="45.8770890" lon="6.5157280">
    <ele>1335.6</ele>
   </trkpt>
   <trkpt lat="45.8770830" lon="6.5157000">
    <ele>1336.0</ele>
   </trkpt>
   <trkpt lat="45.8770800" lon="6.5156730">
    <ele>1336.2</ele>
   </trkpt>
   <trkpt lat="45.8770820" lon="6.5156180">
    <ele>1336.8</ele>
   </trkpt>
   <trkpt lat="45.8770760" lon="6.5155890">
    <ele>1337.0</ele>
   </trkpt>
   <trkpt lat="45.8770590" lon="6.5155350">
    <ele>1337.4</ele>
   </trkpt>
   <trkpt lat="45.8770390" lon="6.5154880">
    <ele>1338.2</ele>
   </trkpt>
   <trkpt lat="45.8770260" lon="6.5154750">
    <ele>1338.6</ele>
   </trkpt>
   <trkpt lat="45.8769920" lon="6.5154720">
    <ele>1339.0</ele>
   </trkpt>
   <trkpt lat="45.8769720" lon="6.5154740">
    <ele>1339.2</ele>
   </trkpt>
   <trkpt lat="45.8769450" lon="6.5154820">
    <ele>1339.6</ele>
   </trkpt>
   <trkpt lat="45.8769200" lon="6.5155000">
    <ele>1339.8</ele>
   </trkpt>
   <trkpt lat="45.8768920" lon="6.5155170">
    <ele>1340.0</ele>
   </trkpt>
   <trkpt lat="45.8768790" lon="6.5155340">
    <ele>1340.2</ele>
   </trkpt>
   <trkpt lat="45.8768480" lon="6.5155680">
    <ele>1340.8</ele>
   </trkpt>
   <trkpt lat="45.8768410" lon="6.5155640">
    <ele>1341.6</ele>
   </trkpt>
   <trkpt lat="45.8768270" lon="6.5155480">
    <ele>1342.8</ele>
   </trkpt>
   <trkpt lat="45.8768160" lon="6.5155370">
    <ele>1343.2</ele>
   </trkpt>
   <trkpt lat="45.8768060" lon="6.5155230">
    <ele>1343.8</ele>
   </trkpt>
   <trkpt lat="45.8767870" lon="6.5154890">
    <ele>1344.6</ele>
   </trkpt>
   <trkpt lat="45.8767830" lon="6.5154720">
    <ele>1344.8</ele>
   </trkpt>
   <trkpt lat="45.8767380" lon="6.5154000">
    <ele>1345.8</ele>
   </trkpt>
   <trkpt lat="45.8767240" lon="6.5153560">
    <ele>1346.8</ele>
   </trkpt>
   <trkpt lat="45.8767260" lon="6.5153410">
    <ele>1347.0</ele>
   </trkpt>
   <trkpt lat="45.8767100" lon="6.5152930">
    <ele>1348.4</ele>
   </trkpt>
   <trkpt lat="45.8767120" lon="6.5152840">
    <ele>1349.2</ele>
   </trkpt>
   <trkpt lat="45.8767160" lon="6.5152760">
    <ele>1349.2</ele>
   </trkpt>
   <trkpt lat="45.8767170" lon="6.5152620">
    <ele>1349.6</ele>
   </trkpt>
   <trkpt lat="45.8767260" lon="6.5152140">
    <ele>1350.8</ele>
   </trkpt>
   <trkpt lat="45.8767240" lon="6.5151980">
    <ele>1351.0</ele>
   </trkpt>
   <trkpt lat="45.8767250" lon="6.5151880">
    <ele>1351.0</ele>
   </trkpt>
   <trkpt lat="45.8767380" lon="6.5151440">
    <ele>1352.0</ele>
   </trkpt>
   <trkpt lat="45.8767390" lon="6.5151050">
    <ele>1353.2</ele>
   </trkpt>
   <trkpt lat="45.8767440" lon="6.5150620">
    <ele>1354.6</ele>
   </trkpt>
   <trkpt lat="45.8767530" lon="6.5150020">
    <ele>1355.8</ele>
   </trkpt>
   <trkpt lat="45.8767510" lon="6.5149900">
    <ele>1356.2</ele>
   </trkpt>
   <trkpt lat="45.8767650" lon="6.5149690">
    <ele>1357.0</ele>
   </trkpt>
   <trkpt lat="45.8767800" lon="6.5149620">
    <ele>1357.4</ele>
   </trkpt>
   <trkpt lat="45.8767860" lon="6.5149550">
    <ele>1357.6</ele>
   </trkpt>
   <trkpt lat="45.8768020" lon="6.5149450">
    <ele>1358.0</ele>
   </trkpt>
   <trkpt lat="45.8768110" lon="6.5149450">
    <ele>1358.2</ele>
   </trkpt>
   <trkpt lat="45.8768210" lon="6.5149480">
    <ele>1358.4</ele>
   </trkpt>
   <trkpt lat="45.8768520" lon="6.5149500">
    <ele>1359.0</ele>
   </trkpt>
   <trkpt lat="45.8768740" lon="6.5149460">
    <ele>1359.4</ele>
   </trkpt>
   <trkpt lat="45.8769270" lon="6.5149430">
    <ele>1360.6</ele>
   </trkpt>
   <trkpt lat="45.8769490" lon="6.5149160">
    <ele>1361.2</ele>
   </trkpt>
   <trkpt lat="45.8769660" lon="6.5148880">
    <ele>1361.8</ele>
   </trkpt>
   <trkpt lat="45.8769830" lon="6.5148430">
    <ele>1362.4</ele>
   </trkpt>
   <trkpt lat="45.8769910" lon="6.5148300">
    <ele>1362.4</ele>
   </trkpt>
   <trkpt lat="45.8769970" lon="6.5148170">
    <ele>1363.0</ele>
   </trkpt>
   <trkpt lat="45.8770000" lon="6.5148030">
    <ele>1363.4</ele>
   </trkpt>
   <trkpt lat="45.8770070" lon="6.5147940">
    <ele>1363.8</ele>
   </trkpt>
   <trkpt lat="45.8770140" lon="6.5147830">
    <ele>1364.0</ele>
   </trkpt>
   <trkpt lat="45.8770260" lon="6.5147710">
    <ele>1364.6</ele>
   </trkpt>
   <trkpt lat="45.8770540" lon="6.5147550">
    <ele>1365.2</ele>
   </trkpt>
   <trkpt lat="45.8770680" lon="6.5147340">
    <ele>1366.2</ele>
   </trkpt>
   <trkpt lat="45.8770730" lon="6.5147350">
    <ele>1366.4</ele>
   </trkpt>
   <trkpt lat="45.8771190" lon="6.5147230">
    <ele>1367.6</ele>
   </trkpt>
   <trkpt lat="45.8772260" lon="6.5147060">
    <ele>1368.8</ele>
   </trkpt>
   <trkpt lat="45.8772440" lon="6.5147130">
    <ele>1368.8</ele>
   </trkpt>
   <trkpt lat="45.8772940" lon="6.5147580">
    <ele>1369.8</ele>
   </trkpt>
   <trkpt lat="45.8773100" lon="6.5147720">
    <ele>1370.2</ele>
   </trkpt>
   <trkpt lat="45.8773440" lon="6.5148180">
    <ele>1370.8</ele>
   </trkpt>
   <trkpt lat="45.8773690" lon="6.5148270">
    <ele>1371.6</ele>
   </trkpt>
   <trkpt lat="45.8773750" lon="6.5148310">
    <ele>1371.8</ele>
   </trkpt>
   <trkpt lat="45.8773820" lon="6.5148340">
    <ele>1372.4</ele>
   </trkpt>
   <trkpt lat="45.8773880" lon="6.5148390">
    <ele>1372.8</ele>
   </trkpt>
   <trkpt lat="45.8774050" lon="6.5148520">
    <ele>1373.8</ele>
   </trkpt>
   <trkpt lat="45.8774040" lon="6.5148570">
    <ele>1374.4</ele>
   </trkpt>
   <trkpt lat="45.8774040" lon="6.5148640">
    <ele>1375.0</ele>
   </trkpt>
   <trkpt lat="45.8774180" lon="6.5149090">
    <ele>1376.0</ele>
   </trkpt>
   <trkpt lat="45.8774150" lon="6.5149680">
    <ele>1377.4</ele>
   </trkpt>
   <trkpt lat="45.8774230" lon="6.5149840">
    <ele>1378.4</ele>
   </trkpt>
   <trkpt lat="45.8774890" lon="6.5150260">
    <ele>1379.6</ele>
   </trkpt>
   <trkpt lat="45.8774960" lon="6.5150570">
    <ele>1380.6</ele>
   </trkpt>
   <trkpt lat="45.8775120" lon="6.5150810">
    <ele>1381.6</ele>
   </trkpt>
   <trkpt lat="45.8775130" lon="6.5150920">
    <ele>1382.0</ele>
   </trkpt>
   <trkpt lat="45.8775200" lon="6.5151190">
    <ele>1382.8</ele>
   </trkpt>
   <trkpt lat="45.8775290" lon="6.5151480">
    <ele>1383.8</ele>
   </trkpt>
   <trkpt lat="45.8775430" lon="6.5151770">
    <ele>1384.4</ele>
   </trkpt>
   <trkpt lat="45.8775540" lon="6.5152030">
    <ele>1385.2</ele>
   </trkpt>
   <trkpt lat="45.8775540" lon="6.5152170">
    <ele>1385.6</ele>
   </trkpt>
   <trkpt lat="45.8775550" lon="6.5152320">
    <ele>1386.2</ele>
   </trkpt>
   <trkpt lat="45.8775560" lon="6.5152500">
    <ele>1386.6</ele>
   </trkpt>
   <trkpt lat="45.8775570" lon="6.5152720">
    <ele>1387.2</ele>
   </trkpt>
   <trkpt lat="45.8775630" lon="6.5152940">
    <ele>1387.2</ele>
   </trkpt>
   <trkpt lat="45.8775660" lon="6.5153270">
    <ele>1388.6</ele>
   </trkpt>
   <trkpt lat="45.8775810" lon="6.5154020">
    <ele>1389.8</ele>
   </trkpt>
   <trkpt lat="45.8775810" lon="6.5154260">
    <ele>1390.2</ele>
   </trkpt>
   <trkpt lat="45.8775910" lon="6.5154760">
    <ele>1391.0</ele>
   </trkpt>
   <trkpt lat="45.8776230" lon="6.5155230">
    <ele>1391.6</ele>
   </trkpt>
   <trkpt lat="45.8776380" lon="6.5155590">
    <ele>1392.2</ele>
   </trkpt>
   <trkpt lat="45.8776490" lon="6.5155930">
    <ele>1393.4</ele>
   </trkpt>
   <trkpt lat="45.8776600" lon="6.5156440">
    <ele>1394.6</ele>
   </trkpt>
   <trkpt lat="45.8776650" lon="6.5156560">
    <ele>1394.8</ele>
   </trkpt>
   <trkpt lat="45.8776940" lon="6.5156980">
    <ele>1396.0</ele>
   </trkpt>
   <trkpt lat="45.8777100" lon="6.5157500">
    <ele>1397.0</ele>
   </trkpt>
   <trkpt lat="45.8777210" lon="6.5157580">
    <ele>1397.6</ele>
   </trkpt>
   <trkpt lat="45.8777430" lon="6.5157630">
    <ele>1398.4</ele>
   </trkpt>
   <trkpt lat="45.8777610" lon="6.5157780">
    <ele>1398.8</ele>
   </trkpt>
   <trkpt lat="45.8777620" lon="6.5157890">
    <ele>1399.0</ele>
   </trkpt>
   <trkpt lat="45.8777880" lon="6.5158250">
    <ele>1399.8</ele>
   </trkpt>
   <trkpt lat="45.8777980" lon="6.5158360">
    <ele>1400.0</ele>
   </trkpt>
   <trkpt lat="45.8778090" lon="6.5158470">
    <ele>1400.6</ele>
   </trkpt>
   <trkpt lat="45.8778170" lon="6.5158580">
    <ele>1401.0</ele>
   </trkpt>
   <trkpt lat="45.8778510" lon="6.5158960">
    <ele>1402.2</ele>
   </trkpt>
   <trkpt lat="45.8778630" lon="6.5158990">
    <ele>1402.4</ele>
   </trkpt>
   <trkpt lat="45.8778730" lon="6.5158940">
    <ele>1403.0</ele>
   </trkpt>
   <trkpt lat="45.8778770" lon="6.5158840">
    <ele>1403.4</ele>
   </trkpt>
   <trkpt lat="45.8778720" lon="6.5158690">
    <ele>1403.8</ele>
   </trkpt>
   <trkpt lat="45.8778650" lon="6.5158290">
    <ele>1404.0</ele>
   </trkpt>
   <trkpt lat="45.8778680" lon="6.5158200">
    <ele>1404.4</ele>
   </trkpt>
   <trkpt lat="45.8778800" lon="6.5157840">
    <ele>1405.4</ele>
   </trkpt>
   <trkpt lat="45.8778850" lon="6.5157370">
    <ele>1406.4</ele>
   </trkpt>
   <trkpt lat="45.8778850" lon="6.5157220">
    <ele>1406.6</ele>
   </trkpt>
   <trkpt lat="45.8778840" lon="6.5156950">
    <ele>1407.0</ele>
   </trkpt>
   <trkpt lat="45.8778860" lon="6.5156830">
    <ele>1407.4</ele>
   </trkpt>
   <trkpt lat="45.8778850" lon="6.5156710">
    <ele>1407.8</ele>
   </trkpt>
   <trkpt lat="45.8778820" lon="6.5156580">
    <ele>1408.0</ele>
   </trkpt>
   <trkpt lat="45.8778800" lon="6.5156250">
    <ele>1409.0</ele>
   </trkpt>
   <trkpt lat="45.8778880" lon="6.5156110">
    <ele>1409.4</ele>
   </trkpt>
   <trkpt lat="45.8778960" lon="6.5155980">
    <ele>1409.6</ele>
   </trkpt>
   <trkpt lat="45.8779010" lon="6.5155790">
    <ele>1410.4</ele>
   </trkpt>
   <trkpt lat="45.8778940" lon="6.5155690">
    <ele>1410.6</ele>
   </trkpt>
   <trkpt lat="45.8778930" lon="6.5155670">
    <ele>1411.0</ele>
   </trkpt>
   <trkpt lat="45.8778860" lon="6.5155350">
    <ele>1411.6</ele>
   </trkpt>
   <trkpt lat="45.8778780" lon="6.5154920">
    <ele>1412.6</ele>
   </trkpt>
   <trkpt lat="45.8778730" lon="6.5154810">
    <ele>1413.0</ele>
   </trkpt>
   <trkpt lat="45.8778770" lon="6.5154330">
    <ele>1414.2</ele>
   </trkpt>
   <trkpt lat="45.8779040" lon="6.5154040">
    <ele>1414.8</ele>
   </trkpt>
   <trkpt lat="45.8779080" lon="6.5153660">
    <ele>1415.2</ele>
   </trkpt>
   <trkpt lat="45.8779100" lon="6.5153490">
    <ele>1415.4</ele>
   </trkpt>
   <trkpt lat="45.8779070" lon="6.5153040">
    <ele>1416.2</ele>
   </trkpt>
   <trkpt lat="45.8779100" lon="6.5152950">
    <ele>1416.4</ele>
   </trkpt>
   <trkpt lat="45.8779240" lon="6.5152580">
    <ele>1417.8</ele>
   </trkpt>
   <trkpt lat="45.8779200" lon="6.5152270">
    <ele>1418.2</ele>
   </trkpt>
   <trkpt lat="45.8779210" lon="6.5152090">
    <ele>1418.8</ele>
   </trkpt>
   <trkpt lat="45.8779250" lon="6.5151970">
    <ele>1419.0</ele>
   </trkpt>
   <trkpt lat="45.8779590" lon="6.5151290">
    <ele>1419.8</ele>
   </trkpt>
   <trkpt lat="45.8779660" lon="6.5151020">
    <ele>1420.0</ele>
   </trkpt>
   <trkpt lat="45.8779680" lon="6.5150790">
    <ele>1420.0</ele>
   </trkpt>
   <trkpt lat="45.8779670" lon="6.5150530">
    <ele>1420.2</ele>
   </trkpt>
   <trkpt lat="45.8779890" lon="6.5150310">
    <ele>1421.2</ele>
   </trkpt>
   <trkpt lat="45.8780160" lon="6.5150270">
    <ele>1422.0</ele>
   </trkpt>
   <trkpt lat="45.8780190" lon="6.5150300">
    <ele>1422.2</ele>
   </trkpt>
   <trkpt lat="45.8780150" lon="6.5150330">
    <ele>1422.4</ele>
   </trkpt>
   <trkpt lat="45.8779970" lon="6.5150460">
    <ele>1422.8</ele>
   </trkpt>
   <trkpt lat="45.8779870" lon="6.5151160">
    <ele>1423.4</ele>
   </trkpt>
   <trkpt lat="45.8779870" lon="6.5151510">
    <ele>1424.2</ele>
   </trkpt>
   <trkpt lat="45.8779950" lon="6.5151750">
    <ele>1424.8</ele>
   </trkpt>
   <trkpt lat="45.8779990" lon="6.5151790">
    <ele>1425.0</ele>
   </trkpt>
   <trkpt lat="45.8780060" lon="6.5151930">
    <ele>1425.8</ele>
   </trkpt>
   <trkpt lat="45.8780180" lon="6.5152160">
    <ele>1427.0</ele>
   </trkpt>
   <trkpt lat="45.8780160" lon="6.5152580">
    <ele>1427.8</ele>
   </trkpt>
   <trkpt lat="45.8780220" lon="6.5152720">
    <ele>1428.4</ele>
   </trkpt>
   <trkpt lat="45.8780450" lon="6.5153210">
    <ele>1429.4</ele>
   </trkpt>
   <trkpt lat="45.8780900" lon="6.5154280">
    <ele>1430.4</ele>
   </trkpt>
   <trkpt lat="45.8780920" lon="6.5154510">
    <ele>1430.6</ele>
   </trkpt>
   <trkpt lat="45.8780920" lon="6.5155000">
    <ele>1431.6</ele>
   </trkpt>
   <trkpt lat="45.8780860" lon="6.5155520">
    <ele>1433.0</ele>
   </trkpt>
   <trkpt lat="45.8781250" lon="6.5155890">
    <ele>1434.2</ele>
   </trkpt>
   <trkpt lat="45.8781340" lon="6.5155910">
    <ele>1434.6</ele>
   </trkpt>
   <trkpt lat="45.8781570" lon="6.5155990">
    <ele>1435.2</ele>
   </trkpt>
   <trkpt lat="45.8782260" lon="6.5156080">
    <ele>1436.4</ele>
   </trkpt>
   <trkpt lat="45.8782540" lon="6.5156110">
    <ele>1437.4</ele>
   </trkpt>
   <trkpt lat="45.8782630" lon="6.5156120">
    <ele>1437.6</ele>
   </trkpt>
   <trkpt lat="45.8782990" lon="6.5156530">
    <ele>1438.4</ele>
   </trkpt>
   <trkpt lat="45.8783130" lon="6.5156680">
    <ele>1438.6</ele>
   </trkpt>
   <trkpt lat="45.8783280" lon="6.5156820">
    <ele>1439.0</ele>
   </trkpt>
   <trkpt lat="45.8783770" lon="6.5157150">
    <ele>1439.8</ele>
   </trkpt>
   <trkpt lat="45.8784230" lon="6.5157200">
    <ele>1441.0</ele>
   </trkpt>
   <trkpt lat="45.8784360" lon="6.5157220">
    <ele>1441.2</ele>
   </trkpt>
   <trkpt lat="45.8784800" lon="6.5157380">
    <ele>1442.2</ele>
   </trkpt>
   <trkpt lat="45.8785290" lon="6.5157280">
    <ele>1443.2</ele>
   </trkpt>
   <trkpt lat="45.8785440" lon="6.5157310">
    <ele>1443.6</ele>
   </trkpt>
   <trkpt lat="45.8785540" lon="6.5157280">
    <ele>1444.2</ele>
   </trkpt>
   <trkpt lat="45.8785670" lon="6.5157230">
    <ele>1444.4</ele>
   </trkpt>
   <trkpt lat="45.8785940" lon="6.5157240">
    <ele>1445.6</ele>
   </trkpt>
   <trkpt lat="45.8786040" lon="6.5157210">
    <ele>1445.8</ele>
   </trkpt>
   <trkpt lat="45.8786180" lon="6.5157160">
    <ele>1446.6</ele>
   </trkpt>
   <trkpt lat="45.8786270" lon="6.5157330">
    <ele>1447.6</ele>
   </trkpt>
   <trkpt lat="45.8786310" lon="6.5157420">
    <ele>1447.8</ele>
   </trkpt>
   <trkpt lat="45.8786360" lon="6.5157430">
    <ele>1448.0</ele>
   </trkpt>
   <trkpt lat="45.8786670" lon="6.5157270">
    <ele>1448.4</ele>
   </trkpt>
   <trkpt lat="45.8786870" lon="6.5157180">
    <ele>1448.8</ele>
   </trkpt>
   <trkpt lat="45.8787040" lon="6.5157070">
    <ele>1449.0</ele>
   </trkpt>
   <trkpt lat="45.8787610" lon="6.5156470">
    <ele>1450.0</ele>
   </trkpt>
   <trkpt lat="45.8788170" lon="6.5156520">
    <ele>1450.8</ele>
   </trkpt>
   <trkpt lat="45.8788380" lon="6.5156620">
    <ele>1451.2</ele>
   </trkpt>
   <trkpt lat="45.8789330" lon="6.5157380">
    <ele>1452.2</ele>
   </trkpt>
   <trkpt lat="45.8789730" lon="6.5157460">
    <ele>1453.0</ele>
   </trkpt>
   <trkpt lat="45.8789880" lon="6.5157490">
    <ele>1453.6</ele>
   </trkpt>
   <trkpt lat="45.8790320" lon="6.5157670">
    <ele>1454.8</ele>
   </trkpt>
   <trkpt lat="45.8790700" lon="6.5158000">
    <ele>1456.0</ele>
   </trkpt>
   <trkpt lat="45.8790820" lon="6.5158030">
    <ele>1456.4</ele>
   </trkpt>
   <trkpt lat="45.8790980" lon="6.5158060">
    <ele>1457.0</ele>
   </trkpt>
   <trkpt lat="45.8791720" lon="6.5158100">
    <ele>1458.0</ele>
   </trkpt>
   <trkpt lat="45.8792100" lon="6.5157970">
    <ele>1458.8</ele>
   </trkpt>
   <trkpt lat="45.8792490" lon="6.5157920">
    <ele>1459.2</ele>
   </trkpt>
   <trkpt lat="45.8793060" lon="6.5157810">
    <ele>1460.4</ele>
   </trkpt>
   <trkpt lat="45.8793440" lon="6.5157590">
    <ele>1461.4</ele>
   </trkpt>
   <trkpt lat="45.8793550" lon="6.5157500">
    <ele>1461.6</ele>
   </trkpt>
   <trkpt lat="45.8794070" lon="6.5157110">
    <ele>1462.6</ele>
   </trkpt>
   <trkpt lat="45.8794130" lon="6.5157070">
    <ele>1462.8</ele>
   </trkpt>
   <trkpt lat="45.8794290" lon="6.5157020">
    <ele>1463.2</ele>
   </trkpt>
   <trkpt lat="45.8794450" lon="6.5157200">
    <ele>1464.0</ele>
   </trkpt>
   <trkpt lat="45.8794650" lon="6.5157480">
    <ele>1464.6</ele>
   </trkpt>
   <trkpt lat="45.8794850" lon="6.5157710">
    <ele>1465.0</ele>
   </trkpt>
   <trkpt lat="45.8795230" lon="6.5158250">
    <ele>1466.2</ele>
   </trkpt>
   <trkpt lat="45.8795360" lon="6.5158510">
    <ele>1466.8</ele>
   </trkpt>
   <trkpt lat="45.8795460" lon="6.5158700">
    <ele>1467.4</ele>
   </trkpt>
   <trkpt lat="45.8795560" lon="6.5158790">
    <ele>1467.4</ele>
   </trkpt>
   <trkpt lat="45.8795820" lon="6.5159060">
    <ele>1468.2</ele>
   </trkpt>
   <trkpt lat="45.8795930" lon="6.5159140">
    <ele>1468.6</ele>
   </trkpt>
   <trkpt lat="45.8796110" lon="6.5159280">
    <ele>1469.0</ele>
   </trkpt>
   <trkpt lat="45.8796510" lon="6.5159540">
    <ele>1469.8</ele>
   </trkpt>
   <trkpt lat="45.8796820" lon="6.5159940">
    <ele>1470.8</ele>
   </trkpt>
   <trkpt lat="45.8797090" lon="6.5160030">
    <ele>1471.6</ele>
   </trkpt>
   <trkpt lat="45.8797180" lon="6.5160070">
    <ele>1472.0</ele>
   </trkpt>
   <trkpt lat="45.8797470" lon="6.5160080">
    <ele>1473.0</ele>
   </trkpt>
   <trkpt lat="45.8797590" lon="6.5160100">
    <ele>1473.2</ele>
   </trkpt>
   <trkpt lat="45.8797700" lon="6.5160130">
    <ele>1473.4</ele>
   </trkpt>
   <trkpt lat="45.8798060" lon="6.5160150">
    <ele>1474.2</ele>
   </trkpt>
   <trkpt lat="45.8798240" lon="6.5160400">
    <ele>1474.8</ele>
   </trkpt>
   <trkpt lat="45.8798280" lon="6.5160540">
    <ele>1475.2</ele>
   </trkpt>
   <trkpt lat="45.8798270" lon="6.5160680">
    <ele>1475.6</ele>
   </trkpt>
   <trkpt lat="45.8798270" lon="6.5160950">
    <ele>1476.6</ele>
   </trkpt>
   <trkpt lat="45.8798400" lon="6.5160990">
    <ele>1477.0</ele>
   </trkpt>
   <trkpt lat="45.8798480" lon="6.5161010">
    <ele>1477.4</ele>
   </trkpt>
   <trkpt lat="45.8798580" lon="6.5161040">
    <ele>1477.6</ele>
   </trkpt>
   <trkpt lat="45.8799210" lon="6.5161640">
    <ele>1478.8</ele>
   </trkpt>
   <trkpt lat="45.8799310" lon="6.5161680">
    <ele>1479.0</ele>
   </trkpt>
   <trkpt lat="45.8799460" lon="6.5161790">
    <ele>1479.4</ele>
   </trkpt>
   <trkpt lat="45.8799520" lon="6.5161700">
    <ele>1479.6</ele>
   </trkpt>
   <trkpt lat="45.8799550" lon="6.5161190">
    <ele>1480.0</ele>
   </trkpt>
   <trkpt lat="45.8799560" lon="6.5160840">
    <ele>1481.0</ele>
   </trkpt>
   <trkpt lat="45.8799460" lon="6.5160380">
    <ele>1482.4</ele>
   </trkpt>
   <trkpt lat="45.8799520" lon="6.5159810">
    <ele>1483.4</ele>
   </trkpt>
   <trkpt lat="45.8799520" lon="6.5159600">
    <ele>1483.8</ele>
   </trkpt>
   <trkpt lat="45.8799540" lon="6.5158450">
    <ele>1484.8</ele>
   </trkpt>
   <trkpt lat="45.8799570" lon="6.5157530">
    <ele>1485.6</ele>
   </trkpt>
   <trkpt lat="45.8799590" lon="6.5157220">
    <ele>1486.0</ele>
   </trkpt>
   <trkpt lat="45.8799650" lon="6.5155640">
    <ele>1487.4</ele>
   </trkpt>
   <trkpt lat="45.8799690" lon="6.5155050">
    <ele>1488.2</ele>
   </trkpt>
   <trkpt lat="45.8799710" lon="6.5154800">
    <ele>1488.4</ele>
   </trkpt>
   <trkpt lat="45.8799780" lon="6.5154410">
    <ele>1489.6</ele>
   </trkpt>
   <trkpt lat="45.8799820" lon="6.5154240">
    <ele>1490.2</ele>
   </trkpt>
   <trkpt lat="45.8799900" lon="6.5153940">
    <ele>1490.6</ele>
   </trkpt>
   <trkpt lat="45.8799930" lon="6.5153800">
    <ele>1491.0</ele>
   </trkpt>
   <trkpt lat="45.8799980" lon="6.5153550">
    <ele>1491.8</ele>
   </trkpt>
   <trkpt lat="45.8799970" lon="6.5153220">
    <ele>1492.2</ele>
   </trkpt>
   <trkpt lat="45.8799880" lon="6.5152640">
    <ele>1492.8</ele>
   </trkpt>
   <trkpt lat="45.8799730" lon="6.5152300">
    <ele>1493.4</ele>
   </trkpt>
   <trkpt lat="45.8799660" lon="6.5151960">
    <ele>1493.8</ele>
   </trkpt>
   <trkpt lat="45.8799680" lon="6.5151480">
    <ele>1495.2</ele>
   </trkpt>
   <trkpt lat="45.8799650" lon="6.5151140">
    <ele>1496.2</ele>
   </trkpt>
   <trkpt lat="45.8799620" lon="6.5150960">
    <ele>1496.4</ele>
   </trkpt>
   <trkpt lat="45.8799570" lon="6.5150420">
    <ele>1497.4</ele>
   </trkpt>
   <trkpt lat="45.8799450" lon="6.5149870">
    <ele>1498.6</ele>
   </trkpt>
   <trkpt lat="45.8799400" lon="6.5149580">
    <ele>1499.0</ele>
   </trkpt>
   <trkpt lat="45.8799260" lon="6.5149110">
    <ele>1499.8</ele>
   </trkpt>
   <trkpt lat="45.8798970" lon="6.5148560">
    <ele>1501.2</ele>
   </trkpt>
   <trkpt lat="45.8798920" lon="6.5148380">
    <ele>1501.6</ele>
   </trkpt>
   <trkpt lat="45.8798860" lon="6.5147850">
    <ele>1502.2</ele>
   </trkpt>
   <trkpt lat="45.8798910" lon="6.5147640">
    <ele>1503.0</ele>
   </trkpt>
   <trkpt lat="45.8799000" lon="6.5147570">
    <ele>1503.4</ele>
   </trkpt>
   <trkpt lat="45.8799120" lon="6.5147520">
    <ele>1504.0</ele>
   </trkpt>
   <trkpt lat="45.8799360" lon="6.5147460">
    <ele>1504.4</ele>
   </trkpt>
   <trkpt lat="45.8799560" lon="6.5147450">
    <ele>1504.8</ele>
   </trkpt>
   <trkpt lat="45.8799890" lon="6.5147340">
    <ele>1505.6</ele>
   </trkpt>
   <trkpt lat="45.8799940" lon="6.5147290">
    <ele>1505.8</ele>
   </trkpt>
   <trkpt lat="45.8800000" lon="6.5147220">
    <ele>1506.0</ele>
   </trkpt>
   <trkpt lat="45.8800100" lon="6.5147020">
    <ele>1506.6</ele>
   </trkpt>
   <trkpt lat="45.8800280" lon="6.5146320">
    <ele>1507.6</ele>
   </trkpt>
   <trkpt lat="45.8800290" lon="6.5146210">
    <ele>1507.8</ele>
   </trkpt>
   <trkpt lat="45.8800270" lon="6.5145960">
    <ele>1508.2</ele>
   </trkpt>
   <trkpt lat="45.8800300" lon="6.5145830">
    <ele>1508.2</ele>
   </trkpt>
   <trkpt lat="45.8800330" lon="6.5145710">
    <ele>1508.8</ele>
   </trkpt>
   <trkpt lat="45.8800530" lon="6.5145570">
    <ele>1509.6</ele>
   </trkpt>
   <trkpt lat="45.8800690" lon="6.5145560">
    <ele>1510.0</ele>
   </trkpt>
   <trkpt lat="45.8800870" lon="6.5145490">
    <ele>1510.2</ele>
   </trkpt>
   <trkpt lat="45.8801690" lon="6.5144400">
    <ele>1510.8</ele>
   </trkpt>
   <trkpt lat="45.8801750" lon="6.5144130">
    <ele>1511.0</ele>
   </trkpt>
   <trkpt lat="45.8801740" lon="6.5143880">
    <ele>1511.0</ele>
   </trkpt>
   <trkpt lat="45.8801510" lon="6.5143110">
    <ele>1511.6</ele>
   </trkpt>
   <trkpt lat="45.8801310" lon="6.5142690">
    <ele>1512.4</ele>
   </trkpt>
   <trkpt lat="45.8800800" lon="6.5141990">
    <ele>1513.8</ele>
   </trkpt>
   <trkpt lat="45.8800540" lon="6.5141650">
    <ele>1514.6</ele>
   </trkpt>
   <trkpt lat="45.8800390" lon="6.5141510">
    <ele>1515.0</ele>
   </trkpt>
   <trkpt lat="45.8800080" lon="6.5141060">
    <ele>1516.0</ele>
   </trkpt>
   <trkpt lat="45.8799820" lon="6.5140570">
    <ele>1517.0</ele>
   </trkpt>
   <trkpt lat="45.8799600" lon="6.5140180">
    <ele>1518.0</ele>
   </trkpt>
   <trkpt lat="45.8799330" lon="6.5139440">
    <ele>1519.2</ele>
   </trkpt>
   <trkpt lat="45.8799130" lon="6.5139130">
    <ele>1520.2</ele>
   </trkpt>
   <trkpt lat="45.8799040" lon="6.5138980">
    <ele>1520.6</ele>
   </trkpt>
   <trkpt lat="45.8798640" lon="6.5138520">
    <ele>1521.6</ele>
   </trkpt>
   <trkpt lat="45.8798260" lon="6.5137960">
    <ele>1522.6</ele>
   </trkpt>
   <trkpt lat="45.8797970" lon="6.5137520">
    <ele>1523.8</ele>
   </trkpt>
   <trkpt lat="45.8797470" lon="6.5136470">
    <ele>1524.4</ele>
   </trkpt>
   <trkpt lat="45.8797130" lon="6.5136060">
    <ele>1524.8</ele>
   </trkpt>
   <trkpt lat="45.8796670" lon="6.5134890">
    <ele>1526.0</ele>
   </trkpt>
   <trkpt lat="45.8796570" lon="6.5134400">
    <ele>1527.2</ele>
   </trkpt>
   <trkpt lat="45.8796480" lon="6.5133910">
    <ele>1527.8</ele>
   </trkpt>
   <trkpt lat="45.8796520" lon="6.5133650">
    <ele>1528.2</ele>
   </trkpt>
   <trkpt lat="45.8796600" lon="6.5133070">
    <ele>1529.0</ele>
   </trkpt>
   <trkpt lat="45.8796620" lon="6.5132490">
    <ele>1529.4</ele>
   </trkpt>
   <trkpt lat="45.8796410" lon="6.5131450">
    <ele>1530.2</ele>
   </trkpt>
   <trkpt lat="45.8796320" lon="6.5131220">
    <ele>1530.8</ele>
   </trkpt>
   <trkpt lat="45.8796140" lon="6.5130680">
    <ele>1531.8</ele>
   </trkpt>
   <trkpt lat="45.8795660" lon="6.5129570">
    <ele>1533.0</ele>
   </trkpt>
   <trkpt lat="45.8795580" lon="6.5129330">
    <ele>1533.6</ele>
   </trkpt>
   <trkpt lat="45.8795380" lon="6.5128840">
    <ele>1534.2</ele>
   </trkpt>
   <trkpt lat="45.8795010" lon="6.5128130">
    <ele>1535.4</ele>
   </trkpt>
   <trkpt lat="45.8794520" lon="6.5127320">
    <ele>1536.4</ele>
   </trkpt>
   <trkpt lat="45.8794330" lon="6.5126880">
    <ele>1537.0</ele>
   </trkpt>
   <trkpt lat="45.8794220" lon="6.5126650">
    <ele>1537.4</ele>
   </trkpt>
   <trkpt lat="45.8793990" lon="6.5125770">
    <ele>1538.6</ele>
   </trkpt>
   <trkpt lat="45.8793650" lon="6.5123990">
    <ele>1539.2</ele>
   </trkpt>
   <trkpt lat="45.8792980" lon="6.5121620">
    <ele>1539.4</ele>
   </trkpt>
   <trkpt lat="45.8792810" lon="6.5120830">
    <ele>1539.4</ele>
   </trkpt>
   <trkpt lat="45.8792260" lon="6.5119160">
    <ele>1539.4</ele>
   </trkpt>
   <trkpt lat="45.8791950" lon="6.5118400">
    <ele>1539.4</ele>
   </trkpt>
   <trkpt lat="45.8791110" lon="6.5116220">
    <ele>1538.6</ele>
   </trkpt>
   <trkpt lat="45.8790790" lon="6.5115060">
    <ele>1538.4</ele>
   </trkpt>
   <trkpt lat="45.8790550" lon="6.5112720">
    <ele>1538.4</ele>
   </trkpt>
   <trkpt lat="45.8790580" lon="6.5112320">
    <ele>1538.4</ele>
   </trkpt>
   <trkpt lat="45.8790890" lon="6.5111450">
    <ele>1539.8</ele>
   </trkpt>
   <trkpt lat="45.8791010" lon="6.5111260">
    <ele>1540.2</ele>
   </trkpt>
   <trkpt lat="45.8791420" lon="6.5110720">
    <ele>1541.0</ele>
   </trkpt>
   <trkpt lat="45.8791930" lon="6.5109780">
    <ele>1541.8</ele>
   </trkpt>
   <trkpt lat="45.8792060" lon="6.5109410">
    <ele>1542.0</ele>
   </trkpt>
   <trkpt lat="45.8792540" lon="6.5107750">
    <ele>1542.6</ele>
   </trkpt>
   <trkpt lat="45.8793600" lon="6.5105520">
    <ele>1542.6</ele>
   </trkpt>
   <trkpt lat="45.8793940" lon="6.5103990">
    <ele>1543.0</ele>
   </trkpt>
   <trkpt lat="45.8792760" lon="6.5102670">
    <ele>1542.8</ele>
   </trkpt>
   <trkpt lat="45.8792620" lon="6.5102340">
    <ele>1543.0</ele>
   </trkpt>
   <trkpt lat="45.8792370" lon="6.5101710">
    <ele>1543.6</ele>
   </trkpt>
   <trkpt lat="45.8791450" lon="6.5099730">
    <ele>1544.4</ele>
   </trkpt>
   <trkpt lat="45.8790820" lon="6.5098830">
    <ele>1544.6</ele>
   </trkpt>
   <trkpt lat="45.8790470" lon="6.5097880">
    <ele>1545.4</ele>
   </trkpt>
   <trkpt lat="45.8790300" lon="6.5097170">
    <ele>1545.8</ele>
   </trkpt>
   <trkpt lat="45.8790230" lon="6.5095390">
    <ele>1545.8</ele>
   </trkpt>
   <trkpt lat="45.8790230" lon="6.5093250">
    <ele>1545.4</ele>
   </trkpt>
   <trkpt lat="45.8790180" lon="6.5090590">
    <ele>1544.8</ele>
   </trkpt>
   <trkpt lat="45.8790140" lon="6.5089710">
    <ele>1544.6</ele>
   </trkpt>
   <trkpt lat="45.8789640" lon="6.5087200">
    <ele>1543.8</ele>
   </trkpt>
   <trkpt lat="45.8789600" lon="6.5086710">
    <ele>1543.8</ele>
   </trkpt>
   <trkpt lat="45.8789650" lon="6.5084540">
    <ele>1544.0</ele>
   </trkpt>
   <trkpt lat="45.8789520" lon="6.5081830">
    <ele>1544.4</ele>
   </trkpt>
   <trkpt lat="45.8788990" lon="6.5079300">
    <ele>1545.0</ele>
   </trkpt>
   <trkpt lat="45.8788160" lon="6.5076930">
    <ele>1545.2</ele>
   </trkpt>
   <trkpt lat="45.8787910" lon="6.5076640">
    <ele>1545.2</ele>
   </trkpt>
   <trkpt lat="45.8786770" lon="6.5075780">
    <ele>1546.0</ele>
   </trkpt>
   <trkpt lat="45.8786220" lon="6.5075350">
    <ele>1546.8</ele>
   </trkpt>
   <trkpt lat="45.8785970" lon="6.5075190">
    <ele>1547.2</ele>
   </trkpt>
   <trkpt lat="45.8785000" lon="6.5074550">
    <ele>1548.4</ele>
   </trkpt>
   <trkpt lat="45.8784200" lon="6.5074080">
    <ele>1549.4</ele>
   </trkpt>
   <trkpt lat="45.8783980" lon="6.5073920">
    <ele>1549.6</ele>
   </trkpt>
   <trkpt lat="45.8783830" lon="6.5073720">
    <ele>1549.8</ele>
   </trkpt>
   <trkpt lat="45.8783670" lon="6.5073220">
    <ele>1550.8</ele>
   </trkpt>
   <trkpt lat="45.8783630" lon="6.5072910">
    <ele>1551.2</ele>
   </trkpt>
   <trkpt lat="45.8783700" lon="6.5071490">
    <ele>1552.0</ele>
   </trkpt>
   <trkpt lat="45.8783930" lon="6.5070920">
    <ele>1553.4</ele>
   </trkpt>
   <trkpt lat="45.8784340" lon="6.5071350">
    <ele>1554.2</ele>
   </trkpt>
   <trkpt lat="45.8784450" lon="6.5071640">
    <ele>1554.4</ele>
   </trkpt>
   <trkpt lat="45.8785190" lon="6.5072840">
    <ele>1555.6</ele>
   </trkpt>
   <trkpt lat="45.8785620" lon="6.5073130">
    <ele>1556.0</ele>
   </trkpt>
   <trkpt lat="45.8786360" lon="6.5073330">
    <ele>1556.6</ele>
   </trkpt>
   <trkpt lat="45.8787010" lon="6.5073260">
    <ele>1557.6</ele>
   </trkpt>
   <trkpt lat="45.8787240" lon="6.5073250">
    <ele>1557.8</ele>
   </trkpt>
   <trkpt lat="45.8788620" lon="6.5073080">
    <ele>1558.8</ele>
   </trkpt>
   <trkpt lat="45.8789010" lon="6.5073010">
    <ele>1559.2</ele>
   </trkpt>
   <trkpt lat="45.8789850" lon="6.5072750">
    <ele>1559.8</ele>
   </trkpt>
   <trkpt lat="45.8791040" lon="6.5072560">
    <ele>1560.8</ele>
   </trkpt>
   <trkpt lat="45.8791250" lon="6.5072470">
    <ele>1561.2</ele>
   </trkpt>
   <trkpt lat="45.8792550" lon="6.5072020">
    <ele>1562.0</ele>
   </trkpt>
   <trkpt lat="45.8792900" lon="6.5071880">
    <ele>1562.2</ele>
   </trkpt>
   <trkpt lat="45.8793790" lon="6.5071650">
    <ele>1563.0</ele>
   </trkpt>
   <trkpt lat="45.8794490" lon="6.5071550">
    <ele>1563.8</ele>
   </trkpt>
   <trkpt lat="45.8794890" lon="6.5071570">
    <ele>1564.2</ele>
   </trkpt>
   <trkpt lat="45.8795830" lon="6.5071710">
    <ele>1565.4</ele>
   </trkpt>
   <trkpt lat="45.8796380" lon="6.5071820">
    <ele>1565.6</ele>
   </trkpt>
   <trkpt lat="45.8797220" lon="6.5071750">
    <ele>1566.6</ele>
   </trkpt>
   <trkpt lat="45.8797880" lon="6.5071920">
    <ele>1567.0</ele>
   </trkpt>
   <trkpt lat="45.8798530" lon="6.5072020">
    <ele>1567.6</ele>
   </trkpt>
   <trkpt lat="45.8799220" lon="6.5072400">
    <ele>1568.0</ele>
   </trkpt>
   <trkpt lat="45.8799830" lon="6.5073050">
    <ele>1568.4</ele>
   </trkpt>
   <trkpt lat="45.8800590" lon="6.5073870">
    <ele>1568.6</ele>
   </trkpt>
   <trkpt lat="45.8801530" lon="6.5075350">
    <ele>1569.2</ele>
   </trkpt>
   <trkpt lat="45.8801670" lon="6.5075540">
    <ele>1569.4</ele>
   </trkpt>
   <trkpt lat="45.8801910" lon="6.5076090">
    <ele>1569.6</ele>
   </trkpt>
   <trkpt lat="45.8802240" lon="6.5077050">
    <ele>1570.0</ele>
   </trkpt>
   <trkpt lat="45.8802580" lon="6.5078270">
    <ele>1570.8</ele>
   </trkpt>
   <trkpt lat="45.8803020" lon="6.5079450">
    <ele>1571.6</ele>
   </trkpt>
   <trkpt lat="45.8803150" lon="6.5079680">
    <ele>1572.0</ele>
   </trkpt>
   <trkpt lat="45.8803260" lon="6.5079900">
    <ele>1572.0</ele>
   </trkpt>
   <trkpt lat="45.8803800" lon="6.5080690">
    <ele>1573.0</ele>
   </trkpt>
   <trkpt lat="45.8804010" lon="6.5081420">
    <ele>1573.4</ele>
   </trkpt>
   <trkpt lat="45.8804300" lon="6.5082120">
    <ele>1574.2</ele>
   </trkpt>
   <trkpt lat="45.8804590" lon="6.5083460">
    <ele>1575.0</ele>
   </trkpt>
   <trkpt lat="45.8804720" lon="6.5084370">
    <ele>1575.4</ele>
   </trkpt>
   <trkpt lat="45.8804790" lon="6.5084980">
    <ele>1575.8</ele>
   </trkpt>
   <trkpt lat="45.8804940" lon="6.5085770">
    <ele>1576.4</ele>
   </trkpt>
   <trkpt lat="45.8805680" lon="6.5086950">
    <ele>1577.6</ele>
   </trkpt>
   <trkpt lat="45.8805860" lon="6.5087180">
    <ele>1577.6</ele>
   </trkpt>
   <trkpt lat="45.8806940" lon="6.5088190">
    <ele>1578.6</ele>
   </trkpt>
   <trkpt lat="45.8807540" lon="6.5089940">
    <ele>1579.6</ele>
   </trkpt>
   <trkpt lat="45.8807720" lon="6.5090190">
    <ele>1580.0</ele>
   </trkpt>
   <trkpt lat="45.8808200" lon="6.5090860">
    <ele>1581.4</ele>
   </trkpt>
   <trkpt lat="45.8808800" lon="6.5091340">
    <ele>1581.8</ele>
   </trkpt>
   <trkpt lat="45.8809000" lon="6.5091430">
    <ele>1581.8</ele>
   </trkpt>
   <trkpt lat="45.8809770" lon="6.5091650">
    <ele>1582.6</ele>
   </trkpt>
   <trkpt lat="45.8810710" lon="6.5092400">
    <ele>1582.8</ele>
   </trkpt>
   <trkpt lat="45.8811350" lon="6.5094590">
    <ele>1583.4</ele>
   </trkpt>
   <trkpt lat="45.8811460" lon="6.5095670">
    <ele>1583.6</ele>
   </trkpt>
   <trkpt lat="45.8811410" lon="6.5097680">
    <ele>1584.0</ele>
   </trkpt>
   <trkpt lat="45.8811410" lon="6.5100100">
    <ele>1584.8</ele>
   </trkpt>
   <trkpt lat="45.8811590" lon="6.5101680">
    <ele>1585.4</ele>
   </trkpt>
   <trkpt lat="45.8811760" lon="6.5102820">
    <ele>1585.6</ele>
   </trkpt>
   <trkpt lat="45.8811890" lon="6.5103930">
    <ele>1585.8</ele>
   </trkpt>
   <trkpt lat="45.8812350" lon="6.5105760">
    <ele>1586.6</ele>
   </trkpt>
   <trkpt lat="45.8812620" lon="6.5107140">
    <ele>1586.8</ele>
   </trkpt>
   <trkpt lat="45.8812950" lon="6.5108820">
    <ele>1588.0</ele>
   </trkpt>
   <trkpt lat="45.8813030" lon="6.5109140">
    <ele>1588.0</ele>
   </trkpt>
   <trkpt lat="45.8813570" lon="6.5110760">
    <ele>1589.0</ele>
   </trkpt>
   <trkpt lat="45.8814150" lon="6.5111890">
    <ele>1590.0</ele>
   </trkpt>
   <trkpt lat="45.8814290" lon="6.5112220">
    <ele>1590.2</ele>
   </trkpt>
   <trkpt lat="45.8814770" lon="6.5113160">
    <ele>1590.4</ele>
   </trkpt>
   <trkpt lat="45.8815300" lon="6.5113940">
    <ele>1590.8</ele>
   </trkpt>
   <trkpt lat="45.8816180" lon="6.5114810">
    <ele>1591.6</ele>
   </trkpt>
   <trkpt lat="45.8816870" lon="6.5115300">
    <ele>1592.4</ele>
   </trkpt>
   <trkpt lat="45.8818320" lon="6.5116300">
    <ele>1592.4</ele>
   </trkpt>
   <trkpt lat="45.8818510" lon="6.5116580">
    <ele>1592.8</ele>
   </trkpt>
   <trkpt lat="45.8820030" lon="6.5117790">
    <ele>1593.4</ele>
   </trkpt>
   <trkpt lat="45.8820820" lon="6.5118160">
    <ele>1593.4</ele>
   </trkpt>
   <trkpt lat="45.8821980" lon="6.5118650">
    <ele>1593.8</ele>
   </trkpt>
   <trkpt lat="45.8823020" lon="6.5119270">
    <ele>1594.2</ele>
   </trkpt>
   <trkpt lat="45.8824190" lon="6.5120420">
    <ele>1593.8</ele>
   </trkpt>
   <trkpt lat="45.8824830" lon="6.5121420">
    <ele>1593.8</ele>
   </trkpt>
   <trkpt lat="45.8826000" lon="6.5123190">
    <ele>1594.4</ele>
   </trkpt>
   <trkpt lat="45.8826190" lon="6.5123520">
    <ele>1594.4</ele>
   </trkpt>
   <trkpt lat="45.8827480" lon="6.5125310">
    <ele>1593.6</ele>
   </trkpt>
   <trkpt lat="45.8827930" lon="6.5125800">
    <ele>1594.0</ele>
   </trkpt>
   <trkpt lat="45.8828170" lon="6.5126020">
    <ele>1594.2</ele>
   </trkpt>
   <trkpt lat="45.8829770" lon="6.5126930">
    <ele>1594.4</ele>
   </trkpt>
   <trkpt lat="45.8831290" lon="6.5127640">
    <ele>1594.8</ele>
   </trkpt>
   <trkpt lat="45.8831910" lon="6.5127850">
    <ele>1595.4</ele>
   </trkpt>
   <trkpt lat="45.8833430" lon="6.5128160">
    <ele>1595.8</ele>
   </trkpt>
   <trkpt lat="45.8834260" lon="6.5128160">
    <ele>1595.8</ele>
   </trkpt>
   <trkpt lat="45.8834540" lon="6.5128130">
    <ele>1596.0</ele>
   </trkpt>
   <trkpt lat="45.8836310" lon="6.5127880">
    <ele>1596.2</ele>
   </trkpt>
   <trkpt lat="45.8836850" lon="6.5127790">
    <ele>1596.6</ele>
   </trkpt>
   <trkpt lat="45.8837400" lon="6.5127690">
    <ele>1597.0</ele>
   </trkpt>
   <trkpt lat="45.8837670" lon="6.5127680">
    <ele>1597.2</ele>
   </trkpt>
   <trkpt lat="45.8838710" lon="6.5127140">
    <ele>1597.4</ele>
   </trkpt>
   <trkpt lat="45.8839420" lon="6.5125820">
    <ele>1597.8</ele>
   </trkpt>
   <trkpt lat="45.8840550" lon="6.5123940">
    <ele>1597.8</ele>
   </trkpt>
   <trkpt lat="45.8840770" lon="6.5123680">
    <ele>1597.6</ele>
   </trkpt>
   <trkpt lat="45.8842410" lon="6.5122900">
    <ele>1598.4</ele>
   </trkpt>
   <trkpt lat="45.8844230" lon="6.5123330">
    <ele>1598.0</ele>
   </trkpt>
   <trkpt lat="45.8845600" lon="6.5125190">
    <ele>1597.8</ele>
   </trkpt>
   <trkpt lat="45.8846990" lon="6.5126860">
    <ele>1599.4</ele>
   </trkpt>
   <trkpt lat="45.8847450" lon="6.5127440">
    <ele>1599.6</ele>
   </trkpt>
   <trkpt lat="45.8848880" lon="6.5129190">
    <ele>1599.2</ele>
   </trkpt>
   <trkpt lat="45.8849650" lon="6.5130790">
    <ele>1598.8</ele>
   </trkpt>
   <trkpt lat="45.8850770" lon="6.5132940">
    <ele>1598.6</ele>
   </trkpt>
   <trkpt lat="45.8851550" lon="6.5134360">
    <ele>1598.4</ele>
   </trkpt>
   <trkpt lat="45.8852900" lon="6.5136080">
    <ele>1598.8</ele>
   </trkpt>
   <trkpt lat="45.8853580" lon="6.5136900">
    <ele>1599.2</ele>
   </trkpt>
   <trkpt lat="45.8853790" lon="6.5137160">
    <ele>1599.4</ele>
   </trkpt>
   <trkpt lat="45.8855030" lon="6.5138840">
    <ele>1599.6</ele>
   </trkpt>
   <trkpt lat="45.8855240" lon="6.5139160">
    <ele>1599.6</ele>
   </trkpt>
   <trkpt lat="45.8856350" lon="6.5141150">
    <ele>1599.4</ele>
   </trkpt>
   <trkpt lat="45.8856820" lon="6.5141840">
    <ele>1599.4</ele>
   </trkpt>
   <trkpt lat="45.8858150" lon="6.5143750">
    <ele>1600.2</ele>
   </trkpt>
   <trkpt lat="45.8858410" lon="6.5144010">
    <ele>1600.2</ele>
   </trkpt>
   <trkpt lat="45.8859040" lon="6.5144810">
    <ele>1600.4</ele>
   </trkpt>
   <trkpt lat="45.8860500" lon="6.5146470">
    <ele>1600.6</ele>
   </trkpt>
   <trkpt lat="45.8860800" lon="6.5146650">
    <ele>1600.6</ele>
   </trkpt>
   <trkpt lat="45.8862580" lon="6.5147110">
    <ele>1601.4</ele>
   </trkpt>
   <trkpt lat="45.8862890" lon="6.5147040">
    <ele>1601.6</ele>
   </trkpt>
   <trkpt lat="45.8864660" lon="6.5147040">
    <ele>1601.2</ele>
   </trkpt>
   <trkpt lat="45.8865020" lon="6.5148630">
    <ele>1600.8</ele>
   </trkpt>
   <trkpt lat="45.8865090" lon="6.5151660">
    <ele>1601.2</ele>
   </trkpt>
   <trkpt lat="45.8865180" lon="6.5152080">
    <ele>1601.2</ele>
   </trkpt>
   <trkpt lat="45.8865920" lon="6.5154190">
    <ele>1600.2</ele>
   </trkpt>
   <trkpt lat="45.8866230" lon="6.5154990">
    <ele>1600.0</ele>
   </trkpt>
   <trkpt lat="45.8866970" lon="6.5156690">
    <ele>1599.2</ele>
   </trkpt>
   <trkpt lat="45.8867790" lon="6.5158260">
    <ele>1598.6</ele>
   </trkpt>
   <trkpt lat="45.8868410" lon="6.5159480">
    <ele>1598.0</ele>
   </trkpt>
   <trkpt lat="45.8869400" lon="6.5161550">
    <ele>1597.6</ele>
   </trkpt>
   <trkpt lat="45.8870270" lon="6.5163120">
    <ele>1596.8</ele>
   </trkpt>
   <trkpt lat="45.8871100" lon="6.5164020">
    <ele>1596.2</ele>
   </trkpt>
   <trkpt lat="45.8872760" lon="6.5165940">
    <ele>1595.4</ele>
   </trkpt>
   <trkpt lat="45.8873290" lon="6.5166650">
    <ele>1594.4</ele>
   </trkpt>
   <trkpt lat="45.8874240" lon="6.5168200">
    <ele>1593.4</ele>
   </trkpt>
   <trkpt lat="45.8875540" lon="6.5169990">
    <ele>1592.8</ele>
   </trkpt>
   <trkpt lat="45.8876650" lon="6.5171270">
    <ele>1592.0</ele>
   </trkpt>
   <trkpt lat="45.8877540" lon="6.5172000">
    <ele>1591.6</ele>
   </trkpt>
   <trkpt lat="45.8878780" lon="6.5172990">
    <ele>1591.0</ele>
   </trkpt>
   <trkpt lat="45.8880140" lon="6.5173720">
    <ele>1590.2</ele>
   </trkpt>
   <trkpt lat="45.8880450" lon="6.5173880">
    <ele>1590.0</ele>
   </trkpt>
   <trkpt lat="45.8882210" lon="6.5174390">
    <ele>1589.4</ele>
   </trkpt>
   <trkpt lat="45.8883330" lon="6.5174400">
    <ele>1588.4</ele>
   </trkpt>
   <trkpt lat="45.8884430" lon="6.5174110">
    <ele>1587.8</ele>
   </trkpt>
   <trkpt lat="45.8885150" lon="6.5173960">
    <ele>1587.4</ele>
   </trkpt>
   <trkpt lat="45.8886100" lon="6.5174640">
    <ele>1586.4</ele>
   </trkpt>
   <trkpt lat="45.8885720" lon="6.5176000">
    <ele>1585.8</ele>
   </trkpt>
   <trkpt lat="45.8885230" lon="6.5176940">
    <ele>1585.2</ele>
   </trkpt>
   <trkpt lat="45.8884470" lon="6.5178300">
    <ele>1584.6</ele>
   </trkpt>
   <trkpt lat="45.8884340" lon="6.5178870">
    <ele>1584.2</ele>
   </trkpt>
   <trkpt lat="45.8884410" lon="6.5179390">
    <ele>1583.8</ele>
   </trkpt>
   <trkpt lat="45.8884650" lon="6.5179760">
    <ele>1583.4</ele>
   </trkpt>
   <trkpt lat="45.8884970" lon="6.5180030">
    <ele>1583.2</ele>
   </trkpt>
   <trkpt lat="45.8886000" lon="6.5180370">
    <ele>1582.4</ele>
   </trkpt>
   <trkpt lat="45.8886680" lon="6.5180160">
    <ele>1582.0</ele>
   </trkpt>
   <trkpt lat="45.8887380" lon="6.5179640">
    <ele>1581.8</ele>
   </trkpt>
   <trkpt lat="45.8888360" lon="6.5178560">
    <ele>1581.0</ele>
   </trkpt>
   <trkpt lat="45.8888950" lon="6.5177850">
    <ele>1580.6</ele>
   </trkpt>
   <trkpt lat="45.8889400" lon="6.5176910">
    <ele>1580.0</ele>
   </trkpt>
   <trkpt lat="45.8889600" lon="6.5175830">
    <ele>1579.0</ele>
   </trkpt>
   <trkpt lat="45.8889690" lon="6.5175240">
    <ele>1578.8</ele>
   </trkpt>
   <trkpt lat="45.8889730" lon="6.5172910">
    <ele>1577.6</ele>
   </trkpt>
   <trkpt lat="45.8890140" lon="6.5170860">
    <ele>1576.8</ele>
   </trkpt>
   <trkpt lat="45.8890390" lon="6.5170470">
    <ele>1576.6</ele>
   </trkpt>
   <trkpt lat="45.8890660" lon="6.5170250">
    <ele>1576.0</ele>
   </trkpt>
   <trkpt lat="45.8890980" lon="6.5170210">
    <ele>1575.8</ele>
   </trkpt>
   <trkpt lat="45.8891350" lon="6.5170300">
    <ele>1575.4</ele>
   </trkpt>
   <trkpt lat="45.8891730" lon="6.5170570">
    <ele>1575.0</ele>
   </trkpt>
   <trkpt lat="45.8892430" lon="6.5171260">
    <ele>1574.4</ele>
   </trkpt>
   <trkpt lat="45.8892790" lon="6.5171650">
    <ele>1574.0</ele>
   </trkpt>
   <trkpt lat="45.8894010" lon="6.5173280">
    <ele>1573.2</ele>
   </trkpt>
   <trkpt lat="45.8894370" lon="6.5173470">
    <ele>1572.8</ele>
   </trkpt>
   <trkpt lat="45.8895250" lon="6.5173570">
    <ele>1572.2</ele>
   </trkpt>
   <trkpt lat="45.8895680" lon="6.5173560">
    <ele>1572.0</ele>
   </trkpt>
   <trkpt lat="45.8896090" lon="6.5173540">
    <ele>1571.4</ele>
   </trkpt>
   <trkpt lat="45.8897150" lon="6.5173620">
    <ele>1570.0</ele>
   </trkpt>
   <trkpt lat="45.8897570" lon="6.5173770">
    <ele>1569.6</ele>
   </trkpt>
   <trkpt lat="45.8898400" lon="6.5173740">
    <ele>1569.0</ele>
   </trkpt>
   <trkpt lat="45.8898800" lon="6.5173680">
    <ele>1568.6</ele>
   </trkpt>
   <trkpt lat="45.8900480" lon="6.5173250">
    <ele>1568.0</ele>
   </trkpt>
   <trkpt lat="45.8900830" lon="6.5173150">
    <ele>1567.4</ele>
   </trkpt>
   <trkpt lat="45.8901270" lon="6.5173020">
    <ele>1567.2</ele>
   </trkpt>
   <trkpt lat="45.8901730" lon="6.5172880">
    <ele>1566.8</ele>
   </trkpt>
   <trkpt lat="45.8902590" lon="6.5172690">
    <ele>1566.2</ele>
   </trkpt>
   <trkpt lat="45.8903800" lon="6.5172130">
    <ele>1565.0</ele>
   </trkpt>
   <trkpt lat="45.8904620" lon="6.5171800">
    <ele>1564.2</ele>
   </trkpt>
   <trkpt lat="45.8905040" lon="6.5171680">
    <ele>1563.8</ele>
   </trkpt>
   <trkpt lat="45.8906160" lon="6.5171460">
    <ele>1562.8</ele>
   </trkpt>
   <trkpt lat="45.8907230" lon="6.5171230">
    <ele>1561.4</ele>
   </trkpt>
   <trkpt lat="45.8908440" lon="6.5171130">
    <ele>1560.6</ele>
   </trkpt>
   <trkpt lat="45.8908850" lon="6.5171060">
    <ele>1560.4</ele>
   </trkpt>
   <trkpt lat="45.8910340" lon="6.5170810">
    <ele>1559.6</ele>
   </trkpt>
   <trkpt lat="45.8910760" lon="6.5170740">
    <ele>1559.4</ele>
   </trkpt>
   <trkpt lat="45.8912220" lon="6.5170170">
    <ele>1558.2</ele>
   </trkpt>
   <trkpt lat="45.8913640" lon="6.5169640">
    <ele>1557.0</ele>
   </trkpt>
   <trkpt lat="45.8914960" lon="6.5168970">
    <ele>1555.8</ele>
   </trkpt>
   <trkpt lat="45.8915280" lon="6.5168850">
    <ele>1555.6</ele>
   </trkpt>
   <trkpt lat="45.8916220" lon="6.5168570">
    <ele>1554.6</ele>
   </trkpt>
   <trkpt lat="45.8917140" lon="6.5168340">
    <ele>1554.0</ele>
   </trkpt>
   <trkpt lat="45.8917710" lon="6.5168020">
    <ele>1553.6</ele>
   </trkpt>
   <trkpt lat="45.8918750" lon="6.5167350">
    <ele>1552.8</ele>
   </trkpt>
   <trkpt lat="45.8919130" lon="6.5167190">
    <ele>1552.4</ele>
   </trkpt>
   <trkpt lat="45.8920850" lon="6.5166670">
    <ele>1551.8</ele>
   </trkpt>
   <trkpt lat="45.8921420" lon="6.5166800">
    <ele>1551.4</ele>
   </trkpt>
   <trkpt lat="45.8921920" lon="6.5167140">
    <ele>1551.2</ele>
   </trkpt>
   <trkpt lat="45.8922680" lon="6.5167840">
    <ele>1550.2</ele>
   </trkpt>
   <trkpt lat="45.8922960" lon="6.5168540">
    <ele>1550.0</ele>
   </trkpt>
   <trkpt lat="45.8923740" lon="6.5170070">
    <ele>1549.2</ele>
   </trkpt>
   <trkpt lat="45.8924120" lon="6.5170750">
    <ele>1549.4</ele>
   </trkpt>
   <trkpt lat="45.8925400" lon="6.5172540">
    <ele>1550.0</ele>
   </trkpt>
   <trkpt lat="45.8925840" lon="6.5173080">
    <ele>1550.2</ele>
   </trkpt>
   <trkpt lat="45.8927160" lon="6.5174350">
    <ele>1551.4</ele>
   </trkpt>
   <trkpt lat="45.8927710" lon="6.5175440">
    <ele>1551.6</ele>
   </trkpt>
   <trkpt lat="45.8927730" lon="6.5177410">
    <ele>1552.4</ele>
   </trkpt>
   <trkpt lat="45.8927710" lon="6.5178190">
    <ele>1552.6</ele>
   </trkpt>
   <trkpt lat="45.8927820" lon="6.5180470">
    <ele>1553.2</ele>
   </trkpt>
   <trkpt lat="45.8927890" lon="6.5180850">
    <ele>1553.6</ele>
   </trkpt>
   <trkpt lat="45.8928310" lon="6.5181690">
    <ele>1554.6</ele>
   </trkpt>
   <trkpt lat="45.8928760" lon="6.5182040">
    <ele>1554.8</ele>
   </trkpt>
   <trkpt lat="45.8929690" lon="6.5182580">
    <ele>1555.8</ele>
   </trkpt>
   <trkpt lat="45.8930170" lon="6.5182870">
    <ele>1556.2</ele>
   </trkpt>
   <trkpt lat="45.8931570" lon="6.5183970">
    <ele>1556.8</ele>
   </trkpt>
   <trkpt lat="45.8931780" lon="6.5184190">
    <ele>1556.8</ele>
   </trkpt>
   <trkpt lat="45.8932000" lon="6.5184410">
    <ele>1557.0</ele>
   </trkpt>
   <trkpt lat="45.8932980" lon="6.5185840">
    <ele>1557.0</ele>
   </trkpt>
   <trkpt lat="45.8933010" lon="6.5186230">
    <ele>1557.0</ele>
   </trkpt>
   <trkpt lat="45.8932610" lon="6.5187070">
    <ele>1557.2</ele>
   </trkpt>
   <trkpt lat="45.8931730" lon="6.5188260">
    <ele>1558.0</ele>
   </trkpt>
   <trkpt lat="45.8931220" lon="6.5189800">
    <ele>1558.6</ele>
   </trkpt>
   <trkpt lat="45.8931740" lon="6.5191270">
    <ele>1558.6</ele>
   </trkpt>
   <trkpt lat="45.8933250" lon="6.5192700">
    <ele>1559.0</ele>
   </trkpt>
   <trkpt lat="45.8933550" lon="6.5192840">
    <ele>1559.0</ele>
   </trkpt>
   <trkpt lat="45.8933800" lon="6.5192990">
    <ele>1559.2</ele>
   </trkpt>
   <trkpt lat="45.8935410" lon="6.5194130">
    <ele>1558.6</ele>
   </trkpt>
   <trkpt lat="45.8936410" lon="6.5195020">
    <ele>1558.6</ele>
   </trkpt>
   <trkpt lat="45.8937680" lon="6.5196720">
    <ele>1559.6</ele>
   </trkpt>
   <trkpt lat="45.8938840" lon="6.5198310">
    <ele>1560.0</ele>
   </trkpt>
   <trkpt lat="45.8939050" lon="6.5198560">
    <ele>1560.2</ele>
   </trkpt>
   <trkpt lat="45.8939230" lon="6.5198830">
    <ele>1560.2</ele>
   </trkpt>
   <trkpt lat="45.8939820" lon="6.5199680">
    <ele>1561.2</ele>
   </trkpt>
   <trkpt lat="45.8940360" lon="6.5201030">
    <ele>1561.6</ele>
   </trkpt>
   <trkpt lat="45.8940730" lon="6.5201950">
    <ele>1562.4</ele>
   </trkpt>
   <trkpt lat="45.8940860" lon="6.5202260">
    <ele>1562.4</ele>
   </trkpt>
   <trkpt lat="45.8941560" lon="6.5203820">
    <ele>1563.0</ele>
   </trkpt>
   <trkpt lat="45.8941700" lon="6.5204130">
    <ele>1563.4</ele>
   </trkpt>
   <trkpt lat="45.8942450" lon="6.5206010">
    <ele>1564.4</ele>
   </trkpt>
   <trkpt lat="45.8942550" lon="6.5206360">
    <ele>1564.4</ele>
   </trkpt>
   <trkpt lat="45.8942800" lon="6.5207460">
    <ele>1564.8</ele>
   </trkpt>
   <trkpt lat="45.8942890" lon="6.5207830">
    <ele>1564.8</ele>
   </trkpt>
   <trkpt lat="45.8943470" lon="6.5209610">
    <ele>1565.4</ele>
   </trkpt>
   <trkpt lat="45.8943940" lon="6.5210550">
    <ele>1565.6</ele>
   </trkpt>
   <trkpt lat="45.8945060" lon="6.5212330">
    <ele>1565.8</ele>
   </trkpt>
   <trkpt lat="45.8945270" lon="6.5213040">
    <ele>1565.6</ele>
   </trkpt>
   <trkpt lat="45.8945100" lon="6.5215660">
    <ele>1565.6</ele>
   </trkpt>
   <trkpt lat="45.8944490" lon="6.5218380">
    <ele>1564.4</ele>
   </trkpt>
   <trkpt lat="45.8944140" lon="6.5219210">
    <ele>1564.4</ele>
   </trkpt>
   <trkpt lat="45.8943110" lon="6.5221690">
    <ele>1564.6</ele>
   </trkpt>
   <trkpt lat="45.8942730" lon="6.5223070">
    <ele>1564.4</ele>
   </trkpt>
   <trkpt lat="45.8942860" lon="6.5226010">
    <ele>1564.4</ele>
   </trkpt>
   <trkpt lat="45.8943590" lon="6.5228620">
    <ele>1564.2</ele>
   </trkpt>
   <trkpt lat="45.8943940" lon="6.5229480">
    <ele>1564.0</ele>
   </trkpt>
   <trkpt lat="45.8944820" lon="6.5230850">
    <ele>1563.2</ele>
   </trkpt>
   <trkpt lat="45.8945380" lon="6.5231420">
    <ele>1562.8</ele>
   </trkpt>
   <trkpt lat="45.8945970" lon="6.5231900">
    <ele>1562.2</ele>
   </trkpt>
   <trkpt lat="45.8947800" lon="6.5233290">
    <ele>1561.0</ele>
   </trkpt>
   <trkpt lat="45.8948090" lon="6.5233510">
    <ele>1560.8</ele>
   </trkpt>
   <trkpt lat="45.8949310" lon="6.5234290">
    <ele>1559.8</ele>
   </trkpt>
   <trkpt lat="45.8950610" lon="6.5234910">
    <ele>1558.4</ele>
   </trkpt>
   <trkpt lat="45.8950970" lon="6.5234870">
    <ele>1557.8</ele>
   </trkpt>
   <trkpt lat="45.8951340" lon="6.5234740">
    <ele>1557.4</ele>
   </trkpt>
   <trkpt lat="45.8951620" lon="6.5234410">
    <ele>1557.0</ele>
   </trkpt>
   <trkpt lat="45.8951830" lon="6.5233990">
    <ele>1556.8</ele>
   </trkpt>
   <trkpt lat="45.8952190" lon="6.5233130">
    <ele>1556.2</ele>
   </trkpt>
   <trkpt lat="45.8952930" lon="6.5231290">
    <ele>1555.2</ele>
   </trkpt>
   <trkpt lat="45.8953070" lon="6.5230770">
    <ele>1554.8</ele>
   </trkpt>
   <trkpt lat="45.8953650" lon="6.5229480">
    <ele>1553.8</ele>
   </trkpt>
   <trkpt lat="45.8953910" lon="6.5229080">
    <ele>1553.4</ele>
   </trkpt>
   <trkpt lat="45.8954550" lon="6.5227780">
    <ele>1552.8</ele>
   </trkpt>
   <trkpt lat="45.8955320" lon="6.5226650">
    <ele>1551.0</ele>
   </trkpt>
   <trkpt lat="45.8955610" lon="6.5226300">
    <ele>1550.4</ele>
   </trkpt>
   <trkpt lat="45.8955920" lon="6.5226010">
    <ele>1550.0</ele>
   </trkpt>
   <trkpt lat="45.8956880" lon="6.5225220">
    <ele>1548.8</ele>
   </trkpt>
   <trkpt lat="45.8957230" lon="6.5225080">
    <ele>1548.6</ele>
   </trkpt>
   <trkpt lat="45.8958760" lon="6.5224530">
    <ele>1547.6</ele>
   </trkpt>
   <trkpt lat="45.8959860" lon="6.5224290">
    <ele>1546.4</ele>
   </trkpt>
   <trkpt lat="45.8960980" lon="6.5224150">
    <ele>1545.2</ele>
   </trkpt>
   <trkpt lat="45.8962460" lon="6.5224010">
    <ele>1543.8</ele>
   </trkpt>
   <trkpt lat="45.8963200" lon="6.5223680">
    <ele>1543.0</ele>
   </trkpt>
   <trkpt lat="45.8963570" lon="6.5223330">
    <ele>1542.6</ele>
   </trkpt>
   <trkpt lat="45.8964160" lon="6.5222660">
    <ele>1541.4</ele>
   </trkpt>
   <trkpt lat="45.8964480" lon="6.5222330">
    <ele>1540.8</ele>
   </trkpt>
   <trkpt lat="45.8965110" lon="6.5221870">
    <ele>1539.6</ele>
   </trkpt>
   <trkpt lat="45.8966030" lon="6.5221270">
    <ele>1538.0</ele>
   </trkpt>
   <trkpt lat="45.8966670" lon="6.5221050">
    <ele>1537.0</ele>
   </trkpt>
   <trkpt lat="45.8967030" lon="6.5221020">
    <ele>1536.6</ele>
   </trkpt>
   <trkpt lat="45.8967870" lon="6.5221070">
    <ele>1535.2</ele>
   </trkpt>
   <trkpt lat="45.8968300" lon="6.5221150">
    <ele>1534.8</ele>
   </trkpt>
   <trkpt lat="45.8969660" lon="6.5222000">
    <ele>1534.2</ele>
   </trkpt>
   <trkpt lat="45.8970760" lon="6.5222890">
    <ele>1533.2</ele>
   </trkpt>
   <trkpt lat="45.8971070" lon="6.5223040">
    <ele>1533.0</ele>
   </trkpt>
   <trkpt lat="45.8972640" lon="6.5223590">
    <ele>1532.0</ele>
   </trkpt>
   <trkpt lat="45.8972940" lon="6.5223730">
    <ele>1531.6</ele>
   </trkpt>
   <trkpt lat="45.8973120" lon="6.5223980">
    <ele>1531.4</ele>
   </trkpt>
   <trkpt lat="45.8973190" lon="6.5224380">
    <ele>1530.8</ele>
   </trkpt>
   <trkpt lat="45.8973160" lon="6.5224860">
    <ele>1530.6</ele>
   </trkpt>
   <trkpt lat="45.8973120" lon="6.5226510">
    <ele>1529.6</ele>
   </trkpt>
   <trkpt lat="45.8973200" lon="6.5227060">
    <ele>1529.2</ele>
   </trkpt>
   <trkpt lat="45.8973310" lon="6.5227570">
    <ele>1528.8</ele>
   </trkpt>
   <trkpt lat="45.8973570" lon="6.5228540">
    <ele>1528.0</ele>
   </trkpt>
   <trkpt lat="45.8974010" lon="6.5229520">
    <ele>1527.4</ele>
   </trkpt>
   <trkpt lat="45.8974280" lon="6.5230010">
    <ele>1526.8</ele>
   </trkpt>
   <trkpt lat="45.8974860" lon="6.5230810">
    <ele>1525.6</ele>
   </trkpt>
   <trkpt lat="45.8975500" lon="6.5231640">
    <ele>1524.6</ele>
   </trkpt>
   <trkpt lat="45.8976350" lon="6.5232860">
    <ele>1523.0</ele>
   </trkpt>
   <trkpt lat="45.8976900" lon="6.5233690">
    <ele>1522.0</ele>
   </trkpt>
   <trkpt lat="45.8977400" lon="6.5234580">
    <ele>1520.4</ele>
   </trkpt>
   <trkpt lat="45.8977810" lon="6.5235410">
    <ele>1519.2</ele>
   </trkpt>
   <trkpt lat="45.8977950" lon="6.5235770">
    <ele>1519.0</ele>
   </trkpt>
   <trkpt lat="45.8978170" lon="6.5236530">
    <ele>1518.8</ele>
   </trkpt>
   <trkpt lat="45.8979170" lon="6.5238230">
    <ele>1519.0</ele>
   </trkpt>
   <trkpt lat="45.8980920" lon="6.5239550">
    <ele>1518.4</ele>
   </trkpt>
   <trkpt lat="45.8981210" lon="6.5239420">
    <ele>1518.2</ele>
   </trkpt>
   <trkpt lat="45.8981540" lon="6.5239450">
    <ele>1518.0</ele>
   </trkpt>
   <trkpt lat="45.8983460" lon="6.5239730">
    <ele>1517.2</ele>
   </trkpt>
   <trkpt lat="45.8985420" lon="6.5240630">
    <ele>1517.0</ele>
   </trkpt>
   <trkpt lat="45.8985740" lon="6.5240890">
    <ele>1516.6</ele>
   </trkpt>
   <trkpt lat="45.8986420" lon="6.5241820">
    <ele>1515.6</ele>
   </trkpt>
   <trkpt lat="45.8987390" lon="6.5243220">
    <ele>1514.0</ele>
   </trkpt>
   <trkpt lat="45.8987960" lon="6.5244480">
    <ele>1512.8</ele>
   </trkpt>
   <trkpt lat="45.8988100" lon="6.5246100">
    <ele>1512.2</ele>
   </trkpt>
   <trkpt lat="45.8988450" lon="6.5248700">
    <ele>1511.8</ele>
   </trkpt>
   <trkpt lat="45.8988800" lon="6.5249560">
    <ele>1511.0</ele>
   </trkpt>
   <trkpt lat="45.8989360" lon="6.5250130">
    <ele>1510.6</ele>
   </trkpt>
   <trkpt lat="45.8990000" lon="6.5250220">
    <ele>1510.4</ele>
   </trkpt>
   <trkpt lat="45.8991460" lon="6.5249300">
    <ele>1509.2</ele>
   </trkpt>
   <trkpt lat="45.8991760" lon="6.5248960">
    <ele>1509.0</ele>
   </trkpt>
   <trkpt lat="45.8992370" lon="6.5248290">
    <ele>1507.8</ele>
   </trkpt>
   <trkpt lat="45.8993370" lon="6.5247690">
    <ele>1506.4</ele>
   </trkpt>
   <trkpt lat="45.8994470" lon="6.5247540">
    <ele>1505.4</ele>
   </trkpt>
   <trkpt lat="45.8995170" lon="6.5247820">
    <ele>1504.6</ele>
   </trkpt>
   <trkpt lat="45.8995780" lon="6.5248360">
    <ele>1504.0</ele>
   </trkpt>
   <trkpt lat="45.8996400" lon="6.5248970">
    <ele>1503.0</ele>
   </trkpt>
   <trkpt lat="45.8996710" lon="6.5249280">
    <ele>1502.4</ele>
   </trkpt>
   <trkpt lat="45.8997030" lon="6.5249610">
    <ele>1501.8</ele>
   </trkpt>
   <trkpt lat="45.8997940" lon="6.5250540">
    <ele>1500.6</ele>
   </trkpt>
   <trkpt lat="45.8998890" lon="6.5251290">
    <ele>1500.2</ele>
   </trkpt>
   <trkpt lat="45.8999510" lon="6.5251690">
    <ele>1499.8</ele>
   </trkpt>
   <trkpt lat="45.9000240" lon="6.5252080">
    <ele>1499.6</ele>
   </trkpt>
   <trkpt lat="45.9001270" lon="6.5252580">
    <ele>1499.4</ele>
   </trkpt>
   <trkpt lat="45.9003020" lon="6.5253900">
    <ele>1498.6</ele>
   </trkpt>
   <trkpt lat="45.9003320" lon="6.5254140">
    <ele>1498.6</ele>
   </trkpt>
   <trkpt lat="45.9005230" lon="6.5254780">
    <ele>1498.2</ele>
   </trkpt>
   <trkpt lat="45.9006280" lon="6.5254200">
    <ele>1497.4</ele>
   </trkpt>
   <trkpt lat="45.9006690" lon="6.5253520">
    <ele>1496.2</ele>
   </trkpt>
   <trkpt lat="45.9007570" lon="6.5251780">
    <ele>1495.0</ele>
   </trkpt>
   <trkpt lat="45.9007860" lon="6.5251420">
    <ele>1494.6</ele>
   </trkpt>
   <trkpt lat="45.9008420" lon="6.5251230">
    <ele>1493.8</ele>
   </trkpt>
   <trkpt lat="45.9008670" lon="6.5251370">
    <ele>1493.8</ele>
   </trkpt>
   <trkpt lat="45.9010120" lon="6.5252580">
    <ele>1493.2</ele>
   </trkpt>
   <trkpt lat="45.9010300" lon="6.5252850">
    <ele>1493.4</ele>
   </trkpt>
   <trkpt lat="45.9011370" lon="6.5254770">
    <ele>1494.0</ele>
   </trkpt>
   <trkpt lat="45.9011990" lon="6.5255510">
    <ele>1494.0</ele>
   </trkpt>
   <trkpt lat="45.9013490" lon="6.5256560">
    <ele>1494.8</ele>
   </trkpt>
   <trkpt lat="45.9013700" lon="6.5256720">
    <ele>1494.8</ele>
   </trkpt>
   <trkpt lat="45.9014230" lon="6.5256960">
    <ele>1495.0</ele>
   </trkpt>
   <trkpt lat="45.9014940" lon="6.5257300">
    <ele>1495.2</ele>
   </trkpt>
   <trkpt lat="45.9016530" lon="6.5258180">
    <ele>1495.4</ele>
   </trkpt>
   <trkpt lat="45.9017260" lon="6.5258500">
    <ele>1496.0</ele>
   </trkpt>
   <trkpt lat="45.9017520" lon="6.5258630">
    <ele>1496.0</ele>
   </trkpt>
   <trkpt lat="45.9019000" lon="6.5259750">
    <ele>1496.8</ele>
   </trkpt>
   <trkpt lat="45.9019240" lon="6.5260010">
    <ele>1496.8</ele>
   </trkpt>
   <trkpt lat="45.9019670" lon="6.5260490">
    <ele>1497.0</ele>
   </trkpt>
   <trkpt lat="45.9020090" lon="6.5260880">
    <ele>1497.0</ele>
   </trkpt>
   <trkpt lat="45.9020350" lon="6.5261010">
    <ele>1497.0</ele>
   </trkpt>
   <trkpt lat="45.9022070" lon="6.5261220">
    <ele>1497.8</ele>
   </trkpt>
   <trkpt lat="45.9022280" lon="6.5261320">
    <ele>1497.8</ele>
   </trkpt>
   <trkpt lat="45.9022710" lon="6.5261490">
    <ele>1498.2</ele>
   </trkpt>
   <trkpt lat="45.9023970" lon="6.5261720">
    <ele>1498.8</ele>
   </trkpt>
   <trkpt lat="45.9024720" lon="6.5262010">
    <ele>1499.4</ele>
   </trkpt>
   <trkpt lat="45.9025150" lon="6.5262080">
    <ele>1499.6</ele>
   </trkpt>
   <trkpt lat="45.9026160" lon="6.5262130">
    <ele>1500.4</ele>
   </trkpt>
   <trkpt lat="45.9027550" lon="6.5262310">
    <ele>1501.6</ele>
   </trkpt>
   <trkpt lat="45.9029140" lon="6.5262410">
    <ele>1502.0</ele>
   </trkpt>
   <trkpt lat="45.9029410" lon="6.5262440">
    <ele>1502.0</ele>
   </trkpt>
   <trkpt lat="45.9031080" lon="6.5262660">
    <ele>1502.6</ele>
   </trkpt>
   <trkpt lat="45.9032360" lon="6.5263020">
    <ele>1502.4</ele>
   </trkpt>
   <trkpt lat="45.9033950" lon="6.5263300">
    <ele>1503.0</ele>
   </trkpt>
   <trkpt lat="45.9034240" lon="6.5263310">
    <ele>1503.0</ele>
   </trkpt>
   <trkpt lat="45.9035480" lon="6.5263320">
    <ele>1503.6</ele>
   </trkpt>
   <trkpt lat="45.9035940" lon="6.5263460">
    <ele>1503.8</ele>
   </trkpt>
   <trkpt lat="45.9036230" lon="6.5263590">
    <ele>1504.0</ele>
   </trkpt>
   <trkpt lat="45.9036880" lon="6.5264010">
    <ele>1504.6</ele>
   </trkpt>
   <trkpt lat="45.9037630" lon="6.5264360">
    <ele>1505.4</ele>
   </trkpt>
   <trkpt lat="45.9037880" lon="6.5264510">
    <ele>1505.8</ele>
   </trkpt>
   <trkpt lat="45.9038850" lon="6.5265150">
    <ele>1506.8</ele>
   </trkpt>
   <trkpt lat="45.9039640" lon="6.5265700">
    <ele>1507.2</ele>
   </trkpt>
   <trkpt lat="45.9040600" lon="6.5266220">
    <ele>1508.0</ele>
   </trkpt>
   <trkpt lat="45.9041700" lon="6.5266590">
    <ele>1508.6</ele>
   </trkpt>
   <trkpt lat="45.9042840" lon="6.5266710">
    <ele>1509.6</ele>
   </trkpt>
   <trkpt lat="45.9043670" lon="6.5266800">
    <ele>1510.4</ele>
   </trkpt>
   <trkpt lat="45.9043930" lon="6.5266910">
    <ele>1510.6</ele>
   </trkpt>
   <trkpt lat="45.9045260" lon="6.5267830">
    <ele>1510.4</ele>
   </trkpt>
   <trkpt lat="45.9046730" lon="6.5269230">
    <ele>1510.2</ele>
   </trkpt>
   <trkpt lat="45.9047310" lon="6.5270140">
    <ele>1510.2</ele>
   </trkpt>
   <trkpt lat="45.9048370" lon="6.5272070">
    <ele>1510.8</ele>
   </trkpt>
   <trkpt lat="45.9048910" lon="6.5272590">
    <ele>1510.8</ele>
   </trkpt>
   <trkpt lat="45.9050560" lon="6.5274230">
    <ele>1510.6</ele>
   </trkpt>
   <trkpt lat="45.9051310" lon="6.5274940">
    <ele>1510.2</ele>
   </trkpt>
   <trkpt lat="45.9052850" lon="6.5276020">
    <ele>1509.8</ele>
   </trkpt>
   <trkpt lat="45.9054380" lon="6.5276880">
    <ele>1510.2</ele>
   </trkpt>
   <trkpt lat="45.9054580" lon="6.5277090">
    <ele>1510.2</ele>
   </trkpt>
   <trkpt lat="45.9055760" lon="6.5278560">
    <ele>1511.4</ele>
   </trkpt>
   <trkpt lat="45.9055920" lon="6.5278810">
    <ele>1511.6</ele>
   </trkpt>
   <trkpt lat="45.9056870" lon="6.5279900">
    <ele>1512.6</ele>
   </trkpt>
   <trkpt lat="45.9057680" lon="6.5280860">
    <ele>1512.8</ele>
   </trkpt>
   <trkpt lat="45.9058200" lon="6.5282150">
    <ele>1513.8</ele>
   </trkpt>
   <trkpt lat="45.9058370" lon="6.5282940">
    <ele>1514.0</ele>
   </trkpt>
   <trkpt lat="45.9058520" lon="6.5284490">
    <ele>1514.8</ele>
   </trkpt>
   <trkpt lat="45.9058400" lon="6.5285930">
    <ele>1515.4</ele>
   </trkpt>
   <trkpt lat="45.9058370" lon="6.5287410">
    <ele>1516.0</ele>
   </trkpt>
   <trkpt lat="45.9058510" lon="6.5287810">
    <ele>1516.2</ele>
   </trkpt>
   <trkpt lat="45.9058580" lon="6.5288120">
    <ele>1516.4</ele>
   </trkpt>
   <trkpt lat="45.9059130" lon="6.5289740">
    <ele>1517.4</ele>
   </trkpt>
   <trkpt lat="45.9059510" lon="6.5290210">
    <ele>1518.2</ele>
   </trkpt>
   <trkpt lat="45.9059740" lon="6.5290420">
    <ele>1518.4</ele>
   </trkpt>
   <trkpt lat="45.9060750" lon="6.5290660">
    <ele>1518.8</ele>
   </trkpt>
   <trkpt lat="45.9062310" lon="6.5289520">
    <ele>1519.0</ele>
   </trkpt>
   <trkpt lat="45.9063200" lon="6.5289400">
    <ele>1519.6</ele>
   </trkpt>
   <trkpt lat="45.9063620" lon="6.5289510">
    <ele>1520.0</ele>
   </trkpt>
   <trkpt lat="45.9064380" lon="6.5289740">
    <ele>1520.6</ele>
   </trkpt>
   <trkpt lat="45.9065200" lon="6.5290130">
    <ele>1521.8</ele>
   </trkpt>
   <trkpt lat="45.9066590" lon="6.5290920">
    <ele>1522.2</ele>
   </trkpt>
   <trkpt lat="45.9066800" lon="6.5291100">
    <ele>1522.0</ele>
   </trkpt>
   <trkpt lat="45.9067990" lon="6.5292420">
    <ele>1522.0</ele>
   </trkpt>
   <trkpt lat="45.9068570" lon="6.5293210">
    <ele>1522.8</ele>
   </trkpt>
   <trkpt lat="45.9069520" lon="6.5293890">
    <ele>1523.0</ele>
   </trkpt>
   <trkpt lat="45.9070360" lon="6.5294110">
    <ele>1523.2</ele>
   </trkpt>
   <trkpt lat="45.9071010" lon="6.5294280">
    <ele>1524.0</ele>
   </trkpt>
   <trkpt lat="45.9072020" lon="6.5294430">
    <ele>1525.2</ele>
   </trkpt>
   <trkpt lat="45.9072530" lon="6.5294440">
    <ele>1526.2</ele>
   </trkpt>
   <trkpt lat="45.9073650" lon="6.5294400">
    <ele>1527.4</ele>
   </trkpt>
   <trkpt lat="45.9073960" lon="6.5294590">
    <ele>1528.2</ele>
   </trkpt>
   <trkpt lat="45.9074100" lon="6.5294630">
    <ele>1528.6</ele>
   </trkpt>
   <trkpt lat="45.9074890" lon="6.5294750">
    <ele>1529.6</ele>
   </trkpt>
   <trkpt lat="45.9075620" lon="6.5294640">
    <ele>1530.4</ele>
   </trkpt>
   <trkpt lat="45.9076080" lon="6.5294630">
    <ele>1530.8</ele>
   </trkpt>
   <trkpt lat="45.9076840" lon="6.5294650">
    <ele>1531.6</ele>
   </trkpt>
   <trkpt lat="45.9077000" lon="6.5294620">
    <ele>1531.8</ele>
   </trkpt>
   <trkpt lat="45.9077770" lon="6.5294700">
    <ele>1532.8</ele>
   </trkpt>
   <trkpt lat="45.9078600" lon="6.5294490">
    <ele>1534.2</ele>
   </trkpt>
   <trkpt lat="45.9079350" lon="6.5294300">
    <ele>1535.0</ele>
   </trkpt>
   <trkpt lat="45.9079830" lon="6.5294130">
    <ele>1535.6</ele>
   </trkpt>
   <trkpt lat="45.9080380" lon="6.5294060">
    <ele>1536.4</ele>
   </trkpt>
   <trkpt lat="45.9080550" lon="6.5294050">
    <ele>1536.8</ele>
   </trkpt>
   <trkpt lat="45.9081630" lon="6.5293880">
    <ele>1538.2</ele>
   </trkpt>
   <trkpt lat="45.9082080" lon="6.5293830">
    <ele>1538.8</ele>
   </trkpt>
   <trkpt lat="45.9082420" lon="6.5293800">
    <ele>1539.4</ele>
   </trkpt>
   <trkpt lat="45.9082960" lon="6.5293780">
    <ele>1540.4</ele>
   </trkpt>
   <trkpt lat="45.9083790" lon="6.5293800">
    <ele>1541.0</ele>
   </trkpt>
   <trkpt lat="45.9084200" lon="6.5293770">
    <ele>1541.6</ele>
   </trkpt>
   <trkpt lat="45.9084950" lon="6.5293760">
    <ele>1542.8</ele>
   </trkpt>
   <trkpt lat="45.9085110" lon="6.5293760">
    <ele>1543.2</ele>
   </trkpt>
   <trkpt lat="45.9085730" lon="6.5293760">
    <ele>1544.0</ele>
   </trkpt>
   <trkpt lat="45.9086340" lon="6.5293730">
    <ele>1545.2</ele>
   </trkpt>
   <trkpt lat="45.9086570" lon="6.5293720">
    <ele>1545.6</ele>
   </trkpt>
   <trkpt lat="45.9087370" lon="6.5293710">
    <ele>1546.8</ele>
   </trkpt>
   <trkpt lat="45.9088180" lon="6.5293880">
    <ele>1548.2</ele>
   </trkpt>
   <trkpt lat="45.9088370" lon="6.5293960">
    <ele>1548.6</ele>
   </trkpt>
   <trkpt lat="45.9088750" lon="6.5294090">
    <ele>1549.2</ele>
   </trkpt>
   <trkpt lat="45.9089280" lon="6.5294390">
    <ele>1550.2</ele>
   </trkpt>
   <trkpt lat="45.9089360" lon="6.5294350">
    <ele>1549.8</ele>
   </trkpt>
   <trkpt lat="45.9089400" lon="6.5294300">
    <ele>1549.6</ele>
   </trkpt>
   <trkpt lat="45.9089440" lon="6.5294320">
    <ele>1549.0</ele>
   </trkpt>
   <trkpt lat="45.9089430" lon="6.5294320">
    <ele>1548.2</ele>
   </trkpt>
   <trkpt lat="45.9089430" lon="6.5294320">
    <ele>1548.2</ele>
   </trkpt>
   <trkpt lat="45.9089430" lon="6.5294320">
    <ele>1548.4</ele>
   </trkpt>
   <trkpt lat="45.9089630" lon="6.5294340">
    <ele>1548.0</ele>
   </trkpt>
   <trkpt lat="45.9089680" lon="6.5294340">
    <ele>1547.8</ele>
   </trkpt>
   <trkpt lat="45.9089750" lon="6.5294340">
    <ele>1547.4</ele>
   </trkpt>
   <trkpt lat="45.9089760" lon="6.5294270">
    <ele>1547.2</ele>
   </trkpt>
   <trkpt lat="45.9089800" lon="6.5294330">
    <ele>1547.0</ele>
   </trkpt>
   <trkpt lat="45.9089800" lon="6.5294330">
    <ele>1547.0</ele>
   </trkpt>
   <trkpt lat="45.9089800" lon="6.5294330">
    <ele>1547.0</ele>
   </trkpt>
   <trkpt lat="45.9090580" lon="6.5294530">
    <ele>1547.2</ele>
   </trkpt>
   <trkpt lat="45.9092260" lon="6.5295130">
    <ele>1548.0</ele>
   </trkpt>
   <trkpt lat="45.9092430" lon="6.5295180">
    <ele>1548.2</ele>
   </trkpt>
   <trkpt lat="45.9092480" lon="6.5295230">
    <ele>1548.2</ele>
   </trkpt>
   <trkpt lat="45.9092390" lon="6.5295420">
    <ele>1548.0</ele>
   </trkpt>
   <trkpt lat="45.9092350" lon="6.5295570">
    <ele>1548.2</ele>
   </trkpt>
   <trkpt lat="45.9092480" lon="6.5295910">
    <ele>1548.4</ele>
   </trkpt>
   <trkpt lat="45.9092510" lon="6.5296330">
    <ele>1549.0</ele>
   </trkpt>
   <trkpt lat="45.9091760" lon="6.5297480">
    <ele>1549.6</ele>
   </trkpt>
   <trkpt lat="45.9090720" lon="6.5299180">
    <ele>1549.4</ele>
   </trkpt>
   <trkpt lat="45.9090160" lon="6.5300030">
    <ele>1549.8</ele>
   </trkpt>
   <trkpt lat="45.9089990" lon="6.5300300">
    <ele>1550.0</ele>
   </trkpt>
   <trkpt lat="45.9088910" lon="6.5301840">
    <ele>1550.4</ele>
   </trkpt>
   <trkpt lat="45.9088610" lon="6.5302320">
    <ele>1550.6</ele>
   </trkpt>
   <trkpt lat="45.9088150" lon="6.5302950">
    <ele>1551.2</ele>
   </trkpt>
   <trkpt lat="45.9087490" lon="6.5304100">
    <ele>1551.8</ele>
   </trkpt>
   <trkpt lat="45.9087070" lon="6.5304950">
    <ele>1552.6</ele>
   </trkpt>
   <trkpt lat="45.9086600" lon="6.5305530">
    <ele>1553.6</ele>
   </trkpt>
   <trkpt lat="45.9086420" lon="6.5305720">
    <ele>1554.0</ele>
   </trkpt>
   <trkpt lat="45.9086260" lon="6.5305900">
    <ele>1554.6</ele>
   </trkpt>
   <trkpt lat="45.9085920" lon="6.5306160">
    <ele>1555.2</ele>
   </trkpt>
   <trkpt lat="45.9085260" lon="6.5306450">
    <ele>1556.4</ele>
   </trkpt>
   <trkpt lat="45.9085110" lon="6.5306530">
    <ele>1556.6</ele>
   </trkpt>
   <trkpt lat="45.9084590" lon="6.5306880">
    <ele>1557.6</ele>
   </trkpt>
   <trkpt lat="45.9083760" lon="6.5307390">
    <ele>1558.8</ele>
   </trkpt>
   <trkpt lat="45.9083150" lon="6.5308090">
    <ele>1559.4</ele>
   </trkpt>
   <trkpt lat="45.9082020" lon="6.5309920">
    <ele>1559.0</ele>
   </trkpt>
   <trkpt lat="45.9081170" lon="6.5311050">
    <ele>1559.6</ele>
   </trkpt>
   <trkpt lat="45.9079650" lon="6.5312740">
    <ele>1559.6</ele>
   </trkpt>
   <trkpt lat="45.9079500" lon="6.5313110">
    <ele>1559.4</ele>
   </trkpt>
   <trkpt lat="45.9079440" lon="6.5313940">
    <ele>1559.2</ele>
   </trkpt>
   <trkpt lat="45.9079460" lon="6.5315210">
    <ele>1558.8</ele>
   </trkpt>
   <trkpt lat="45.9079230" lon="6.5317330">
    <ele>1558.2</ele>
   </trkpt>
   <trkpt lat="45.9078500" lon="6.5318050">
    <ele>1559.0</ele>
   </trkpt>
   <trkpt lat="45.9078260" lon="6.5318770">
    <ele>1559.8</ele>
   </trkpt>
   <trkpt lat="45.9078100" lon="6.5319270">
    <ele>1560.8</ele>
   </trkpt>
   <trkpt lat="45.9078040" lon="6.5319370">
    <ele>1561.2</ele>
   </trkpt>
   <trkpt lat="45.9077780" lon="6.5319950">
    <ele>1562.4</ele>
   </trkpt>
   <trkpt lat="45.9077700" lon="6.5320340">
    <ele>1562.8</ele>
   </trkpt>
   <trkpt lat="45.9077730" lon="6.5320570">
    <ele>1563.2</ele>
   </trkpt>
   <trkpt lat="45.9077720" lon="6.5320580">
    <ele>1563.6</ele>
   </trkpt>
   <trkpt lat="45.9077730" lon="6.5320670">
    <ele>1563.6</ele>
   </trkpt>
   <trkpt lat="45.9077720" lon="6.5321370">
    <ele>1564.8</ele>
   </trkpt>
   <trkpt lat="45.9077650" lon="6.5321500">
    <ele>1565.0</ele>
   </trkpt>
   <trkpt lat="45.9077470" lon="6.5321810">
    <ele>1566.0</ele>
   </trkpt>
   <trkpt lat="45.9077250" lon="6.5322020">
    <ele>1566.2</ele>
   </trkpt>
   <trkpt lat="45.9077090" lon="6.5321980">
    <ele>1566.4</ele>
   </trkpt>
   <trkpt lat="45.9076060" lon="6.5322700">
    <ele>1565.2</ele>
   </trkpt>
   <trkpt lat="45.9075930" lon="6.5323000">
    <ele>1564.8</ele>
   </trkpt>
   <trkpt lat="45.9075520" lon="6.5324430">
    <ele>1564.8</ele>
   </trkpt>
   <trkpt lat="45.9075640" lon="6.5326100">
    <ele>1565.6</ele>
   </trkpt>
   <trkpt lat="45.9075660" lon="6.5326350">
    <ele>1566.0</ele>
   </trkpt>
   <trkpt lat="45.9075520" lon="6.5327150">
    <ele>1567.2</ele>
   </trkpt>
   <trkpt lat="45.9075210" lon="6.5328500">
    <ele>1567.8</ele>
   </trkpt>
   <trkpt lat="45.9074730" lon="6.5330610">
    <ele>1567.8</ele>
   </trkpt>
   <trkpt lat="45.9073810" lon="6.5332580">
    <ele>1567.8</ele>
   </trkpt>
   <trkpt lat="45.9073670" lon="6.5332910">
    <ele>1567.8</ele>
   </trkpt>
   <trkpt lat="45.9073550" lon="6.5333550">
    <ele>1568.2</ele>
   </trkpt>
   <trkpt lat="45.9073510" lon="6.5334360">
    <ele>1568.8</ele>
   </trkpt>
   <trkpt lat="45.9073510" lon="6.5334630">
    <ele>1569.4</ele>
   </trkpt>
   <trkpt lat="45.9073510" lon="6.5335430">
    <ele>1570.6</ele>
   </trkpt>
   <trkpt lat="45.9073450" lon="6.5335970">
    <ele>1571.0</ele>
   </trkpt>
   <trkpt lat="45.9073590" lon="6.5337190">
    <ele>1571.8</ele>
   </trkpt>
   <trkpt lat="45.9073650" lon="6.5337750">
    <ele>1572.0</ele>
   </trkpt>
   <trkpt lat="45.9073630" lon="6.5337990">
    <ele>1572.2</ele>
   </trkpt>
   <trkpt lat="45.9073350" lon="6.5339060">
    <ele>1572.0</ele>
   </trkpt>
   <trkpt lat="45.9073290" lon="6.5339760">
    <ele>1571.8</ele>
   </trkpt>
   <trkpt lat="45.9073310" lon="6.5340010">
    <ele>1572.2</ele>
   </trkpt>
   <trkpt lat="45.9073190" lon="6.5341490">
    <ele>1572.8</ele>
   </trkpt>
   <trkpt lat="45.9073130" lon="6.5341750">
    <ele>1572.8</ele>
   </trkpt>
   <trkpt lat="45.9072980" lon="6.5342370">
    <ele>1573.0</ele>
   </trkpt>
   <trkpt lat="45.9072740" lon="6.5342920">
    <ele>1573.6</ele>
   </trkpt>
   <trkpt lat="45.9072730" lon="6.5343130">
    <ele>1574.0</ele>
   </trkpt>
   <trkpt lat="45.9072810" lon="6.5344460">
    <ele>1575.0</ele>
   </trkpt>
   <trkpt lat="45.9072810" lon="6.5345180">
    <ele>1575.6</ele>
   </trkpt>
   <trkpt lat="45.9072760" lon="6.5345420">
    <ele>1575.8</ele>
   </trkpt>
   <trkpt lat="45.9072700" lon="6.5345880">
    <ele>1576.0</ele>
   </trkpt>
   <trkpt lat="45.9072660" lon="6.5347580">
    <ele>1576.8</ele>
   </trkpt>
   <trkpt lat="45.9072700" lon="6.5348330">
    <ele>1576.6</ele>
   </trkpt>
   <trkpt lat="45.9072760" lon="6.5350040">
    <ele>1577.4</ele>
   </trkpt>
   <trkpt lat="45.9072830" lon="6.5350180">
    <ele>1578.0</ele>
   </trkpt>
   <trkpt lat="45.9072930" lon="6.5350340">
    <ele>1578.4</ele>
   </trkpt>
   <trkpt lat="45.9073000" lon="6.5350500">
    <ele>1578.6</ele>
   </trkpt>
   <trkpt lat="45.9073010" lon="6.5350630">
    <ele>1578.8</ele>
   </trkpt>
   <trkpt lat="45.9073250" lon="6.5351360">
    <ele>1579.6</ele>
   </trkpt>
   <trkpt lat="45.9073310" lon="6.5351620">
    <ele>1579.8</ele>
   </trkpt>
   <trkpt lat="45.9073420" lon="6.5352320">
    <ele>1580.8</ele>
   </trkpt>
   <trkpt lat="45.9073420" lon="6.5353370">
    <ele>1581.6</ele>
   </trkpt>
   <trkpt lat="45.9073430" lon="6.5353590">
    <ele>1582.0</ele>
   </trkpt>
   <trkpt lat="45.9073660" lon="6.5354510">
    <ele>1583.2</ele>
   </trkpt>
   <trkpt lat="45.9073870" lon="6.5354970">
    <ele>1583.8</ele>
   </trkpt>
   <trkpt lat="45.9074280" lon="6.5355730">
    <ele>1584.4</ele>
   </trkpt>
   <trkpt lat="45.9074670" lon="6.5356430">
    <ele>1585.2</ele>
   </trkpt>
   <trkpt lat="45.9074860" lon="6.5356720">
    <ele>1585.4</ele>
   </trkpt>
   <trkpt lat="45.9074930" lon="6.5356910">
    <ele>1585.4</ele>
   </trkpt>
   <trkpt lat="45.9075080" lon="6.5357240">
    <ele>1585.6</ele>
   </trkpt>
   <trkpt lat="45.9075130" lon="6.5357500">
    <ele>1585.8</ele>
   </trkpt>
   <trkpt lat="45.9075140" lon="6.5358300">
    <ele>1586.8</ele>
   </trkpt>
   <trkpt lat="45.9074840" lon="6.5358940">
    <ele>1588.0</ele>
   </trkpt>
   <trkpt lat="45.9074580" lon="6.5359650">
    <ele>1589.0</ele>
   </trkpt>
   <trkpt lat="45.9074480" lon="6.5360680">
    <ele>1590.0</ele>
   </trkpt>
   <trkpt lat="45.9074210" lon="6.5362090">
    <ele>1591.4</ele>
   </trkpt>
   <trkpt lat="45.9074010" lon="6.5362640">
    <ele>1592.0</ele>
   </trkpt>
   <trkpt lat="45.9074050" lon="6.5362850">
    <ele>1592.0</ele>
   </trkpt>
   <trkpt lat="45.9074110" lon="6.5363060">
    <ele>1592.4</ele>
   </trkpt>
   <trkpt lat="45.9074320" lon="6.5363620">
    <ele>1593.6</ele>
   </trkpt>
   <trkpt lat="45.9074640" lon="6.5363940">
    <ele>1594.4</ele>
   </trkpt>
   <trkpt lat="45.9074800" lon="6.5364160">
    <ele>1594.8</ele>
   </trkpt>
   <trkpt lat="45.9074910" lon="6.5364220">
    <ele>1595.4</ele>
   </trkpt>
   <trkpt lat="45.9075000" lon="6.5364360">
    <ele>1596.0</ele>
   </trkpt>
   <trkpt lat="45.9075050" lon="6.5364450">
    <ele>1596.2</ele>
   </trkpt>
   <trkpt lat="45.9075110" lon="6.5364860">
    <ele>1596.6</ele>
   </trkpt>
   <trkpt lat="45.9075080" lon="6.5365230">
    <ele>1597.2</ele>
   </trkpt>
   <trkpt lat="45.9075030" lon="6.5365300">
    <ele>1597.2</ele>
   </trkpt>
   <trkpt lat="45.9075340" lon="6.5366180">
    <ele>1598.0</ele>
   </trkpt>
   <trkpt lat="45.9075560" lon="6.5366720">
    <ele>1598.2</ele>
   </trkpt>
   <trkpt lat="45.9075560" lon="6.5367320">
    <ele>1598.4</ele>
   </trkpt>
   <trkpt lat="45.9075900" lon="6.5369090">
    <ele>1599.2</ele>
   </trkpt>
   <trkpt lat="45.9075660" lon="6.5370240">
    <ele>1600.4</ele>
   </trkpt>
   <trkpt lat="45.9075580" lon="6.5370520">
    <ele>1600.6</ele>
   </trkpt>
   <trkpt lat="45.9075440" lon="6.5371030">
    <ele>1601.4</ele>
   </trkpt>
   <trkpt lat="45.9074980" lon="6.5372300">
    <ele>1602.6</ele>
   </trkpt>
   <trkpt lat="45.9074840" lon="6.5372930">
    <ele>1602.8</ele>
   </trkpt>
   <trkpt lat="45.9075110" lon="6.5374710">
    <ele>1603.4</ele>
   </trkpt>
   <trkpt lat="45.9075250" lon="6.5374920">
    <ele>1603.6</ele>
   </trkpt>
   <trkpt lat="45.9075820" lon="6.5375900">
    <ele>1604.6</ele>
   </trkpt>
   <trkpt lat="45.9076000" lon="6.5375810">
    <ele>1605.0</ele>
   </trkpt>
   <trkpt lat="45.9076430" lon="6.5375610">
    <ele>1606.2</ele>
   </trkpt>
   <trkpt lat="45.9076910" lon="6.5375650">
    <ele>1607.4</ele>
   </trkpt>
   <trkpt lat="45.9077470" lon="6.5375830">
    <ele>1608.6</ele>
   </trkpt>
   <trkpt lat="45.9077750" lon="6.5376090">
    <ele>1609.4</ele>
   </trkpt>
   <trkpt lat="45.9077920" lon="6.5376260">
    <ele>1609.6</ele>
   </trkpt>
   <trkpt lat="45.9078410" lon="6.5376650">
    <ele>1610.8</ele>
   </trkpt>
   <trkpt lat="45.9078780" lon="6.5376750">
    <ele>1612.0</ele>
   </trkpt>
   <trkpt lat="45.9078950" lon="6.5376780">
    <ele>1612.4</ele>
   </trkpt>
   <trkpt lat="45.9079320" lon="6.5376810">
    <ele>1613.4</ele>
   </trkpt>
   <trkpt lat="45.9079510" lon="6.5377220">
    <ele>1614.4</ele>
   </trkpt>
   <trkpt lat="45.9079540" lon="6.5377450">
    <ele>1614.6</ele>
   </trkpt>
   <trkpt lat="45.9079560" lon="6.5378310">
    <ele>1616.0</ele>
   </trkpt>
   <trkpt lat="45.9079570" lon="6.5378980">
    <ele>1617.0</ele>
   </trkpt>
   <trkpt lat="45.9079610" lon="6.5379250">
    <ele>1617.2</ele>
   </trkpt>
   <trkpt lat="45.9079690" lon="6.5379730">
    <ele>1617.8</ele>
   </trkpt>
   <trkpt lat="45.9079920" lon="6.5380130">
    <ele>1618.2</ele>
   </trkpt>
   <trkpt lat="45.9080170" lon="6.5380170">
    <ele>1618.6</ele>
   </trkpt>
   <trkpt lat="45.9080350" lon="6.5380100">
    <ele>1619.2</ele>
   </trkpt>
   <trkpt lat="45.9080530" lon="6.5379920">
    <ele>1620.2</ele>
   </trkpt>
   <trkpt lat="45.9080630" lon="6.5379950">
    <ele>1620.4</ele>
   </trkpt>
   <trkpt lat="45.9081010" lon="6.5380500">
    <ele>1621.4</ele>
   </trkpt>
   <trkpt lat="45.9081080" lon="6.5380650">
    <ele>1621.4</ele>
   </trkpt>
   <trkpt lat="45.9081110" lon="6.5380760">
    <ele>1621.6</ele>
   </trkpt>
   <trkpt lat="45.9081370" lon="6.5381070">
    <ele>1622.8</ele>
   </trkpt>
   <trkpt lat="45.9081510" lon="6.5381080">
    <ele>1623.2</ele>
   </trkpt>
   <trkpt lat="45.9081860" lon="6.5381040">
    <ele>1624.0</ele>
   </trkpt>
   <trkpt lat="45.9082010" lon="6.5380560">
    <ele>1624.8</ele>
   </trkpt>
   <trkpt lat="45.9082110" lon="6.5380550">
    <ele>1625.0</ele>
   </trkpt>
   <trkpt lat="45.9082260" lon="6.5380520">
    <ele>1625.0</ele>
   </trkpt>
   <trkpt lat="45.9082410" lon="6.5380570">
    <ele>1625.2</ele>
   </trkpt>
   <trkpt lat="45.9082440" lon="6.5380660">
    <ele>1625.2</ele>
   </trkpt>
   <trkpt lat="45.9082480" lon="6.5380930">
    <ele>1625.4</ele>
   </trkpt>
   <trkpt lat="45.9082600" lon="6.5381050">
    <ele>1625.8</ele>
   </trkpt>
   <trkpt lat="45.9082650" lon="6.5381090">
    <ele>1626.0</ele>
   </trkpt>
   <trkpt lat="45.9082690" lon="6.5381470">
    <ele>1627.6</ele>
   </trkpt>
   <trkpt lat="45.9082650" lon="6.5381620">
    <ele>1628.0</ele>
   </trkpt>
   <trkpt lat="45.9082510" lon="6.5382070">
    <ele>1628.6</ele>
   </trkpt>
   <trkpt lat="45.9082430" lon="6.5382890">
    <ele>1629.8</ele>
   </trkpt>
   <trkpt lat="45.9082430" lon="6.5383610">
    <ele>1630.8</ele>
   </trkpt>
   <trkpt lat="45.9082530" lon="6.5383880">
    <ele>1631.2</ele>
   </trkpt>
   <trkpt lat="45.9082720" lon="6.5384370">
    <ele>1632.0</ele>
   </trkpt>
   <trkpt lat="45.9082930" lon="6.5384680">
    <ele>1633.0</ele>
   </trkpt>
   <trkpt lat="45.9083150" lon="6.5384930">
    <ele>1634.0</ele>
   </trkpt>
   <trkpt lat="45.9083400" lon="6.5385330">
    <ele>1635.0</ele>
   </trkpt>
   <trkpt lat="45.9083900" lon="6.5385300">
    <ele>1636.0</ele>
   </trkpt>
   <trkpt lat="45.9083980" lon="6.5385270">
    <ele>1636.2</ele>
   </trkpt>
   <trkpt lat="45.9084050" lon="6.5385320">
    <ele>1636.6</ele>
   </trkpt>
   <trkpt lat="45.9084660" lon="6.5385480">
    <ele>1637.6</ele>
   </trkpt>
   <trkpt lat="45.9084740" lon="6.5385530">
    <ele>1638.0</ele>
   </trkpt>
   <trkpt lat="45.9084950" lon="6.5385560">
    <ele>1638.4</ele>
   </trkpt>
   <trkpt lat="45.9085050" lon="6.5385620">
    <ele>1638.6</ele>
   </trkpt>
   <trkpt lat="45.9085150" lon="6.5385670">
    <ele>1638.8</ele>
   </trkpt>
   <trkpt lat="45.9085430" lon="6.5385890">
    <ele>1640.0</ele>
   </trkpt>
   <trkpt lat="45.9085680" lon="6.5385980">
    <ele>1640.4</ele>
   </trkpt>
   <trkpt lat="45.9086010" lon="6.5385810">
    <ele>1641.2</ele>
   </trkpt>
   <trkpt lat="45.9086160" lon="6.5385720">
    <ele>1641.8</ele>
   </trkpt>
   <trkpt lat="45.9086360" lon="6.5385880">
    <ele>1642.2</ele>
   </trkpt>
   <trkpt lat="45.9086480" lon="6.5385990">
    <ele>1642.4</ele>
   </trkpt>
   <trkpt lat="45.9086990" lon="6.5386560">
    <ele>1643.2</ele>
   </trkpt>
   <trkpt lat="45.9087150" lon="6.5386620">
    <ele>1643.6</ele>
   </trkpt>
   <trkpt lat="45.9088100" lon="6.5386990">
    <ele>1644.8</ele>
   </trkpt>
   <trkpt lat="45.9088490" lon="6.5387270">
    <ele>1645.4</ele>
   </trkpt>
   <trkpt lat="45.9088860" lon="6.5387470">
    <ele>1646.0</ele>
   </trkpt>
   <trkpt lat="45.9089470" lon="6.5387620">
    <ele>1647.2</ele>
   </trkpt>
   <trkpt lat="45.9089950" lon="6.5388010">
    <ele>1648.4</ele>
   </trkpt>
   <trkpt lat="45.9090630" lon="6.5388740">
    <ele>1649.4</ele>
   </trkpt>
   <trkpt lat="45.9090930" lon="6.5389630">
    <ele>1650.4</ele>
   </trkpt>
   <trkpt lat="45.9090860" lon="6.5390680">
    <ele>1651.8</ele>
   </trkpt>
   <trkpt lat="45.9090920" lon="6.5390910">
    <ele>1651.8</ele>
   </trkpt>
   <trkpt lat="45.9090940" lon="6.5391090">
    <ele>1652.2</ele>
   </trkpt>
   <trkpt lat="45.9090970" lon="6.5391290">
    <ele>1652.8</ele>
   </trkpt>
   <trkpt lat="45.9090960" lon="6.5391450">
    <ele>1653.2</ele>
   </trkpt>
   <trkpt lat="45.9090870" lon="6.5391560">
    <ele>1653.6</ele>
   </trkpt>
   <trkpt lat="45.9090600" lon="6.5391810">
    <ele>1654.2</ele>
   </trkpt>
   <trkpt lat="45.9090320" lon="6.5392290">
    <ele>1655.4</ele>
   </trkpt>
   <trkpt lat="45.9090270" lon="6.5392510">
    <ele>1656.0</ele>
   </trkpt>
   <trkpt lat="45.9090290" lon="6.5392730">
    <ele>1656.4</ele>
   </trkpt>
   <trkpt lat="45.9090660" lon="6.5392920">
    <ele>1657.8</ele>
   </trkpt>
   <trkpt lat="45.9091050" lon="6.5392990">
    <ele>1659.0</ele>
   </trkpt>
   <trkpt lat="45.9091350" lon="6.5393130">
    <ele>1659.6</ele>
   </trkpt>
   <trkpt lat="45.9091500" lon="6.5393410">
    <ele>1660.2</ele>
   </trkpt>
   <trkpt lat="45.9091500" lon="6.5393790">
    <ele>1661.2</ele>
   </trkpt>
   <trkpt lat="45.9091390" lon="6.5393830">
    <ele>1661.2</ele>
   </trkpt>
   <trkpt lat="45.9091270" lon="6.5394010">
    <ele>1661.6</ele>
   </trkpt>
   <trkpt lat="45.9091020" lon="6.5394450">
    <ele>1662.4</ele>
   </trkpt>
   <trkpt lat="45.9090780" lon="6.5394780">
    <ele>1663.6</ele>
   </trkpt>
   <trkpt lat="45.9090810" lon="6.5394900">
    <ele>1663.6</ele>
   </trkpt>
   <trkpt lat="45.9090920" lon="6.5395220">
    <ele>1664.4</ele>
   </trkpt>
   <trkpt lat="45.9091020" lon="6.5395210">
    <ele>1664.6</ele>
   </trkpt>
   <trkpt lat="45.9091230" lon="6.5395220">
    <ele>1664.8</ele>
   </trkpt>
   <trkpt lat="45.9091020" lon="6.5395320">
    <ele>1665.6</ele>
   </trkpt>
   <trkpt lat="45.9090540" lon="6.5395520">
    <ele>1667.0</ele>
   </trkpt>
   <trkpt lat="45.9090400" lon="6.5395810">
    <ele>1668.0</ele>
   </trkpt>
   <trkpt lat="45.9090250" lon="6.5396510">
    <ele>1669.0</ele>
   </trkpt>
   <trkpt lat="45.9090200" lon="6.5396870">
    <ele>1670.2</ele>
   </trkpt>
   <trkpt lat="45.9090210" lon="6.5397200">
    <ele>1670.6</ele>
   </trkpt>
   <trkpt lat="45.9090220" lon="6.5397350">
    <ele>1670.8</ele>
   </trkpt>
   <trkpt lat="45.9090520" lon="6.5397710">
    <ele>1671.2</ele>
   </trkpt>
   <trkpt lat="45.9090770" lon="6.5397720">
    <ele>1672.0</ele>
   </trkpt>
   <trkpt lat="45.9090880" lon="6.5397650">
    <ele>1672.2</ele>
   </trkpt>
   <trkpt lat="45.9091490" lon="6.5397700">
    <ele>1673.4</ele>
   </trkpt>
   <trkpt lat="45.9091580" lon="6.5397790">
    <ele>1673.6</ele>
   </trkpt>
   <trkpt lat="45.9091790" lon="6.5398070">
    <ele>1674.6</ele>
   </trkpt>
   <trkpt lat="45.9092050" lon="6.5398310">
    <ele>1675.2</ele>
   </trkpt>
   <trkpt lat="45.9092140" lon="6.5398470">
    <ele>1676.0</ele>
   </trkpt>
   <trkpt lat="45.9091980" lon="6.5398560">
    <ele>1676.8</ele>
   </trkpt>
   <trkpt lat="45.9091850" lon="6.5398590">
    <ele>1677.0</ele>
   </trkpt>
   <trkpt lat="45.9091730" lon="6.5398650">
    <ele>1677.2</ele>
   </trkpt>
   <trkpt lat="45.9091690" lon="6.5398840">
    <ele>1677.4</ele>
   </trkpt>
   <trkpt lat="45.9091650" lon="6.5399030">
    <ele>1677.6</ele>
   </trkpt>
   <trkpt lat="45.9091610" lon="6.5399130">
    <ele>1678.4</ele>
   </trkpt>
   <trkpt lat="45.9091600" lon="6.5399210">
    <ele>1678.8</ele>
   </trkpt>
   <trkpt lat="45.9091510" lon="6.5399280">
    <ele>1679.4</ele>
   </trkpt>
   <trkpt lat="45.9091470" lon="6.5399470">
    <ele>1679.6</ele>
   </trkpt>
   <trkpt lat="45.9091460" lon="6.5399790">
    <ele>1680.2</ele>
   </trkpt>
   <trkpt lat="45.9091470" lon="6.5399840">
    <ele>1680.6</ele>
   </trkpt>
   <trkpt lat="45.9091330" lon="6.5400070">
    <ele>1681.6</ele>
   </trkpt>
   <trkpt lat="45.9091280" lon="6.5400160">
    <ele>1682.0</ele>
   </trkpt>
   <trkpt lat="45.9090910" lon="6.5400500">
    <ele>1683.0</ele>
   </trkpt>
   <trkpt lat="45.9090760" lon="6.5400750">
    <ele>1683.6</ele>
   </trkpt>
   <trkpt lat="45.9090680" lon="6.5400830">
    <ele>1683.8</ele>
   </trkpt>
   <trkpt lat="45.9090590" lon="6.5400900">
    <ele>1684.4</ele>
   </trkpt>
   <trkpt lat="45.9090390" lon="6.5401160">
    <ele>1685.4</ele>
   </trkpt>
   <trkpt lat="45.9090230" lon="6.5401460">
    <ele>1686.4</ele>
   </trkpt>
   <trkpt lat="45.9090050" lon="6.5401700">
    <ele>1687.0</ele>
   </trkpt>
   <trkpt lat="45.9089970" lon="6.5401760">
    <ele>1687.6</ele>
   </trkpt>
   <trkpt lat="45.9089660" lon="6.5401970">
    <ele>1688.2</ele>
   </trkpt>
   <trkpt lat="45.9089560" lon="6.5402030">
    <ele>1688.8</ele>
   </trkpt>
   <trkpt lat="45.9089250" lon="6.5402480">
    <ele>1689.6</ele>
   </trkpt>
   <trkpt lat="45.9089230" lon="6.5402600">
    <ele>1689.8</ele>
   </trkpt>
   <trkpt lat="45.9089150" lon="6.5402660">
    <ele>1690.0</ele>
   </trkpt>
   <trkpt lat="45.9089100" lon="6.5402720">
    <ele>1690.2</ele>
   </trkpt>
   <trkpt lat="45.9089070" lon="6.5402890">
    <ele>1690.8</ele>
   </trkpt>
   <trkpt lat="45.9089010" lon="6.5402970">
    <ele>1691.2</ele>
   </trkpt>
   <trkpt lat="45.9088780" lon="6.5403380">
    <ele>1692.2</ele>
   </trkpt>
   <trkpt lat="45.9088760" lon="6.5403640">
    <ele>1692.8</ele>
   </trkpt>
   <trkpt lat="45.9088770" lon="6.5403900">
    <ele>1693.4</ele>
   </trkpt>
   <trkpt lat="45.9088750" lon="6.5404040">
    <ele>1693.6</ele>
   </trkpt>
   <trkpt lat="45.9088910" lon="6.5404770">
    <ele>1694.6</ele>
   </trkpt>
   <trkpt lat="45.9088950" lon="6.5404940">
    <ele>1694.8</ele>
   </trkpt>
   <trkpt lat="45.9089190" lon="6.5405470">
    <ele>1695.6</ele>
   </trkpt>
   <trkpt lat="45.9089300" lon="6.5405530">
    <ele>1695.8</ele>
   </trkpt>
   <trkpt lat="45.9089400" lon="6.5405560">
    <ele>1696.2</ele>
   </trkpt>
   <trkpt lat="45.9089600" lon="6.5405520">
    <ele>1697.0</ele>
   </trkpt>
   <trkpt lat="45.9089700" lon="6.5405480">
    <ele>1697.2</ele>
   </trkpt>
   <trkpt lat="45.9089770" lon="6.5405400">
    <ele>1697.4</ele>
   </trkpt>
   <trkpt lat="45.9089970" lon="6.5405130">
    <ele>1697.8</ele>
   </trkpt>
   <trkpt lat="45.9090050" lon="6.5405080">
    <ele>1698.0</ele>
   </trkpt>
   <trkpt lat="45.9090130" lon="6.5405040">
    <ele>1698.2</ele>
   </trkpt>
   <trkpt lat="45.9090340" lon="6.5405130">
    <ele>1698.8</ele>
   </trkpt>
   <trkpt lat="45.9090440" lon="6.5405290">
    <ele>1699.0</ele>
   </trkpt>
   <trkpt lat="45.9090900" lon="6.5405740">
    <ele>1700.2</ele>
   </trkpt>
   <trkpt lat="45.9091010" lon="6.5406010">
    <ele>1700.8</ele>
   </trkpt>
   <trkpt lat="45.9091040" lon="6.5406180">
    <ele>1701.4</ele>
   </trkpt>
   <trkpt lat="45.9091080" lon="6.5406440">
    <ele>1702.4</ele>
   </trkpt>
   <trkpt lat="45.9091220" lon="6.5406770">
    <ele>1703.6</ele>
   </trkpt>
   <trkpt lat="45.9091260" lon="6.5406980">
    <ele>1704.2</ele>
   </trkpt>
   <trkpt lat="45.9091140" lon="6.5407200">
    <ele>1704.6</ele>
   </trkpt>
   <trkpt lat="45.9090880" lon="6.5407170">
    <ele>1705.0</ele>
   </trkpt>
   <trkpt lat="45.9090690" lon="6.5407500">
    <ele>1705.8</ele>
   </trkpt>
   <trkpt lat="45.9090710" lon="6.5407690">
    <ele>1706.0</ele>
   </trkpt>
   <trkpt lat="45.9090660" lon="6.5408170">
    <ele>1706.8</ele>
   </trkpt>
   <trkpt lat="45.9090700" lon="6.5408760">
    <ele>1708.0</ele>
   </trkpt>
   <trkpt lat="45.9090650" lon="6.5409120">
    <ele>1709.4</ele>
   </trkpt>
   <trkpt lat="45.9090610" lon="6.5409570">
    <ele>1710.2</ele>
   </trkpt>
   <trkpt lat="45.9090550" lon="6.5409840">
    <ele>1710.6</ele>
   </trkpt>
   <trkpt lat="45.9090470" lon="6.5410390">
    <ele>1711.2</ele>
   </trkpt>
   <trkpt lat="45.9090500" lon="6.5410680">
    <ele>1711.6</ele>
   </trkpt>
   <trkpt lat="45.9090700" lon="6.5411270">
    <ele>1713.0</ele>
   </trkpt>
   <trkpt lat="45.9090800" lon="6.5411360">
    <ele>1713.2</ele>
   </trkpt>
   <trkpt lat="45.9091110" lon="6.5411560">
    <ele>1713.8</ele>
   </trkpt>
   <trkpt lat="45.9091240" lon="6.5411590">
    <ele>1714.0</ele>
   </trkpt>
   <trkpt lat="45.9091780" lon="6.5411780">
    <ele>1715.0</ele>
   </trkpt>
   <trkpt lat="45.9091900" lon="6.5411860">
    <ele>1715.2</ele>
   </trkpt>
   <trkpt lat="45.9092440" lon="6.5412190">
    <ele>1716.2</ele>
   </trkpt>
   <trkpt lat="45.9092610" lon="6.5412380">
    <ele>1716.8</ele>
   </trkpt>
   <trkpt lat="45.9092930" lon="6.5412650">
    <ele>1717.4</ele>
   </trkpt>
   <trkpt lat="45.9093070" lon="6.5412640">
    <ele>1717.8</ele>
   </trkpt>
   <trkpt lat="45.9093430" lon="6.5412770">
    <ele>1718.6</ele>
   </trkpt>
   <trkpt lat="45.9093530" lon="6.5412790">
    <ele>1719.0</ele>
   </trkpt>
   <trkpt lat="45.9093780" lon="6.5412840">
    <ele>1720.2</ele>
   </trkpt>
   <trkpt lat="45.9094230" lon="6.5412810">
    <ele>1721.2</ele>
   </trkpt>
   <trkpt lat="45.9094460" lon="6.5413010">
    <ele>1721.6</ele>
   </trkpt>
   <trkpt lat="45.9094650" lon="6.5413130">
    <ele>1722.0</ele>
   </trkpt>
   <trkpt lat="45.9094820" lon="6.5413220">
    <ele>1722.4</ele>
   </trkpt>
   <trkpt lat="45.9095040" lon="6.5413230">
    <ele>1723.8</ele>
   </trkpt>
   <trkpt lat="45.9095170" lon="6.5413280">
    <ele>1724.2</ele>
   </trkpt>
   <trkpt lat="45.9095480" lon="6.5413350">
    <ele>1725.0</ele>
   </trkpt>
   <trkpt lat="45.9095640" lon="6.5413440">
    <ele>1725.2</ele>
   </trkpt>
   <trkpt lat="45.9095780" lon="6.5413830">
    <ele>1726.0</ele>
   </trkpt>
   <trkpt lat="45.9095820" lon="6.5413900">
    <ele>1726.2</ele>
   </trkpt>
   <trkpt lat="45.9096000" lon="6.5414100">
    <ele>1726.8</ele>
   </trkpt>
   <trkpt lat="45.9096130" lon="6.5414100">
    <ele>1727.2</ele>
   </trkpt>
   <trkpt lat="45.9096290" lon="6.5414110">
    <ele>1728.4</ele>
   </trkpt>
   <trkpt lat="45.9096370" lon="6.5414150">
    <ele>1728.6</ele>
   </trkpt>
   <trkpt lat="45.9096540" lon="6.5414160">
    <ele>1729.4</ele>
   </trkpt>
   <trkpt lat="45.9096770" lon="6.5414030">
    <ele>1730.6</ele>
   </trkpt>
   <trkpt lat="45.9096960" lon="6.5413940">
    <ele>1731.0</ele>
   </trkpt>
   <trkpt lat="45.9097170" lon="6.5414000">
    <ele>1731.6</ele>
   </trkpt>
   <trkpt lat="45.9097260" lon="6.5414110">
    <ele>1731.8</ele>
   </trkpt>
   <trkpt lat="45.9097460" lon="6.5414380">
    <ele>1732.2</ele>
   </trkpt>
   <trkpt lat="45.9097830" lon="6.5414610">
    <ele>1732.8</ele>
   </trkpt>
   <trkpt lat="45.9098030" lon="6.5414570">
    <ele>1733.4</ele>
   </trkpt>
   <trkpt lat="45.9098180" lon="6.5414580">
    <ele>1733.8</ele>
   </trkpt>
   <trkpt lat="45.9098270" lon="6.5414700">
    <ele>1734.2</ele>
   </trkpt>
   <trkpt lat="45.9098440" lon="6.5414890">
    <ele>1735.2</ele>
   </trkpt>
   <trkpt lat="45.9098610" lon="6.5415140">
    <ele>1736.2</ele>
   </trkpt>
   <trkpt lat="45.9099020" lon="6.5415420">
    <ele>1737.4</ele>
   </trkpt>
   <trkpt lat="45.9099450" lon="6.5415690">
    <ele>1738.8</ele>
   </trkpt>
   <trkpt lat="45.9099870" lon="6.5415840">
    <ele>1740.0</ele>
   </trkpt>
   <trkpt lat="45.9100270" lon="6.5415920">
    <ele>1741.6</ele>
   </trkpt>
   <trkpt lat="45.9100650" lon="6.5415950">
    <ele>1743.2</ele>
   </trkpt>
   <trkpt lat="45.9101060" lon="6.5416030">
    <ele>1744.2</ele>
   </trkpt>
   <trkpt lat="45.9101320" lon="6.5416180">
    <ele>1745.2</ele>
   </trkpt>
   <trkpt lat="45.9101450" lon="6.5416250">
    <ele>1745.6</ele>
   </trkpt>
   <trkpt lat="45.9101770" lon="6.5416490">
    <ele>1747.0</ele>
   </trkpt>
   <trkpt lat="45.9101950" lon="6.5416660">
    <ele>1748.0</ele>
   </trkpt>
   <trkpt lat="45.9102260" lon="6.5416910">
    <ele>1749.2</ele>
   </trkpt>
   <trkpt lat="45.9102870" lon="6.5417170">
    <ele>1750.0</ele>
   </trkpt>
   <trkpt lat="45.9102970" lon="6.5417170">
    <ele>1750.2</ele>
   </trkpt>
   <trkpt lat="45.9103530" lon="6.5417310">
    <ele>1751.4</ele>
   </trkpt>
   <trkpt lat="45.9103690" lon="6.5417600">
    <ele>1751.8</ele>
   </trkpt>
   <trkpt lat="45.9103880" lon="6.5418070">
    <ele>1752.4</ele>
   </trkpt>
   <trkpt lat="45.9104040" lon="6.5418300">
    <ele>1753.0</ele>
   </trkpt>
   <trkpt lat="45.9104160" lon="6.5418550">
    <ele>1753.4</ele>
   </trkpt>
   <trkpt lat="45.9104230" lon="6.5418700">
    <ele>1753.6</ele>
   </trkpt>
   <trkpt lat="45.9104480" lon="6.5418980">
    <ele>1754.2</ele>
   </trkpt>
   <trkpt lat="45.9104550" lon="6.5419090">
    <ele>1754.8</ele>
   </trkpt>
   <trkpt lat="45.9104820" lon="6.5419650">
    <ele>1756.0</ele>
   </trkpt>
   <trkpt lat="45.9105110" lon="6.5420070">
    <ele>1756.6</ele>
   </trkpt>
   <trkpt lat="45.9105210" lon="6.5420340">
    <ele>1757.0</ele>
   </trkpt>
   <trkpt lat="45.9105650" lon="6.5420530">
    <ele>1758.0</ele>
   </trkpt>
   <trkpt lat="45.9105780" lon="6.5420510">
    <ele>1758.2</ele>
   </trkpt>
   <trkpt lat="45.9105910" lon="6.5420470">
    <ele>1758.6</ele>
   </trkpt>
   <trkpt lat="45.9106190" lon="6.5420530">
    <ele>1759.8</ele>
   </trkpt>
   <trkpt lat="45.9106610" lon="6.5420490">
    <ele>1760.8</ele>
   </trkpt>
   <trkpt lat="45.9106720" lon="6.5420460">
    <ele>1761.2</ele>
   </trkpt>
   <trkpt lat="45.9107100" lon="6.5420700">
    <ele>1762.2</ele>
   </trkpt>
   <trkpt lat="45.9107530" lon="6.5421170">
    <ele>1763.4</ele>
   </trkpt>
   <trkpt lat="45.9107660" lon="6.5421300">
    <ele>1763.6</ele>
   </trkpt>
   <trkpt lat="45.9107880" lon="6.5421490">
    <ele>1764.4</ele>
   </trkpt>
   <trkpt lat="45.9108160" lon="6.5421740">
    <ele>1765.6</ele>
   </trkpt>
   <trkpt lat="45.9108390" lon="6.5421940">
    <ele>1767.0</ele>
   </trkpt>
   <trkpt lat="45.9108560" lon="6.5422080">
    <ele>1767.4</ele>
   </trkpt>
   <trkpt lat="45.9108810" lon="6.5422320">
    <ele>1768.2</ele>
   </trkpt>
   <trkpt lat="45.9109170" lon="6.5422820">
    <ele>1769.2</ele>
   </trkpt>
   <trkpt lat="45.9109440" lon="6.5423510">
    <ele>1770.4</ele>
   </trkpt>
   <trkpt lat="45.9109540" lon="6.5423790">
    <ele>1770.6</ele>
   </trkpt>
   <trkpt lat="45.9110480" lon="6.5425390">
    <ele>1771.0</ele>
   </trkpt>
   <trkpt lat="45.9110870" lon="6.5425790">
    <ele>1771.0</ele>
   </trkpt>
   <trkpt lat="45.9111980" lon="6.5426770">
    <ele>1771.2</ele>
   </trkpt>
   <trkpt lat="45.9112290" lon="6.5427150">
    <ele>1771.4</ele>
   </trkpt>
   <trkpt lat="45.9113290" lon="6.5428210">
    <ele>1772.4</ele>
   </trkpt>
   <trkpt lat="45.9113450" lon="6.5428370">
    <ele>1772.4</ele>
   </trkpt>
   <trkpt lat="45.9113580" lon="6.5428590">
    <ele>1772.8</ele>
   </trkpt>
   <trkpt lat="45.9113830" lon="6.5429530">
    <ele>1773.6</ele>
   </trkpt>
   <trkpt lat="45.9113960" lon="6.5429970">
    <ele>1774.2</ele>
   </trkpt>
   <trkpt lat="45.9114160" lon="6.5430630">
    <ele>1774.8</ele>
   </trkpt>
   <trkpt lat="45.9114300" lon="6.5431460">
    <ele>1774.8</ele>
   </trkpt>
   <trkpt lat="45.9115110" lon="6.5433020">
    <ele>1775.6</ele>
   </trkpt>
   <trkpt lat="45.9115260" lon="6.5433290">
    <ele>1775.6</ele>
   </trkpt>
   <trkpt lat="45.9115810" lon="6.5434440">
    <ele>1776.0</ele>
   </trkpt>
   <trkpt lat="45.9116060" lon="6.5435010">
    <ele>1776.4</ele>
   </trkpt>
   <trkpt lat="45.9116660" lon="6.5436000">
    <ele>1777.0</ele>
   </trkpt>
   <trkpt lat="45.9117040" lon="6.5436440">
    <ele>1777.2</ele>
   </trkpt>
   <trkpt lat="45.9117950" lon="6.5437520">
    <ele>1778.6</ele>
   </trkpt>
   <trkpt lat="45.9118320" lon="6.5437950">
    <ele>1779.2</ele>
   </trkpt>
   <trkpt lat="45.9118880" lon="6.5438550">
    <ele>1779.6</ele>
   </trkpt>
   <trkpt lat="45.9119390" lon="6.5439400">
    <ele>1780.2</ele>
   </trkpt>
   <trkpt lat="45.9119360" lon="6.5439680">
    <ele>1780.4</ele>
   </trkpt>
   <trkpt lat="45.9119050" lon="6.5440060">
    <ele>1780.8</ele>
   </trkpt>
   <trkpt lat="45.9118820" lon="6.5440210">
    <ele>1781.0</ele>
   </trkpt>
   <trkpt lat="45.9118140" lon="6.5440630">
    <ele>1781.8</ele>
   </trkpt>
   <trkpt lat="45.9117200" lon="6.5441190">
    <ele>1783.0</ele>
   </trkpt>
   <trkpt lat="45.9116740" lon="6.5441420">
    <ele>1783.4</ele>
   </trkpt>
   <trkpt lat="45.9116290" lon="6.5441640">
    <ele>1784.2</ele>
   </trkpt>
   <trkpt lat="45.9115870" lon="6.5441900">
    <ele>1785.2</ele>
   </trkpt>
   <trkpt lat="45.9115570" lon="6.5442180">
    <ele>1786.4</ele>
   </trkpt>
   <trkpt lat="45.9115290" lon="6.5442370">
    <ele>1786.8</ele>
   </trkpt>
   <trkpt lat="45.9115010" lon="6.5442500">
    <ele>1787.6</ele>
   </trkpt>
   <trkpt lat="45.9114610" lon="6.5442730">
    <ele>1788.6</ele>
   </trkpt>
   <trkpt lat="45.9114250" lon="6.5442900">
    <ele>1789.8</ele>
   </trkpt>
   <trkpt lat="45.9113890" lon="6.5443180">
    <ele>1791.0</ele>
   </trkpt>
   <trkpt lat="45.9113640" lon="6.5443370">
    <ele>1792.2</ele>
   </trkpt>
   <trkpt lat="45.9113090" lon="6.5443970">
    <ele>1792.6</ele>
   </trkpt>
   <trkpt lat="45.9112740" lon="6.5444300">
    <ele>1793.2</ele>
   </trkpt>
   <trkpt lat="45.9112050" lon="6.5444950">
    <ele>1794.6</ele>
   </trkpt>
   <trkpt lat="45.9111610" lon="6.5445430">
    <ele>1795.0</ele>
   </trkpt>
   <trkpt lat="45.9111060" lon="6.5445940">
    <ele>1795.8</ele>
   </trkpt>
   <trkpt lat="45.9110770" lon="6.5446300">
    <ele>1796.2</ele>
   </trkpt>
   <trkpt lat="45.9110360" lon="6.5446760">
    <ele>1796.4</ele>
   </trkpt>
   <trkpt lat="45.9109970" lon="6.5447090">
    <ele>1797.0</ele>
   </trkpt>
   <trkpt lat="45.9109690" lon="6.5447420">
    <ele>1797.8</ele>
   </trkpt>
   <trkpt lat="45.9109630" lon="6.5447480">
    <ele>1798.2</ele>
   </trkpt>
   <trkpt lat="45.9109560" lon="6.5447540">
    <ele>1798.4</ele>
   </trkpt>
   <trkpt lat="45.9108980" lon="6.5448030">
    <ele>1799.4</ele>
   </trkpt>
   <trkpt lat="45.9108810" lon="6.5448230">
    <ele>1800.2</ele>
   </trkpt>
   <trkpt lat="45.9108720" lon="6.5448340">
    <ele>1800.8</ele>
   </trkpt>
   <trkpt lat="45.9108510" lon="6.5448520">
    <ele>1801.8</ele>
   </trkpt>
   <trkpt lat="45.9108190" lon="6.5448800">
    <ele>1803.2</ele>
   </trkpt>
   <trkpt lat="45.9107820" lon="6.5449090">
    <ele>1804.4</ele>
   </trkpt>
   <trkpt lat="45.9107640" lon="6.5449310">
    <ele>1805.2</ele>
   </trkpt>
   <trkpt lat="45.9107530" lon="6.5449620">
    <ele>1805.6</ele>
   </trkpt>
   <trkpt lat="45.9107240" lon="6.5450140">
    <ele>1806.6</ele>
   </trkpt>
   <trkpt lat="45.9106940" lon="6.5450720">
    <ele>1808.0</ele>
   </trkpt>
   <trkpt lat="45.9106780" lon="6.5451080">
    <ele>1809.4</ele>
   </trkpt>
   <trkpt lat="45.9106680" lon="6.5451340">
    <ele>1810.4</ele>
   </trkpt>
   <trkpt lat="45.9106640" lon="6.5451470">
    <ele>1810.8</ele>
   </trkpt>
   <trkpt lat="45.9106490" lon="6.5451730">
    <ele>1811.4</ele>
   </trkpt>
   <trkpt lat="45.9106330" lon="6.5452170">
    <ele>1812.8</ele>
   </trkpt>
   <trkpt lat="45.9106100" lon="6.5452680">
    <ele>1814.2</ele>
   </trkpt>
   <trkpt lat="45.9106020" lon="6.5452810">
    <ele>1814.4</ele>
   </trkpt>
   <trkpt lat="45.9105610" lon="6.5453680">
    <ele>1815.4</ele>
   </trkpt>
   <trkpt lat="45.9105410" lon="6.5454050">
    <ele>1816.4</ele>
   </trkpt>
   <trkpt lat="45.9104750" lon="6.5454700">
    <ele>1817.8</ele>
   </trkpt>
   <trkpt lat="45.9104580" lon="6.5454930">
    <ele>1818.4</ele>
   </trkpt>
   <trkpt lat="45.9104450" lon="6.5455120">
    <ele>1819.0</ele>
   </trkpt>
   <trkpt lat="45.9104070" lon="6.5455710">
    <ele>1820.2</ele>
   </trkpt>
   <trkpt lat="45.9103880" lon="6.5456240">
    <ele>1821.2</ele>
   </trkpt>
   <trkpt lat="45.9103810" lon="6.5456410">
    <ele>1821.4</ele>
   </trkpt>
   <trkpt lat="45.9103580" lon="6.5457420">
    <ele>1822.6</ele>
   </trkpt>
   <trkpt lat="45.9103510" lon="6.5457800">
    <ele>1823.0</ele>
   </trkpt>
   <trkpt lat="45.9103450" lon="6.5458140">
    <ele>1823.8</ele>
   </trkpt>
   <trkpt lat="45.9103330" lon="6.5458600">
    <ele>1825.0</ele>
   </trkpt>
   <trkpt lat="45.9103170" lon="6.5459310">
    <ele>1826.0</ele>
   </trkpt>
   <trkpt lat="45.9103090" lon="6.5459450">
    <ele>1826.0</ele>
   </trkpt>
   <trkpt lat="45.9102570" lon="6.5460600">
    <ele>1826.4</ele>
   </trkpt>
   <trkpt lat="45.9102490" lon="6.5460760">
    <ele>1826.6</ele>
   </trkpt>
   <trkpt lat="45.9102300" lon="6.5460970">
    <ele>1827.2</ele>
   </trkpt>
   <trkpt lat="45.9101900" lon="6.5461500">
    <ele>1828.4</ele>
   </trkpt>
   <trkpt lat="45.9101590" lon="6.5462020">
    <ele>1829.2</ele>
   </trkpt>
   <trkpt lat="45.9101470" lon="6.5462200">
    <ele>1829.4</ele>
   </trkpt>
   <trkpt lat="45.9101110" lon="6.5462730">
    <ele>1830.6</ele>
   </trkpt>
   <trkpt lat="45.9100480" lon="6.5463760">
    <ele>1831.8</ele>
   </trkpt>
   <trkpt lat="45.9100180" lon="6.5464130">
    <ele>1832.4</ele>
   </trkpt>
   <trkpt lat="45.9099680" lon="6.5464660">
    <ele>1833.0</ele>
   </trkpt>
   <trkpt lat="45.9098390" lon="6.5465640">
    <ele>1833.8</ele>
   </trkpt>
   <trkpt lat="45.9097360" lon="6.5466700">
    <ele>1834.0</ele>
   </trkpt>
   <trkpt lat="45.9096530" lon="6.5467330">
    <ele>1833.4</ele>
   </trkpt>
   <trkpt lat="45.9095340" lon="6.5467160">
    <ele>1832.2</ele>
   </trkpt>
   <trkpt lat="45.9094800" lon="6.5467500">
    <ele>1831.8</ele>
   </trkpt>
   <trkpt lat="45.9094430" lon="6.5468080">
    <ele>1831.2</ele>
   </trkpt>
   <trkpt lat="45.9093490" lon="6.5469420">
    <ele>1830.8</ele>
   </trkpt>
   <trkpt lat="45.9092710" lon="6.5470640">
    <ele>1829.4</ele>
   </trkpt>
   <trkpt lat="45.9092200" lon="6.5471600">
    <ele>1828.2</ele>
   </trkpt>
   <trkpt lat="45.9091990" lon="6.5472050">
    <ele>1827.2</ele>
   </trkpt>
   <trkpt lat="45.9091540" lon="6.5472990">
    <ele>1826.0</ele>
   </trkpt>
   <trkpt lat="45.9091320" lon="6.5473470">
    <ele>1825.6</ele>
   </trkpt>
   <trkpt lat="45.9090920" lon="6.5474330">
    <ele>1824.8</ele>
   </trkpt>
   <trkpt lat="45.9090700" lon="6.5474720">
    <ele>1824.6</ele>
   </trkpt>
   <trkpt lat="45.9089560" lon="6.5476000">
    <ele>1823.8</ele>
   </trkpt>
   <trkpt lat="45.9088400" lon="6.5476970">
    <ele>1821.8</ele>
   </trkpt>
   <trkpt lat="45.9088060" lon="6.5477360">
    <ele>1821.2</ele>
   </trkpt>
   <trkpt lat="45.9087660" lon="6.5478150">
    <ele>1820.8</ele>
   </trkpt>
   <trkpt lat="45.9087330" lon="6.5478860">
    <ele>1821.0</ele>
   </trkpt>
   <trkpt lat="45.9087250" lon="6.5479560">
    <ele>1822.0</ele>
   </trkpt>
   <trkpt lat="45.9087180" lon="6.5480580">
    <ele>1822.4</ele>
   </trkpt>
   <trkpt lat="45.9086770" lon="6.5481720">
    <ele>1823.0</ele>
   </trkpt>
   <trkpt lat="45.9086660" lon="6.5482120">
    <ele>1823.2</ele>
   </trkpt>
   <trkpt lat="45.9086270" lon="6.5483410">
    <ele>1822.6</ele>
   </trkpt>
   <trkpt lat="45.9086000" lon="6.5484250">
    <ele>1822.0</ele>
   </trkpt>
   <trkpt lat="45.9084940" lon="6.5485830">
    <ele>1821.6</ele>
   </trkpt>
   <trkpt lat="45.9083740" lon="6.5485880">
    <ele>1821.2</ele>
   </trkpt>
   <trkpt lat="45.9082580" lon="6.5485580">
    <ele>1823.4</ele>
   </trkpt>
   <trkpt lat="45.9082180" lon="6.5485590">
    <ele>1823.8</ele>
   </trkpt>
   <trkpt lat="45.9081850" lon="6.5485640">
    <ele>1824.4</ele>
   </trkpt>
   <trkpt lat="45.9080940" lon="6.5485860">
    <ele>1825.6</ele>
   </trkpt>
   <trkpt lat="45.9080700" lon="6.5485800">
    <ele>1826.0</ele>
   </trkpt>
   <trkpt lat="45.9080620" lon="6.5485770">
    <ele>1826.6</ele>
   </trkpt>
   <trkpt lat="45.9080420" lon="6.5485730">
    <ele>1827.8</ele>
   </trkpt>
   <trkpt lat="45.9080110" lon="6.5485600">
    <ele>1829.0</ele>
   </trkpt>
   <trkpt lat="45.9079710" lon="6.5485480">
    <ele>1830.2</ele>
   </trkpt>
   <trkpt lat="45.9079130" lon="6.5485400">
    <ele>1831.4</ele>
   </trkpt>
   <trkpt lat="45.9078840" lon="6.5485330">
    <ele>1832.2</ele>
   </trkpt>
   <trkpt lat="45.9078590" lon="6.5485330">
    <ele>1832.8</ele>
   </trkpt>
   <trkpt lat="45.9078150" lon="6.5485460">
    <ele>1834.0</ele>
   </trkpt>
   <trkpt lat="45.9077560" lon="6.5485630">
    <ele>1835.0</ele>
   </trkpt>
   <trkpt lat="45.9077370" lon="6.5485650">
    <ele>1835.4</ele>
   </trkpt>
   <trkpt lat="45.9076830" lon="6.5485640">
    <ele>1836.2</ele>
   </trkpt>
   <trkpt lat="45.9076350" lon="6.5485800">
    <ele>1837.2</ele>
   </trkpt>
   <trkpt lat="45.9076160" lon="6.5485830">
    <ele>1837.4</ele>
   </trkpt>
   <trkpt lat="45.9075780" lon="6.5485950">
    <ele>1838.4</ele>
   </trkpt>
   <trkpt lat="45.9075180" lon="6.5486180">
    <ele>1839.6</ele>
   </trkpt>
   <trkpt lat="45.9074990" lon="6.5486350">
    <ele>1840.0</ele>
   </trkpt>
   <trkpt lat="45.9074700" lon="6.5486730">
    <ele>1840.4</ele>
   </trkpt>
   <trkpt lat="45.9074600" lon="6.5486930">
    <ele>1840.6</ele>
   </trkpt>
   <trkpt lat="45.9074610" lon="6.5487160">
    <ele>1841.0</ele>
   </trkpt>
   <trkpt lat="45.9074660" lon="6.5487580">
    <ele>1841.4</ele>
   </trkpt>
   <trkpt lat="45.9074640" lon="6.5488020">
    <ele>1841.8</ele>
   </trkpt>
   <trkpt lat="45.9074590" lon="6.5488210">
    <ele>1841.8</ele>
   </trkpt>
   <trkpt lat="45.9074390" lon="6.5488520">
    <ele>1842.0</ele>
   </trkpt>
   <trkpt lat="45.9074340" lon="6.5488720">
    <ele>1842.2</ele>
   </trkpt>
   <trkpt lat="45.9074200" lon="6.5489280">
    <ele>1843.0</ele>
   </trkpt>
   <trkpt lat="45.9073940" lon="6.5489680">
    <ele>1843.6</ele>
   </trkpt>
   <trkpt lat="45.9073670" lon="6.5489930">
    <ele>1844.2</ele>
   </trkpt>
   <trkpt lat="45.9073330" lon="6.5490000">
    <ele>1845.0</ele>
   </trkpt>
   <trkpt lat="45.9073130" lon="6.5489860">
    <ele>1845.4</ele>
   </trkpt>
   <trkpt lat="45.9072500" lon="6.5489330">
    <ele>1846.6</ele>
   </trkpt>
   <trkpt lat="45.9072170" lon="6.5489120">
    <ele>1847.6</ele>
   </trkpt>
   <trkpt lat="45.9072010" lon="6.5489030">
    <ele>1847.8</ele>
   </trkpt>
   <trkpt lat="45.9071290" lon="6.5488710">
    <ele>1849.2</ele>
   </trkpt>
   <trkpt lat="45.9070890" lon="6.5488600">
    <ele>1850.6</ele>
   </trkpt>
   <trkpt lat="45.9070760" lon="6.5488580">
    <ele>1850.8</ele>
   </trkpt>
   <trkpt lat="45.9070340" lon="6.5488520">
    <ele>1852.0</ele>
   </trkpt>
   <trkpt lat="45.9070120" lon="6.5488560">
    <ele>1852.6</ele>
   </trkpt>
   <trkpt lat="45.9070010" lon="6.5488540">
    <ele>1853.2</ele>
   </trkpt>
   <trkpt lat="45.9069780" lon="6.5488530">
    <ele>1854.0</ele>
   </trkpt>
   <trkpt lat="45.9069650" lon="6.5488480">
    <ele>1854.4</ele>
   </trkpt>
   <trkpt lat="45.9069310" lon="6.5488400">
    <ele>1855.6</ele>
   </trkpt>
   <trkpt lat="45.9068940" lon="6.5488420">
    <ele>1856.8</ele>
   </trkpt>
   <trkpt lat="45.9068520" lon="6.5488380">
    <ele>1857.6</ele>
   </trkpt>
   <trkpt lat="45.9068270" lon="6.5488390">
    <ele>1857.8</ele>
   </trkpt>
   <trkpt lat="45.9067750" lon="6.5488550">
    <ele>1859.0</ele>
   </trkpt>
   <trkpt lat="45.9067230" lon="6.5488920">
    <ele>1860.0</ele>
   </trkpt>
   <trkpt lat="45.9067110" lon="6.5489070">
    <ele>1860.4</ele>
   </trkpt>
   <trkpt lat="45.9066920" lon="6.5489610">
    <ele>1861.2</ele>
   </trkpt>
   <trkpt lat="45.9066720" lon="6.5490220">
    <ele>1862.4</ele>
   </trkpt>
   <trkpt lat="45.9066510" lon="6.5490950">
    <ele>1863.6</ele>
   </trkpt>
   <trkpt lat="45.9066380" lon="6.5491320">
    <ele>1863.8</ele>
   </trkpt>
   <trkpt lat="45.9066180" lon="6.5491820">
    <ele>1864.6</ele>
   </trkpt>
   <trkpt lat="45.9066040" lon="6.5492350">
    <ele>1865.6</ele>
   </trkpt>
   <trkpt lat="45.9066050" lon="6.5492670">
    <ele>1866.2</ele>
   </trkpt>
   <trkpt lat="45.9066040" lon="6.5492960">
    <ele>1866.8</ele>
   </trkpt>
   <trkpt lat="45.9066040" lon="6.5493100">
    <ele>1867.0</ele>
   </trkpt>
   <trkpt lat="45.9066110" lon="6.5493780">
    <ele>1868.0</ele>
   </trkpt>
   <trkpt lat="45.9066120" lon="6.5493940">
    <ele>1868.2</ele>
   </trkpt>
   <trkpt lat="45.9066150" lon="6.5494270">
    <ele>1868.6</ele>
   </trkpt>
   <trkpt lat="45.9066210" lon="6.5494620">
    <ele>1869.2</ele>
   </trkpt>
   <trkpt lat="45.9066310" lon="6.5495690">
    <ele>1870.2</ele>
   </trkpt>
   <trkpt lat="45.9066400" lon="6.5496310">
    <ele>1870.8</ele>
   </trkpt>
   <trkpt lat="45.9066390" lon="6.5496760">
    <ele>1871.0</ele>
   </trkpt>
   <trkpt lat="45.9066430" lon="6.5496980">
    <ele>1871.2</ele>
   </trkpt>
   <trkpt lat="45.9066590" lon="6.5497490">
    <ele>1872.0</ele>
   </trkpt>
   <trkpt lat="45.9066670" lon="6.5497640">
    <ele>1872.2</ele>
   </trkpt>
   <trkpt lat="45.9066920" lon="6.5498250">
    <ele>1873.4</ele>
   </trkpt>
   <trkpt lat="45.9066980" lon="6.5498340">
    <ele>1873.8</ele>
   </trkpt>
   <trkpt lat="45.9067220" lon="6.5498860">
    <ele>1874.6</ele>
   </trkpt>
   <trkpt lat="45.9067360" lon="6.5499280">
    <ele>1875.0</ele>
   </trkpt>
   <trkpt lat="45.9067500" lon="6.5499580">
    <ele>1875.6</ele>
   </trkpt>
   <trkpt lat="45.9067720" lon="6.5500130">
    <ele>1876.8</ele>
   </trkpt>
   <trkpt lat="45.9067880" lon="6.5500770">
    <ele>1877.4</ele>
   </trkpt>
   <trkpt lat="45.9067910" lon="6.5501040">
    <ele>1877.8</ele>
   </trkpt>
   <trkpt lat="45.9067930" lon="6.5501180">
    <ele>1878.0</ele>
   </trkpt>
   <trkpt lat="45.9068000" lon="6.5501450">
    <ele>1878.4</ele>
   </trkpt>
   <trkpt lat="45.9068080" lon="6.5501910">
    <ele>1878.8</ele>
   </trkpt>
   <trkpt lat="45.9068130" lon="6.5502040">
    <ele>1879.2</ele>
   </trkpt>
   <trkpt lat="45.9068270" lon="6.5502800">
    <ele>1879.8</ele>
   </trkpt>
   <trkpt lat="45.9068310" lon="6.5503020">
    <ele>1880.0</ele>
   </trkpt>
   <trkpt lat="45.9068560" lon="6.5503970">
    <ele>1881.0</ele>
   </trkpt>
   <trkpt lat="45.9068650" lon="6.5504530">
    <ele>1881.6</ele>
   </trkpt>
   <trkpt lat="45.9068800" lon="6.5505310">
    <ele>1882.4</ele>
   </trkpt>
   <trkpt lat="45.9068990" lon="6.5506280">
    <ele>1883.0</ele>
   </trkpt>
   <trkpt lat="45.9069050" lon="6.5506510">
    <ele>1883.4</ele>
   </trkpt>
   <trkpt lat="45.9069130" lon="6.5508020">
    <ele>1884.6</ele>
   </trkpt>
   <trkpt lat="45.9068990" lon="6.5509540">
    <ele>1885.8</ele>
   </trkpt>
   <trkpt lat="45.9068910" lon="6.5510290">
    <ele>1886.6</ele>
   </trkpt>
   <trkpt lat="45.9068880" lon="6.5510760">
    <ele>1887.0</ele>
   </trkpt>
   <trkpt lat="45.9068810" lon="6.5511140">
    <ele>1887.4</ele>
   </trkpt>
   <trkpt lat="45.9068630" lon="6.5511740">
    <ele>1888.2</ele>
   </trkpt>
   <trkpt lat="45.9068510" lon="6.5512140">
    <ele>1888.8</ele>
   </trkpt>
   <trkpt lat="45.9068340" lon="6.5512650">
    <ele>1889.6</ele>
   </trkpt>
   <trkpt lat="45.9068090" lon="6.5514020">
    <ele>1890.6</ele>
   </trkpt>
   <trkpt lat="45.9068070" lon="6.5514560">
    <ele>1891.2</ele>
   </trkpt>
   <trkpt lat="45.9068130" lon="6.5515340">
    <ele>1891.8</ele>
   </trkpt>
   <trkpt lat="45.9068200" lon="6.5516740">
    <ele>1892.6</ele>
   </trkpt>
   <trkpt lat="45.9068140" lon="6.5517000">
    <ele>1892.8</ele>
   </trkpt>
   <trkpt lat="45.9067950" lon="6.5517990">
    <ele>1894.2</ele>
   </trkpt>
   <trkpt lat="45.9067820" lon="6.5518490">
    <ele>1894.6</ele>
   </trkpt>
   <trkpt lat="45.9067760" lon="6.5518730">
    <ele>1894.8</ele>
   </trkpt>
   <trkpt lat="45.9067690" lon="6.5519240">
    <ele>1895.4</ele>
   </trkpt>
   <trkpt lat="45.9067750" lon="6.5519920">
    <ele>1896.0</ele>
   </trkpt>
   <trkpt lat="45.9067810" lon="6.5520360">
    <ele>1896.6</ele>
   </trkpt>
   <trkpt lat="45.9068230" lon="6.5521700">
    <ele>1897.6</ele>
   </trkpt>
   <trkpt lat="45.9068530" lon="6.5522670">
    <ele>1898.6</ele>
   </trkpt>
   <trkpt lat="45.9068610" lon="6.5522930">
    <ele>1898.8</ele>
   </trkpt>
   <trkpt lat="45.9069140" lon="6.5524730">
    <ele>1899.6</ele>
   </trkpt>
   <trkpt lat="45.9069210" lon="6.5525410">
    <ele>1899.8</ele>
   </trkpt>
   <trkpt lat="45.9069850" lon="6.5526980">
    <ele>1900.2</ele>
   </trkpt>
   <trkpt lat="45.9069970" lon="6.5527300">
    <ele>1900.0</ele>
   </trkpt>
   <trkpt lat="45.9070560" lon="6.5529880">
    <ele>1899.4</ele>
   </trkpt>
   <trkpt lat="45.9070920" lon="6.5532360">
    <ele>1898.8</ele>
   </trkpt>
   <trkpt lat="45.9071010" lon="6.5532720">
    <ele>1898.8</ele>
   </trkpt>
   <trkpt lat="45.9071610" lon="6.5534970">
    <ele>1899.2</ele>
   </trkpt>
   <trkpt lat="45.9071700" lon="6.5535350">
    <ele>1899.6</ele>
   </trkpt>
   <trkpt lat="45.9071930" lon="6.5536840">
    <ele>1900.8</ele>
   </trkpt>
   <trkpt lat="45.9072020" lon="6.5538030">
    <ele>1901.0</ele>
   </trkpt>
   <trkpt lat="45.9072600" lon="6.5540540">
    <ele>1900.0</ele>
   </trkpt>
   <trkpt lat="45.9072930" lon="6.5541150">
    <ele>1899.8</ele>
   </trkpt>
   <trkpt lat="45.9073410" lon="6.5542100">
    <ele>1900.6</ele>
   </trkpt>
   <trkpt lat="45.9073550" lon="6.5542340">
    <ele>1901.0</ele>
   </trkpt>
   <trkpt lat="45.9073940" lon="6.5543190">
    <ele>1902.2</ele>
   </trkpt>
   <trkpt lat="45.9074180" lon="6.5544400">
    <ele>1902.8</ele>
   </trkpt>
   <trkpt lat="45.9074280" lon="6.5546250">
    <ele>1901.0</ele>
   </trkpt>
   <trkpt lat="45.9074560" lon="6.5547610">
    <ele>1899.6</ele>
   </trkpt>
   <trkpt lat="45.9075520" lon="6.5549680">
    <ele>1899.4</ele>
   </trkpt>
   <trkpt lat="45.9075660" lon="6.5550050">
    <ele>1899.6</ele>
   </trkpt>
   <trkpt lat="45.9076560" lon="6.5552350">
    <ele>1900.0</ele>
   </trkpt>
   <trkpt lat="45.9076710" lon="6.5552720">
    <ele>1900.0</ele>
   </trkpt>
   <trkpt lat="45.9077550" lon="6.5554890">
    <ele>1899.0</ele>
   </trkpt>
   <trkpt lat="45.9077850" lon="6.5555670">
    <ele>1898.6</ele>
   </trkpt>
   <trkpt lat="45.9078010" lon="6.5556030">
    <ele>1898.6</ele>
   </trkpt>
   <trkpt lat="45.9077990" lon="6.5557620">
    <ele>1898.2</ele>
   </trkpt>
   <trkpt lat="45.9077200" lon="6.5558570">
    <ele>1897.6</ele>
   </trkpt>
   <trkpt lat="45.9076950" lon="6.5558560">
    <ele>1897.2</ele>
   </trkpt>
   <trkpt lat="45.9076120" lon="6.5558380">
    <ele>1896.2</ele>
   </trkpt>
   <trkpt lat="45.9075520" lon="6.5558170">
    <ele>1895.6</ele>
   </trkpt>
   <trkpt lat="45.9074290" lon="6.5558040">
    <ele>1895.4</ele>
   </trkpt>
   <trkpt lat="45.9072850" lon="6.5557870">
    <ele>1896.6</ele>
   </trkpt>
   <trkpt lat="45.9072310" lon="6.5558050">
    <ele>1896.6</ele>
   </trkpt>
   <trkpt lat="45.9071620" lon="6.5558700">
    <ele>1897.2</ele>
   </trkpt>
   <trkpt lat="45.9071280" lon="6.5559130">
    <ele>1897.4</ele>
   </trkpt>
   <trkpt lat="45.9070740" lon="6.5559880">
    <ele>1898.4</ele>
   </trkpt>
   <trkpt lat="45.9070510" lon="6.5560070">
    <ele>1899.4</ele>
   </trkpt>
   <trkpt lat="45.9070250" lon="6.5560150">
    <ele>1900.0</ele>
   </trkpt>
   <trkpt lat="45.9070050" lon="6.5560230">
    <ele>1900.6</ele>
   </trkpt>
   <trkpt lat="45.9069950" lon="6.5560280">
    <ele>1900.8</ele>
   </trkpt>
   <trkpt lat="45.9069850" lon="6.5560300">
    <ele>1901.0</ele>
   </trkpt>
   <trkpt lat="45.9069650" lon="6.5560320">
    <ele>1901.6</ele>
   </trkpt>
   <trkpt lat="45.9069280" lon="6.5560220">
    <ele>1902.8</ele>
   </trkpt>
   <trkpt lat="45.9068680" lon="6.5560080">
    <ele>1903.4</ele>
   </trkpt>
   <trkpt lat="45.9068510" lon="6.5560080">
    <ele>1904.0</ele>
   </trkpt>
   <trkpt lat="45.9068270" lon="6.5560090">
    <ele>1905.0</ele>
   </trkpt>
   <trkpt lat="45.9068150" lon="6.5560110">
    <ele>1905.2</ele>
   </trkpt>
   <trkpt lat="45.9067580" lon="6.5560250">
    <ele>1906.2</ele>
   </trkpt>
   <trkpt lat="45.9067490" lon="6.5560250">
    <ele>1906.6</ele>
   </trkpt>
   <trkpt lat="45.9067190" lon="6.5560310">
    <ele>1907.8</ele>
   </trkpt>
   <trkpt lat="45.9067100" lon="6.5560330">
    <ele>1908.2</ele>
   </trkpt>
   <trkpt lat="45.9067010" lon="6.5560320">
    <ele>1908.6</ele>
   </trkpt>
   <trkpt lat="45.9066900" lon="6.5560320">
    <ele>1908.8</ele>
   </trkpt>
   <trkpt lat="45.9066820" lon="6.5560310">
    <ele>1909.0</ele>
   </trkpt>
   <trkpt lat="45.9066550" lon="6.5560360">
    <ele>1909.6</ele>
   </trkpt>
   <trkpt lat="45.9066470" lon="6.5560320">
    <ele>1909.8</ele>
   </trkpt>
   <trkpt lat="45.9066400" lon="6.5560290">
    <ele>1910.0</ele>
   </trkpt>
   <trkpt lat="45.9066080" lon="6.5560120">
    <ele>1910.4</ele>
   </trkpt>
   <trkpt lat="45.9065830" lon="6.5559980">
    <ele>1911.0</ele>
   </trkpt>
   <trkpt lat="45.9065510" lon="6.5559920">
    <ele>1911.4</ele>
   </trkpt>
   <trkpt lat="45.9065200" lon="6.5559940">
    <ele>1912.0</ele>
   </trkpt>
   <trkpt lat="45.9064950" lon="6.5559910">
    <ele>1912.6</ele>
   </trkpt>
   <trkpt lat="45.9064810" lon="6.5559920">
    <ele>1913.0</ele>
   </trkpt>
   <trkpt lat="45.9064420" lon="6.5559930">
    <ele>1913.8</ele>
   </trkpt>
   <trkpt lat="45.9064240" lon="6.5559950">
    <ele>1914.2</ele>
   </trkpt>
   <trkpt lat="45.9063230" lon="6.5560560">
    <ele>1915.2</ele>
   </trkpt>
   <trkpt lat="45.9061740" lon="6.5561480">
    <ele>1916.0</ele>
   </trkpt>
   <trkpt lat="45.9061060" lon="6.5561890">
    <ele>1916.2</ele>
   </trkpt>
   <trkpt lat="45.9060210" lon="6.5562380">
    <ele>1917.4</ele>
   </trkpt>
   <trkpt lat="45.9059120" lon="6.5562960">
    <ele>1917.8</ele>
   </trkpt>
   <trkpt lat="45.9058870" lon="6.5563040">
    <ele>1917.8</ele>
   </trkpt>
   <trkpt lat="45.9058640" lon="6.5563210">
    <ele>1917.6</ele>
   </trkpt>
   <trkpt lat="45.9058260" lon="6.5563630">
    <ele>1917.6</ele>
   </trkpt>
   <trkpt lat="45.9057220" lon="6.5564490">
    <ele>1918.2</ele>
   </trkpt>
   <trkpt lat="45.9056960" lon="6.5564690">
    <ele>1918.8</ele>
   </trkpt>
   <trkpt lat="45.9056600" lon="6.5565060">
    <ele>1920.0</ele>
   </trkpt>
   <trkpt lat="45.9056220" lon="6.5565360">
    <ele>1920.8</ele>
   </trkpt>
   <trkpt lat="45.9056070" lon="6.5565480">
    <ele>1921.2</ele>
   </trkpt>
   <trkpt lat="45.9055610" lon="6.5565950">
    <ele>1922.4</ele>
   </trkpt>
   <trkpt lat="45.9055220" lon="6.5566480">
    <ele>1923.6</ele>
   </trkpt>
   <trkpt lat="45.9055000" lon="6.5567250">
    <ele>1924.2</ele>
   </trkpt>
   <trkpt lat="45.9054880" lon="6.5567680">
    <ele>1924.6</ele>
   </trkpt>
   <trkpt lat="45.9054320" lon="6.5568600">
    <ele>1926.0</ele>
   </trkpt>
   <trkpt lat="45.9054050" lon="6.5569010">
    <ele>1926.8</ele>
   </trkpt>
   <trkpt lat="45.9053990" lon="6.5569220">
    <ele>1927.0</ele>
   </trkpt>
   <trkpt lat="45.9053620" lon="6.5569870">
    <ele>1928.2</ele>
   </trkpt>
   <trkpt lat="45.9053540" lon="6.5570040">
    <ele>1928.4</ele>
   </trkpt>
   <trkpt lat="45.9052970" lon="6.5571270">
    <ele>1929.4</ele>
   </trkpt>
   <trkpt lat="45.9052690" lon="6.5572120">
    <ele>1929.8</ele>
   </trkpt>
   <trkpt lat="45.9051830" lon="6.5573690">
    <ele>1930.2</ele>
   </trkpt>
   <trkpt lat="45.9051720" lon="6.5573890">
    <ele>1930.2</ele>
   </trkpt>
   <trkpt lat="45.9051600" lon="6.5574070">
    <ele>1930.6</ele>
   </trkpt>
   <trkpt lat="45.9051170" lon="6.5574700">
    <ele>1931.8</ele>
   </trkpt>
   <trkpt lat="45.9050980" lon="6.5575040">
    <ele>1933.0</ele>
   </trkpt>
   <trkpt lat="45.9050800" lon="6.5575420">
    <ele>1934.0</ele>
   </trkpt>
   <trkpt lat="45.9050550" lon="6.5575850">
    <ele>1934.8</ele>
   </trkpt>
   <trkpt lat="45.9050390" lon="6.5575820">
    <ele>1935.0</ele>
   </trkpt>
   <trkpt lat="45.9049840" lon="6.5575570">
    <ele>1936.4</ele>
   </trkpt>
   <trkpt lat="45.9049570" lon="6.5575250">
    <ele>1937.4</ele>
   </trkpt>
   <trkpt lat="45.9049500" lon="6.5575160">
    <ele>1937.4</ele>
   </trkpt>
   <trkpt lat="45.9049360" lon="6.5575090">
    <ele>1937.6</ele>
   </trkpt>
   <trkpt lat="45.9048660" lon="6.5574790">
    <ele>1938.2</ele>
   </trkpt>
   <trkpt lat="45.9047970" lon="6.5574410">
    <ele>1938.6</ele>
   </trkpt>
   <trkpt lat="45.9046730" lon="6.5573860">
    <ele>1939.2</ele>
   </trkpt>
   <trkpt lat="45.9046530" lon="6.5573790">
    <ele>1939.2</ele>
   </trkpt>
   <trkpt lat="45.9046090" lon="6.5573670">
    <ele>1939.8</ele>
   </trkpt>
   <trkpt lat="45.9044930" lon="6.5573060">
    <ele>1940.2</ele>
   </trkpt>
   <trkpt lat="45.9043990" lon="6.5572200">
    <ele>1940.8</ele>
   </trkpt>
   <trkpt lat="45.9043580" lon="6.5571860">
    <ele>1942.0</ele>
   </trkpt>
   <trkpt lat="45.9043430" lon="6.5571790">
    <ele>1942.2</ele>
   </trkpt>
   <trkpt lat="45.9042890" lon="6.5571720">
    <ele>1943.2</ele>
   </trkpt>
   <trkpt lat="45.9042440" lon="6.5571630">
    <ele>1943.6</ele>
   </trkpt>
   <trkpt lat="45.9042150" lon="6.5571550">
    <ele>1944.2</ele>
   </trkpt>
   <trkpt lat="45.9041270" lon="6.5571560">
    <ele>1945.6</ele>
   </trkpt>
   <trkpt lat="45.9041010" lon="6.5571610">
    <ele>1946.0</ele>
   </trkpt>
   <trkpt lat="45.9040870" lon="6.5571600">
    <ele>1946.4</ele>
   </trkpt>
   <trkpt lat="45.9040780" lon="6.5571570">
    <ele>1946.8</ele>
   </trkpt>
   <trkpt lat="45.9040220" lon="6.5571250">
    <ele>1947.8</ele>
   </trkpt>
   <trkpt lat="45.9040020" lon="6.5571180">
    <ele>1948.2</ele>
   </trkpt>
   <trkpt lat="45.9039750" lon="6.5571150">
    <ele>1948.8</ele>
   </trkpt>
   <trkpt lat="45.9039110" lon="6.5571060">
    <ele>1950.0</ele>
   </trkpt>
   <trkpt lat="45.9038750" lon="6.5571080">
    <ele>1950.6</ele>
   </trkpt>
   <trkpt lat="45.9038400" lon="6.5571100">
    <ele>1951.2</ele>
   </trkpt>
   <trkpt lat="45.9037660" lon="6.5571090">
    <ele>1952.2</ele>
   </trkpt>
   <trkpt lat="45.9037500" lon="6.5571010">
    <ele>1952.4</ele>
   </trkpt>
   <trkpt lat="45.9036970" lon="6.5570800">
    <ele>1953.4</ele>
   </trkpt>
   <trkpt lat="45.9036280" lon="6.5570590">
    <ele>1954.4</ele>
   </trkpt>
   <trkpt lat="45.9035810" lon="6.5570250">
    <ele>1955.0</ele>
   </trkpt>
   <trkpt lat="45.9035400" lon="6.5570090">
    <ele>1955.6</ele>
   </trkpt>
   <trkpt lat="45.9035260" lon="6.5570200">
    <ele>1956.0</ele>
   </trkpt>
   <trkpt lat="45.9035030" lon="6.5570250">
    <ele>1956.6</ele>
   </trkpt>
   <trkpt lat="45.9034620" lon="6.5570090">
    <ele>1957.6</ele>
   </trkpt>
   <trkpt lat="45.9034470" lon="6.5570080">
    <ele>1957.6</ele>
   </trkpt>
   <trkpt lat="45.9033990" lon="6.5569960">
    <ele>1958.8</ele>
   </trkpt>
   <trkpt lat="45.9033600" lon="6.5569810">
    <ele>1960.0</ele>
   </trkpt>
   <trkpt lat="45.9033430" lon="6.5569780">
    <ele>1960.4</ele>
   </trkpt>
   <trkpt lat="45.9033080" lon="6.5569800">
    <ele>1961.4</ele>
   </trkpt>
   <trkpt lat="45.9032440" lon="6.5569770">
    <ele>1962.4</ele>
   </trkpt>
   <trkpt lat="45.9031990" lon="6.5569700">
    <ele>1963.0</ele>
   </trkpt>
   <trkpt lat="45.9031760" lon="6.5569690">
    <ele>1963.6</ele>
   </trkpt>
   <trkpt lat="45.9031510" lon="6.5569710">
    <ele>1964.4</ele>
   </trkpt>
   <trkpt lat="45.9031460" lon="6.5569660">
    <ele>1964.6</ele>
   </trkpt>
   <trkpt lat="45.9031000" lon="6.5569540">
    <ele>1965.4</ele>
   </trkpt>
   <trkpt lat="45.9030870" lon="6.5569510">
    <ele>1965.6</ele>
   </trkpt>
   <trkpt lat="45.9030710" lon="6.5569490">
    <ele>1965.8</ele>
   </trkpt>
   <trkpt lat="45.9029840" lon="6.5569590">
    <ele>1967.0</ele>
   </trkpt>
   <trkpt lat="45.9029520" lon="6.5569550">
    <ele>1967.4</ele>
   </trkpt>
   <trkpt lat="45.9029370" lon="6.5569500">
    <ele>1968.0</ele>
   </trkpt>
   <trkpt lat="45.9028850" lon="6.5569420">
    <ele>1969.2</ele>
   </trkpt>
   <trkpt lat="45.9028560" lon="6.5569320">
    <ele>1969.2</ele>
   </trkpt>
   <trkpt lat="45.9027970" lon="6.5568890">
    <ele>1970.4</ele>
   </trkpt>
   <trkpt lat="45.9027580" lon="6.5568700">
    <ele>1971.6</ele>
   </trkpt>
   <trkpt lat="45.9027150" lon="6.5568750">
    <ele>1972.4</ele>
   </trkpt>
   <trkpt lat="45.9026990" lon="6.5568760">
    <ele>1972.8</ele>
   </trkpt>
   <trkpt lat="45.9026450" lon="6.5568850">
    <ele>1974.0</ele>
   </trkpt>
   <trkpt lat="45.9026200" lon="6.5568860">
    <ele>1975.0</ele>
   </trkpt>
   <trkpt lat="45.9026030" lon="6.5568850">
    <ele>1975.4</ele>
   </trkpt>
   <trkpt lat="45.9025860" lon="6.5568800">
    <ele>1975.6</ele>
   </trkpt>
   <trkpt lat="45.9025560" lon="6.5568830">
    <ele>1975.8</ele>
   </trkpt>
   <trkpt lat="45.9025460" lon="6.5568860">
    <ele>1976.0</ele>
   </trkpt>
   <trkpt lat="45.9025370" lon="6.5568890">
    <ele>1976.4</ele>
   </trkpt>
   <trkpt lat="45.9025220" lon="6.5568940">
    <ele>1977.0</ele>
   </trkpt>
   <trkpt lat="45.9025110" lon="6.5569000">
    <ele>1977.2</ele>
   </trkpt>
   <trkpt lat="45.9024730" lon="6.5569240">
    <ele>1978.2</ele>
   </trkpt>
   <trkpt lat="45.9024560" lon="6.5569300">
    <ele>1978.8</ele>
   </trkpt>
   <trkpt lat="45.9024370" lon="6.5569320">
    <ele>1979.6</ele>
   </trkpt>
   <trkpt lat="45.9024290" lon="6.5569320">
    <ele>1979.8</ele>
   </trkpt>
   <trkpt lat="45.9024220" lon="6.5569300">
    <ele>1980.0</ele>
   </trkpt>
   <trkpt lat="45.9023980" lon="6.5569250">
    <ele>1980.6</ele>
   </trkpt>
   <trkpt lat="45.9023920" lon="6.5569210">
    <ele>1980.8</ele>
   </trkpt>
   <trkpt lat="45.9023740" lon="6.5569150">
    <ele>1981.2</ele>
   </trkpt>
   <trkpt lat="45.9023500" lon="6.5569330">
    <ele>1981.4</ele>
   </trkpt>
   <trkpt lat="45.9023280" lon="6.5569370">
    <ele>1982.0</ele>
   </trkpt>
   <trkpt lat="45.9022810" lon="6.5569320">
    <ele>1983.2</ele>
   </trkpt>
   <trkpt lat="45.9022720" lon="6.5569320">
    <ele>1983.2</ele>
   </trkpt>
   <trkpt lat="45.9022170" lon="6.5569290">
    <ele>1984.0</ele>
   </trkpt>
   <trkpt lat="45.9022070" lon="6.5569270">
    <ele>1984.2</ele>
   </trkpt>
   <trkpt lat="45.9021980" lon="6.5569270">
    <ele>1984.2</ele>
   </trkpt>
   <trkpt lat="45.9021890" lon="6.5569290">
    <ele>1984.2</ele>
   </trkpt>
   <trkpt lat="45.9021720" lon="6.5569410">
    <ele>1984.6</ele>
   </trkpt>
   <trkpt lat="45.9021500" lon="6.5569580">
    <ele>1985.6</ele>
   </trkpt>
   <trkpt lat="45.9021260" lon="6.5569930">
    <ele>1986.8</ele>
   </trkpt>
   <trkpt lat="45.9021080" lon="6.5570190">
    <ele>1987.4</ele>
   </trkpt>
   <trkpt lat="45.9020900" lon="6.5570320">
    <ele>1987.8</ele>
   </trkpt>
   <trkpt lat="45.9020670" lon="6.5570480">
    <ele>1988.4</ele>
   </trkpt>
   <trkpt lat="45.9020530" lon="6.5570600">
    <ele>1989.2</ele>
   </trkpt>
   <trkpt lat="45.9020290" lon="6.5570640">
    <ele>1990.0</ele>
   </trkpt>
   <trkpt lat="45.9020180" lon="6.5570650">
    <ele>1990.6</ele>
   </trkpt>
   <trkpt lat="45.9019850" lon="6.5570680">
    <ele>1991.4</ele>
   </trkpt>
   <trkpt lat="45.9019750" lon="6.5570740">
    <ele>1991.6</ele>
   </trkpt>
   <trkpt lat="45.9019670" lon="6.5570820">
    <ele>1991.8</ele>
   </trkpt>
   <trkpt lat="45.9019630" lon="6.5570880">
    <ele>1992.2</ele>
   </trkpt>
   <trkpt lat="45.9019480" lon="6.5570990">
    <ele>1992.8</ele>
   </trkpt>
   <trkpt lat="45.9019350" lon="6.5571220">
    <ele>1994.4</ele>
   </trkpt>
   <trkpt lat="45.9019140" lon="6.5571520">
    <ele>1995.4</ele>
   </trkpt>
   <trkpt lat="45.9019060" lon="6.5571580">
    <ele>1995.8</ele>
   </trkpt>
   <trkpt lat="45.9018990" lon="6.5571630">
    <ele>1996.0</ele>
   </trkpt>
   <trkpt lat="45.9018830" lon="6.5571800">
    <ele>1996.8</ele>
   </trkpt>
   <trkpt lat="45.9018620" lon="6.5571900">
    <ele>1997.6</ele>
   </trkpt>
   <trkpt lat="45.9018560" lon="6.5571870">
    <ele>1997.8</ele>
   </trkpt>
   <trkpt lat="45.9018520" lon="6.5571830">
    <ele>1997.8</ele>
   </trkpt>
   <trkpt lat="45.9018500" lon="6.5571800">
    <ele>1998.0</ele>
   </trkpt>
   <trkpt lat="45.9018540" lon="6.5571510">
    <ele>1998.4</ele>
   </trkpt>
   <trkpt lat="45.9018560" lon="6.5571380">
    <ele>1998.4</ele>
   </trkpt>
   <trkpt lat="45.9018560" lon="6.5571200">
    <ele>1998.6</ele>
   </trkpt>
   <trkpt lat="45.9018460" lon="6.5570680">
    <ele>1998.8</ele>
   </trkpt>
   <trkpt lat="45.9018240" lon="6.5570220">
    <ele>1999.8</ele>
   </trkpt>
   <trkpt lat="45.9018190" lon="6.5570130">
    <ele>1999.8</ele>
   </trkpt>
   <trkpt lat="45.9018170" lon="6.5570060">
    <ele>2000.0</ele>
   </trkpt>
   <trkpt lat="45.9018130" lon="6.5569850">
    <ele>2001.0</ele>
   </trkpt>
   <trkpt lat="45.9017990" lon="6.5569510">
    <ele>2001.4</ele>
   </trkpt>
   <trkpt lat="45.9017860" lon="6.5569130">
    <ele>2002.0</ele>
   </trkpt>
   <trkpt lat="45.9017700" lon="6.5568530">
    <ele>2003.0</ele>
   </trkpt>
   <trkpt lat="45.9017670" lon="6.5568390">
    <ele>2003.2</ele>
   </trkpt>
   <trkpt lat="45.9017600" lon="6.5568140">
    <ele>2003.6</ele>
   </trkpt>
   <trkpt lat="45.9017510" lon="6.5567600">
    <ele>2004.2</ele>
   </trkpt>
   <trkpt lat="45.9017480" lon="6.5567350">
    <ele>2004.6</ele>
   </trkpt>
   <trkpt lat="45.9017470" lon="6.5567210">
    <ele>2004.8</ele>
   </trkpt>
   <trkpt lat="45.9017440" lon="6.5566950">
    <ele>2005.2</ele>
   </trkpt>
   <trkpt lat="45.9017350" lon="6.5566290">
    <ele>2005.6</ele>
   </trkpt>
   <trkpt lat="45.9017050" lon="6.5565510">
    <ele>2006.4</ele>
   </trkpt>
   <trkpt lat="45.9016750" lon="6.5564580">
    <ele>2007.2</ele>
   </trkpt>
   <trkpt lat="45.9016670" lon="6.5564380">
    <ele>2007.6</ele>
   </trkpt>
   <trkpt lat="45.9016570" lon="6.5564150">
    <ele>2007.8</ele>
   </trkpt>
   <trkpt lat="45.9016120" lon="6.5563400">
    <ele>2008.8</ele>
   </trkpt>
   <trkpt lat="45.9015670" lon="6.5562960">
    <ele>2010.0</ele>
   </trkpt>
   <trkpt lat="45.9015520" lon="6.5562820">
    <ele>2010.4</ele>
   </trkpt>
   <trkpt lat="45.9015240" lon="6.5562460">
    <ele>2011.2</ele>
   </trkpt>
   <trkpt lat="45.9014850" lon="6.5562090">
    <ele>2012.4</ele>
   </trkpt>
   <trkpt lat="45.9014560" lon="6.5561880">
    <ele>2013.6</ele>
   </trkpt>
   <trkpt lat="45.9014260" lon="6.5561560">
    <ele>2014.4</ele>
   </trkpt>
   <trkpt lat="45.9014090" lon="6.5561420">
    <ele>2014.6</ele>
   </trkpt>
   <trkpt lat="45.9013680" lon="6.5561070">
    <ele>2016.0</ele>
   </trkpt>
   <trkpt lat="45.9013600" lon="6.5561010">
    <ele>2016.2</ele>
   </trkpt>
   <trkpt lat="45.9013500" lon="6.5560960">
    <ele>2016.6</ele>
   </trkpt>
   <trkpt lat="45.9013380" lon="6.5560870">
    <ele>2016.8</ele>
   </trkpt>
   <trkpt lat="45.9013250" lon="6.5560770">
    <ele>2017.2</ele>
   </trkpt>
   <trkpt lat="45.9012660" lon="6.5560330">
    <ele>2018.2</ele>
   </trkpt>
   <trkpt lat="45.9012300" lon="6.5559760">
    <ele>2019.4</ele>
   </trkpt>
   <trkpt lat="45.9012150" lon="6.5559550">
    <ele>2020.2</ele>
   </trkpt>
   <trkpt lat="45.9011990" lon="6.5559360">
    <ele>2020.6</ele>
   </trkpt>
   <trkpt lat="45.9011840" lon="6.5559200">
    <ele>2020.8</ele>
   </trkpt>
   <trkpt lat="45.9011410" lon="6.5558970">
    <ele>2021.6</ele>
   </trkpt>
   <trkpt lat="45.9011320" lon="6.5558910">
    <ele>2021.6</ele>
   </trkpt>
   <trkpt lat="45.9010960" lon="6.5558630">
    <ele>2022.4</ele>
   </trkpt>
   <trkpt lat="45.9010800" lon="6.5558500">
    <ele>2022.8</ele>
   </trkpt>
   <trkpt lat="45.9010440" lon="6.5558000">
    <ele>2024.0</ele>
   </trkpt>
   <trkpt lat="45.9010310" lon="6.5557920">
    <ele>2024.2</ele>
   </trkpt>
   <trkpt lat="45.9010160" lon="6.5557820">
    <ele>2024.4</ele>
   </trkpt>
   <trkpt lat="45.9009590" lon="6.5557170">
    <ele>2025.2</ele>
   </trkpt>
   <trkpt lat="45.9009050" lon="6.5556580">
    <ele>2026.2</ele>
   </trkpt>
   <trkpt lat="45.9008320" lon="6.5556250">
    <ele>2026.8</ele>
   </trkpt>
   <trkpt lat="45.9007730" lon="6.5555890">
    <ele>2027.2</ele>
   </trkpt>
   <trkpt lat="45.9007650" lon="6.5555790">
    <ele>2027.2</ele>
   </trkpt>
   <trkpt lat="45.9007600" lon="6.5555700">
    <ele>2027.4</ele>
   </trkpt>
   <trkpt lat="45.9007530" lon="6.5555590">
    <ele>2027.8</ele>
   </trkpt>
   <trkpt lat="45.9007420" lon="6.5555520">
    <ele>2028.2</ele>
   </trkpt>
   <trkpt lat="45.9007280" lon="6.5555490">
    <ele>2028.4</ele>
   </trkpt>
   <trkpt lat="45.9006580" lon="6.5555270">
    <ele>2029.4</ele>
   </trkpt>
   <trkpt lat="45.9006400" lon="6.5555200">
    <ele>2029.4</ele>
   </trkpt>
   <trkpt lat="45.9005570" lon="6.5554580">
    <ele>2030.8</ele>
   </trkpt>
   <trkpt lat="45.9005280" lon="6.5554590">
    <ele>2031.8</ele>
   </trkpt>
   <trkpt lat="45.9005080" lon="6.5554650">
    <ele>2032.4</ele>
   </trkpt>
   <trkpt lat="45.9004980" lon="6.5554680">
    <ele>2033.0</ele>
   </trkpt>
   <trkpt lat="45.9004890" lon="6.5554710">
    <ele>2033.4</ele>
   </trkpt>
   <trkpt lat="45.9004770" lon="6.5554700">
    <ele>2033.8</ele>
   </trkpt>
   <trkpt lat="45.9004660" lon="6.5554650">
    <ele>2034.0</ele>
   </trkpt>
   <trkpt lat="45.9004320" lon="6.5554350">
    <ele>2034.6</ele>
   </trkpt>
   <trkpt lat="45.9003920" lon="6.5554180">
    <ele>2035.2</ele>
   </trkpt>
   <trkpt lat="45.9003180" lon="6.5553510">
    <ele>2036.2</ele>
   </trkpt>
   <trkpt lat="45.9002760" lon="6.5553300">
    <ele>2037.0</ele>
   </trkpt>
   <trkpt lat="45.9002650" lon="6.5553290">
    <ele>2037.0</ele>
   </trkpt>
   <trkpt lat="45.9002450" lon="6.5553290">
    <ele>2037.2</ele>
   </trkpt>
   <trkpt lat="45.9002130" lon="6.5553350">
    <ele>2037.8</ele>
   </trkpt>
   <trkpt lat="45.9001930" lon="6.5553460">
    <ele>2038.0</ele>
   </trkpt>
   <trkpt lat="45.9001840" lon="6.5553550">
    <ele>2038.2</ele>
   </trkpt>
   <trkpt lat="45.9001710" lon="6.5553620">
    <ele>2038.6</ele>
   </trkpt>
   <trkpt lat="45.9001590" lon="6.5553640">
    <ele>2038.8</ele>
   </trkpt>
   <trkpt lat="45.9001370" lon="6.5553560">
    <ele>2039.6</ele>
   </trkpt>
   <trkpt lat="45.9001260" lon="6.5553470">
    <ele>2039.8</ele>
   </trkpt>
   <trkpt lat="45.9001120" lon="6.5553440">
    <ele>2040.2</ele>
   </trkpt>
   <trkpt lat="45.9000640" lon="6.5553310">
    <ele>2040.8</ele>
   </trkpt>
   <trkpt lat="45.9000570" lon="6.5553240">
    <ele>2041.0</ele>
   </trkpt>
   <trkpt lat="45.9000090" lon="6.5552960">
    <ele>2042.2</ele>
   </trkpt>
   <trkpt lat="45.8999940" lon="6.5552910">
    <ele>2042.4</ele>
   </trkpt>
   <trkpt lat="45.8999470" lon="6.5552710">
    <ele>2043.0</ele>
   </trkpt>
   <trkpt lat="45.8999290" lon="6.5552630">
    <ele>2043.4</ele>
   </trkpt>
   <trkpt lat="45.8998830" lon="6.5552270">
    <ele>2044.4</ele>
   </trkpt>
   <trkpt lat="45.8998090" lon="6.5551970">
    <ele>2045.6</ele>
   </trkpt>
   <trkpt lat="45.8997980" lon="6.5551910">
    <ele>2046.0</ele>
   </trkpt>
   <trkpt lat="45.8997740" lon="6.5551870">
    <ele>2047.0</ele>
   </trkpt>
   <trkpt lat="45.8997180" lon="6.5551800">
    <ele>2048.2</ele>
   </trkpt>
   <trkpt lat="45.8996700" lon="6.5551700">
    <ele>2049.4</ele>
   </trkpt>
   <trkpt lat="45.8996420" lon="6.5551520">
    <ele>2050.2</ele>
   </trkpt>
   <trkpt lat="45.8996280" lon="6.5551440">
    <ele>2050.6</ele>
   </trkpt>
   <trkpt lat="45.8995760" lon="6.5551250">
    <ele>2051.8</ele>
   </trkpt>
   <trkpt lat="45.8995400" lon="6.5551270">
    <ele>2052.4</ele>
   </trkpt>
   <trkpt lat="45.8995130" lon="6.5551980">
    <ele>2052.4</ele>
   </trkpt>
   <trkpt lat="45.8995120" lon="6.5552170">
    <ele>2052.4</ele>
   </trkpt>
   <trkpt lat="45.8995090" lon="6.5552340">
    <ele>2052.4</ele>
   </trkpt>
   <trkpt lat="45.8994800" lon="6.5552860">
    <ele>2052.8</ele>
   </trkpt>
   <trkpt lat="45.8994650" lon="6.5552990">
    <ele>2053.4</ele>
   </trkpt>
   <trkpt lat="45.8994530" lon="6.5553080">
    <ele>2053.8</ele>
   </trkpt>
   <trkpt lat="45.8994400" lon="6.5553190">
    <ele>2054.0</ele>
   </trkpt>
   <trkpt lat="45.8993730" lon="6.5553590">
    <ele>2055.2</ele>
   </trkpt>
   <trkpt lat="45.8993200" lon="6.5554020">
    <ele>2056.2</ele>
   </trkpt>
   <trkpt lat="45.8992740" lon="6.5554290">
    <ele>2057.4</ele>
   </trkpt>
   <trkpt lat="45.8992510" lon="6.5554520">
    <ele>2058.4</ele>
   </trkpt>
   <trkpt lat="45.8992420" lon="6.5554620">
    <ele>2058.6</ele>
   </trkpt>
   <trkpt lat="45.8992090" lon="6.5554870">
    <ele>2059.0</ele>
   </trkpt>
   <trkpt lat="45.8991850" lon="6.5555210">
    <ele>2059.8</ele>
   </trkpt>
   <trkpt lat="45.8991770" lon="6.5555280">
    <ele>2060.0</ele>
   </trkpt>
   <trkpt lat="45.8991480" lon="6.5555520">
    <ele>2061.0</ele>
   </trkpt>
   <trkpt lat="45.8991130" lon="6.5555980">
    <ele>2061.8</ele>
   </trkpt>
   <trkpt lat="45.8991000" lon="6.5556100">
    <ele>2062.0</ele>
   </trkpt>
   <trkpt lat="45.8990720" lon="6.5556290">
    <ele>2063.0</ele>
   </trkpt>
   <trkpt lat="45.8990440" lon="6.5556590">
    <ele>2064.2</ele>
   </trkpt>
   <trkpt lat="45.8989830" lon="6.5557020">
    <ele>2065.0</ele>
   </trkpt>
   <trkpt lat="45.8989660" lon="6.5557100">
    <ele>2065.2</ele>
   </trkpt>
   <trkpt lat="45.8989120" lon="6.5557460">
    <ele>2065.8</ele>
   </trkpt>
   <trkpt lat="45.8989030" lon="6.5557450">
    <ele>2066.0</ele>
   </trkpt>
   <trkpt lat="45.8988940" lon="6.5557470">
    <ele>2066.2</ele>
   </trkpt>
   <trkpt lat="45.8988860" lon="6.5557500">
    <ele>2066.2</ele>
   </trkpt>
   <trkpt lat="45.8988570" lon="6.5557690">
    <ele>2066.6</ele>
   </trkpt>
   <trkpt lat="45.8988260" lon="6.5557970">
    <ele>2067.4</ele>
   </trkpt>
   <trkpt lat="45.8988200" lon="6.5558040">
    <ele>2067.8</ele>
   </trkpt>
   <trkpt lat="45.8987980" lon="6.5558280">
    <ele>2068.6</ele>
   </trkpt>
   <trkpt lat="45.8987810" lon="6.5558550">
    <ele>2069.6</ele>
   </trkpt>
   <trkpt lat="45.8987430" lon="6.5559180">
    <ele>2070.8</ele>
   </trkpt>
   <trkpt lat="45.8987270" lon="6.5559350">
    <ele>2071.4</ele>
   </trkpt>
   <trkpt lat="45.8987050" lon="6.5559630">
    <ele>2072.0</ele>
   </trkpt>
   <trkpt lat="45.8986760" lon="6.5560060">
    <ele>2073.2</ele>
   </trkpt>
   <trkpt lat="45.8986680" lon="6.5560140">
    <ele>2073.4</ele>
   </trkpt>
   <trkpt lat="45.8986560" lon="6.5560260">
    <ele>2074.4</ele>
   </trkpt>
   <trkpt lat="45.8986220" lon="6.5560590">
    <ele>2075.0</ele>
   </trkpt>
   <trkpt lat="45.8986160" lon="6.5560710">
    <ele>2075.2</ele>
   </trkpt>
   <trkpt lat="45.8986050" lon="6.5560990">
    <ele>2075.6</ele>
   </trkpt>
   <trkpt lat="45.8985960" lon="6.5561120">
    <ele>2075.6</ele>
   </trkpt>
   <trkpt lat="45.8985820" lon="6.5561330">
    <ele>2076.0</ele>
   </trkpt>
   <trkpt lat="45.8985670" lon="6.5561650">
    <ele>2076.4</ele>
   </trkpt>
   <trkpt lat="45.8985610" lon="6.5561910">
    <ele>2076.8</ele>
   </trkpt>
   <trkpt lat="45.8985560" lon="6.5562090">
    <ele>2077.0</ele>
   </trkpt>
   <trkpt lat="45.8985240" lon="6.5562380">
    <ele>2077.8</ele>
   </trkpt>
   <trkpt lat="45.8984990" lon="6.5562820">
    <ele>2079.0</ele>
   </trkpt>
   <trkpt lat="45.8984900" lon="6.5562920">
    <ele>2079.2</ele>
   </trkpt>
   <trkpt lat="45.8984780" lon="6.5563190">
    <ele>2079.6</ele>
   </trkpt>
   <trkpt lat="45.8984650" lon="6.5563420">
    <ele>2080.0</ele>
   </trkpt>
   <trkpt lat="45.8984040" lon="6.5563690">
    <ele>2081.0</ele>
   </trkpt>
   <trkpt lat="45.8983800" lon="6.5563730">
    <ele>2081.2</ele>
   </trkpt>
   <trkpt lat="45.8982400" lon="6.5563370">
    <ele>2081.2</ele>
   </trkpt>
   <trkpt lat="45.8982170" lon="6.5563300">
    <ele>2081.4</ele>
   </trkpt>
   <trkpt lat="45.8981550" lon="6.5563030">
    <ele>2082.4</ele>
   </trkpt>
   <trkpt lat="45.8980500" lon="6.5562650">
    <ele>2083.4</ele>
   </trkpt>
   <trkpt lat="45.8979460" lon="6.5562150">
    <ele>2083.4</ele>
   </trkpt>
   <trkpt lat="45.8979220" lon="6.5562050">
    <ele>2083.2</ele>
   </trkpt>
   <trkpt lat="45.8977850" lon="6.5561530">
    <ele>2082.4</ele>
   </trkpt>
   <trkpt lat="45.8977100" lon="6.5561220">
    <ele>2082.4</ele>
   </trkpt>
   <trkpt lat="45.8976350" lon="6.5560530">
    <ele>2082.8</ele>
   </trkpt>
   <trkpt lat="45.8975640" lon="6.5560240">
    <ele>2083.4</ele>
   </trkpt>
   <trkpt lat="45.8975070" lon="6.5559890">
    <ele>2083.8</ele>
   </trkpt>
   <trkpt lat="45.8974860" lon="6.5559740">
    <ele>2084.0</ele>
   </trkpt>
   <trkpt lat="45.8974210" lon="6.5559720">
    <ele>2084.0</ele>
   </trkpt>
   <trkpt lat="45.8974020" lon="6.5559870">
    <ele>2084.2</ele>
   </trkpt>
   <trkpt lat="45.8973060" lon="6.5560180">
    <ele>2082.0</ele>
   </trkpt>
   <trkpt lat="45.8972910" lon="6.5560150">
    <ele>2081.6</ele>
   </trkpt>
   <trkpt lat="45.8972790" lon="6.5560170">
    <ele>2081.2</ele>
   </trkpt>
   <trkpt lat="45.8972700" lon="6.5560260">
    <ele>2080.8</ele>
   </trkpt>
   <trkpt lat="45.8972660" lon="6.5560600">
    <ele>2079.8</ele>
   </trkpt>
   <trkpt lat="45.8972810" lon="6.5561400">
    <ele>2078.6</ele>
   </trkpt>
   <trkpt lat="45.8972800" lon="6.5562000">
    <ele>2077.0</ele>
   </trkpt>
   <trkpt lat="45.8972760" lon="6.5562560">
    <ele>2075.8</ele>
   </trkpt>
   <trkpt lat="45.8972690" lon="6.5562720">
    <ele>2075.2</ele>
   </trkpt>
   <trkpt lat="45.8972510" lon="6.5562840">
    <ele>2074.4</ele>
   </trkpt>
   <trkpt lat="45.8972220" lon="6.5563190">
    <ele>2073.6</ele>
   </trkpt>
   <trkpt lat="45.8972220" lon="6.5563580">
    <ele>2073.0</ele>
   </trkpt>
   <trkpt lat="45.8972230" lon="6.5564010">
    <ele>2071.8</ele>
   </trkpt>
   <trkpt lat="45.8972180" lon="6.5564440">
    <ele>2071.0</ele>
   </trkpt>
   <trkpt lat="45.8972080" lon="6.5564840">
    <ele>2070.2</ele>
   </trkpt>
   <trkpt lat="45.8971860" lon="6.5565540">
    <ele>2069.2</ele>
   </trkpt>
   <trkpt lat="45.8971740" lon="6.5565900">
    <ele>2068.6</ele>
   </trkpt>
   <trkpt lat="45.8971560" lon="6.5566550">
    <ele>2067.2</ele>
   </trkpt>
   <trkpt lat="45.8971440" lon="6.5567220">
    <ele>2065.8</ele>
   </trkpt>
   <trkpt lat="45.8971380" lon="6.5567430">
    <ele>2065.6</ele>
   </trkpt>
   <trkpt lat="45.8971180" lon="6.5567870">
    <ele>2065.0</ele>
   </trkpt>
   <trkpt lat="45.8971110" lon="6.5568080">
    <ele>2064.6</ele>
   </trkpt>
   <trkpt lat="45.8970780" lon="6.5568850">
    <ele>2063.2</ele>
   </trkpt>
   <trkpt lat="45.8970600" lon="6.5569270">
    <ele>2062.0</ele>
   </trkpt>
   <trkpt lat="45.8970370" lon="6.5569600">
    <ele>2061.0</ele>
   </trkpt>
   <trkpt lat="45.8970150" lon="6.5569950">
    <ele>2059.8</ele>
   </trkpt>
   <trkpt lat="45.8970010" lon="6.5570200">
    <ele>2058.6</ele>
   </trkpt>
   <trkpt lat="45.8969840" lon="6.5570860">
    <ele>2057.6</ele>
   </trkpt>
   <trkpt lat="45.8969710" lon="6.5571400">
    <ele>2056.2</ele>
   </trkpt>
   <trkpt lat="45.8969570" lon="6.5572130">
    <ele>2055.0</ele>
   </trkpt>
   <trkpt lat="45.8969430" lon="6.5572830">
    <ele>2053.8</ele>
   </trkpt>
   <trkpt lat="45.8969300" lon="6.5573570">
    <ele>2052.6</ele>
   </trkpt>
   <trkpt lat="45.8969130" lon="6.5574320">
    <ele>2051.2</ele>
   </trkpt>
   <trkpt lat="45.8968900" lon="6.5575080">
    <ele>2050.0</ele>
   </trkpt>
   <trkpt lat="45.8968590" lon="6.5575780">
    <ele>2048.6</ele>
   </trkpt>
   <trkpt lat="45.8968040" lon="6.5576660">
    <ele>2047.4</ele>
   </trkpt>
   <trkpt lat="45.8967730" lon="6.5577120">
    <ele>2046.4</ele>
   </trkpt>
   <trkpt lat="45.8967520" lon="6.5577680">
    <ele>2045.2</ele>
   </trkpt>
   <trkpt lat="45.8967460" lon="6.5577970">
    <ele>2044.4</ele>
   </trkpt>
   <trkpt lat="45.8967420" lon="6.5578240">
    <ele>2043.8</ele>
   </trkpt>
   <trkpt lat="45.8967360" lon="6.5578650">
    <ele>2042.6</ele>
   </trkpt>
   <trkpt lat="45.8967270" lon="6.5578970">
    <ele>2041.0</ele>
   </trkpt>
   <trkpt lat="45.8966970" lon="6.5579470">
    <ele>2039.0</ele>
   </trkpt>
   <trkpt lat="45.8966800" lon="6.5579720">
    <ele>2038.2</ele>
   </trkpt>
   <trkpt lat="45.8966670" lon="6.5579990">
    <ele>2037.6</ele>
   </trkpt>
   <trkpt lat="45.8966450" lon="6.5580370">
    <ele>2036.4</ele>
   </trkpt>
   <trkpt lat="45.8966240" lon="6.5580710">
    <ele>2035.4</ele>
   </trkpt>
   <trkpt lat="45.8966020" lon="6.5581000">
    <ele>2034.4</ele>
   </trkpt>
   <trkpt lat="45.8965480" lon="6.5581440">
    <ele>2033.4</ele>
   </trkpt>
   <trkpt lat="45.8965200" lon="6.5581660">
    <ele>2033.0</ele>
   </trkpt>
   <trkpt lat="45.8964660" lon="6.5582090">
    <ele>2032.0</ele>
   </trkpt>
   <trkpt lat="45.8963980" lon="6.5582590">
    <ele>2030.8</ele>
   </trkpt>
   <trkpt lat="45.8963520" lon="6.5582750">
    <ele>2029.8</ele>
   </trkpt>
   <trkpt lat="45.8963100" lon="6.5582960">
    <ele>2028.4</ele>
   </trkpt>
   <trkpt lat="45.8962810" lon="6.5583140">
    <ele>2027.2</ele>
   </trkpt>
   <trkpt lat="45.8962570" lon="6.5583290">
    <ele>2026.0</ele>
   </trkpt>
   <trkpt lat="45.8962060" lon="6.5583620">
    <ele>2024.0</ele>
   </trkpt>
   <trkpt lat="45.8961560" lon="6.5583950">
    <ele>2022.8</ele>
   </trkpt>
   <trkpt lat="45.8961110" lon="6.5584370">
    <ele>2021.2</ele>
   </trkpt>
   <trkpt lat="45.8960640" lon="6.5584890">
    <ele>2020.0</ele>
   </trkpt>
   <trkpt lat="45.8960420" lon="6.5585150">
    <ele>2019.0</ele>
   </trkpt>
   <trkpt lat="45.8960180" lon="6.5585410">
    <ele>2017.8</ele>
   </trkpt>
   <trkpt lat="45.8959760" lon="6.5586000">
    <ele>2016.6</ele>
   </trkpt>
   <trkpt lat="45.8959570" lon="6.5586280">
    <ele>2015.6</ele>
   </trkpt>
   <trkpt lat="45.8959160" lon="6.5586730">
    <ele>2013.8</ele>
   </trkpt>
   <trkpt lat="45.8958720" lon="6.5587050">
    <ele>2012.8</ele>
   </trkpt>
   <trkpt lat="45.8958050" lon="6.5587680">
    <ele>2011.2</ele>
   </trkpt>
   <trkpt lat="45.8957850" lon="6.5587900">
    <ele>2010.8</ele>
   </trkpt>
   <trkpt lat="45.8957630" lon="6.5588140">
    <ele>2009.6</ele>
   </trkpt>
   <trkpt lat="45.8957180" lon="6.5588660">
    <ele>2008.0</ele>
   </trkpt>
   <trkpt lat="45.8956720" lon="6.5589260">
    <ele>2006.8</ele>
   </trkpt>
   <trkpt lat="45.8956310" lon="6.5589850">
    <ele>2005.0</ele>
   </trkpt>
   <trkpt lat="45.8955830" lon="6.5590380">
    <ele>2003.4</ele>
   </trkpt>
   <trkpt lat="45.8955290" lon="6.5590720">
    <ele>2002.0</ele>
   </trkpt>
   <trkpt lat="45.8954730" lon="6.5590950">
    <ele>2000.6</ele>
   </trkpt>
   <trkpt lat="45.8954100" lon="6.5591150">
    <ele>1999.4</ele>
   </trkpt>
   <trkpt lat="45.8953820" lon="6.5591200">
    <ele>1998.0</ele>
   </trkpt>
   <trkpt lat="45.8953210" lon="6.5591180">
    <ele>1996.4</ele>
   </trkpt>
   <trkpt lat="45.8952920" lon="6.5591150">
    <ele>1995.4</ele>
   </trkpt>
   <trkpt lat="45.8952340" lon="6.5591080">
    <ele>1994.0</ele>
   </trkpt>
   <trkpt lat="45.8952070" lon="6.5591090">
    <ele>1993.6</ele>
   </trkpt>
   <trkpt lat="45.8951800" lon="6.5591130">
    <ele>1993.0</ele>
   </trkpt>
   <trkpt lat="45.8951270" lon="6.5591210">
    <ele>1991.0</ele>
   </trkpt>
   <trkpt lat="45.8950630" lon="6.5591350">
    <ele>1989.6</ele>
   </trkpt>
   <trkpt lat="45.8950330" lon="6.5591390">
    <ele>1988.2</ele>
   </trkpt>
   <trkpt lat="45.8949770" lon="6.5591380">
    <ele>1987.0</ele>
   </trkpt>
   <trkpt lat="45.8949490" lon="6.5591380">
    <ele>1985.4</ele>
   </trkpt>
   <trkpt lat="45.8949130" lon="6.5591420">
    <ele>1984.2</ele>
   </trkpt>
   <trkpt lat="45.8948500" lon="6.5591560">
    <ele>1982.8</ele>
   </trkpt>
   <trkpt lat="45.8947900" lon="6.5591570">
    <ele>1981.4</ele>
   </trkpt>
   <trkpt lat="45.8947610" lon="6.5591550">
    <ele>1980.8</ele>
   </trkpt>
   <trkpt lat="45.8947280" lon="6.5591510">
    <ele>1980.2</ele>
   </trkpt>
   <trkpt lat="45.8946700" lon="6.5591380">
    <ele>1978.8</ele>
   </trkpt>
   <trkpt lat="45.8946120" lon="6.5591260">
    <ele>1977.6</ele>
   </trkpt>
   <trkpt lat="45.8945510" lon="6.5591190">
    <ele>1977.2</ele>
   </trkpt>
   <trkpt lat="45.8945210" lon="6.5591220">
    <ele>1976.8</ele>
   </trkpt>
   <trkpt lat="45.8944950" lon="6.5591250">
    <ele>1976.0</ele>
   </trkpt>
   <trkpt lat="45.8944440" lon="6.5591210">
    <ele>1974.8</ele>
   </trkpt>
   <trkpt lat="45.8943600" lon="6.5591110">
    <ele>1973.4</ele>
   </trkpt>
   <trkpt lat="45.8942750" lon="6.5590840">
    <ele>1971.8</ele>
   </trkpt>
   <trkpt lat="45.8942200" lon="6.5590590">
    <ele>1970.2</ele>
   </trkpt>
   <trkpt lat="45.8941620" lon="6.5590290">
    <ele>1968.8</ele>
   </trkpt>
   <trkpt lat="45.8941050" lon="6.5589960">
    <ele>1967.6</ele>
   </trkpt>
   <trkpt lat="45.8940760" lon="6.5589890">
    <ele>1967.0</ele>
   </trkpt>
   <trkpt lat="45.8940160" lon="6.5589710">
    <ele>1965.8</ele>
   </trkpt>
   <trkpt lat="45.8939680" lon="6.5589340">
    <ele>1964.4</ele>
   </trkpt>
   <trkpt lat="45.8939270" lon="6.5588900">
    <ele>1963.0</ele>
   </trkpt>
   <trkpt lat="45.8938450" lon="6.5588230">
    <ele>1961.0</ele>
   </trkpt>
   <trkpt lat="45.8937910" lon="6.5587770">
    <ele>1959.6</ele>
   </trkpt>
   <trkpt lat="45.8937320" lon="6.5587280">
    <ele>1958.6</ele>
   </trkpt>
   <trkpt lat="45.8936780" lon="6.5586830">
    <ele>1957.4</ele>
   </trkpt>
   <trkpt lat="45.8936550" lon="6.5586570">
    <ele>1956.8</ele>
   </trkpt>
   <trkpt lat="45.8936350" lon="6.5586300">
    <ele>1956.4</ele>
   </trkpt>
   <trkpt lat="45.8935630" lon="6.5585820">
    <ele>1954.8</ele>
   </trkpt>
   <trkpt lat="45.8935380" lon="6.5585740">
    <ele>1954.2</ele>
   </trkpt>
   <trkpt lat="45.8935140" lon="6.5585670">
    <ele>1953.8</ele>
   </trkpt>
   <trkpt lat="45.8934930" lon="6.5585740">
    <ele>1953.2</ele>
   </trkpt>
   <trkpt lat="45.8934710" lon="6.5585870">
    <ele>1952.2</ele>
   </trkpt>
   <trkpt lat="45.8934480" lon="6.5586050">
    <ele>1951.0</ele>
   </trkpt>
   <trkpt lat="45.8933890" lon="6.5586670">
    <ele>1949.8</ele>
   </trkpt>
   <trkpt lat="45.8933530" lon="6.5587010">
    <ele>1948.6</ele>
   </trkpt>
   <trkpt lat="45.8933150" lon="6.5587370">
    <ele>1947.0</ele>
   </trkpt>
   <trkpt lat="45.8933000" lon="6.5587590">
    <ele>1945.8</ele>
   </trkpt>
   <trkpt lat="45.8932610" lon="6.5588020">
    <ele>1944.2</ele>
   </trkpt>
   <trkpt lat="45.8932260" lon="6.5588250">
    <ele>1942.8</ele>
   </trkpt>
   <trkpt lat="45.8932070" lon="6.5588370">
    <ele>1942.2</ele>
   </trkpt>
   <trkpt lat="45.8931850" lon="6.5588430">
    <ele>1941.4</ele>
   </trkpt>
   <trkpt lat="45.8931410" lon="6.5588590">
    <ele>1940.4</ele>
   </trkpt>
   <trkpt lat="45.8931180" lon="6.5588670">
    <ele>1939.2</ele>
   </trkpt>
   <trkpt lat="45.8930720" lon="6.5588890">
    <ele>1937.8</ele>
   </trkpt>
   <trkpt lat="45.8930480" lon="6.5589010">
    <ele>1936.6</ele>
   </trkpt>
   <trkpt lat="45.8930240" lon="6.5589190">
    <ele>1935.2</ele>
   </trkpt>
   <trkpt lat="45.8929790" lon="6.5589580">
    <ele>1933.8</ele>
   </trkpt>
   <trkpt lat="45.8929260" lon="6.5589950">
    <ele>1931.4</ele>
   </trkpt>
   <trkpt lat="45.8928780" lon="6.5590170">
    <ele>1929.8</ele>
   </trkpt>
   <trkpt lat="45.8927720" lon="6.5590070">
    <ele>1928.8</ele>
   </trkpt>
   <trkpt lat="45.8927270" lon="6.5590030">
    <ele>1928.6</ele>
   </trkpt>
   <trkpt lat="45.8926390" lon="6.5590060">
    <ele>1930.0</ele>
   </trkpt>
   <trkpt lat="45.8925640" lon="6.5590230">
    <ele>1931.0</ele>
   </trkpt>
   <trkpt lat="45.8924330" lon="6.5590510">
    <ele>1931.4</ele>
   </trkpt>
   <trkpt lat="45.8923980" lon="6.5590620">
    <ele>1931.6</ele>
   </trkpt>
   <trkpt lat="45.8922650" lon="6.5591100">
    <ele>1931.8</ele>
   </trkpt>
   <trkpt lat="45.8922250" lon="6.5591390">
    <ele>1931.8</ele>
   </trkpt>
   <trkpt lat="45.8920980" lon="6.5591890">
    <ele>1932.0</ele>
   </trkpt>
   <trkpt lat="45.8920600" lon="6.5591960">
    <ele>1932.0</ele>
   </trkpt>
   <trkpt lat="45.8919450" lon="6.5591890">
    <ele>1933.0</ele>
   </trkpt>
   <trkpt lat="45.8919200" lon="6.5591950">
    <ele>1933.0</ele>
   </trkpt>
   <trkpt lat="45.8919060" lon="6.5592010">
    <ele>1933.4</ele>
   </trkpt>
   <trkpt lat="45.8918780" lon="6.5592050">
    <ele>1933.8</ele>
   </trkpt>
   <trkpt lat="45.8918050" lon="6.5591750">
    <ele>1934.2</ele>
   </trkpt>
   <trkpt lat="45.8917650" lon="6.5591620">
    <ele>1934.8</ele>
   </trkpt>
   <trkpt lat="45.8916720" lon="6.5591460">
    <ele>1935.6</ele>
   </trkpt>
   <trkpt lat="45.8916380" lon="6.5591600">
    <ele>1936.2</ele>
   </trkpt>
   <trkpt lat="45.8915730" lon="6.5592060">
    <ele>1936.8</ele>
   </trkpt>
   <trkpt lat="45.8915330" lon="6.5592010">
    <ele>1937.0</ele>
   </trkpt>
   <trkpt lat="45.8914200" lon="6.5592410">
    <ele>1937.6</ele>
   </trkpt>
   <trkpt lat="45.8914000" lon="6.5592570">
    <ele>1937.8</ele>
   </trkpt>
   <trkpt lat="45.8913760" lon="6.5592720">
    <ele>1938.0</ele>
   </trkpt>
   <trkpt lat="45.8912500" lon="6.5593360">
    <ele>1938.6</ele>
   </trkpt>
   <trkpt lat="45.8912040" lon="6.5593550">
    <ele>1938.8</ele>
   </trkpt>
   <trkpt lat="45.8911830" lon="6.5593630">
    <ele>1939.0</ele>
   </trkpt>
   <trkpt lat="45.8910560" lon="6.5593840">
    <ele>1939.8</ele>
   </trkpt>
   <trkpt lat="45.8910430" lon="6.5593840">
    <ele>1940.0</ele>
   </trkpt>
   <trkpt lat="45.8910210" lon="6.5593850">
    <ele>1940.0</ele>
   </trkpt>
   <trkpt lat="45.8909890" lon="6.5593880">
    <ele>1940.4</ele>
   </trkpt>
   <trkpt lat="45.8909500" lon="6.5593770">
    <ele>1941.0</ele>
   </trkpt>
   <trkpt lat="45.8908920" lon="6.5593770">
    <ele>1941.6</ele>
   </trkpt>
   <trkpt lat="45.8908570" lon="6.5593650">
    <ele>1942.0</ele>
   </trkpt>
   <trkpt lat="45.8907860" lon="6.5593230">
    <ele>1943.0</ele>
   </trkpt>
   <trkpt lat="45.8907350" lon="6.5592900">
    <ele>1943.8</ele>
   </trkpt>
   <trkpt lat="45.8907190" lon="6.5592660">
    <ele>1944.2</ele>
   </trkpt>
   <trkpt lat="45.8907090" lon="6.5592550">
    <ele>1944.2</ele>
   </trkpt>
   <trkpt lat="45.8906430" lon="6.5592030">
    <ele>1945.2</ele>
   </trkpt>
   <trkpt lat="45.8905750" lon="6.5591670">
    <ele>1945.8</ele>
   </trkpt>
   <trkpt lat="45.8905040" lon="6.5591590">
    <ele>1946.4</ele>
   </trkpt>
   <trkpt lat="45.8904580" lon="6.5591570">
    <ele>1946.6</ele>
   </trkpt>
   <trkpt lat="45.8902890" lon="6.5591800">
    <ele>1945.4</ele>
   </trkpt>
   <trkpt lat="45.8902680" lon="6.5591790">
    <ele>1945.4</ele>
   </trkpt>
   <trkpt lat="45.8901070" lon="6.5591720">
    <ele>1945.8</ele>
   </trkpt>
   <trkpt lat="45.8900890" lon="6.5591700">
    <ele>1946.0</ele>
   </trkpt>
   <trkpt lat="45.8899520" lon="6.5591600">
    <ele>1946.8</ele>
   </trkpt>
   <trkpt lat="45.8898950" lon="6.5591130">
    <ele>1947.6</ele>
   </trkpt>
   <trkpt lat="45.8898420" lon="6.5590910">
    <ele>1948.4</ele>
   </trkpt>
   <trkpt lat="45.8898290" lon="6.5590890">
    <ele>1948.8</ele>
   </trkpt>
   <trkpt lat="45.8897490" lon="6.5590900">
    <ele>1949.8</ele>
   </trkpt>
   <trkpt lat="45.8896900" lon="6.5590980">
    <ele>1950.0</ele>
   </trkpt>
   <trkpt lat="45.8896060" lon="6.5591200">
    <ele>1950.6</ele>
   </trkpt>
   <trkpt lat="45.8895980" lon="6.5591190">
    <ele>1950.8</ele>
   </trkpt>
   <trkpt lat="45.8895820" lon="6.5591170">
    <ele>1950.8</ele>
   </trkpt>
   <trkpt lat="45.8895660" lon="6.5591160">
    <ele>1950.8</ele>
   </trkpt>
   <trkpt lat="45.8894950" lon="6.5591070">
    <ele>1951.4</ele>
   </trkpt>
   <trkpt lat="45.8894650" lon="6.5591090">
    <ele>1952.0</ele>
   </trkpt>
   <trkpt lat="45.8894240" lon="6.5591090">
    <ele>1953.0</ele>
   </trkpt>
   <trkpt lat="45.8893440" lon="6.5590880">
    <ele>1953.8</ele>
   </trkpt>
   <trkpt lat="45.8893250" lon="6.5590900">
    <ele>1954.2</ele>
   </trkpt>
   <trkpt lat="45.8891940" lon="6.5590970">
    <ele>1955.2</ele>
   </trkpt>
   <trkpt lat="45.8891720" lon="6.5591000">
    <ele>1955.4</ele>
   </trkpt>
   <trkpt lat="45.8890680" lon="6.5590960">
    <ele>1956.4</ele>
   </trkpt>
   <trkpt lat="45.8889950" lon="6.5591030">
    <ele>1957.0</ele>
   </trkpt>
   <trkpt lat="45.8889610" lon="6.5591090">
    <ele>1957.8</ele>
   </trkpt>
   <trkpt lat="45.8889200" lon="6.5591030">
    <ele>1958.2</ele>
   </trkpt>
   <trkpt lat="45.8888560" lon="6.5590970">
    <ele>1958.8</ele>
   </trkpt>
   <trkpt lat="45.8888400" lon="6.5590990">
    <ele>1958.8</ele>
   </trkpt>
   <trkpt lat="45.8887830" lon="6.5591040">
    <ele>1959.8</ele>
   </trkpt>
   <trkpt lat="45.8887750" lon="6.5591010">
    <ele>1959.8</ele>
   </trkpt>
   <trkpt lat="45.8887660" lon="6.5590990">
    <ele>1960.2</ele>
   </trkpt>
   <trkpt lat="45.8887030" lon="6.5590690">
    <ele>1960.8</ele>
   </trkpt>
   <trkpt lat="45.8886510" lon="6.5590580">
    <ele>1961.6</ele>
   </trkpt>
   <trkpt lat="45.8885020" lon="6.5590110">
    <ele>1961.4</ele>
   </trkpt>
   <trkpt lat="45.8884770" lon="6.5589990">
    <ele>1961.6</ele>
   </trkpt>
   <trkpt lat="45.8884290" lon="6.5589780">
    <ele>1962.2</ele>
   </trkpt>
   <trkpt lat="45.8883250" lon="6.5589210">
    <ele>1963.2</ele>
   </trkpt>
   <trkpt lat="45.8882950" lon="6.5589170">
    <ele>1963.6</ele>
   </trkpt>
   <trkpt lat="45.8882440" lon="6.5589000">
    <ele>1964.2</ele>
   </trkpt>
   <trkpt lat="45.8882090" lon="6.5588800">
    <ele>1964.6</ele>
   </trkpt>
   <trkpt lat="45.8881230" lon="6.5588600">
    <ele>1965.2</ele>
   </trkpt>
   <trkpt lat="45.8880810" lon="6.5588560">
    <ele>1965.4</ele>
   </trkpt>
   <trkpt lat="45.8880340" lon="6.5588650">
    <ele>1966.0</ele>
   </trkpt>
   <trkpt lat="45.8880080" lon="6.5588600">
    <ele>1966.6</ele>
   </trkpt>
   <trkpt lat="45.8879170" lon="6.5588330">
    <ele>1967.6</ele>
   </trkpt>
   <trkpt lat="45.8878410" lon="6.5588200">
    <ele>1969.0</ele>
   </trkpt>
   <trkpt lat="45.8877960" lon="6.5588310">
    <ele>1970.0</ele>
   </trkpt>
   <trkpt lat="45.8877840" lon="6.5588410">
    <ele>1970.4</ele>
   </trkpt>
   <trkpt lat="45.8877520" lon="6.5588730">
    <ele>1971.2</ele>
   </trkpt>
   <trkpt lat="45.8877180" lon="6.5588980">
    <ele>1971.8</ele>
   </trkpt>
   <trkpt lat="45.8877010" lon="6.5589060">
    <ele>1972.4</ele>
   </trkpt>
   <trkpt lat="45.8876710" lon="6.5589180">
    <ele>1973.0</ele>
   </trkpt>
   <trkpt lat="45.8876550" lon="6.5589220">
    <ele>1973.4</ele>
   </trkpt>
   <trkpt lat="45.8876180" lon="6.5589340">
    <ele>1974.6</ele>
   </trkpt>
   <trkpt lat="45.8876050" lon="6.5589340">
    <ele>1975.6</ele>
   </trkpt>
   <trkpt lat="45.8875990" lon="6.5589380">
    <ele>1976.0</ele>
   </trkpt>
   <trkpt lat="45.8875890" lon="6.5589440">
    <ele>1976.2</ele>
   </trkpt>
   <trkpt lat="45.8875780" lon="6.5589470">
    <ele>1976.4</ele>
   </trkpt>
   <trkpt lat="45.8875550" lon="6.5589550">
    <ele>1976.6</ele>
   </trkpt>
   <trkpt lat="45.8875370" lon="6.5589620">
    <ele>1976.8</ele>
   </trkpt>
   <trkpt lat="45.8874870" lon="6.5589750">
    <ele>1977.8</ele>
   </trkpt>
   <trkpt lat="45.8874470" lon="6.5589800">
    <ele>1978.0</ele>
   </trkpt>
   <trkpt lat="45.8873520" lon="6.5589930">
    <ele>1978.8</ele>
   </trkpt>
   <trkpt lat="45.8872800" lon="6.5589790">
    <ele>1980.0</ele>
   </trkpt>
   <trkpt lat="45.8871730" lon="6.5589350">
    <ele>1981.0</ele>
   </trkpt>
   <trkpt lat="45.8870670" lon="6.5589260">
    <ele>1981.6</ele>
   </trkpt>
   <trkpt lat="45.8869870" lon="6.5589320">
    <ele>1982.2</ele>
   </trkpt>
   <trkpt lat="45.8869370" lon="6.5589300">
    <ele>1982.8</ele>
   </trkpt>
   <trkpt lat="45.8868780" lon="6.5589230">
    <ele>1983.4</ele>
   </trkpt>
   <trkpt lat="45.8868090" lon="6.5589420">
    <ele>1984.4</ele>
   </trkpt>
   <trkpt lat="45.8867970" lon="6.5589440">
    <ele>1984.8</ele>
   </trkpt>
   <trkpt lat="45.8867430" lon="6.5589520">
    <ele>1985.6</ele>
   </trkpt>
   <trkpt lat="45.8866510" lon="6.5589630">
    <ele>1986.2</ele>
   </trkpt>
   <trkpt lat="45.8866250" lon="6.5589570">
    <ele>1986.4</ele>
   </trkpt>
   <trkpt lat="45.8865960" lon="6.5589430">
    <ele>1986.8</ele>
   </trkpt>
   <trkpt lat="45.8865710" lon="6.5589360">
    <ele>1987.2</ele>
   </trkpt>
   <trkpt lat="45.8865330" lon="6.5589370">
    <ele>1987.6</ele>
   </trkpt>
   <trkpt lat="45.8865170" lon="6.5589390">
    <ele>1987.6</ele>
   </trkpt>
   <trkpt lat="45.8864350" lon="6.5589560">
    <ele>1987.4</ele>
   </trkpt>
   <trkpt lat="45.8864230" lon="6.5589590">
    <ele>1987.4</ele>
   </trkpt>
   <trkpt lat="45.8863710" lon="6.5589500">
    <ele>1987.8</ele>
   </trkpt>
   <trkpt lat="45.8863610" lon="6.5589490">
    <ele>1987.8</ele>
   </trkpt>
   <trkpt lat="45.8863450" lon="6.5589460">
    <ele>1988.0</ele>
   </trkpt>
   <trkpt lat="45.8862510" lon="6.5589090">
    <ele>1988.4</ele>
   </trkpt>
   <trkpt lat="45.8862180" lon="6.5588850">
    <ele>1988.8</ele>
   </trkpt>
   <trkpt lat="45.8861960" lon="6.5588680">
    <ele>1989.0</ele>
   </trkpt>
   <trkpt lat="45.8861480" lon="6.5588210">
    <ele>1990.2</ele>
   </trkpt>
   <trkpt lat="45.8860880" lon="6.5587840">
    <ele>1991.4</ele>
   </trkpt>
   <trkpt lat="45.8860600" lon="6.5587660">
    <ele>1991.8</ele>
   </trkpt>
   <trkpt lat="45.8859960" lon="6.5587390">
    <ele>1992.4</ele>
   </trkpt>
   <trkpt lat="45.8859400" lon="6.5587310">
    <ele>1993.0</ele>
   </trkpt>
   <trkpt lat="45.8858690" lon="6.5587240">
    <ele>1993.8</ele>
   </trkpt>
   <trkpt lat="45.8857860" lon="6.5587540">
    <ele>1994.8</ele>
   </trkpt>
   <trkpt lat="45.8857570" lon="6.5587770">
    <ele>1995.4</ele>
   </trkpt>
   <trkpt lat="45.8857400" lon="6.5587930">
    <ele>1995.6</ele>
   </trkpt>
   <trkpt lat="45.8856900" lon="6.5587840">
    <ele>1995.4</ele>
   </trkpt>
   <trkpt lat="45.8855910" lon="6.5587740">
    <ele>1994.6</ele>
   </trkpt>
   <trkpt lat="45.8854870" lon="6.5587530">
    <ele>1993.6</ele>
   </trkpt>
   <trkpt lat="45.8853770" lon="6.5587430">
    <ele>1992.8</ele>
   </trkpt>
   <trkpt lat="45.8853670" lon="6.5587620">
    <ele>1992.6</ele>
   </trkpt>
   <trkpt lat="45.8853590" lon="6.5587920">
    <ele>1991.0</ele>
   </trkpt>
   <trkpt lat="45.8853330" lon="6.5587970">
    <ele>1990.2</ele>
   </trkpt>
   <trkpt lat="45.8853260" lon="6.5588020">
    <ele>1989.8</ele>
   </trkpt>
   <trkpt lat="45.8853260" lon="6.5588140">
    <ele>1989.4</ele>
   </trkpt>
   <trkpt lat="45.8853150" lon="6.5588520">
    <ele>1988.6</ele>
   </trkpt>
   <trkpt lat="45.8853090" lon="6.5588640">
    <ele>1988.4</ele>
   </trkpt>
   <trkpt lat="45.8852980" lon="6.5588740">
    <ele>1987.2</ele>
   </trkpt>
   <trkpt lat="45.8852890" lon="6.5588850">
    <ele>1986.6</ele>
   </trkpt>
   <trkpt lat="45.8852790" lon="6.5588960">
    <ele>1985.8</ele>
   </trkpt>
   <trkpt lat="45.8852570" lon="6.5589280">
    <ele>1984.8</ele>
   </trkpt>
   <trkpt lat="45.8852320" lon="6.5589590">
    <ele>1983.6</ele>
   </trkpt>
   <trkpt lat="45.8852200" lon="6.5590130">
    <ele>1981.4</ele>
   </trkpt>
   <trkpt lat="45.8852160" lon="6.5590440">
    <ele>1980.4</ele>
   </trkpt>
   <trkpt lat="45.8852060" lon="6.5590980">
    <ele>1979.0</ele>
   </trkpt>
   <trkpt lat="45.8851920" lon="6.5591730">
    <ele>1977.6</ele>
   </trkpt>
   <trkpt lat="45.8851710" lon="6.5592070">
    <ele>1976.8</ele>
   </trkpt>
   <trkpt lat="45.8851560" lon="6.5592170">
    <ele>1976.4</ele>
   </trkpt>
   <trkpt lat="45.8851290" lon="6.5592470">
    <ele>1975.0</ele>
   </trkpt>
   <trkpt lat="45.8851230" lon="6.5592790">
    <ele>1974.6</ele>
   </trkpt>
   <trkpt lat="45.8851230" lon="6.5593110">
    <ele>1973.4</ele>
   </trkpt>
   <trkpt lat="45.8851220" lon="6.5593760">
    <ele>1972.2</ele>
   </trkpt>
   <trkpt lat="45.8851130" lon="6.5594410">
    <ele>1970.4</ele>
   </trkpt>
   <trkpt lat="45.8851010" lon="6.5595100">
    <ele>1969.2</ele>
   </trkpt>
   <trkpt lat="45.8850750" lon="6.5595970">
    <ele>1968.2</ele>
   </trkpt>
   <trkpt lat="45.8850620" lon="6.5596300">
    <ele>1967.4</ele>
   </trkpt>
   <trkpt lat="45.8850450" lon="6.5596660">
    <ele>1966.6</ele>
   </trkpt>
   <trkpt lat="45.8850180" lon="6.5597490">
    <ele>1965.4</ele>
   </trkpt>
   <trkpt lat="45.8849910" lon="6.5598350">
    <ele>1964.2</ele>
   </trkpt>
   <trkpt lat="45.8849780" lon="6.5598810">
    <ele>1963.6</ele>
   </trkpt>
   <trkpt lat="45.8849610" lon="6.5599220">
    <ele>1963.0</ele>
   </trkpt>
   <trkpt lat="45.8849310" lon="6.5600030">
    <ele>1961.8</ele>
   </trkpt>
   <trkpt lat="45.8849160" lon="6.5600720">
    <ele>1960.8</ele>
   </trkpt>
   <trkpt lat="45.8849070" lon="6.5601120">
    <ele>1960.2</ele>
   </trkpt>
   <trkpt lat="45.8849030" lon="6.5601470">
    <ele>1959.6</ele>
   </trkpt>
   <trkpt lat="45.8848800" lon="6.5602490">
    <ele>1958.6</ele>
   </trkpt>
   <trkpt lat="45.8848730" lon="6.5602870">
    <ele>1958.0</ele>
   </trkpt>
   <trkpt lat="45.8848680" lon="6.5603260">
    <ele>1957.0</ele>
   </trkpt>
   <trkpt lat="45.8848430" lon="6.5603930">
    <ele>1955.8</ele>
   </trkpt>
   <trkpt lat="45.8848240" lon="6.5604560">
    <ele>1954.0</ele>
   </trkpt>
   <trkpt lat="45.8848150" lon="6.5604920">
    <ele>1953.0</ele>
   </trkpt>
   <trkpt lat="45.8848070" lon="6.5605250">
    <ele>1952.6</ele>
   </trkpt>
   <trkpt lat="45.8847850" lon="6.5605740">
    <ele>1951.6</ele>
   </trkpt>
   <trkpt lat="45.8847620" lon="6.5606150">
    <ele>1950.2</ele>
   </trkpt>
   <trkpt lat="45.8847570" lon="6.5606450">
    <ele>1949.8</ele>
   </trkpt>
   <trkpt lat="45.8847540" lon="6.5606760">
    <ele>1949.0</ele>
   </trkpt>
   <trkpt lat="45.8847580" lon="6.5607340">
    <ele>1946.8</ele>
   </trkpt>
   <trkpt lat="45.8847580" lon="6.5608030">
    <ele>1945.4</ele>
   </trkpt>
   <trkpt lat="45.8847700" lon="6.5608770">
    <ele>1944.2</ele>
   </trkpt>
   <trkpt lat="45.8847910" lon="6.5609390">
    <ele>1943.0</ele>
   </trkpt>
   <trkpt lat="45.8848050" lon="6.5609880">
    <ele>1941.8</ele>
   </trkpt>
   <trkpt lat="45.8848280" lon="6.5610610">
    <ele>1940.2</ele>
   </trkpt>
   <trkpt lat="45.8848330" lon="6.5610960">
    <ele>1939.8</ele>
   </trkpt>
   <trkpt lat="45.8848490" lon="6.5611810">
    <ele>1939.0</ele>
   </trkpt>
   <trkpt lat="45.8848670" lon="6.5612540">
    <ele>1937.8</ele>
   </trkpt>
   <trkpt lat="45.8848880" lon="6.5613200">
    <ele>1936.6</ele>
   </trkpt>
   <trkpt lat="45.8849250" lon="6.5613930">
    <ele>1935.6</ele>
   </trkpt>
   <trkpt lat="45.8849440" lon="6.5614290">
    <ele>1935.2</ele>
   </trkpt>
   <trkpt lat="45.8849670" lon="6.5615030">
    <ele>1933.6</ele>
   </trkpt>
   <trkpt lat="45.8849870" lon="6.5615860">
    <ele>1932.4</ele>
   </trkpt>
   <trkpt lat="45.8850150" lon="6.5616580">
    <ele>1931.4</ele>
   </trkpt>
   <trkpt lat="45.8850470" lon="6.5617060">
    <ele>1929.8</ele>
   </trkpt>
   <trkpt lat="45.8850540" lon="6.5617280">
    <ele>1929.0</ele>
   </trkpt>
   <trkpt lat="45.8850560" lon="6.5617600">
    <ele>1928.4</ele>
   </trkpt>
   <trkpt lat="45.8850620" lon="6.5617950">
    <ele>1927.2</ele>
   </trkpt>
   <trkpt lat="45.8850900" lon="6.5618610">
    <ele>1925.4</ele>
   </trkpt>
   <trkpt lat="45.8851120" lon="6.5619360">
    <ele>1924.0</ele>
   </trkpt>
   <trkpt lat="45.8851330" lon="6.5620040">
    <ele>1922.6</ele>
   </trkpt>
   <trkpt lat="45.8851460" lon="6.5620520">
    <ele>1921.4</ele>
   </trkpt>
   <trkpt lat="45.8851560" lon="6.5620870">
    <ele>1920.6</ele>
   </trkpt>
   <trkpt lat="45.8851640" lon="6.5621150">
    <ele>1919.8</ele>
   </trkpt>
   <trkpt lat="45.8851780" lon="6.5621990">
    <ele>1918.2</ele>
   </trkpt>
   <trkpt lat="45.8851730" lon="6.5622830">
    <ele>1916.6</ele>
   </trkpt>
   <trkpt lat="45.8851650" lon="6.5623220">
    <ele>1915.6</ele>
   </trkpt>
   <trkpt lat="45.8851580" lon="6.5623620">
    <ele>1915.0</ele>
   </trkpt>
   <trkpt lat="45.8851600" lon="6.5624760">
    <ele>1913.6</ele>
   </trkpt>
   <trkpt lat="45.8851890" lon="6.5625630">
    <ele>1912.2</ele>
   </trkpt>
   <trkpt lat="45.8852000" lon="6.5626170">
    <ele>1911.2</ele>
   </trkpt>
   <trkpt lat="45.8852020" lon="6.5626700">
    <ele>1910.6</ele>
   </trkpt>
   <trkpt lat="45.8851930" lon="6.5627740">
    <ele>1909.2</ele>
   </trkpt>
   <trkpt lat="45.8851460" lon="6.5629000">
    <ele>1907.6</ele>
   </trkpt>
   <trkpt lat="45.8851260" lon="6.5629920">
    <ele>1905.8</ele>
   </trkpt>
   <trkpt lat="45.8851170" lon="6.5630410">
    <ele>1905.2</ele>
   </trkpt>
   <trkpt lat="45.8851050" lon="6.5630880">
    <ele>1904.2</ele>
   </trkpt>
   <trkpt lat="45.8850760" lon="6.5631660">
    <ele>1902.6</ele>
   </trkpt>
   <trkpt lat="45.8850380" lon="6.5632220">
    <ele>1901.2</ele>
   </trkpt>
   <trkpt lat="45.8850030" lon="6.5632780">
    <ele>1899.6</ele>
   </trkpt>
   <trkpt lat="45.8849830" lon="6.5633430">
    <ele>1898.0</ele>
   </trkpt>
   <trkpt lat="45.8849700" lon="6.5633690">
    <ele>1896.6</ele>
   </trkpt>
   <trkpt lat="45.8849450" lon="6.5634190">
    <ele>1895.4</ele>
   </trkpt>
   <trkpt lat="45.8849180" lon="6.5634650">
    <ele>1894.2</ele>
   </trkpt>
   <trkpt lat="45.8848990" lon="6.5634800">
    <ele>1893.6</ele>
   </trkpt>
   <trkpt lat="45.8848800" lon="6.5634970">
    <ele>1892.4</ele>
   </trkpt>
   <trkpt lat="45.8848610" lon="6.5635130">
    <ele>1891.2</ele>
   </trkpt>
   <trkpt lat="45.8848460" lon="6.5635270">
    <ele>1889.8</ele>
   </trkpt>
   <trkpt lat="45.8848160" lon="6.5635540">
    <ele>1888.0</ele>
   </trkpt>
   <trkpt lat="45.8848060" lon="6.5635750">
    <ele>1886.8</ele>
   </trkpt>
   <trkpt lat="45.8847870" lon="6.5636120">
    <ele>1885.2</ele>
   </trkpt>
   <trkpt lat="45.8847760" lon="6.5636580">
    <ele>1884.0</ele>
   </trkpt>
   <trkpt lat="45.8847610" lon="6.5637050">
    <ele>1882.0</ele>
   </trkpt>
   <trkpt lat="45.8847570" lon="6.5637300">
    <ele>1881.0</ele>
   </trkpt>
   <trkpt lat="45.8847500" lon="6.5637540">
    <ele>1880.0</ele>
   </trkpt>
   <trkpt lat="45.8847330" lon="6.5637980">
    <ele>1878.4</ele>
   </trkpt>
   <trkpt lat="45.8847140" lon="6.5638710">
    <ele>1876.8</ele>
   </trkpt>
   <trkpt lat="45.8847020" lon="6.5639260">
    <ele>1875.8</ele>
   </trkpt>
   <trkpt lat="45.8846960" lon="6.5639570">
    <ele>1874.6</ele>
   </trkpt>
   <trkpt lat="45.8846860" lon="6.5640220">
    <ele>1873.2</ele>
   </trkpt>
   <trkpt lat="45.8846850" lon="6.5640590">
    <ele>1872.0</ele>
   </trkpt>
   <trkpt lat="45.8846960" lon="6.5641100">
    <ele>1870.6</ele>
   </trkpt>
   <trkpt lat="45.8847000" lon="6.5641280">
    <ele>1870.2</ele>
   </trkpt>
   <trkpt lat="45.8846980" lon="6.5641650">
    <ele>1869.4</ele>
   </trkpt>
   <trkpt lat="45.8846870" lon="6.5641750">
    <ele>1869.0</ele>
   </trkpt>
   <trkpt lat="45.8846710" lon="6.5641730">
    <ele>1869.0</ele>
   </trkpt>
   <trkpt lat="45.8846570" lon="6.5641600">
    <ele>1868.2</ele>
   </trkpt>
   <trkpt lat="45.8846220" lon="6.5641380">
    <ele>1867.0</ele>
   </trkpt>
   <trkpt lat="45.8846050" lon="6.5641330">
    <ele>1866.0</ele>
   </trkpt>
   <trkpt lat="45.8845890" lon="6.5641250">
    <ele>1865.4</ele>
   </trkpt>
   <trkpt lat="45.8845740" lon="6.5641100">
    <ele>1864.6</ele>
   </trkpt>
   <trkpt lat="45.8845450" lon="6.5640810">
    <ele>1863.4</ele>
   </trkpt>
   <trkpt lat="45.8845170" lon="6.5640780">
    <ele>1862.4</ele>
   </trkpt>
   <trkpt lat="45.8844850" lon="6.5640820">
    <ele>1861.2</ele>
   </trkpt>
   <trkpt lat="45.8844690" lon="6.5640810">
    <ele>1860.2</ele>
   </trkpt>
   <trkpt lat="45.8844430" lon="6.5640780">
    <ele>1858.6</ele>
   </trkpt>
   <trkpt lat="45.8844330" lon="6.5640940">
    <ele>1857.8</ele>
   </trkpt>
   <trkpt lat="45.8844210" lon="6.5641210">
    <ele>1856.8</ele>
   </trkpt>
   <trkpt lat="45.8844030" lon="6.5641790">
    <ele>1855.0</ele>
   </trkpt>
   <trkpt lat="45.8843860" lon="6.5642390">
    <ele>1853.8</ele>
   </trkpt>
   <trkpt lat="45.8843580" lon="6.5642900">
    <ele>1852.6</ele>
   </trkpt>
   <trkpt lat="45.8843270" lon="6.5642950">
    <ele>1851.6</ele>
   </trkpt>
   <trkpt lat="45.8843090" lon="6.5642820">
    <ele>1850.8</ele>
   </trkpt>
   <trkpt lat="45.8842750" lon="6.5642380">
    <ele>1849.2</ele>
   </trkpt>
   <trkpt lat="45.8842350" lon="6.5642080">
    <ele>1848.0</ele>
   </trkpt>
   <trkpt lat="45.8842120" lon="6.5642130">
    <ele>1847.8</ele>
   </trkpt>
   <trkpt lat="45.8841890" lon="6.5642230">
    <ele>1847.0</ele>
   </trkpt>
   <trkpt lat="45.8841200" lon="6.5642670">
    <ele>1845.2</ele>
   </trkpt>
   <trkpt lat="45.8841030" lon="6.5642930">
    <ele>1844.0</ele>
   </trkpt>
   <trkpt lat="45.8840850" lon="6.5643130">
    <ele>1842.4</ele>
   </trkpt>
   <trkpt lat="45.8840600" lon="6.5643230">
    <ele>1841.2</ele>
   </trkpt>
   <trkpt lat="45.8840170" lon="6.5643410">
    <ele>1840.2</ele>
   </trkpt>
   <trkpt lat="45.8839970" lon="6.5643570">
    <ele>1839.2</ele>
   </trkpt>
   <trkpt lat="45.8839770" lon="6.5643750">
    <ele>1838.0</ele>
   </trkpt>
   <trkpt lat="45.8839380" lon="6.5643980">
    <ele>1836.6</ele>
   </trkpt>
   <trkpt lat="45.8839010" lon="6.5644220">
    <ele>1835.2</ele>
   </trkpt>
   <trkpt lat="45.8838850" lon="6.5644420">
    <ele>1834.6</ele>
   </trkpt>
   <trkpt lat="45.8838660" lon="6.5644660">
    <ele>1833.8</ele>
   </trkpt>
   <trkpt lat="45.8838260" lon="6.5645220">
    <ele>1832.0</ele>
   </trkpt>
   <trkpt lat="45.8837820" lon="6.5645750">
    <ele>1830.8</ele>
   </trkpt>
   <trkpt lat="45.8837690" lon="6.5646030">
    <ele>1829.6</ele>
   </trkpt>
   <trkpt lat="45.8837380" lon="6.5646570">
    <ele>1827.8</ele>
   </trkpt>
   <trkpt lat="45.8837180" lon="6.5647050">
    <ele>1826.2</ele>
   </trkpt>
   <trkpt lat="45.8836960" lon="6.5647450">
    <ele>1825.0</ele>
   </trkpt>
   <trkpt lat="45.8836850" lon="6.5647740">
    <ele>1824.4</ele>
   </trkpt>
   <trkpt lat="45.8836710" lon="6.5648430">
    <ele>1823.6</ele>
   </trkpt>
   <trkpt lat="45.8836570" lon="6.5649110">
    <ele>1822.4</ele>
   </trkpt>
   <trkpt lat="45.8836570" lon="6.5649830">
    <ele>1821.0</ele>
   </trkpt>
   <trkpt lat="45.8836610" lon="6.5650140">
    <ele>1820.6</ele>
   </trkpt>
   <trkpt lat="45.8836480" lon="6.5650710">
    <ele>1819.4</ele>
   </trkpt>
   <trkpt lat="45.8836270" lon="6.5651330">
    <ele>1818.2</ele>
   </trkpt>
   <trkpt lat="45.8836230" lon="6.5651590">
    <ele>1817.4</ele>
   </trkpt>
   <trkpt lat="45.8836210" lon="6.5651790">
    <ele>1816.4</ele>
   </trkpt>
   <trkpt lat="45.8836140" lon="6.5652220">
    <ele>1815.0</ele>
   </trkpt>
   <trkpt lat="45.8836060" lon="6.5652480">
    <ele>1813.8</ele>
   </trkpt>
   <trkpt lat="45.8835990" lon="6.5652680">
    <ele>1813.0</ele>
   </trkpt>
   <trkpt lat="45.8835850" lon="6.5652830">
    <ele>1812.6</ele>
   </trkpt>
   <trkpt lat="45.8835720" lon="6.5652850">
    <ele>1811.6</ele>
   </trkpt>
   <trkpt lat="45.8835600" lon="6.5652790">
    <ele>1810.8</ele>
   </trkpt>
   <trkpt lat="45.8835470" lon="6.5652730">
    <ele>1810.2</ele>
   </trkpt>
   <trkpt lat="45.8835330" lon="6.5652770">
    <ele>1809.4</ele>
   </trkpt>
   <trkpt lat="45.8835040" lon="6.5653080">
    <ele>1808.0</ele>
   </trkpt>
   <trkpt lat="45.8834880" lon="6.5653580">
    <ele>1806.4</ele>
   </trkpt>
   <trkpt lat="45.8834870" lon="6.5654130">
    <ele>1805.6</ele>
   </trkpt>
   <trkpt lat="45.8834860" lon="6.5654630">
    <ele>1804.8</ele>
   </trkpt>
   <trkpt lat="45.8834680" lon="6.5655660">
    <ele>1803.2</ele>
   </trkpt>
   <trkpt lat="45.8834580" lon="6.5656190">
    <ele>1802.8</ele>
   </trkpt>
   <trkpt lat="45.8834640" lon="6.5656910">
    <ele>1802.2</ele>
   </trkpt>
   <trkpt lat="45.8834630" lon="6.5657110">
    <ele>1801.0</ele>
   </trkpt>
   <trkpt lat="45.8834620" lon="6.5657740">
    <ele>1800.2</ele>
   </trkpt>
   <trkpt lat="45.8834620" lon="6.5658130">
    <ele>1800.0</ele>
   </trkpt>
   <trkpt lat="45.8834530" lon="6.5658940">
    <ele>1798.8</ele>
   </trkpt>
   <trkpt lat="45.8834290" lon="6.5659550">
    <ele>1798.2</ele>
   </trkpt>
   <trkpt lat="45.8834110" lon="6.5659750">
    <ele>1797.4</ele>
   </trkpt>
   <trkpt lat="45.8833940" lon="6.5660330">
    <ele>1796.2</ele>
   </trkpt>
   <trkpt lat="45.8833840" lon="6.5661120">
    <ele>1795.0</ele>
   </trkpt>
   <trkpt lat="45.8833860" lon="6.5661460">
    <ele>1794.8</ele>
   </trkpt>
   <trkpt lat="45.8833920" lon="6.5661750">
    <ele>1794.0</ele>
   </trkpt>
   <trkpt lat="45.8834070" lon="6.5662470">
    <ele>1792.6</ele>
   </trkpt>
   <trkpt lat="45.8834440" lon="6.5663260">
    <ele>1790.4</ele>
   </trkpt>
   <trkpt lat="45.8834670" lon="6.5664070">
    <ele>1789.2</ele>
   </trkpt>
   <trkpt lat="45.8834850" lon="6.5665330">
    <ele>1788.6</ele>
   </trkpt>
   <trkpt lat="45.8834980" lon="6.5666130">
    <ele>1787.8</ele>
   </trkpt>
   <trkpt lat="45.8835170" lon="6.5667110">
    <ele>1786.6</ele>
   </trkpt>
   <trkpt lat="45.8835310" lon="6.5667590">
    <ele>1785.4</ele>
   </trkpt>
   <trkpt lat="45.8835330" lon="6.5667990">
    <ele>1785.0</ele>
   </trkpt>
   <trkpt lat="45.8835330" lon="6.5668440">
    <ele>1784.4</ele>
   </trkpt>
   <trkpt lat="45.8835050" lon="6.5669920">
    <ele>1783.0</ele>
   </trkpt>
   <trkpt lat="45.8835070" lon="6.5671410">
    <ele>1780.8</ele>
   </trkpt>
   <trkpt lat="45.8835190" lon="6.5671760">
    <ele>1779.4</ele>
   </trkpt>
   <trkpt lat="45.8835510" lon="6.5672360">
    <ele>1778.0</ele>
   </trkpt>
   <trkpt lat="45.8835700" lon="6.5673000">
    <ele>1776.4</ele>
   </trkpt>
   <trkpt lat="45.8835620" lon="6.5673590">
    <ele>1775.2</ele>
   </trkpt>
   <trkpt lat="45.8835410" lon="6.5674350">
    <ele>1773.4</ele>
   </trkpt>
   <trkpt lat="45.8835010" lon="6.5674450">
    <ele>1772.4</ele>
   </trkpt>
   <trkpt lat="45.8834790" lon="6.5674590">
    <ele>1771.2</ele>
   </trkpt>
   <trkpt lat="45.8834420" lon="6.5674860">
    <ele>1769.2</ele>
   </trkpt>
   <trkpt lat="45.8834300" lon="6.5675040">
    <ele>1768.8</ele>
   </trkpt>
   <trkpt lat="45.8834200" lon="6.5675200">
    <ele>1768.0</ele>
   </trkpt>
   <trkpt lat="45.8833910" lon="6.5675350">
    <ele>1767.0</ele>
   </trkpt>
   <trkpt lat="45.8833720" lon="6.5675390">
    <ele>1766.4</ele>
   </trkpt>
   <trkpt lat="45.8833430" lon="6.5675700">
    <ele>1765.0</ele>
   </trkpt>
   <trkpt lat="45.8832960" lon="6.5676030">
    <ele>1763.4</ele>
   </trkpt>
   <trkpt lat="45.8832710" lon="6.5676500">
    <ele>1762.0</ele>
   </trkpt>
   <trkpt lat="45.8832580" lon="6.5677230">
    <ele>1760.8</ele>
   </trkpt>
   <trkpt lat="45.8832560" lon="6.5677560">
    <ele>1760.0</ele>
   </trkpt>
   <trkpt lat="45.8832510" lon="6.5677860">
    <ele>1759.4</ele>
   </trkpt>
   <trkpt lat="45.8832550" lon="6.5678270">
    <ele>1757.8</ele>
   </trkpt>
   <trkpt lat="45.8832510" lon="6.5678910">
    <ele>1756.8</ele>
   </trkpt>
   <trkpt lat="45.8832390" lon="6.5679080">
    <ele>1756.6</ele>
   </trkpt>
   <trkpt lat="45.8831700" lon="6.5679500">
    <ele>1755.4</ele>
   </trkpt>
   <trkpt lat="45.8831280" lon="6.5679670">
    <ele>1754.8</ele>
   </trkpt>
   <trkpt lat="45.8831090" lon="6.5679730">
    <ele>1754.2</ele>
   </trkpt>
   <trkpt lat="45.8830740" lon="6.5680040">
    <ele>1753.2</ele>
   </trkpt>
   <trkpt lat="45.8830500" lon="6.5680370">
    <ele>1751.8</ele>
   </trkpt>
   <trkpt lat="45.8830390" lon="6.5680570">
    <ele>1751.0</ele>
   </trkpt>
   <trkpt lat="45.8830240" lon="6.5680840">
    <ele>1750.6</ele>
   </trkpt>
   <trkpt lat="45.8830060" lon="6.5681400">
    <ele>1748.8</ele>
   </trkpt>
   <trkpt lat="45.8829970" lon="6.5681640">
    <ele>1748.0</ele>
   </trkpt>
   <trkpt lat="45.8829860" lon="6.5681920">
    <ele>1747.2</ele>
   </trkpt>
   <trkpt lat="45.8829710" lon="6.5682760">
    <ele>1746.2</ele>
   </trkpt>
   <trkpt lat="45.8829400" lon="6.5683880">
    <ele>1744.8</ele>
   </trkpt>
   <trkpt lat="45.8829110" lon="6.5684960">
    <ele>1743.0</ele>
   </trkpt>
   <trkpt lat="45.8828880" lon="6.5685710">
    <ele>1741.6</ele>
   </trkpt>
   <trkpt lat="45.8828510" lon="6.5686500">
    <ele>1740.6</ele>
   </trkpt>
   <trkpt lat="45.8828260" lon="6.5686940">
    <ele>1740.2</ele>
   </trkpt>
   <trkpt lat="45.8827610" lon="6.5688140">
    <ele>1739.4</ele>
   </trkpt>
   <trkpt lat="45.8826840" lon="6.5689600">
    <ele>1738.8</ele>
   </trkpt>
   <trkpt lat="45.8826540" lon="6.5690050">
    <ele>1738.4</ele>
   </trkpt>
   <trkpt lat="45.8825680" lon="6.5691540">
    <ele>1737.2</ele>
   </trkpt>
   <trkpt lat="45.8824980" lon="6.5693070">
    <ele>1736.6</ele>
   </trkpt>
   <trkpt lat="45.8823670" lon="6.5695050">
    <ele>1737.6</ele>
   </trkpt>
   <trkpt lat="45.8823330" lon="6.5695810">
    <ele>1737.6</ele>
   </trkpt>
   <trkpt lat="45.8822770" lon="6.5697740">
    <ele>1736.6</ele>
   </trkpt>
   <trkpt lat="45.8821710" lon="6.5698880">
    <ele>1736.2</ele>
   </trkpt>
   <trkpt lat="45.8821490" lon="6.5699160">
    <ele>1736.0</ele>
   </trkpt>
   <trkpt lat="45.8820260" lon="6.5700810">
    <ele>1735.4</ele>
   </trkpt>
   <trkpt lat="45.8819900" lon="6.5701390">
    <ele>1735.0</ele>
   </trkpt>
   <trkpt lat="45.8819680" lon="6.5701670">
    <ele>1734.6</ele>
   </trkpt>
   <trkpt lat="45.8819470" lon="6.5702030">
    <ele>1734.4</ele>
   </trkpt>
   <trkpt lat="45.8818990" lon="6.5702830">
    <ele>1734.0</ele>
   </trkpt>
   <trkpt lat="45.8818730" lon="6.5703260">
    <ele>1733.4</ele>
   </trkpt>
   <trkpt lat="45.8818480" lon="6.5703560">
    <ele>1732.8</ele>
   </trkpt>
   <trkpt lat="45.8817580" lon="6.5704190">
    <ele>1731.6</ele>
   </trkpt>
   <trkpt lat="45.8817340" lon="6.5704390">
    <ele>1731.4</ele>
   </trkpt>
   <trkpt lat="45.8816390" lon="6.5705200">
    <ele>1730.4</ele>
   </trkpt>
   <trkpt lat="45.8816270" lon="6.5705430">
    <ele>1730.0</ele>
   </trkpt>
   <trkpt lat="45.8815880" lon="6.5705500">
    <ele>1729.8</ele>
   </trkpt>
   <trkpt lat="45.8815230" lon="6.5705490">
    <ele>1729.2</ele>
   </trkpt>
   <trkpt lat="45.8814860" lon="6.5705700">
    <ele>1728.2</ele>
   </trkpt>
   <trkpt lat="45.8814710" lon="6.5705720">
    <ele>1727.8</ele>
   </trkpt>
   <trkpt lat="45.8814360" lon="6.5705860">
    <ele>1726.8</ele>
   </trkpt>
   <trkpt lat="45.8813860" lon="6.5706210">
    <ele>1725.2</ele>
   </trkpt>
   <trkpt lat="45.8812890" lon="6.5706900">
    <ele>1724.0</ele>
   </trkpt>
   <trkpt lat="45.8812590" lon="6.5707140">
    <ele>1723.4</ele>
   </trkpt>
   <trkpt lat="45.8812240" lon="6.5707240">
    <ele>1722.6</ele>
   </trkpt>
   <trkpt lat="45.8811560" lon="6.5707330">
    <ele>1721.6</ele>
   </trkpt>
   <trkpt lat="45.8811230" lon="6.5707650">
    <ele>1721.2</ele>
   </trkpt>
   <trkpt lat="45.8810270" lon="6.5708550">
    <ele>1720.6</ele>
   </trkpt>
   <trkpt lat="45.8809990" lon="6.5708860">
    <ele>1720.4</ele>
   </trkpt>
   <trkpt lat="45.8809060" lon="6.5709620">
    <ele>1720.8</ele>
   </trkpt>
   <trkpt lat="45.8808840" lon="6.5709580">
    <ele>1721.0</ele>
   </trkpt>
   <trkpt lat="45.8808510" lon="6.5709480">
    <ele>1722.0</ele>
   </trkpt>
   <trkpt lat="45.8808140" lon="6.5709610">
    <ele>1723.0</ele>
   </trkpt>
   <trkpt lat="45.8807980" lon="6.5709700">
    <ele>1723.4</ele>
   </trkpt>
   <trkpt lat="45.8807640" lon="6.5709790">
    <ele>1724.4</ele>
   </trkpt>
   <trkpt lat="45.8806990" lon="6.5709810">
    <ele>1725.2</ele>
   </trkpt>
   <trkpt lat="45.8806780" lon="6.5709830">
    <ele>1725.6</ele>
   </trkpt>
   <trkpt lat="45.8805580" lon="6.5710060">
    <ele>1726.4</ele>
   </trkpt>
   <trkpt lat="45.8805160" lon="6.5710020">
    <ele>1727.0</ele>
   </trkpt>
   <trkpt lat="45.8804550" lon="6.5709600">
    <ele>1728.0</ele>
   </trkpt>
   <trkpt lat="45.8803560" lon="6.5709400">
    <ele>1728.8</ele>
   </trkpt>
   <trkpt lat="45.8803310" lon="6.5709330">
    <ele>1729.0</ele>
   </trkpt>
   <trkpt lat="45.8802740" lon="6.5709370">
    <ele>1729.2</ele>
   </trkpt>
   <trkpt lat="45.8801100" lon="6.5710280">
    <ele>1730.0</ele>
   </trkpt>
   <trkpt lat="45.8800530" lon="6.5710850">
    <ele>1730.2</ele>
   </trkpt>
   <trkpt lat="45.8799290" lon="6.5712340">
    <ele>1729.0</ele>
   </trkpt>
   <trkpt lat="45.8799110" lon="6.5712290">
    <ele>1729.0</ele>
   </trkpt>
   <trkpt lat="45.8798300" lon="6.5712260">
    <ele>1727.8</ele>
   </trkpt>
   <trkpt lat="45.8797600" lon="6.5712170">
    <ele>1727.0</ele>
   </trkpt>
   <trkpt lat="45.8797350" lon="6.5712290">
    <ele>1726.8</ele>
   </trkpt>
   <trkpt lat="45.8796830" lon="6.5712720">
    <ele>1725.8</ele>
   </trkpt>
   <trkpt lat="45.8796340" lon="6.5713150">
    <ele>1725.0</ele>
   </trkpt>
   <trkpt lat="45.8795530" lon="6.5713620">
    <ele>1724.4</ele>
   </trkpt>
   <trkpt lat="45.8794440" lon="6.5714110">
    <ele>1724.2</ele>
   </trkpt>
   <trkpt lat="45.8794240" lon="6.5714160">
    <ele>1725.0</ele>
   </trkpt>
   <trkpt lat="45.8794150" lon="6.5714120">
    <ele>1725.2</ele>
   </trkpt>
   <trkpt lat="45.8794170" lon="6.5714010">
    <ele>1723.8</ele>
   </trkpt>
   <trkpt lat="45.8794160" lon="6.5713980">
    <ele>1723.4</ele>
   </trkpt>
   <trkpt lat="45.8794190" lon="6.5713960">
    <ele>1722.6</ele>
   </trkpt>
   <trkpt lat="45.8794190" lon="6.5713960">
    <ele>1722.6</ele>
   </trkpt>
   <trkpt lat="45.8794190" lon="6.5713960">
    <ele>1722.4</ele>
   </trkpt>
   <trkpt lat="45.8794170" lon="6.5713960">
    <ele>1722.4</ele>
   </trkpt>
   <trkpt lat="45.8794150" lon="6.5713910">
    <ele>1722.2</ele>
   </trkpt>
   <trkpt lat="45.8794150" lon="6.5713900">
    <ele>1721.4</ele>
   </trkpt>
   <trkpt lat="45.8794150" lon="6.5713890">
    <ele>1721.0</ele>
   </trkpt>
   <trkpt lat="45.8794140" lon="6.5713890">
    <ele>1721.0</ele>
   </trkpt>
   <trkpt lat="45.8794120" lon="6.5713880">
    <ele>1720.6</ele>
   </trkpt>
   <trkpt lat="45.8794120" lon="6.5713870">
    <ele>1720.2</ele>
   </trkpt>
   <trkpt lat="45.8794120" lon="6.5713880">
    <ele>1720.2</ele>
   </trkpt>
   <trkpt lat="45.8794120" lon="6.5713880">
    <ele>1720.2</ele>
   </trkpt>
   <trkpt lat="45.8794120" lon="6.5713880">
    <ele>1720.2</ele>
   </trkpt>
   <trkpt lat="45.8794070" lon="6.5713870">
    <ele>1720.2</ele>
   </trkpt>
   <trkpt lat="45.8793330" lon="6.5713540">
    <ele>1720.4</ele>
   </trkpt>
   <trkpt lat="45.8791910" lon="6.5713720">
    <ele>1721.4</ele>
   </trkpt>
   <trkpt lat="45.8791650" lon="6.5713790">
    <ele>1721.4</ele>
   </trkpt>
   <trkpt lat="45.8790890" lon="6.5714040">
    <ele>1722.4</ele>
   </trkpt>
   <trkpt lat="45.8790200" lon="6.5714500">
    <ele>1723.6</ele>
   </trkpt>
   <trkpt lat="45.8789820" lon="6.5714680">
    <ele>1723.8</ele>
   </trkpt>
   <trkpt lat="45.8789020" lon="6.5715110">
    <ele>1724.6</ele>
   </trkpt>
   <trkpt lat="45.8788880" lon="6.5715180">
    <ele>1725.0</ele>
   </trkpt>
   <trkpt lat="45.8788490" lon="6.5715350">
    <ele>1725.6</ele>
   </trkpt>
   <trkpt lat="45.8787990" lon="6.5715370">
    <ele>1727.2</ele>
   </trkpt>
   <trkpt lat="45.8787770" lon="6.5715360">
    <ele>1728.4</ele>
   </trkpt>
   <trkpt lat="45.8787660" lon="6.5715360">
    <ele>1728.8</ele>
   </trkpt>
   <trkpt lat="45.8787270" lon="6.5715300">
    <ele>1729.4</ele>
   </trkpt>
   <trkpt lat="45.8786400" lon="6.5715090">
    <ele>1730.6</ele>
   </trkpt>
   <trkpt lat="45.8786240" lon="6.5715050">
    <ele>1730.8</ele>
   </trkpt>
   <trkpt lat="45.8785540" lon="6.5714790">
    <ele>1730.8</ele>
   </trkpt>
   <trkpt lat="45.8785430" lon="6.5714750">
    <ele>1731.0</ele>
   </trkpt>
   <trkpt lat="45.8785220" lon="6.5714770">
    <ele>1731.2</ele>
   </trkpt>
   <trkpt lat="45.8785020" lon="6.5714710">
    <ele>1731.8</ele>
   </trkpt>
   <trkpt lat="45.8784850" lon="6.5714600">
    <ele>1732.2</ele>
   </trkpt>
   <trkpt lat="45.8784650" lon="6.5714520">
    <ele>1732.8</ele>
   </trkpt>
   <trkpt lat="45.8784360" lon="6.5714480">
    <ele>1733.2</ele>
   </trkpt>
   <trkpt lat="45.8784260" lon="6.5714480">
    <ele>1733.4</ele>
   </trkpt>
   <trkpt lat="45.8784050" lon="6.5714440">
    <ele>1733.6</ele>
   </trkpt>
   <trkpt lat="45.8783700" lon="6.5714380">
    <ele>1734.0</ele>
   </trkpt>
   <trkpt lat="45.8783050" lon="6.5714260">
    <ele>1735.0</ele>
   </trkpt>
   <trkpt lat="45.8782880" lon="6.5714240">
    <ele>1735.4</ele>
   </trkpt>
   <trkpt lat="45.8782660" lon="6.5714310">
    <ele>1735.8</ele>
   </trkpt>
   <trkpt lat="45.8782600" lon="6.5714320">
    <ele>1736.0</ele>
   </trkpt>
   <trkpt lat="45.8782490" lon="6.5714310">
    <ele>1736.4</ele>
   </trkpt>
   <trkpt lat="45.8782120" lon="6.5714370">
    <ele>1737.0</ele>
   </trkpt>
   <trkpt lat="45.8782020" lon="6.5714350">
    <ele>1737.2</ele>
   </trkpt>
   <trkpt lat="45.8781910" lon="6.5714310">
    <ele>1737.2</ele>
   </trkpt>
   <trkpt lat="45.8781650" lon="6.5714190">
    <ele>1737.6</ele>
   </trkpt>
   <trkpt lat="45.8781210" lon="6.5714130">
    <ele>1738.6</ele>
   </trkpt>
   <trkpt lat="45.8781120" lon="6.5714130">
    <ele>1738.8</ele>
   </trkpt>
   <trkpt lat="45.8781010" lon="6.5714100">
    <ele>1739.0</ele>
   </trkpt>
   <trkpt lat="45.8780530" lon="6.5714130">
    <ele>1739.8</ele>
   </trkpt>
   <trkpt lat="45.8780390" lon="6.5714160">
    <ele>1740.0</ele>
   </trkpt>
   <trkpt lat="45.8780120" lon="6.5714280">
    <ele>1740.2</ele>
   </trkpt>
   <trkpt lat="45.8778790" lon="6.5714410">
    <ele>1740.4</ele>
   </trkpt>
   <trkpt lat="45.8778610" lon="6.5714460">
    <ele>1740.4</ele>
   </trkpt>
   <trkpt lat="45.8778360" lon="6.5714520">
    <ele>1740.4</ele>
   </trkpt>
   <trkpt lat="45.8776950" lon="6.5714750">
    <ele>1740.6</ele>
   </trkpt>
   <trkpt lat="45.8776340" lon="6.5714750">
    <ele>1741.0</ele>
   </trkpt>
   <trkpt lat="45.8775800" lon="6.5714830">
    <ele>1741.6</ele>
   </trkpt>
   <trkpt lat="45.8775480" lon="6.5714950">
    <ele>1742.2</ele>
   </trkpt>
   <trkpt lat="45.8774860" lon="6.5715110">
    <ele>1743.4</ele>
   </trkpt>
   <trkpt lat="45.8774450" lon="6.5715210">
    <ele>1744.0</ele>
   </trkpt>
   <trkpt lat="45.8774320" lon="6.5715250">
    <ele>1744.4</ele>
   </trkpt>
   <trkpt lat="45.8773840" lon="6.5715460">
    <ele>1745.4</ele>
   </trkpt>
   <trkpt lat="45.8773540" lon="6.5715670">
    <ele>1746.2</ele>
   </trkpt>
   <trkpt lat="45.8773420" lon="6.5715780">
    <ele>1746.4</ele>
   </trkpt>
   <trkpt lat="45.8773340" lon="6.5715860">
    <ele>1746.6</ele>
   </trkpt>
   <trkpt lat="45.8773020" lon="6.5716090">
    <ele>1747.0</ele>
   </trkpt>
   <trkpt lat="45.8772440" lon="6.5716480">
    <ele>1747.6</ele>
   </trkpt>
   <trkpt lat="45.8771970" lon="6.5716380">
    <ele>1748.6</ele>
   </trkpt>
   <trkpt lat="45.8771870" lon="6.5716290">
    <ele>1749.0</ele>
   </trkpt>
   <trkpt lat="45.8771590" lon="6.5715940">
    <ele>1749.8</ele>
   </trkpt>
   <trkpt lat="45.8771200" lon="6.5715360">
    <ele>1750.8</ele>
   </trkpt>
   <trkpt lat="45.8771140" lon="6.5715270">
    <ele>1751.2</ele>
   </trkpt>
   <trkpt lat="45.8771020" lon="6.5715160">
    <ele>1751.4</ele>
   </trkpt>
   <trkpt lat="45.8770850" lon="6.5714950">
    <ele>1752.0</ele>
   </trkpt>
   <trkpt lat="45.8770790" lon="6.5714810">
    <ele>1752.2</ele>
   </trkpt>
   <trkpt lat="45.8770480" lon="6.5714120">
    <ele>1753.0</ele>
   </trkpt>
   <trkpt lat="45.8770260" lon="6.5713800">
    <ele>1753.4</ele>
   </trkpt>
   <trkpt lat="45.8770170" lon="6.5713070">
    <ele>1754.0</ele>
   </trkpt>
   <trkpt lat="45.8769990" lon="6.5712430">
    <ele>1754.4</ele>
   </trkpt>
   <trkpt lat="45.8769100" lon="6.5710960">
    <ele>1754.6</ele>
   </trkpt>
   <trkpt lat="45.8767940" lon="6.5709270">
    <ele>1753.8</ele>
   </trkpt>
   <trkpt lat="45.8767300" lon="6.5708670">
    <ele>1754.0</ele>
   </trkpt>
   <trkpt lat="45.8766030" lon="6.5707350">
    <ele>1753.6</ele>
   </trkpt>
   <trkpt lat="45.8765590" lon="6.5706710">
    <ele>1753.2</ele>
   </trkpt>
   <trkpt lat="45.8765420" lon="6.5706470">
    <ele>1753.0</ele>
   </trkpt>
   <trkpt lat="45.8765120" lon="6.5705800">
    <ele>1752.0</ele>
   </trkpt>
   <trkpt lat="45.8764800" lon="6.5704840">
    <ele>1751.2</ele>
   </trkpt>
   <trkpt lat="45.8764720" lon="6.5704520">
    <ele>1750.8</ele>
   </trkpt>
   <trkpt lat="45.8764460" lon="6.5702980">
    <ele>1749.8</ele>
   </trkpt>
   <trkpt lat="45.8764240" lon="6.5702390">
    <ele>1748.8</ele>
   </trkpt>
   <trkpt lat="45.8764010" lon="6.5702080">
    <ele>1748.4</ele>
   </trkpt>
   <trkpt lat="45.8763730" lon="6.5701610">
    <ele>1747.4</ele>
   </trkpt>
   <trkpt lat="45.8763360" lon="6.5700920">
    <ele>1746.0</ele>
   </trkpt>
   <trkpt lat="45.8763270" lon="6.5700620">
    <ele>1745.2</ele>
   </trkpt>
   <trkpt lat="45.8763150" lon="6.5700120">
    <ele>1744.6</ele>
   </trkpt>
   <trkpt lat="45.8762880" lon="6.5698940">
    <ele>1743.4</ele>
   </trkpt>
   <trkpt lat="45.8762520" lon="6.5697790">
    <ele>1742.4</ele>
   </trkpt>
   <trkpt lat="45.8762310" lon="6.5697550">
    <ele>1742.2</ele>
   </trkpt>
   <trkpt lat="45.8761680" lon="6.5696530">
    <ele>1741.0</ele>
   </trkpt>
   <trkpt lat="45.8761320" lon="6.5695790">
    <ele>1739.8</ele>
   </trkpt>
   <trkpt lat="45.8761060" lon="6.5695090">
    <ele>1738.8</ele>
   </trkpt>
   <trkpt lat="45.8760760" lon="6.5693970">
    <ele>1737.2</ele>
   </trkpt>
   <trkpt lat="45.8760320" lon="6.5693450">
    <ele>1736.2</ele>
   </trkpt>
   <trkpt lat="45.8759750" lon="6.5693070">
    <ele>1735.0</ele>
   </trkpt>
   <trkpt lat="45.8758890" lon="6.5692450">
    <ele>1733.6</ele>
   </trkpt>
   <trkpt lat="45.8758620" lon="6.5692310">
    <ele>1732.8</ele>
   </trkpt>
   <trkpt lat="45.8758400" lon="6.5692160">
    <ele>1732.4</ele>
   </trkpt>
   <trkpt lat="45.8757950" lon="6.5691700">
    <ele>1731.2</ele>
   </trkpt>
   <trkpt lat="45.8757620" lon="6.5691090">
    <ele>1730.0</ele>
   </trkpt>
   <trkpt lat="45.8757320" lon="6.5690010">
    <ele>1728.8</ele>
   </trkpt>
   <trkpt lat="45.8757190" lon="6.5689250">
    <ele>1727.4</ele>
   </trkpt>
   <trkpt lat="45.8757110" lon="6.5688690">
    <ele>1726.8</ele>
   </trkpt>
   <trkpt lat="45.8757060" lon="6.5688180">
    <ele>1726.0</ele>
   </trkpt>
   <trkpt lat="45.8756370" lon="6.5686840">
    <ele>1724.8</ele>
   </trkpt>
   <trkpt lat="45.8756030" lon="6.5686540">
    <ele>1724.6</ele>
   </trkpt>
   <trkpt lat="45.8754960" lon="6.5686130">
    <ele>1724.0</ele>
   </trkpt>
   <trkpt lat="45.8754190" lon="6.5685910">
    <ele>1723.6</ele>
   </trkpt>
   <trkpt lat="45.8752440" lon="6.5685420">
    <ele>1723.0</ele>
   </trkpt>
   <trkpt lat="45.8750680" lon="6.5685010">
    <ele>1722.8</ele>
   </trkpt>
   <trkpt lat="45.8750350" lon="6.5685060">
    <ele>1723.0</ele>
   </trkpt>
   <trkpt lat="45.8748680" lon="6.5685350">
    <ele>1724.4</ele>
   </trkpt>
   <trkpt lat="45.8748250" lon="6.5685180">
    <ele>1725.2</ele>
   </trkpt>
   <trkpt lat="45.8746710" lon="6.5684330">
    <ele>1726.2</ele>
   </trkpt>
   <trkpt lat="45.8746430" lon="6.5684200">
    <ele>1726.4</ele>
   </trkpt>
   <trkpt lat="45.8745850" lon="6.5684170">
    <ele>1726.8</ele>
   </trkpt>
   <trkpt lat="45.8745530" lon="6.5684370">
    <ele>1727.6</ele>
   </trkpt>
   <trkpt lat="45.8745370" lon="6.5684460">
    <ele>1728.0</ele>
   </trkpt>
   <trkpt lat="45.8745110" lon="6.5684600">
    <ele>1728.8</ele>
   </trkpt>
   <trkpt lat="45.8744920" lon="6.5684630">
    <ele>1729.0</ele>
   </trkpt>
   <trkpt lat="45.8744490" lon="6.5684470">
    <ele>1729.8</ele>
   </trkpt>
   <trkpt lat="45.8743980" lon="6.5684010">
    <ele>1730.2</ele>
   </trkpt>
   <trkpt lat="45.8743750" lon="6.5683690">
    <ele>1730.6</ele>
   </trkpt>
   <trkpt lat="45.8743490" lon="6.5682750">
    <ele>1730.8</ele>
   </trkpt>
   <trkpt lat="45.8742970" lon="6.5681740">
    <ele>1731.0</ele>
   </trkpt>
   <trkpt lat="45.8742680" lon="6.5681290">
    <ele>1731.6</ele>
   </trkpt>
   <trkpt lat="45.8742300" lon="6.5680870">
    <ele>1732.2</ele>
   </trkpt>
   <trkpt lat="45.8741820" lon="6.5680470">
    <ele>1733.0</ele>
   </trkpt>
   <trkpt lat="45.8741670" lon="6.5680310">
    <ele>1733.4</ele>
   </trkpt>
   <trkpt lat="45.8741550" lon="6.5680200">
    <ele>1733.6</ele>
   </trkpt>
   <trkpt lat="45.8741240" lon="6.5679860">
    <ele>1734.4</ele>
   </trkpt>
   <trkpt lat="45.8741170" lon="6.5679790">
    <ele>1734.8</ele>
   </trkpt>
   <trkpt lat="45.8740960" lon="6.5679640">
    <ele>1735.6</ele>
   </trkpt>
   <trkpt lat="45.8740610" lon="6.5679490">
    <ele>1736.8</ele>
   </trkpt>
   <trkpt lat="45.8740490" lon="6.5679420">
    <ele>1737.2</ele>
   </trkpt>
   <trkpt lat="45.8740070" lon="6.5679330">
    <ele>1738.2</ele>
   </trkpt>
   <trkpt lat="45.8739520" lon="6.5679170">
    <ele>1739.2</ele>
   </trkpt>
   <trkpt lat="45.8739120" lon="6.5679140">
    <ele>1739.4</ele>
   </trkpt>
   <trkpt lat="45.8738420" lon="6.5679250">
    <ele>1740.4</ele>
   </trkpt>
   <trkpt lat="45.8737720" lon="6.5679220">
    <ele>1741.6</ele>
   </trkpt>
   <trkpt lat="45.8737290" lon="6.5679220">
    <ele>1742.2</ele>
   </trkpt>
   <trkpt lat="45.8736820" lon="6.5679080">
    <ele>1742.8</ele>
   </trkpt>
   <trkpt lat="45.8735550" lon="6.5678480">
    <ele>1743.4</ele>
   </trkpt>
   <trkpt lat="45.8734070" lon="6.5677310">
    <ele>1743.2</ele>
   </trkpt>
   <trkpt lat="45.8733870" lon="6.5677100">
    <ele>1743.2</ele>
   </trkpt>
   <trkpt lat="45.8733020" lon="6.5676160">
    <ele>1744.0</ele>
   </trkpt>
   <trkpt lat="45.8732270" lon="6.5675470">
    <ele>1745.0</ele>
   </trkpt>
   <trkpt lat="45.8732060" lon="6.5675260">
    <ele>1745.2</ele>
   </trkpt>
   <trkpt lat="45.8731520" lon="6.5674930">
    <ele>1746.2</ele>
   </trkpt>
   <trkpt lat="45.8730930" lon="6.5674560">
    <ele>1746.8</ele>
   </trkpt>
   <trkpt lat="45.8730360" lon="6.5674390">
    <ele>1747.4</ele>
   </trkpt>
   <trkpt lat="45.8729780" lon="6.5674230">
    <ele>1748.6</ele>
   </trkpt>
   <trkpt lat="45.8729650" lon="6.5674200">
    <ele>1748.8</ele>
   </trkpt>
   <trkpt lat="45.8729080" lon="6.5674020">
    <ele>1749.6</ele>
   </trkpt>
   <trkpt lat="45.8728340" lon="6.5673530">
    <ele>1750.4</ele>
   </trkpt>
   <trkpt lat="45.8728220" lon="6.5673430">
    <ele>1750.8</ele>
   </trkpt>
   <trkpt lat="45.8727770" lon="6.5673140">
    <ele>1752.0</ele>
   </trkpt>
   <trkpt lat="45.8727520" lon="6.5673050">
    <ele>1752.8</ele>
   </trkpt>
   <trkpt lat="45.8727430" lon="6.5672990">
    <ele>1753.0</ele>
   </trkpt>
   <trkpt lat="45.8727130" lon="6.5672730">
    <ele>1754.2</ele>
   </trkpt>
   <trkpt lat="45.8726850" lon="6.5672580">
    <ele>1755.4</ele>
   </trkpt>
   <trkpt lat="45.8726540" lon="6.5672380">
    <ele>1756.4</ele>
   </trkpt>
   <trkpt lat="45.8726460" lon="6.5672310">
    <ele>1756.6</ele>
   </trkpt>
   <trkpt lat="45.8726300" lon="6.5671990">
    <ele>1757.4</ele>
   </trkpt>
   <trkpt lat="45.8726200" lon="6.5671620">
    <ele>1757.8</ele>
   </trkpt>
   <trkpt lat="45.8726110" lon="6.5671420">
    <ele>1757.8</ele>
   </trkpt>
   <trkpt lat="45.8725550" lon="6.5669940">
    <ele>1758.6</ele>
   </trkpt>
   <trkpt lat="45.8725390" lon="6.5669660">
    <ele>1758.6</ele>
   </trkpt>
   <trkpt lat="45.8724500" lon="6.5667710">
    <ele>1757.4</ele>
   </trkpt>
   <trkpt lat="45.8724320" lon="6.5667420">
    <ele>1757.2</ele>
   </trkpt>
   <trkpt lat="45.8723710" lon="6.5666420">
    <ele>1756.6</ele>
   </trkpt>
   <trkpt lat="45.8722690" lon="6.5665490">
    <ele>1755.6</ele>
   </trkpt>
   <trkpt lat="45.8721230" lon="6.5664640">
    <ele>1755.8</ele>
   </trkpt>
   <trkpt lat="45.8720750" lon="6.5664520">
    <ele>1756.2</ele>
   </trkpt>
   <trkpt lat="45.8719370" lon="6.5663940">
    <ele>1757.2</ele>
   </trkpt>
   <trkpt lat="45.8718980" lon="6.5663770">
    <ele>1757.8</ele>
   </trkpt>
   <trkpt lat="45.8718790" lon="6.5663740">
    <ele>1758.0</ele>
   </trkpt>
   <trkpt lat="45.8718410" lon="6.5663660">
    <ele>1758.8</ele>
   </trkpt>
   <trkpt lat="45.8717030" lon="6.5663610">
    <ele>1759.8</ele>
   </trkpt>
   <trkpt lat="45.8716510" lon="6.5663750">
    <ele>1759.8</ele>
   </trkpt>
   <trkpt lat="45.8715060" lon="6.5663590">
    <ele>1759.4</ele>
   </trkpt>
   <trkpt lat="45.8714800" lon="6.5663500">
    <ele>1759.4</ele>
   </trkpt>
   <trkpt lat="45.8713010" lon="6.5662980">
    <ele>1759.4</ele>
   </trkpt>
   <trkpt lat="45.8712790" lon="6.5663010">
    <ele>1759.4</ele>
   </trkpt>
   <trkpt lat="45.8712160" lon="6.5663080">
    <ele>1761.0</ele>
   </trkpt>
   <trkpt lat="45.8711680" lon="6.5662660">
    <ele>1762.0</ele>
   </trkpt>
   <trkpt lat="45.8711530" lon="6.5662370">
    <ele>1762.4</ele>
   </trkpt>
   <trkpt lat="45.8711290" lon="6.5662040">
    <ele>1762.8</ele>
   </trkpt>
   <trkpt lat="45.8711130" lon="6.5661670">
    <ele>1763.0</ele>
   </trkpt>
   <trkpt lat="45.8711050" lon="6.5661400">
    <ele>1763.2</ele>
   </trkpt>
   <trkpt lat="45.8710060" lon="6.5660720">
    <ele>1764.0</ele>
   </trkpt>
   <trkpt lat="45.8709850" lon="6.5660730">
    <ele>1764.2</ele>
   </trkpt>
   <trkpt lat="45.8708340" lon="6.5660980">
    <ele>1764.6</ele>
   </trkpt>
   <trkpt lat="45.8708060" lon="6.5661020">
    <ele>1764.4</ele>
   </trkpt>
   <trkpt lat="45.8706390" lon="6.5661280">
    <ele>1764.2</ele>
   </trkpt>
   <trkpt lat="45.8705900" lon="6.5661430">
    <ele>1764.4</ele>
   </trkpt>
   <trkpt lat="45.8704880" lon="6.5661970">
    <ele>1764.6</ele>
   </trkpt>
   <trkpt lat="45.8703810" lon="6.5662830">
    <ele>1763.0</ele>
   </trkpt>
   <trkpt lat="45.8703090" lon="6.5663780">
    <ele>1760.8</ele>
   </trkpt>
   <trkpt lat="45.8702880" lon="6.5664100">
    <ele>1759.8</ele>
   </trkpt>
   <trkpt lat="45.8702320" lon="6.5664910">
    <ele>1758.0</ele>
   </trkpt>
   <trkpt lat="45.8702080" lon="6.5665000">
    <ele>1757.6</ele>
   </trkpt>
   <trkpt lat="45.8701460" lon="6.5665080">
    <ele>1756.4</ele>
   </trkpt>
   <trkpt lat="45.8700820" lon="6.5665120">
    <ele>1754.8</ele>
   </trkpt>
   <trkpt lat="45.8700150" lon="6.5665070">
    <ele>1753.6</ele>
   </trkpt>
   <trkpt lat="45.8699480" lon="6.5665030">
    <ele>1752.6</ele>
   </trkpt>
   <trkpt lat="45.8698810" lon="6.5665070">
    <ele>1751.4</ele>
   </trkpt>
   <trkpt lat="45.8697820" lon="6.5665230">
    <ele>1750.2</ele>
   </trkpt>
   <trkpt lat="45.8697480" lon="6.5665300">
    <ele>1749.8</ele>
   </trkpt>
   <trkpt lat="45.8696830" lon="6.5665560">
    <ele>1749.0</ele>
   </trkpt>
   <trkpt lat="45.8695890" lon="6.5665890">
    <ele>1748.2</ele>
   </trkpt>
   <trkpt lat="45.8695590" lon="6.5665910">
    <ele>1747.8</ele>
   </trkpt>
   <trkpt lat="45.8695050" lon="6.5665980">
    <ele>1746.6</ele>
   </trkpt>
   <trkpt lat="45.8694220" lon="6.5666200">
    <ele>1745.6</ele>
   </trkpt>
   <trkpt lat="45.8693680" lon="6.5666400">
    <ele>1744.0</ele>
   </trkpt>
   <trkpt lat="45.8692940" lon="6.5666310">
    <ele>1742.4</ele>
   </trkpt>
   <trkpt lat="45.8692430" lon="6.5666160">
    <ele>1740.6</ele>
   </trkpt>
   <trkpt lat="45.8692130" lon="6.5666190">
    <ele>1739.4</ele>
   </trkpt>
   <trkpt lat="45.8691860" lon="6.5666230">
    <ele>1738.0</ele>
   </trkpt>
   <trkpt lat="45.8691560" lon="6.5666310">
    <ele>1736.8</ele>
   </trkpt>
   <trkpt lat="45.8691230" lon="6.5666390">
    <ele>1735.4</ele>
   </trkpt>
   <trkpt lat="45.8690860" lon="6.5666450">
    <ele>1734.0</ele>
   </trkpt>
   <trkpt lat="45.8690450" lon="6.5666540">
    <ele>1732.8</ele>
   </trkpt>
   <trkpt lat="45.8690060" lon="6.5666630">
    <ele>1731.4</ele>
   </trkpt>
   <trkpt lat="45.8689720" lon="6.5666630">
    <ele>1730.0</ele>
   </trkpt>
   <trkpt lat="45.8689350" lon="6.5666630">
    <ele>1728.8</ele>
   </trkpt>
   <trkpt lat="45.8688550" lon="6.5666560">
    <ele>1726.6</ele>
   </trkpt>
   <trkpt lat="45.8688160" lon="6.5666540">
    <ele>1725.6</ele>
   </trkpt>
   <trkpt lat="45.8687420" lon="6.5666760">
    <ele>1724.2</ele>
   </trkpt>
   <trkpt lat="45.8686670" lon="6.5666920">
    <ele>1722.8</ele>
   </trkpt>
   <trkpt lat="45.8685950" lon="6.5667150">
    <ele>1721.6</ele>
   </trkpt>
   <trkpt lat="45.8685080" lon="6.5667820">
    <ele>1720.8</ele>
   </trkpt>
   <trkpt lat="45.8684840" lon="6.5668080">
    <ele>1720.6</ele>
   </trkpt>
   <trkpt lat="45.8683970" lon="6.5669230">
    <ele>1720.6</ele>
   </trkpt>
   <trkpt lat="45.8683480" lon="6.5669920">
    <ele>1720.8</ele>
   </trkpt>
   <trkpt lat="45.8683300" lon="6.5670380">
    <ele>1721.0</ele>
   </trkpt>
   <trkpt lat="45.8683110" lon="6.5670850">
    <ele>1721.8</ele>
   </trkpt>
   <trkpt lat="45.8682610" lon="6.5671920">
    <ele>1722.6</ele>
   </trkpt>
   <trkpt lat="45.8682510" lon="6.5672140">
    <ele>1723.0</ele>
   </trkpt>
   <trkpt lat="45.8681950" lon="6.5673460">
    <ele>1724.2</ele>
   </trkpt>
   <trkpt lat="45.8681860" lon="6.5673660">
    <ele>1724.4</ele>
   </trkpt>
   <trkpt lat="45.8681370" lon="6.5674410">
    <ele>1725.6</ele>
   </trkpt>
   <trkpt lat="45.8680840" lon="6.5675110">
    <ele>1726.4</ele>
   </trkpt>
   <trkpt lat="45.8680720" lon="6.5675190">
    <ele>1726.8</ele>
   </trkpt>
   <trkpt lat="45.8680210" lon="6.5675490">
    <ele>1727.4</ele>
   </trkpt>
   <trkpt lat="45.8679950" lon="6.5675630">
    <ele>1727.4</ele>
   </trkpt>
   <trkpt lat="45.8679240" lon="6.5676040">
    <ele>1727.6</ele>
   </trkpt>
   <trkpt lat="45.8679090" lon="6.5676090">
    <ele>1727.8</ele>
   </trkpt>
   <trkpt lat="45.8678360" lon="6.5676460">
    <ele>1728.8</ele>
   </trkpt>
   <trkpt lat="45.8678120" lon="6.5676610">
    <ele>1729.4</ele>
   </trkpt>
   <trkpt lat="45.8677910" lon="6.5676740">
    <ele>1730.0</ele>
   </trkpt>
   <trkpt lat="45.8676990" lon="6.5677300">
    <ele>1731.0</ele>
   </trkpt>
   <trkpt lat="45.8676840" lon="6.5677350">
    <ele>1731.4</ele>
   </trkpt>
   <trkpt lat="45.8676660" lon="6.5677380">
    <ele>1732.0</ele>
   </trkpt>
   <trkpt lat="45.8676330" lon="6.5677360">
    <ele>1732.6</ele>
   </trkpt>
   <trkpt lat="45.8675840" lon="6.5677210">
    <ele>1733.2</ele>
   </trkpt>
   <trkpt lat="45.8675230" lon="6.5677080">
    <ele>1734.0</ele>
   </trkpt>
   <trkpt lat="45.8675030" lon="6.5677060">
    <ele>1734.2</ele>
   </trkpt>
   <trkpt lat="45.8674450" lon="6.5676970">
    <ele>1735.2</ele>
   </trkpt>
   <trkpt lat="45.8673720" lon="6.5676990">
    <ele>1736.2</ele>
   </trkpt>
   <trkpt lat="45.8673560" lon="6.5677020">
    <ele>1736.4</ele>
   </trkpt>
   <trkpt lat="45.8672920" lon="6.5677250">
    <ele>1737.4</ele>
   </trkpt>
   <trkpt lat="45.8672430" lon="6.5677320">
    <ele>1738.0</ele>
   </trkpt>
   <trkpt lat="45.8671850" lon="6.5677470">
    <ele>1738.4</ele>
   </trkpt>
   <trkpt lat="45.8670810" lon="6.5677570">
    <ele>1739.2</ele>
   </trkpt>
   <trkpt lat="45.8670640" lon="6.5677590">
    <ele>1739.2</ele>
   </trkpt>
   <trkpt lat="45.8670290" lon="6.5677650">
    <ele>1739.6</ele>
   </trkpt>
   <trkpt lat="45.8669170" lon="6.5677750">
    <ele>1740.0</ele>
   </trkpt>
   <trkpt lat="45.8668840" lon="6.5677720">
    <ele>1740.2</ele>
   </trkpt>
   <trkpt lat="45.8668500" lon="6.5677750">
    <ele>1740.6</ele>
   </trkpt>
   <trkpt lat="45.8668390" lon="6.5677810">
    <ele>1740.8</ele>
   </trkpt>
   <trkpt lat="45.8668040" lon="6.5677960">
    <ele>1741.6</ele>
   </trkpt>
   <trkpt lat="45.8667720" lon="6.5678090">
    <ele>1742.0</ele>
   </trkpt>
   <trkpt lat="45.8667580" lon="6.5678170">
    <ele>1742.2</ele>
   </trkpt>
   <trkpt lat="45.8666750" lon="6.5678560">
    <ele>1743.2</ele>
   </trkpt>
   <trkpt lat="45.8666260" lon="6.5678720">
    <ele>1744.2</ele>
   </trkpt>
   <trkpt lat="45.8666190" lon="6.5678800">
    <ele>1744.4</ele>
   </trkpt>
   <trkpt lat="45.8665780" lon="6.5679120">
    <ele>1745.0</ele>
   </trkpt>
   <trkpt lat="45.8665490" lon="6.5679410">
    <ele>1745.2</ele>
   </trkpt>
   <trkpt lat="45.8665400" lon="6.5679520">
    <ele>1745.4</ele>
   </trkpt>
   <trkpt lat="45.8664690" lon="6.5680410">
    <ele>1746.6</ele>
   </trkpt>
   <trkpt lat="45.8664450" lon="6.5680560">
    <ele>1747.0</ele>
   </trkpt>
   <trkpt lat="45.8664230" lon="6.5680710">
    <ele>1747.4</ele>
   </trkpt>
   <trkpt lat="45.8664000" lon="6.5680840">
    <ele>1747.8</ele>
   </trkpt>
   <trkpt lat="45.8663420" lon="6.5681100">
    <ele>1748.4</ele>
   </trkpt>
   <trkpt lat="45.8662910" lon="6.5681270">
    <ele>1748.8</ele>
   </trkpt>
   <trkpt lat="45.8662160" lon="6.5681420">
    <ele>1749.8</ele>
   </trkpt>
   <trkpt lat="45.8661530" lon="6.5681510">
    <ele>1750.4</ele>
   </trkpt>
   <trkpt lat="45.8660340" lon="6.5682200">
    <ele>1751.0</ele>
   </trkpt>
   <trkpt lat="45.8659860" lon="6.5682340">
    <ele>1751.2</ele>
   </trkpt>
   <trkpt lat="45.8659230" lon="6.5682140">
    <ele>1752.0</ele>
   </trkpt>
   <trkpt lat="45.8658890" lon="6.5681740">
    <ele>1752.6</ele>
   </trkpt>
   <trkpt lat="45.8658720" lon="6.5681480">
    <ele>1752.8</ele>
   </trkpt>
   <trkpt lat="45.8658370" lon="6.5680910">
    <ele>1753.2</ele>
   </trkpt>
   <trkpt lat="45.8657610" lon="6.5679910">
    <ele>1754.2</ele>
   </trkpt>
   <trkpt lat="45.8657260" lon="6.5679400">
    <ele>1754.4</ele>
   </trkpt>
   <trkpt lat="45.8656260" lon="6.5677490">
    <ele>1754.4</ele>
   </trkpt>
   <trkpt lat="45.8655630" lon="6.5676530">
    <ele>1754.2</ele>
   </trkpt>
   <trkpt lat="45.8654560" lon="6.5675080">
    <ele>1753.2</ele>
   </trkpt>
   <trkpt lat="45.8653910" lon="6.5674840">
    <ele>1752.0</ele>
   </trkpt>
   <trkpt lat="45.8652660" lon="6.5673720">
    <ele>1750.6</ele>
   </trkpt>
   <trkpt lat="45.8652020" lon="6.5672860">
    <ele>1750.0</ele>
   </trkpt>
   <trkpt lat="45.8651320" lon="6.5671900">
    <ele>1749.4</ele>
   </trkpt>
   <trkpt lat="45.8650610" lon="6.5670330">
    <ele>1748.4</ele>
   </trkpt>
   <trkpt lat="45.8650090" lon="6.5669650">
    <ele>1747.8</ele>
   </trkpt>
   <trkpt lat="45.8649820" lon="6.5669360">
    <ele>1747.4</ele>
   </trkpt>
   <trkpt lat="45.8648970" lon="6.5668470">
    <ele>1746.8</ele>
   </trkpt>
   <trkpt lat="45.8648000" lon="6.5667760">
    <ele>1746.2</ele>
   </trkpt>
   <trkpt lat="45.8646160" lon="6.5666850">
    <ele>1745.2</ele>
   </trkpt>
   <trkpt lat="45.8645490" lon="6.5666150">
    <ele>1745.0</ele>
   </trkpt>
   <trkpt lat="45.8644520" lon="6.5665180">
    <ele>1744.6</ele>
   </trkpt>
   <trkpt lat="45.8643910" lon="6.5664420">
    <ele>1744.6</ele>
   </trkpt>
   <trkpt lat="45.8643860" lon="6.5664090">
    <ele>1744.6</ele>
   </trkpt>
   <trkpt lat="45.8643860" lon="6.5662990">
    <ele>1744.8</ele>
   </trkpt>
   <trkpt lat="45.8643910" lon="6.5662660">
    <ele>1745.2</ele>
   </trkpt>
   <trkpt lat="45.8644480" lon="6.5660310">
    <ele>1745.6</ele>
   </trkpt>
   <trkpt lat="45.8644520" lon="6.5659880">
    <ele>1745.4</ele>
   </trkpt>
   <trkpt lat="45.8644560" lon="6.5657910">
    <ele>1743.8</ele>
   </trkpt>
   <trkpt lat="45.8644470" lon="6.5656990">
    <ele>1743.2</ele>
   </trkpt>
   <trkpt lat="45.8644280" lon="6.5654330">
    <ele>1744.0</ele>
   </trkpt>
   <trkpt lat="45.8644210" lon="6.5653880">
    <ele>1744.2</ele>
   </trkpt>
   <trkpt lat="45.8643710" lon="6.5651660">
    <ele>1744.0</ele>
   </trkpt>
   <trkpt lat="45.8642860" lon="6.5649050">
    <ele>1743.6</ele>
   </trkpt>
   <trkpt lat="45.8642610" lon="6.5648220">
    <ele>1743.6</ele>
   </trkpt>
   <trkpt lat="45.8641920" lon="6.5646100">
    <ele>1743.8</ele>
   </trkpt>
   <trkpt lat="45.8641520" lon="6.5644900">
    <ele>1743.2</ele>
   </trkpt>
   <trkpt lat="45.8641170" lon="6.5643760">
    <ele>1743.0</ele>
   </trkpt>
   <trkpt lat="45.8640340" lon="6.5641820">
    <ele>1742.8</ele>
   </trkpt>
   <trkpt lat="45.8639040" lon="6.5639820">
    <ele>1741.6</ele>
   </trkpt>
   <trkpt lat="45.8638880" lon="6.5639470">
    <ele>1741.6</ele>
   </trkpt>
   <trkpt lat="45.8637430" lon="6.5637600">
    <ele>1741.0</ele>
   </trkpt>
   <trkpt lat="45.8635890" lon="6.5635860">
    <ele>1741.6</ele>
   </trkpt>
   <trkpt lat="45.8635180" lon="6.5634850">
    <ele>1741.8</ele>
   </trkpt>
   <trkpt lat="45.8634050" lon="6.5633090">
    <ele>1743.0</ele>
   </trkpt>
   <trkpt lat="45.8633950" lon="6.5632740">
    <ele>1743.6</ele>
   </trkpt>
   <trkpt lat="45.8633840" lon="6.5632410">
    <ele>1744.2</ele>
   </trkpt>
   <trkpt lat="45.8633400" lon="6.5631100">
    <ele>1745.0</ele>
   </trkpt>
   <trkpt lat="45.8633210" lon="6.5628610">
    <ele>1744.0</ele>
   </trkpt>
   <trkpt lat="45.8633100" lon="6.5626620">
    <ele>1743.0</ele>
   </trkpt>
   <trkpt lat="45.8632840" lon="6.5624620">
    <ele>1742.0</ele>
   </trkpt>
   <trkpt lat="45.8632790" lon="6.5624110">
    <ele>1741.8</ele>
   </trkpt>
   <trkpt lat="45.8632260" lon="6.5621200">
    <ele>1740.8</ele>
   </trkpt>
   <trkpt lat="45.8632230" lon="6.5620750">
    <ele>1740.4</ele>
   </trkpt>
   <trkpt lat="45.8632260" lon="6.5620280">
    <ele>1740.2</ele>
   </trkpt>
   <trkpt lat="45.8632210" lon="6.5619340">
    <ele>1739.4</ele>
   </trkpt>
   <trkpt lat="45.8632170" lon="6.5616930">
    <ele>1738.2</ele>
   </trkpt>
   <trkpt lat="45.8632040" lon="6.5616010">
    <ele>1738.2</ele>
   </trkpt>
   <trkpt lat="45.8631690" lon="6.5613610">
    <ele>1737.2</ele>
   </trkpt>
   <trkpt lat="45.8631300" lon="6.5612180">
    <ele>1736.4</ele>
   </trkpt>
   <trkpt lat="45.8631150" lon="6.5611760">
    <ele>1736.2</ele>
   </trkpt>
   <trkpt lat="45.8630220" lon="6.5609140">
    <ele>1735.4</ele>
   </trkpt>
   <trkpt lat="45.8629950" lon="6.5608250">
    <ele>1734.8</ele>
   </trkpt>
   <trkpt lat="45.8629550" lon="6.5606960">
    <ele>1733.8</ele>
   </trkpt>
   <trkpt lat="45.8628920" lon="6.5605660">
    <ele>1733.2</ele>
   </trkpt>
   <trkpt lat="45.8628590" lon="6.5604880">
    <ele>1732.8</ele>
   </trkpt>
   <trkpt lat="45.8628190" lon="6.5602350">
    <ele>1732.0</ele>
   </trkpt>
   <trkpt lat="45.8628190" lon="6.5601870">
    <ele>1732.0</ele>
   </trkpt>
   <trkpt lat="45.8627770" lon="6.5599220">
    <ele>1732.8</ele>
   </trkpt>
   <trkpt lat="45.8626600" lon="6.5597490">
    <ele>1732.2</ele>
   </trkpt>
   <trkpt lat="45.8626350" lon="6.5597250">
    <ele>1732.2</ele>
   </trkpt>
   <trkpt lat="45.8624930" lon="6.5595920">
    <ele>1733.0</ele>
   </trkpt>
   <trkpt lat="45.8624320" lon="6.5595250">
    <ele>1733.0</ele>
   </trkpt>
   <trkpt lat="45.8623240" lon="6.5593720">
    <ele>1733.6</ele>
   </trkpt>
   <trkpt lat="45.8623080" lon="6.5593440">
    <ele>1733.8</ele>
   </trkpt>
   <trkpt lat="45.8622940" lon="6.5593190">
    <ele>1734.0</ele>
   </trkpt>
   <trkpt lat="45.8622280" lon="6.5591390">
    <ele>1734.4</ele>
   </trkpt>
   <trkpt lat="45.8622210" lon="6.5590790">
    <ele>1734.8</ele>
   </trkpt>
   <trkpt lat="45.8622170" lon="6.5590500">
    <ele>1735.2</ele>
   </trkpt>
   <trkpt lat="45.8622050" lon="6.5589720">
    <ele>1736.0</ele>
   </trkpt>
   <trkpt lat="45.8621860" lon="6.5588470">
    <ele>1737.0</ele>
   </trkpt>
   <trkpt lat="45.8621820" lon="6.5588230">
    <ele>1737.4</ele>
   </trkpt>
   <trkpt lat="45.8621640" lon="6.5586670">
    <ele>1738.2</ele>
   </trkpt>
   <trkpt lat="45.8621610" lon="6.5586420">
    <ele>1738.4</ele>
   </trkpt>
   <trkpt lat="45.8621500" lon="6.5585710">
    <ele>1738.8</ele>
   </trkpt>
   <trkpt lat="45.8621300" lon="6.5585010">
    <ele>1739.6</ele>
   </trkpt>
   <trkpt lat="45.8620950" lon="6.5583410">
    <ele>1740.8</ele>
   </trkpt>
   <trkpt lat="45.8620920" lon="6.5583130">
    <ele>1741.0</ele>
   </trkpt>
   <trkpt lat="45.8620770" lon="6.5582380">
    <ele>1742.2</ele>
   </trkpt>
   <trkpt lat="45.8620300" lon="6.5580750">
    <ele>1743.0</ele>
   </trkpt>
   <trkpt lat="45.8620220" lon="6.5580450">
    <ele>1743.2</ele>
   </trkpt>
   <trkpt lat="45.8620000" lon="6.5579580">
    <ele>1744.2</ele>
   </trkpt>
   <trkpt lat="45.8619610" lon="6.5578600">
    <ele>1745.2</ele>
   </trkpt>
   <trkpt lat="45.8619280" lon="6.5577910">
    <ele>1746.0</ele>
   </trkpt>
   <trkpt lat="45.8619150" lon="6.5577650">
    <ele>1746.2</ele>
   </trkpt>
   <trkpt lat="45.8618800" lon="6.5576300">
    <ele>1747.4</ele>
   </trkpt>
   <trkpt lat="45.8618710" lon="6.5575390">
    <ele>1748.2</ele>
   </trkpt>
   <trkpt lat="45.8618650" lon="6.5575080">
    <ele>1748.6</ele>
   </trkpt>
   <trkpt lat="45.8618410" lon="6.5573400">
    <ele>1749.4</ele>
   </trkpt>
   <trkpt lat="45.8618330" lon="6.5573160">
    <ele>1749.6</ele>
   </trkpt>
   <trkpt lat="45.8618270" lon="6.5572920">
    <ele>1749.8</ele>
   </trkpt>
   <trkpt lat="45.8617950" lon="6.5571530">
    <ele>1750.8</ele>
   </trkpt>
   <trkpt lat="45.8617670" lon="6.5570490">
    <ele>1751.8</ele>
   </trkpt>
   <trkpt lat="45.8617580" lon="6.5570190">
    <ele>1752.0</ele>
   </trkpt>
   <trkpt lat="45.8616980" lon="6.5568660">
    <ele>1753.4</ele>
   </trkpt>
   <trkpt lat="45.8616750" lon="6.5568270">
    <ele>1754.0</ele>
   </trkpt>
   <trkpt lat="45.8616500" lon="6.5567910">
    <ele>1754.4</ele>
   </trkpt>
   <trkpt lat="45.8616070" lon="6.5567350">
    <ele>1755.6</ele>
   </trkpt>
   <trkpt lat="45.8615610" lon="6.5566780">
    <ele>1756.4</ele>
   </trkpt>
   <trkpt lat="45.8615200" lon="6.5566230">
    <ele>1756.8</ele>
   </trkpt>
   <trkpt lat="45.8614500" lon="6.5565440">
    <ele>1757.4</ele>
   </trkpt>
   <trkpt lat="45.8613950" lon="6.5564860">
    <ele>1758.2</ele>
   </trkpt>
   <trkpt lat="45.8613520" lon="6.5564390">
    <ele>1759.4</ele>
   </trkpt>
   <trkpt lat="45.8613270" lon="6.5564060">
    <ele>1760.0</ele>
   </trkpt>
   <trkpt lat="45.8612860" lon="6.5563500">
    <ele>1760.4</ele>
   </trkpt>
   <trkpt lat="45.8612310" lon="6.5562550">
    <ele>1761.6</ele>
   </trkpt>
   <trkpt lat="45.8611590" lon="6.5561530">
    <ele>1762.8</ele>
   </trkpt>
   <trkpt lat="45.8611280" lon="6.5560990">
    <ele>1763.4</ele>
   </trkpt>
   <trkpt lat="45.8610830" lon="6.5560240">
    <ele>1763.8</ele>
   </trkpt>
   <trkpt lat="45.8610440" lon="6.5559520">
    <ele>1765.0</ele>
   </trkpt>
   <trkpt lat="45.8610290" lon="6.5559080">
    <ele>1765.6</ele>
   </trkpt>
   <trkpt lat="45.8610270" lon="6.5558600">
    <ele>1765.8</ele>
   </trkpt>
   <trkpt lat="45.8610290" lon="6.5558360">
    <ele>1766.0</ele>
   </trkpt>
   <trkpt lat="45.8610330" lon="6.5557740">
    <ele>1766.6</ele>
   </trkpt>
   <trkpt lat="45.8610380" lon="6.5557090">
    <ele>1767.4</ele>
   </trkpt>
   <trkpt lat="45.8610510" lon="6.5555880">
    <ele>1768.0</ele>
   </trkpt>
   <trkpt lat="45.8610520" lon="6.5555650">
    <ele>1768.4</ele>
   </trkpt>
   <trkpt lat="45.8610480" lon="6.5554740">
    <ele>1769.8</ele>
   </trkpt>
   <trkpt lat="45.8610450" lon="6.5554290">
    <ele>1770.2</ele>
   </trkpt>
   <trkpt lat="45.8610320" lon="6.5553560">
    <ele>1770.8</ele>
   </trkpt>
   <trkpt lat="45.8610080" lon="6.5552570">
    <ele>1771.6</ele>
   </trkpt>
   <trkpt lat="45.8609910" lon="6.5551890">
    <ele>1771.8</ele>
   </trkpt>
   <trkpt lat="45.8609810" lon="6.5550930">
    <ele>1772.8</ele>
   </trkpt>
   <trkpt lat="45.8609770" lon="6.5550680">
    <ele>1773.0</ele>
   </trkpt>
   <trkpt lat="45.8609460" lon="6.5549090">
    <ele>1774.2</ele>
   </trkpt>
   <trkpt lat="45.8609400" lon="6.5548850">
    <ele>1774.4</ele>
   </trkpt>
   <trkpt lat="45.8609070" lon="6.5547890">
    <ele>1775.2</ele>
   </trkpt>
   <trkpt lat="45.8608930" lon="6.5547420">
    <ele>1775.6</ele>
   </trkpt>
   <trkpt lat="45.8608790" lon="6.5546670">
    <ele>1776.4</ele>
   </trkpt>
   <trkpt lat="45.8608550" lon="6.5545580">
    <ele>1777.6</ele>
   </trkpt>
   <trkpt lat="45.8608370" lon="6.5545100">
    <ele>1777.6</ele>
   </trkpt>
   <trkpt lat="45.8608200" lon="6.5544380">
    <ele>1778.2</ele>
   </trkpt>
   <trkpt lat="45.8608100" lon="6.5543820">
    <ele>1778.6</ele>
   </trkpt>
   <trkpt lat="45.8607910" lon="6.5543070">
    <ele>1778.8</ele>
   </trkpt>
   <trkpt lat="45.8608020" lon="6.5541350">
    <ele>1779.4</ele>
   </trkpt>
   <trkpt lat="45.8608170" lon="6.5540750">
    <ele>1779.8</ele>
   </trkpt>
   <trkpt lat="45.8608090" lon="6.5539060">
    <ele>1780.8</ele>
   </trkpt>
   <trkpt lat="45.8608010" lon="6.5538730">
    <ele>1781.0</ele>
   </trkpt>
   <trkpt lat="45.8607890" lon="6.5538470">
    <ele>1781.2</ele>
   </trkpt>
   <trkpt lat="45.8608050" lon="6.5536620">
    <ele>1782.0</ele>
   </trkpt>
   <trkpt lat="45.8608060" lon="6.5536340">
    <ele>1782.2</ele>
   </trkpt>
   <trkpt lat="45.8608360" lon="6.5534590">
    <ele>1783.2</ele>
   </trkpt>
   <trkpt lat="45.8608370" lon="6.5534320">
    <ele>1783.4</ele>
   </trkpt>
   <trkpt lat="45.8608630" lon="6.5532800">
    <ele>1784.6</ele>
   </trkpt>
   <trkpt lat="45.8608820" lon="6.5531470">
    <ele>1785.8</ele>
   </trkpt>
   <trkpt lat="45.8609060" lon="6.5530580">
    <ele>1786.8</ele>
   </trkpt>
   <trkpt lat="45.8609140" lon="6.5530400">
    <ele>1787.0</ele>
   </trkpt>
   <trkpt lat="45.8609400" lon="6.5529500">
    <ele>1788.2</ele>
   </trkpt>
   <trkpt lat="45.8609650" lon="6.5528840">
    <ele>1788.8</ele>
   </trkpt>
   <trkpt lat="45.8609690" lon="6.5528410">
    <ele>1789.2</ele>
   </trkpt>
   <trkpt lat="45.8610210" lon="6.5526880">
    <ele>1790.4</ele>
   </trkpt>
   <trkpt lat="45.8610630" lon="6.5525860">
    <ele>1791.4</ele>
   </trkpt>
   <trkpt lat="45.8610840" lon="6.5525420">
    <ele>1792.0</ele>
   </trkpt>
   <trkpt lat="45.8611010" lon="6.5524950">
    <ele>1792.8</ele>
   </trkpt>
   <trkpt lat="45.8611240" lon="6.5524250">
    <ele>1794.0</ele>
   </trkpt>
   <trkpt lat="45.8611430" lon="6.5523800">
    <ele>1794.8</ele>
   </trkpt>
   <trkpt lat="45.8611510" lon="6.5523570">
    <ele>1795.0</ele>
   </trkpt>
   <trkpt lat="45.8611660" lon="6.5522860">
    <ele>1796.2</ele>
   </trkpt>
   <trkpt lat="45.8611750" lon="6.5522350">
    <ele>1797.2</ele>
   </trkpt>
   <trkpt lat="45.8612000" lon="6.5521470">
    <ele>1798.0</ele>
   </trkpt>
   <trkpt lat="45.8612100" lon="6.5521180">
    <ele>1798.2</ele>
   </trkpt>
   <trkpt lat="45.8612390" lon="6.5520360">
    <ele>1799.6</ele>
   </trkpt>
   <trkpt lat="45.8612790" lon="6.5519230">
    <ele>1800.8</ele>
   </trkpt>
   <trkpt lat="45.8613140" lon="6.5518070">
    <ele>1802.0</ele>
   </trkpt>
   <trkpt lat="45.8613950" lon="6.5516760">
    <ele>1803.4</ele>
   </trkpt>
   <trkpt lat="45.8614650" lon="6.5515860">
    <ele>1804.4</ele>
   </trkpt>
   <trkpt lat="45.8615820" lon="6.5514500">
    <ele>1805.4</ele>
   </trkpt>
   <trkpt lat="45.8616740" lon="6.5513440">
    <ele>1806.2</ele>
   </trkpt>
   <trkpt lat="45.8617140" lon="6.5513030">
    <ele>1806.4</ele>
   </trkpt>
   <trkpt lat="45.8618090" lon="6.5511820">
    <ele>1807.2</ele>
   </trkpt>
   <trkpt lat="45.8618230" lon="6.5511630">
    <ele>1807.4</ele>
   </trkpt>
   <trkpt lat="45.8618470" lon="6.5511150">
    <ele>1807.8</ele>
   </trkpt>
   <trkpt lat="45.8619030" lon="6.5510550">
    <ele>1808.8</ele>
   </trkpt>
   <trkpt lat="45.8619120" lon="6.5510420">
    <ele>1809.2</ele>
   </trkpt>
   <trkpt lat="45.8619450" lon="6.5510150">
    <ele>1810.0</ele>
   </trkpt>
   <trkpt lat="45.8619690" lon="6.5509740">
    <ele>1811.0</ele>
   </trkpt>
   <trkpt lat="45.8619760" lon="6.5509660">
    <ele>1811.4</ele>
   </trkpt>
   <trkpt lat="45.8620410" lon="6.5508690">
    <ele>1811.8</ele>
   </trkpt>
   <trkpt lat="45.8620610" lon="6.5508400">
    <ele>1812.2</ele>
   </trkpt>
   <trkpt lat="45.8620790" lon="6.5508120">
    <ele>1812.6</ele>
   </trkpt>
   <trkpt lat="45.8621040" lon="6.5507510">
    <ele>1813.2</ele>
   </trkpt>
   <trkpt lat="45.8621210" lon="6.5507210">
    <ele>1813.6</ele>
   </trkpt>
   <trkpt lat="45.8621290" lon="6.5506890">
    <ele>1814.0</ele>
   </trkpt>
   <trkpt lat="45.8621310" lon="6.5506550">
    <ele>1814.6</ele>
   </trkpt>
   <trkpt lat="45.8621650" lon="6.5505680">
    <ele>1815.2</ele>
   </trkpt>
   <trkpt lat="45.8621890" lon="6.5505260">
    <ele>1815.8</ele>
   </trkpt>
   <trkpt lat="45.8622300" lon="6.5504450">
    <ele>1816.6</ele>
   </trkpt>
   <trkpt lat="45.8622360" lon="6.5504310">
    <ele>1816.8</ele>
   </trkpt>
   <trkpt lat="45.8622450" lon="6.5504170">
    <ele>1817.0</ele>
   </trkpt>
   <trkpt lat="45.8622860" lon="6.5503140">
    <ele>1817.4</ele>
   </trkpt>
   <trkpt lat="45.8623000" lon="6.5502710">
    <ele>1817.4</ele>
   </trkpt>
   <trkpt lat="45.8623240" lon="6.5502140">
    <ele>1817.8</ele>
   </trkpt>
   <trkpt lat="45.8623720" lon="6.5501080">
    <ele>1819.2</ele>
   </trkpt>
   <trkpt lat="45.8624020" lon="6.5500320">
    <ele>1820.2</ele>
   </trkpt>
   <trkpt lat="45.8624150" lon="6.5500040">
    <ele>1820.6</ele>
   </trkpt>
   <trkpt lat="45.8624250" lon="6.5499740">
    <ele>1820.8</ele>
   </trkpt>
   <trkpt lat="45.8624650" lon="6.5498930">
    <ele>1821.8</ele>
   </trkpt>
   <trkpt lat="45.8625150" lon="6.5497620">
    <ele>1822.8</ele>
   </trkpt>
   <trkpt lat="45.8625280" lon="6.5496720">
    <ele>1822.4</ele>
   </trkpt>
   <trkpt lat="45.8625310" lon="6.5496250">
    <ele>1821.6</ele>
   </trkpt>
   <trkpt lat="45.8625300" lon="6.5495760">
    <ele>1821.2</ele>
   </trkpt>
   <trkpt lat="45.8625280" lon="6.5495270">
    <ele>1820.6</ele>
   </trkpt>
   <trkpt lat="45.8625390" lon="6.5493930">
    <ele>1819.4</ele>
   </trkpt>
   <trkpt lat="45.8625670" lon="6.5492280">
    <ele>1817.8</ele>
   </trkpt>
   <trkpt lat="45.8626000" lon="6.5490770">
    <ele>1816.8</ele>
   </trkpt>
   <trkpt lat="45.8626180" lon="6.5489810">
    <ele>1816.2</ele>
   </trkpt>
   <trkpt lat="45.8626320" lon="6.5488930">
    <ele>1815.6</ele>
   </trkpt>
   <trkpt lat="45.8626500" lon="6.5487210">
    <ele>1815.4</ele>
   </trkpt>
   <trkpt lat="45.8626620" lon="6.5486320">
    <ele>1815.2</ele>
   </trkpt>
   <trkpt lat="45.8626840" lon="6.5484950">
    <ele>1814.6</ele>
   </trkpt>
   <trkpt lat="45.8626980" lon="6.5482770">
    <ele>1814.2</ele>
   </trkpt>
   <trkpt lat="45.8627410" lon="6.5480210">
    <ele>1814.4</ele>
   </trkpt>
   <trkpt lat="45.8627760" lon="6.5477720">
    <ele>1814.2</ele>
   </trkpt>
   <trkpt lat="45.8627860" lon="6.5477340">
    <ele>1814.2</ele>
   </trkpt>
   <trkpt lat="45.8628320" lon="6.5475050">
    <ele>1814.6</ele>
   </trkpt>
   <trkpt lat="45.8628610" lon="6.5472860">
    <ele>1814.2</ele>
   </trkpt>
   <trkpt lat="45.8628580" lon="6.5470340">
    <ele>1813.8</ele>
   </trkpt>
   <trkpt lat="45.8628590" lon="6.5469960">
    <ele>1814.0</ele>
   </trkpt>
   <trkpt lat="45.8628700" lon="6.5468640">
    <ele>1814.2</ele>
   </trkpt>
   <trkpt lat="45.8628750" lon="6.5466670">
    <ele>1814.2</ele>
   </trkpt>
   <trkpt lat="45.8628790" lon="6.5465900">
    <ele>1813.6</ele>
   </trkpt>
   <trkpt lat="45.8628790" lon="6.5463290">
    <ele>1812.6</ele>
   </trkpt>
   <trkpt lat="45.8628910" lon="6.5462200">
    <ele>1812.2</ele>
   </trkpt>
   <trkpt lat="45.8629080" lon="6.5461260">
    <ele>1811.0</ele>
   </trkpt>
   <trkpt lat="45.8629380" lon="6.5459900">
    <ele>1810.0</ele>
   </trkpt>
   <trkpt lat="45.8629480" lon="6.5459430">
    <ele>1809.6</ele>
   </trkpt>
   <trkpt lat="45.8629590" lon="6.5458490">
    <ele>1808.8</ele>
   </trkpt>
   <trkpt lat="45.8629690" lon="6.5457490">
    <ele>1807.8</ele>
   </trkpt>
   <trkpt lat="45.8629720" lon="6.5455990">
    <ele>1806.6</ele>
   </trkpt>
   <trkpt lat="45.8629690" lon="6.5455470">
    <ele>1806.4</ele>
   </trkpt>
   <trkpt lat="45.8629640" lon="6.5453480">
    <ele>1805.6</ele>
   </trkpt>
   <trkpt lat="45.8629530" lon="6.5451490">
    <ele>1805.2</ele>
   </trkpt>
   <trkpt lat="45.8629520" lon="6.5450570">
    <ele>1804.2</ele>
   </trkpt>
   <trkpt lat="45.8629700" lon="6.5447990">
    <ele>1804.0</ele>
   </trkpt>
   <trkpt lat="45.8629670" lon="6.5445400">
    <ele>1803.6</ele>
   </trkpt>
   <trkpt lat="45.8629660" lon="6.5444980">
    <ele>1803.0</ele>
   </trkpt>
   <trkpt lat="45.8629430" lon="6.5442550">
    <ele>1802.4</ele>
   </trkpt>
   <trkpt lat="45.8629410" lon="6.5442180">
    <ele>1802.4</ele>
   </trkpt>
   <trkpt lat="45.8629080" lon="6.5439750">
    <ele>1803.2</ele>
   </trkpt>
   <trkpt lat="45.8629000" lon="6.5439350">
    <ele>1803.2</ele>
   </trkpt>
   <trkpt lat="45.8629010" lon="6.5438130">
    <ele>1803.8</ele>
   </trkpt>
   <trkpt lat="45.8628990" lon="6.5437760">
    <ele>1804.2</ele>
   </trkpt>
   <trkpt lat="45.8628940" lon="6.5436660">
    <ele>1804.6</ele>
   </trkpt>
   <trkpt lat="45.8628870" lon="6.5435700">
    <ele>1805.4</ele>
   </trkpt>
   <trkpt lat="45.8628800" lon="6.5435140">
    <ele>1806.4</ele>
   </trkpt>
   <trkpt lat="45.8628760" lon="6.5434610">
    <ele>1807.2</ele>
   </trkpt>
   <trkpt lat="45.8628760" lon="6.5434350">
    <ele>1807.4</ele>
   </trkpt>
   <trkpt lat="45.8628800" lon="6.5433280">
    <ele>1808.6</ele>
   </trkpt>
   <trkpt lat="45.8628800" lon="6.5432780">
    <ele>1809.4</ele>
   </trkpt>
   <trkpt lat="45.8628800" lon="6.5432570">
    <ele>1809.6</ele>
   </trkpt>
   <trkpt lat="45.8628740" lon="6.5432060">
    <ele>1810.6</ele>
   </trkpt>
   <trkpt lat="45.8628700" lon="6.5431440">
    <ele>1811.8</ele>
   </trkpt>
   <trkpt lat="45.8628660" lon="6.5431310">
    <ele>1812.2</ele>
   </trkpt>
   <trkpt lat="45.8628640" lon="6.5430740">
    <ele>1813.0</ele>
   </trkpt>
   <trkpt lat="45.8628780" lon="6.5429760">
    <ele>1813.8</ele>
   </trkpt>
   <trkpt lat="45.8628770" lon="6.5429430">
    <ele>1813.8</ele>
   </trkpt>
   <trkpt lat="45.8628850" lon="6.5428420">
    <ele>1814.2</ele>
   </trkpt>
   <trkpt lat="45.8629000" lon="6.5426740">
    <ele>1815.2</ele>
   </trkpt>
   <trkpt lat="45.8628980" lon="6.5426340">
    <ele>1815.2</ele>
   </trkpt>
   <trkpt lat="45.8628970" lon="6.5424460">
    <ele>1816.4</ele>
   </trkpt>
   <trkpt lat="45.8629030" lon="6.5423720">
    <ele>1816.6</ele>
   </trkpt>
   <trkpt lat="45.8629060" lon="6.5422010">
    <ele>1817.6</ele>
   </trkpt>
   <trkpt lat="45.8629040" lon="6.5421360">
    <ele>1818.4</ele>
   </trkpt>
   <trkpt lat="45.8628990" lon="6.5420700">
    <ele>1818.6</ele>
   </trkpt>
   <trkpt lat="45.8628780" lon="6.5419310">
    <ele>1819.8</ele>
   </trkpt>
   <trkpt lat="45.8628780" lon="6.5419040">
    <ele>1820.0</ele>
   </trkpt>
   <trkpt lat="45.8628490" lon="6.5417640">
    <ele>1821.0</ele>
   </trkpt>
   <trkpt lat="45.8627990" lon="6.5416850">
    <ele>1821.8</ele>
   </trkpt>
   <trkpt lat="45.8627850" lon="6.5416670">
    <ele>1822.0</ele>
   </trkpt>
   <trkpt lat="45.8627190" lon="6.5415390">
    <ele>1822.8</ele>
   </trkpt>
   <trkpt lat="45.8627120" lon="6.5415190">
    <ele>1823.2</ele>
   </trkpt>
   <trkpt lat="45.8627050" lon="6.5414950">
    <ele>1823.6</ele>
   </trkpt>
   <trkpt lat="45.8626670" lon="6.5413920">
    <ele>1824.4</ele>
   </trkpt>
   <trkpt lat="45.8626230" lon="6.5412720">
    <ele>1825.8</ele>
   </trkpt>
   <trkpt lat="45.8625750" lon="6.5411530">
    <ele>1826.8</ele>
   </trkpt>
   <trkpt lat="45.8625530" lon="6.5410510">
    <ele>1827.6</ele>
   </trkpt>
   <trkpt lat="45.8625470" lon="6.5410290">
    <ele>1828.0</ele>
   </trkpt>
   <trkpt lat="45.8625220" lon="6.5408570">
    <ele>1829.0</ele>
   </trkpt>
   <trkpt lat="45.8625150" lon="6.5408000">
    <ele>1829.2</ele>
   </trkpt>
   <trkpt lat="45.8624830" lon="6.5406330">
    <ele>1829.8</ele>
   </trkpt>
   <trkpt lat="45.8624760" lon="6.5406080">
    <ele>1830.0</ele>
   </trkpt>
   <trkpt lat="45.8624700" lon="6.5405780">
    <ele>1830.0</ele>
   </trkpt>
   <trkpt lat="45.8624500" lon="6.5404270">
    <ele>1831.0</ele>
   </trkpt>
   <trkpt lat="45.8624280" lon="6.5403470">
    <ele>1831.6</ele>
   </trkpt>
   <trkpt lat="45.8624120" lon="6.5402420">
    <ele>1832.4</ele>
   </trkpt>
   <trkpt lat="45.8623660" lon="6.5401320">
    <ele>1833.4</ele>
   </trkpt>
   <trkpt lat="45.8623640" lon="6.5401020">
    <ele>1833.6</ele>
   </trkpt>
   <trkpt lat="45.8623740" lon="6.5399410">
    <ele>1834.6</ele>
   </trkpt>
   <trkpt lat="45.8623610" lon="6.5399170">
    <ele>1835.2</ele>
   </trkpt>
   <trkpt lat="45.8623290" lon="6.5398160">
    <ele>1836.4</ele>
   </trkpt>
   <trkpt lat="45.8623230" lon="6.5397880">
    <ele>1836.6</ele>
   </trkpt>
   <trkpt lat="45.8622700" lon="6.5397140">
    <ele>1837.6</ele>
   </trkpt>
   <trkpt lat="45.8622030" lon="6.5396310">
    <ele>1838.4</ele>
   </trkpt>
   <trkpt lat="45.8621960" lon="6.5396100">
    <ele>1838.6</ele>
   </trkpt>
   <trkpt lat="45.8621520" lon="6.5394900">
    <ele>1839.6</ele>
   </trkpt>
   <trkpt lat="45.8621370" lon="6.5394440">
    <ele>1840.4</ele>
   </trkpt>
   <trkpt lat="45.8621240" lon="6.5393950">
    <ele>1840.8</ele>
   </trkpt>
   <trkpt lat="45.8620890" lon="6.5392350">
    <ele>1841.4</ele>
   </trkpt>
   <trkpt lat="45.8620820" lon="6.5391790">
    <ele>1841.4</ele>
   </trkpt>
   <trkpt lat="45.8620810" lon="6.5391210">
    <ele>1841.8</ele>
   </trkpt>
   <trkpt lat="45.8620780" lon="6.5389840">
    <ele>1842.8</ele>
   </trkpt>
   <trkpt lat="45.8620760" lon="6.5389550">
    <ele>1843.0</ele>
   </trkpt>
   <trkpt lat="45.8620950" lon="6.5387790">
    <ele>1843.8</ele>
   </trkpt>
   <trkpt lat="45.8621060" lon="6.5386760">
    <ele>1844.6</ele>
   </trkpt>
   <trkpt lat="45.8621370" lon="6.5385740">
    <ele>1845.0</ele>
   </trkpt>
   <trkpt lat="45.8621450" lon="6.5385490">
    <ele>1845.2</ele>
   </trkpt>
   <trkpt lat="45.8621900" lon="6.5383970">
    <ele>1845.8</ele>
   </trkpt>
   <trkpt lat="45.8622060" lon="6.5383370">
    <ele>1846.2</ele>
   </trkpt>
   <trkpt lat="45.8622280" lon="6.5382130">
    <ele>1846.6</ele>
   </trkpt>
   <trkpt lat="45.8622510" lon="6.5380580">
    <ele>1847.4</ele>
   </trkpt>
   <trkpt lat="45.8622510" lon="6.5379740">
    <ele>1848.0</ele>
   </trkpt>
   <trkpt lat="45.8622510" lon="6.5379450">
    <ele>1848.6</ele>
   </trkpt>
   <trkpt lat="45.8622580" lon="6.5378620">
    <ele>1849.6</ele>
   </trkpt>
   <trkpt lat="45.8622620" lon="6.5377170">
    <ele>1850.8</ele>
   </trkpt>
   <trkpt lat="45.8622900" lon="6.5375440">
    <ele>1851.8</ele>
   </trkpt>
   <trkpt lat="45.8622980" lon="6.5374190">
    <ele>1852.6</ele>
   </trkpt>
   <trkpt lat="45.8623000" lon="6.5373610">
    <ele>1853.0</ele>
   </trkpt>
   <trkpt lat="45.8623220" lon="6.5372120">
    <ele>1854.2</ele>
   </trkpt>
   <trkpt lat="45.8623300" lon="6.5371430">
    <ele>1854.4</ele>
   </trkpt>
   <trkpt lat="45.8623180" lon="6.5370800">
    <ele>1855.0</ele>
   </trkpt>
   <trkpt lat="45.8623040" lon="6.5370140">
    <ele>1855.2</ele>
   </trkpt>
   <trkpt lat="45.8622800" lon="6.5369140">
    <ele>1855.6</ele>
   </trkpt>
   <trkpt lat="45.8622500" lon="6.5367450">
    <ele>1856.4</ele>
   </trkpt>
   <trkpt lat="45.8622100" lon="6.5365730">
    <ele>1857.0</ele>
   </trkpt>
   <trkpt lat="45.8621950" lon="6.5365070">
    <ele>1857.4</ele>
   </trkpt>
   <trkpt lat="45.8621670" lon="6.5363150">
    <ele>1858.4</ele>
   </trkpt>
   <trkpt lat="45.8621570" lon="6.5362850">
    <ele>1858.6</ele>
   </trkpt>
   <trkpt lat="45.8621170" lon="6.5361470">
    <ele>1860.0</ele>
   </trkpt>
   <trkpt lat="45.8621070" lon="6.5361000">
    <ele>1860.8</ele>
   </trkpt>
   <trkpt lat="45.8621010" lon="6.5360740">
    <ele>1861.4</ele>
   </trkpt>
   <trkpt lat="45.8620800" lon="6.5359800">
    <ele>1862.4</ele>
   </trkpt>
   <trkpt lat="45.8620710" lon="6.5359260">
    <ele>1863.6</ele>
   </trkpt>
   <trkpt lat="45.8620650" lon="6.5358760">
    <ele>1864.6</ele>
   </trkpt>
   <trkpt lat="45.8620470" lon="6.5357920">
    <ele>1865.8</ele>
   </trkpt>
   <trkpt lat="45.8620400" lon="6.5357590">
    <ele>1866.0</ele>
   </trkpt>
   <trkpt lat="45.8620310" lon="6.5357240">
    <ele>1866.8</ele>
   </trkpt>
   <trkpt lat="45.8620080" lon="6.5356650">
    <ele>1868.2</ele>
   </trkpt>
   <trkpt lat="45.8620000" lon="6.5356200">
    <ele>1869.2</ele>
   </trkpt>
   <trkpt lat="45.8619980" lon="6.5356020">
    <ele>1869.4</ele>
   </trkpt>
   <trkpt lat="45.8619740" lon="6.5355090">
    <ele>1870.4</ele>
   </trkpt>
   <trkpt lat="45.8619640" lon="6.5354790">
    <ele>1870.8</ele>
   </trkpt>
   <trkpt lat="45.8619480" lon="6.5354180">
    <ele>1871.2</ele>
   </trkpt>
   <trkpt lat="45.8619470" lon="6.5353630">
    <ele>1871.4</ele>
   </trkpt>
   <trkpt lat="45.8619460" lon="6.5353430">
    <ele>1871.6</ele>
   </trkpt>
   <trkpt lat="45.8619400" lon="6.5353070">
    <ele>1871.8</ele>
   </trkpt>
   <trkpt lat="45.8619170" lon="6.5352230">
    <ele>1872.0</ele>
   </trkpt>
   <trkpt lat="45.8618990" lon="6.5351730">
    <ele>1872.6</ele>
   </trkpt>
   <trkpt lat="45.8618630" lon="6.5350330">
    <ele>1873.8</ele>
   </trkpt>
   <trkpt lat="45.8618450" lon="6.5349730">
    <ele>1874.6</ele>
   </trkpt>
   <trkpt lat="45.8618350" lon="6.5349430">
    <ele>1875.0</ele>
   </trkpt>
   <trkpt lat="45.8618210" lon="6.5348130">
    <ele>1876.0</ele>
   </trkpt>
   <trkpt lat="45.8618100" lon="6.5347200">
    <ele>1876.4</ele>
   </trkpt>
   <trkpt lat="45.8617960" lon="6.5345930">
    <ele>1877.0</ele>
   </trkpt>
   <trkpt lat="45.8617870" lon="6.5344070">
    <ele>1878.2</ele>
   </trkpt>
   <trkpt lat="45.8617860" lon="6.5343810">
    <ele>1878.6</ele>
   </trkpt>
   <trkpt lat="45.8617940" lon="6.5342740">
    <ele>1879.2</ele>
   </trkpt>
   <trkpt lat="45.8617980" lon="6.5342020">
    <ele>1880.4</ele>
   </trkpt>
   <trkpt lat="45.8617990" lon="6.5341790">
    <ele>1880.6</ele>
   </trkpt>
   <trkpt lat="45.8618130" lon="6.5341100">
    <ele>1881.6</ele>
   </trkpt>
   <trkpt lat="45.8618280" lon="6.5340490">
    <ele>1882.0</ele>
   </trkpt>
   <trkpt lat="45.8618290" lon="6.5339890">
    <ele>1882.4</ele>
   </trkpt>
   <trkpt lat="45.8618300" lon="6.5339730">
    <ele>1882.6</ele>
   </trkpt>
   <trkpt lat="45.8618320" lon="6.5339280">
    <ele>1883.6</ele>
   </trkpt>
   <trkpt lat="45.8618330" lon="6.5339100">
    <ele>1883.8</ele>
   </trkpt>
   <trkpt lat="45.8618320" lon="6.5338320">
    <ele>1884.6</ele>
   </trkpt>
   <trkpt lat="45.8618310" lon="6.5338180">
    <ele>1884.8</ele>
   </trkpt>
   <trkpt lat="45.8618370" lon="6.5337550">
    <ele>1886.0</ele>
   </trkpt>
   <trkpt lat="45.8618270" lon="6.5336970">
    <ele>1886.6</ele>
   </trkpt>
   <trkpt lat="45.8618240" lon="6.5336720">
    <ele>1887.2</ele>
   </trkpt>
   <trkpt lat="45.8618020" lon="6.5336130">
    <ele>1888.2</ele>
   </trkpt>
   <trkpt lat="45.8617880" lon="6.5335570">
    <ele>1889.2</ele>
   </trkpt>
   <trkpt lat="45.8617860" lon="6.5335460">
    <ele>1889.2</ele>
   </trkpt>
   <trkpt lat="45.8617760" lon="6.5334780">
    <ele>1890.4</ele>
   </trkpt>
   <trkpt lat="45.8617710" lon="6.5334430">
    <ele>1891.0</ele>
   </trkpt>
   <trkpt lat="45.8617690" lon="6.5334130">
    <ele>1891.6</ele>
   </trkpt>
   <trkpt lat="45.8617680" lon="6.5333980">
    <ele>1892.0</ele>
   </trkpt>
   <trkpt lat="45.8617670" lon="6.5333670">
    <ele>1892.6</ele>
   </trkpt>
   <trkpt lat="45.8617550" lon="6.5333160">
    <ele>1894.0</ele>
   </trkpt>
   <trkpt lat="45.8617540" lon="6.5332770">
    <ele>1894.8</ele>
   </trkpt>
   <trkpt lat="45.8617550" lon="6.5332550">
    <ele>1895.2</ele>
   </trkpt>
   <trkpt lat="45.8617520" lon="6.5331970">
    <ele>1896.4</ele>
   </trkpt>
   <trkpt lat="45.8617550" lon="6.5331690">
    <ele>1897.0</ele>
   </trkpt>
   <trkpt lat="45.8617560" lon="6.5331460">
    <ele>1897.4</ele>
   </trkpt>
   <trkpt lat="45.8617540" lon="6.5330900">
    <ele>1898.8</ele>
   </trkpt>
   <trkpt lat="45.8617500" lon="6.5330390">
    <ele>1899.6</ele>
   </trkpt>
   <trkpt lat="45.8617480" lon="6.5330230">
    <ele>1899.6</ele>
   </trkpt>
   <trkpt lat="45.8617450" lon="6.5330090">
    <ele>1899.8</ele>
   </trkpt>
   <trkpt lat="45.8617470" lon="6.5329940">
    <ele>1900.0</ele>
   </trkpt>
   <trkpt lat="45.8617410" lon="6.5329210">
    <ele>1900.8</ele>
   </trkpt>
   <trkpt lat="45.8617390" lon="6.5329080">
    <ele>1901.2</ele>
   </trkpt>
   <trkpt lat="45.8617310" lon="6.5328690">
    <ele>1901.8</ele>
   </trkpt>
   <trkpt lat="45.8617300" lon="6.5328520">
    <ele>1901.8</ele>
   </trkpt>
   <trkpt lat="45.8617100" lon="6.5327660">
    <ele>1902.2</ele>
   </trkpt>
   <trkpt lat="45.8616660" lon="6.5326090">
    <ele>1902.2</ele>
   </trkpt>
   <trkpt lat="45.8616530" lon="6.5325770">
    <ele>1902.2</ele>
   </trkpt>
   <trkpt lat="45.8616450" lon="6.5325710">
    <ele>1902.4</ele>
   </trkpt>
   <trkpt lat="45.8616480" lon="6.5325560">
    <ele>1902.4</ele>
   </trkpt>
   <trkpt lat="45.8616390" lon="6.5324770">
    <ele>1902.0</ele>
   </trkpt>
   <trkpt lat="45.8615950" lon="6.5322970">
    <ele>1900.8</ele>
   </trkpt>
   <trkpt lat="45.8615900" lon="6.5322590">
    <ele>1900.6</ele>
   </trkpt>
   <trkpt lat="45.8615430" lon="6.5320230">
    <ele>1900.0</ele>
   </trkpt>
   <trkpt lat="45.8615270" lon="6.5319380">
    <ele>1900.0</ele>
   </trkpt>
   <trkpt lat="45.8614950" lon="6.5318170">
    <ele>1899.8</ele>
   </trkpt>
   <trkpt lat="45.8614710" lon="6.5317490">
    <ele>1899.6</ele>
   </trkpt>
   <trkpt lat="45.8614290" lon="6.5316390">
    <ele>1898.8</ele>
   </trkpt>
   <trkpt lat="45.8613830" lon="6.5315350">
    <ele>1897.6</ele>
   </trkpt>
   <trkpt lat="45.8613160" lon="6.5314520">
    <ele>1896.2</ele>
   </trkpt>
   <trkpt lat="45.8612270" lon="6.5313260">
    <ele>1894.8</ele>
   </trkpt>
   <trkpt lat="45.8611890" lon="6.5312390">
    <ele>1893.6</ele>
   </trkpt>
   <trkpt lat="45.8611540" lon="6.5311560">
    <ele>1892.4</ele>
   </trkpt>
   <trkpt lat="45.8611150" lon="6.5310610">
    <ele>1891.0</ele>
   </trkpt>
   <trkpt lat="45.8610780" lon="6.5309730">
    <ele>1890.0</ele>
   </trkpt>
   <trkpt lat="45.8610600" lon="6.5309320">
    <ele>1889.2</ele>
   </trkpt>
   <trkpt lat="45.8610430" lon="6.5308910">
    <ele>1888.4</ele>
   </trkpt>
   <trkpt lat="45.8610260" lon="6.5308510">
    <ele>1887.4</ele>
   </trkpt>
   <trkpt lat="45.8609860" lon="6.5307760">
    <ele>1886.4</ele>
   </trkpt>
   <trkpt lat="45.8609310" lon="6.5306580">
    <ele>1885.2</ele>
   </trkpt>
   <trkpt lat="45.8609160" lon="6.5306170">
    <ele>1884.6</ele>
   </trkpt>
   <trkpt lat="45.8608810" lon="6.5305350">
    <ele>1883.8</ele>
   </trkpt>
   <trkpt lat="45.8608580" lon="6.5304550">
    <ele>1882.6</ele>
   </trkpt>
   <trkpt lat="45.8608430" lon="6.5304070">
    <ele>1882.0</ele>
   </trkpt>
   <trkpt lat="45.8608230" lon="6.5303670">
    <ele>1881.4</ele>
   </trkpt>
   <trkpt lat="45.8607410" lon="6.5302030">
    <ele>1880.2</ele>
   </trkpt>
   <trkpt lat="45.8606400" lon="6.5300390">
    <ele>1878.8</ele>
   </trkpt>
   <trkpt lat="45.8605980" lon="6.5299770">
    <ele>1878.0</ele>
   </trkpt>
   <trkpt lat="45.8605570" lon="6.5299210">
    <ele>1877.6</ele>
   </trkpt>
   <trkpt lat="45.8604800" lon="6.5298130">
    <ele>1876.8</ele>
   </trkpt>
   <trkpt lat="45.8604620" lon="6.5297910">
    <ele>1876.6</ele>
   </trkpt>
   <trkpt lat="45.8604220" lon="6.5297650">
    <ele>1876.6</ele>
   </trkpt>
   <trkpt lat="45.8604190" lon="6.5297600">
    <ele>1876.4</ele>
   </trkpt>
   <trkpt lat="45.8604170" lon="6.5297570">
    <ele>1876.0</ele>
   </trkpt>
   <trkpt lat="45.8604170" lon="6.5297560">
    <ele>1876.0</ele>
   </trkpt>
   <trkpt lat="45.8604130" lon="6.5297510">
    <ele>1876.0</ele>
   </trkpt>
   <trkpt lat="45.8603800" lon="6.5297280">
    <ele>1876.2</ele>
   </trkpt>
   <trkpt lat="45.8603650" lon="6.5297080">
    <ele>1876.2</ele>
   </trkpt>
   <trkpt lat="45.8603450" lon="6.5296860">
    <ele>1876.0</ele>
   </trkpt>
   <trkpt lat="45.8603270" lon="6.5296620">
    <ele>1876.0</ele>
   </trkpt>
   <trkpt lat="45.8602700" lon="6.5295740">
    <ele>1875.4</ele>
   </trkpt>
   <trkpt lat="45.8602090" lon="6.5294390">
    <ele>1874.8</ele>
   </trkpt>
   <trkpt lat="45.8601070" lon="6.5292440">
    <ele>1874.8</ele>
   </trkpt>
   <trkpt lat="45.8600920" lon="6.5292140">
    <ele>1874.8</ele>
   </trkpt>
   <trkpt lat="45.8600630" lon="6.5291510">
    <ele>1874.8</ele>
   </trkpt>
   <trkpt lat="45.8600280" lon="6.5290890">
    <ele>1875.0</ele>
   </trkpt>
   <trkpt lat="45.8599360" lon="6.5289290">
    <ele>1874.4</ele>
   </trkpt>
   <trkpt lat="45.8599120" lon="6.5288530">
    <ele>1874.0</ele>
   </trkpt>
   <trkpt lat="45.8598520" lon="6.5287450">
    <ele>1872.2</ele>
   </trkpt>
   <trkpt lat="45.8598310" lon="6.5287090">
    <ele>1871.4</ele>
   </trkpt>
   <trkpt lat="45.8598060" lon="6.5286720">
    <ele>1870.6</ele>
   </trkpt>
   <trkpt lat="45.8597300" lon="6.5285760">
    <ele>1869.4</ele>
   </trkpt>
   <trkpt lat="45.8596810" lon="6.5285400">
    <ele>1867.8</ele>
   </trkpt>
   <trkpt lat="45.8596100" lon="6.5284790">
    <ele>1866.8</ele>
   </trkpt>
   <trkpt lat="45.8595640" lon="6.5284390">
    <ele>1865.8</ele>
   </trkpt>
   <trkpt lat="45.8595400" lon="6.5284170">
    <ele>1865.4</ele>
   </trkpt>
   <trkpt lat="45.8594950" lon="6.5283670">
    <ele>1864.6</ele>
   </trkpt>
   <trkpt lat="45.8594480" lon="6.5283170">
    <ele>1863.2</ele>
   </trkpt>
   <trkpt lat="45.8593630" lon="6.5282000">
    <ele>1862.0</ele>
   </trkpt>
   <trkpt lat="45.8593450" lon="6.5281660">
    <ele>1861.6</ele>
   </trkpt>
   <trkpt lat="45.8593090" lon="6.5280980">
    <ele>1860.2</ele>
   </trkpt>
   <trkpt lat="45.8592830" lon="6.5280240">
    <ele>1859.6</ele>
   </trkpt>
   <trkpt lat="45.8592830" lon="6.5279590">
    <ele>1859.2</ele>
   </trkpt>
   <trkpt lat="45.8592830" lon="6.5278510">
    <ele>1858.0</ele>
   </trkpt>
   <trkpt lat="45.8592640" lon="6.5277780">
    <ele>1857.4</ele>
   </trkpt>
   <trkpt lat="45.8592230" lon="6.5276730">
    <ele>1856.6</ele>
   </trkpt>
   <trkpt lat="45.8591710" lon="6.5275740">
    <ele>1855.4</ele>
   </trkpt>
   <trkpt lat="45.8591370" lon="6.5274690">
    <ele>1854.0</ele>
   </trkpt>
   <trkpt lat="45.8591420" lon="6.5274370">
    <ele>1853.2</ele>
   </trkpt>
   <trkpt lat="45.8591490" lon="6.5274090">
    <ele>1852.8</ele>
   </trkpt>
   <trkpt lat="45.8591720" lon="6.5273570">
    <ele>1851.8</ele>
   </trkpt>
   <trkpt lat="45.8591910" lon="6.5272960">
    <ele>1850.8</ele>
   </trkpt>
   <trkpt lat="45.8592020" lon="6.5272630">
    <ele>1850.0</ele>
   </trkpt>
   <trkpt lat="45.8592060" lon="6.5272350">
    <ele>1849.2</ele>
   </trkpt>
   <trkpt lat="45.8592020" lon="6.5272010">
    <ele>1848.4</ele>
   </trkpt>
   <trkpt lat="45.8591990" lon="6.5271710">
    <ele>1847.8</ele>
   </trkpt>
   <trkpt lat="45.8591980" lon="6.5271450">
    <ele>1847.2</ele>
   </trkpt>
   <trkpt lat="45.8591990" lon="6.5270940">
    <ele>1846.4</ele>
   </trkpt>
   <trkpt lat="45.8591970" lon="6.5270080">
    <ele>1844.8</ele>
   </trkpt>
   <trkpt lat="45.8591890" lon="6.5269770">
    <ele>1843.8</ele>
   </trkpt>
   <trkpt lat="45.8591710" lon="6.5269140">
    <ele>1842.6</ele>
   </trkpt>
   <trkpt lat="45.8591490" lon="6.5268540">
    <ele>1841.4</ele>
   </trkpt>
   <trkpt lat="45.8591320" lon="6.5267930">
    <ele>1840.2</ele>
   </trkpt>
   <trkpt lat="45.8591260" lon="6.5267590">
    <ele>1840.0</ele>
   </trkpt>
   <trkpt lat="45.8591120" lon="6.5266880">
    <ele>1838.6</ele>
   </trkpt>
   <trkpt lat="45.8591050" lon="6.5266520">
    <ele>1837.6</ele>
   </trkpt>
   <trkpt lat="45.8590980" lon="6.5266160">
    <ele>1836.4</ele>
   </trkpt>
   <trkpt lat="45.8590910" lon="6.5265370">
    <ele>1834.6</ele>
   </trkpt>
   <trkpt lat="45.8590760" lon="6.5264700">
    <ele>1832.8</ele>
   </trkpt>
   <trkpt lat="45.8590780" lon="6.5264360">
    <ele>1832.4</ele>
   </trkpt>
   <trkpt lat="45.8590910" lon="6.5263960">
    <ele>1831.8</ele>
   </trkpt>
   <trkpt lat="45.8591000" lon="6.5263560">
    <ele>1831.0</ele>
   </trkpt>
   <trkpt lat="45.8591110" lon="6.5263120">
    <ele>1829.8</ele>
   </trkpt>
   <trkpt lat="45.8591250" lon="6.5262290">
    <ele>1828.0</ele>
   </trkpt>
   <trkpt lat="45.8591310" lon="6.5261900">
    <ele>1827.6</ele>
   </trkpt>
   <trkpt lat="45.8591310" lon="6.5261450">
    <ele>1826.8</ele>
   </trkpt>
   <trkpt lat="45.8591270" lon="6.5260070">
    <ele>1825.2</ele>
   </trkpt>
   <trkpt lat="45.8591190" lon="6.5259160">
    <ele>1824.2</ele>
   </trkpt>
   <trkpt lat="45.8591140" lon="6.5258780">
    <ele>1823.4</ele>
   </trkpt>
   <trkpt lat="45.8591090" lon="6.5258340">
    <ele>1822.8</ele>
   </trkpt>
   <trkpt lat="45.8590940" lon="6.5257330">
    <ele>1821.6</ele>
   </trkpt>
   <trkpt lat="45.8590670" lon="6.5256130">
    <ele>1820.4</ele>
   </trkpt>
   <trkpt lat="45.8590580" lon="6.5255310">
    <ele>1819.8</ele>
   </trkpt>
   <trkpt lat="45.8590570" lon="6.5254900">
    <ele>1819.4</ele>
   </trkpt>
   <trkpt lat="45.8590470" lon="6.5253740">
    <ele>1818.2</ele>
   </trkpt>
   <trkpt lat="45.8590310" lon="6.5252590">
    <ele>1816.6</ele>
   </trkpt>
   <trkpt lat="45.8590160" lon="6.5252250">
    <ele>1816.0</ele>
   </trkpt>
   <trkpt lat="45.8590010" lon="6.5251860">
    <ele>1815.2</ele>
   </trkpt>
   <trkpt lat="45.8589630" lon="6.5251370">
    <ele>1814.2</ele>
   </trkpt>
   <trkpt lat="45.8588950" lon="6.5250690">
    <ele>1812.6</ele>
   </trkpt>
   <trkpt lat="45.8588690" lon="6.5250150">
    <ele>1811.6</ele>
   </trkpt>
   <trkpt lat="45.8588510" lon="6.5249080">
    <ele>1810.2</ele>
   </trkpt>
   <trkpt lat="45.8588460" lon="6.5248290">
    <ele>1809.2</ele>
   </trkpt>
   <trkpt lat="45.8588540" lon="6.5247970">
    <ele>1808.4</ele>
   </trkpt>
   <trkpt lat="45.8588690" lon="6.5247730">
    <ele>1808.0</ele>
   </trkpt>
   <trkpt lat="45.8588870" lon="6.5247490">
    <ele>1807.2</ele>
   </trkpt>
   <trkpt lat="45.8589000" lon="6.5247180">
    <ele>1806.6</ele>
   </trkpt>
   <trkpt lat="45.8588970" lon="6.5246920">
    <ele>1806.2</ele>
   </trkpt>
   <trkpt lat="45.8588850" lon="6.5246670">
    <ele>1805.8</ele>
   </trkpt>
   <trkpt lat="45.8588690" lon="6.5246370">
    <ele>1805.4</ele>
   </trkpt>
   <trkpt lat="45.8588310" lon="6.5245720">
    <ele>1804.0</ele>
   </trkpt>
   <trkpt lat="45.8587650" lon="6.5244890">
    <ele>1802.4</ele>
   </trkpt>
   <trkpt lat="45.8587270" lon="6.5244330">
    <ele>1800.4</ele>
   </trkpt>
   <trkpt lat="45.8587060" lon="6.5244020">
    <ele>1799.2</ele>
   </trkpt>
   <trkpt lat="45.8586920" lon="6.5243740">
    <ele>1798.4</ele>
   </trkpt>
   <trkpt lat="45.8586890" lon="6.5243570">
    <ele>1797.6</ele>
   </trkpt>
   <trkpt lat="45.8586940" lon="6.5243440">
    <ele>1797.2</ele>
   </trkpt>
   <trkpt lat="45.8587070" lon="6.5243430">
    <ele>1796.8</ele>
   </trkpt>
   <trkpt lat="45.8587280" lon="6.5243350">
    <ele>1796.4</ele>
   </trkpt>
   <trkpt lat="45.8587780" lon="6.5242990">
    <ele>1795.2</ele>
   </trkpt>
   <trkpt lat="45.8588260" lon="6.5242490">
    <ele>1794.0</ele>
   </trkpt>
   <trkpt lat="45.8588500" lon="6.5241760">
    <ele>1792.8</ele>
   </trkpt>
   <trkpt lat="45.8588480" lon="6.5241360">
    <ele>1792.2</ele>
   </trkpt>
   <trkpt lat="45.8588390" lon="6.5240970">
    <ele>1791.4</ele>
   </trkpt>
   <trkpt lat="45.8588160" lon="6.5240180">
    <ele>1790.2</ele>
   </trkpt>
   <trkpt lat="45.8588030" lon="6.5239430">
    <ele>1789.2</ele>
   </trkpt>
   <trkpt lat="45.8587990" lon="6.5238810">
    <ele>1788.6</ele>
   </trkpt>
   <trkpt lat="45.8588110" lon="6.5238250">
    <ele>1787.8</ele>
   </trkpt>
   <trkpt lat="45.8588460" lon="6.5237880">
    <ele>1786.0</ele>
   </trkpt>
   <trkpt lat="45.8588650" lon="6.5237840">
    <ele>1785.6</ele>
   </trkpt>
   <trkpt lat="45.8588850" lon="6.5237720">
    <ele>1785.0</ele>
   </trkpt>
   <trkpt lat="45.8588970" lon="6.5237420">
    <ele>1784.4</ele>
   </trkpt>
   <trkpt lat="45.8588960" lon="6.5237150">
    <ele>1783.4</ele>
   </trkpt>
   <trkpt lat="45.8588740" lon="6.5236440">
    <ele>1781.8</ele>
   </trkpt>
   <trkpt lat="45.8588590" lon="6.5236130">
    <ele>1780.8</ele>
   </trkpt>
   <trkpt lat="45.8588290" lon="6.5235320">
    <ele>1779.0</ele>
   </trkpt>
   <trkpt lat="45.8588280" lon="6.5234930">
    <ele>1777.8</ele>
   </trkpt>
   <trkpt lat="45.8588330" lon="6.5234210">
    <ele>1776.6</ele>
   </trkpt>
   <trkpt lat="45.8588680" lon="6.5233660">
    <ele>1775.2</ele>
   </trkpt>
   <trkpt lat="45.8588880" lon="6.5233400">
    <ele>1774.0</ele>
   </trkpt>
   <trkpt lat="45.8589110" lon="6.5233250">
    <ele>1773.0</ele>
   </trkpt>
   <trkpt lat="45.8589350" lon="6.5233180">
    <ele>1771.6</ele>
   </trkpt>
   <trkpt lat="45.8589830" lon="6.5233100">
    <ele>1770.0</ele>
   </trkpt>
   <trkpt lat="45.8590300" lon="6.5232890">
    <ele>1768.8</ele>
   </trkpt>
   <trkpt lat="45.8590860" lon="6.5233040">
    <ele>1766.8</ele>
   </trkpt>
   <trkpt lat="45.8591400" lon="6.5233060">
    <ele>1765.4</ele>
   </trkpt>
   <trkpt lat="45.8591860" lon="6.5232750">
    <ele>1764.0</ele>
   </trkpt>
   <trkpt lat="45.8592130" lon="6.5232640">
    <ele>1763.2</ele>
   </trkpt>
   <trkpt lat="45.8592410" lon="6.5232480">
    <ele>1762.4</ele>
   </trkpt>
   <trkpt lat="45.8592990" lon="6.5232100">
    <ele>1761.0</ele>
   </trkpt>
   <trkpt lat="45.8593510" lon="6.5231630">
    <ele>1760.2</ele>
   </trkpt>
   <trkpt lat="45.8593750" lon="6.5231500">
    <ele>1759.2</ele>
   </trkpt>
   <trkpt lat="45.8594350" lon="6.5231380">
    <ele>1758.0</ele>
   </trkpt>
   <trkpt lat="45.8594510" lon="6.5231160">
    <ele>1757.6</ele>
   </trkpt>
   <trkpt lat="45.8594780" lon="6.5230750">
    <ele>1756.2</ele>
   </trkpt>
   <trkpt lat="45.8594960" lon="6.5230680">
    <ele>1755.6</ele>
   </trkpt>
   <trkpt lat="45.8595110" lon="6.5230470">
    <ele>1754.6</ele>
   </trkpt>
   <trkpt lat="45.8595120" lon="6.5230190">
    <ele>1753.8</ele>
   </trkpt>
   <trkpt lat="45.8595050" lon="6.5229860">
    <ele>1753.2</ele>
   </trkpt>
   <trkpt lat="45.8594860" lon="6.5229610">
    <ele>1752.6</ele>
   </trkpt>
   <trkpt lat="45.8594720" lon="6.5229320">
    <ele>1751.8</ele>
   </trkpt>
   <trkpt lat="45.8594520" lon="6.5229010">
    <ele>1750.6</ele>
   </trkpt>
   <trkpt lat="45.8594320" lon="6.5228830">
    <ele>1750.0</ele>
   </trkpt>
   <trkpt lat="45.8594120" lon="6.5228710">
    <ele>1749.2</ele>
   </trkpt>
   <trkpt lat="45.8593690" lon="6.5228190">
    <ele>1747.4</ele>
   </trkpt>
   <trkpt lat="45.8593280" lon="6.5227430">
    <ele>1745.8</ele>
   </trkpt>
   <trkpt lat="45.8593360" lon="6.5226930">
    <ele>1744.8</ele>
   </trkpt>
   <trkpt lat="45.8593540" lon="6.5226820">
    <ele>1744.4</ele>
   </trkpt>
   <trkpt lat="45.8594280" lon="6.5226500">
    <ele>1742.8</ele>
   </trkpt>
   <trkpt lat="45.8594400" lon="6.5226310">
    <ele>1741.6</ele>
   </trkpt>
   <trkpt lat="45.8594470" lon="6.5226060">
    <ele>1740.2</ele>
   </trkpt>
   <trkpt lat="45.8594570" lon="6.5225890">
    <ele>1739.2</ele>
   </trkpt>
   <trkpt lat="45.8594790" lon="6.5225420">
    <ele>1737.8</ele>
   </trkpt>
   <trkpt lat="45.8594900" lon="6.5225160">
    <ele>1736.8</ele>
   </trkpt>
   <trkpt lat="45.8595270" lon="6.5224750">
    <ele>1734.8</ele>
   </trkpt>
   <trkpt lat="45.8595380" lon="6.5224550">
    <ele>1733.4</ele>
   </trkpt>
   <trkpt lat="45.8595200" lon="6.5224080">
    <ele>1731.4</ele>
   </trkpt>
   <trkpt lat="45.8595000" lon="6.5223480">
    <ele>1730.0</ele>
   </trkpt>
   <trkpt lat="45.8595000" lon="6.5223200">
    <ele>1728.8</ele>
   </trkpt>
   <trkpt lat="45.8595080" lon="6.5222950">
    <ele>1727.8</ele>
   </trkpt>
   <trkpt lat="45.8595250" lon="6.5222880">
    <ele>1727.0</ele>
   </trkpt>
   <trkpt lat="45.8595450" lon="6.5222830">
    <ele>1726.0</ele>
   </trkpt>
   <trkpt lat="45.8596010" lon="6.5222460">
    <ele>1724.8</ele>
   </trkpt>
   <trkpt lat="45.8596680" lon="6.5221890">
    <ele>1723.2</ele>
   </trkpt>
   <trkpt lat="45.8597630" lon="6.5221460">
    <ele>1721.6</ele>
   </trkpt>
   <trkpt lat="45.8598240" lon="6.5221250">
    <ele>1720.8</ele>
   </trkpt>
   <trkpt lat="45.8598640" lon="6.5221080">
    <ele>1720.4</ele>
   </trkpt>
   <trkpt lat="45.8599130" lon="6.5220730">
    <ele>1718.8</ele>
   </trkpt>
   <trkpt lat="45.8599400" lon="6.5220040">
    <ele>1717.8</ele>
   </trkpt>
   <trkpt lat="45.8599450" lon="6.5219280">
    <ele>1716.4</ele>
   </trkpt>
   <trkpt lat="45.8599480" lon="6.5218750">
    <ele>1715.0</ele>
   </trkpt>
   <trkpt lat="45.8599340" lon="6.5218560">
    <ele>1714.6</ele>
   </trkpt>
   <trkpt lat="45.8599110" lon="6.5218360">
    <ele>1713.6</ele>
   </trkpt>
   <trkpt lat="45.8598340" lon="6.5218300">
    <ele>1712.4</ele>
   </trkpt>
   <trkpt lat="45.8597870" lon="6.5218300">
    <ele>1710.8</ele>
   </trkpt>
   <trkpt lat="45.8597240" lon="6.5218100">
    <ele>1709.2</ele>
   </trkpt>
   <trkpt lat="45.8597250" lon="6.5217950">
    <ele>1708.4</ele>
   </trkpt>
   <trkpt lat="45.8597310" lon="6.5217740">
    <ele>1707.4</ele>
   </trkpt>
   <trkpt lat="45.8597620" lon="6.5217290">
    <ele>1706.0</ele>
   </trkpt>
   <trkpt lat="45.8598040" lon="6.5216750">
    <ele>1705.0</ele>
   </trkpt>
   <trkpt lat="45.8598250" lon="6.5216460">
    <ele>1703.8</ele>
   </trkpt>
   <trkpt lat="45.8598510" lon="6.5215770">
    <ele>1702.4</ele>
   </trkpt>
   <trkpt lat="45.8598640" lon="6.5215480">
    <ele>1701.4</ele>
   </trkpt>
   <trkpt lat="45.8598830" lon="6.5215350">
    <ele>1700.8</ele>
   </trkpt>
   <trkpt lat="45.8598980" lon="6.5215170">
    <ele>1699.4</ele>
   </trkpt>
   <trkpt lat="45.8599160" lon="6.5214980">
    <ele>1698.2</ele>
   </trkpt>
   <trkpt lat="45.8599490" lon="6.5214370">
    <ele>1696.8</ele>
   </trkpt>
   <trkpt lat="45.8599670" lon="6.5214030">
    <ele>1696.4</ele>
   </trkpt>
   <trkpt lat="45.8599870" lon="6.5213230">
    <ele>1695.6</ele>
   </trkpt>
   <trkpt lat="45.8600040" lon="6.5212430">
    <ele>1694.6</ele>
   </trkpt>
   <trkpt lat="45.8600290" lon="6.5212010">
    <ele>1693.6</ele>
   </trkpt>
   <trkpt lat="45.8600360" lon="6.5211430">
    <ele>1692.8</ele>
   </trkpt>
   <trkpt lat="45.8600280" lon="6.5211110">
    <ele>1691.8</ele>
   </trkpt>
   <trkpt lat="45.8600190" lon="6.5210480">
    <ele>1690.2</ele>
   </trkpt>
   <trkpt lat="45.8600300" lon="6.5210250">
    <ele>1689.6</ele>
   </trkpt>
   <trkpt lat="45.8600470" lon="6.5210030">
    <ele>1688.8</ele>
   </trkpt>
   <trkpt lat="45.8600860" lon="6.5209810">
    <ele>1687.0</ele>
   </trkpt>
   <trkpt lat="45.8601190" lon="6.5209360">
    <ele>1686.0</ele>
   </trkpt>
   <trkpt lat="45.8601740" lon="6.5208060">
    <ele>1684.4</ele>
   </trkpt>
   <trkpt lat="45.8602160" lon="6.5207550">
    <ele>1683.0</ele>
   </trkpt>
   <trkpt lat="45.8602400" lon="6.5207100">
    <ele>1681.2</ele>
   </trkpt>
   <trkpt lat="45.8602530" lon="6.5206580">
    <ele>1678.8</ele>
   </trkpt>
   <trkpt lat="45.8602630" lon="6.5206360">
    <ele>1677.6</ele>
   </trkpt>
   <trkpt lat="45.8602850" lon="6.5206160">
    <ele>1676.2</ele>
   </trkpt>
   <trkpt lat="45.8603250" lon="6.5205340">
    <ele>1675.2</ele>
   </trkpt>
   <trkpt lat="45.8603510" lon="6.5205070">
    <ele>1675.0</ele>
   </trkpt>
   <trkpt lat="45.8604380" lon="6.5203680">
    <ele>1674.2</ele>
   </trkpt>
   <trkpt lat="45.8604780" lon="6.5203090">
    <ele>1674.0</ele>
   </trkpt>
   <trkpt lat="45.8605180" lon="6.5202450">
    <ele>1673.4</ele>
   </trkpt>
   <trkpt lat="45.8605250" lon="6.5202130">
    <ele>1672.8</ele>
   </trkpt>
   <trkpt lat="45.8605340" lon="6.5201110">
    <ele>1671.8</ele>
   </trkpt>
   <trkpt lat="45.8605410" lon="6.5200310">
    <ele>1670.2</ele>
   </trkpt>
   <trkpt lat="45.8605410" lon="6.5199960">
    <ele>1669.6</ele>
   </trkpt>
   <trkpt lat="45.8605350" lon="6.5199360">
    <ele>1668.8</ele>
   </trkpt>
   <trkpt lat="45.8605070" lon="6.5198890">
    <ele>1667.4</ele>
   </trkpt>
   <trkpt lat="45.8604790" lon="6.5198610">
    <ele>1666.6</ele>
   </trkpt>
   <trkpt lat="45.8604580" lon="6.5198160">
    <ele>1666.2</ele>
   </trkpt>
   <trkpt lat="45.8604340" lon="6.5197140">
    <ele>1665.8</ele>
   </trkpt>
   <trkpt lat="45.8604250" lon="6.5196260">
    <ele>1665.6</ele>
   </trkpt>
   <trkpt lat="45.8604200" lon="6.5194260">
    <ele>1666.4</ele>
   </trkpt>
   <trkpt lat="45.8604220" lon="6.5193660">
    <ele>1667.2</ele>
   </trkpt>
   <trkpt lat="45.8604330" lon="6.5193350">
    <ele>1667.6</ele>
   </trkpt>
   <trkpt lat="45.8604330" lon="6.5191400">
    <ele>1667.4</ele>
   </trkpt>
   <trkpt lat="45.8604340" lon="6.5190100">
    <ele>1665.6</ele>
   </trkpt>
   <trkpt lat="45.8604310" lon="6.5188940">
    <ele>1664.6</ele>
   </trkpt>
   <trkpt lat="45.8604370" lon="6.5187580">
    <ele>1665.0</ele>
   </trkpt>
   <trkpt lat="45.8604330" lon="6.5187320">
    <ele>1665.8</ele>
   </trkpt>
   <trkpt lat="45.8604480" lon="6.5186520">
    <ele>1666.8</ele>
   </trkpt>
   <trkpt lat="45.8604810" lon="6.5185310">
    <ele>1667.8</ele>
   </trkpt>
   <trkpt lat="45.8604740" lon="6.5184810">
    <ele>1668.2</ele>
   </trkpt>
   <trkpt lat="45.8604680" lon="6.5184640">
    <ele>1668.8</ele>
   </trkpt>
   <trkpt lat="45.8604670" lon="6.5184440">
    <ele>1669.2</ele>
   </trkpt>
   <trkpt lat="45.8604740" lon="6.5183930">
    <ele>1669.8</ele>
   </trkpt>
   <trkpt lat="45.8605050" lon="6.5182920">
    <ele>1670.2</ele>
   </trkpt>
   <trkpt lat="45.8605650" lon="6.5182130">
    <ele>1670.2</ele>
   </trkpt>
   <trkpt lat="45.8606380" lon="6.5181250">
    <ele>1669.2</ele>
   </trkpt>
   <trkpt lat="45.8607050" lon="6.5180240">
    <ele>1667.6</ele>
   </trkpt>
   <trkpt lat="45.8607230" lon="6.5179940">
    <ele>1667.2</ele>
   </trkpt>
   <trkpt lat="45.8607690" lon="6.5179320">
    <ele>1666.4</ele>
   </trkpt>
   <trkpt lat="45.8608490" lon="6.5178250">
    <ele>1664.8</ele>
   </trkpt>
   <trkpt lat="45.8608980" lon="6.5177670">
    <ele>1663.6</ele>
   </trkpt>
   <trkpt lat="45.8609190" lon="6.5177390">
    <ele>1663.2</ele>
   </trkpt>
   <trkpt lat="45.8609540" lon="6.5176830">
    <ele>1662.6</ele>
   </trkpt>
   <trkpt lat="45.8610500" lon="6.5175270">
    <ele>1660.8</ele>
   </trkpt>
   <trkpt lat="45.8610740" lon="6.5174890">
    <ele>1659.6</ele>
   </trkpt>
   <trkpt lat="45.8610920" lon="6.5174540">
    <ele>1658.6</ele>
   </trkpt>
   <trkpt lat="45.8611260" lon="6.5173740">
    <ele>1656.8</ele>
   </trkpt>
   <trkpt lat="45.8611520" lon="6.5172840">
    <ele>1655.6</ele>
   </trkpt>
   <trkpt lat="45.8611600" lon="6.5172410">
    <ele>1655.4</ele>
   </trkpt>
   <trkpt lat="45.8611650" lon="6.5171970">
    <ele>1654.4</ele>
   </trkpt>
   <trkpt lat="45.8611750" lon="6.5170810">
    <ele>1653.0</ele>
   </trkpt>
   <trkpt lat="45.8611830" lon="6.5170070">
    <ele>1651.4</ele>
   </trkpt>
   <trkpt lat="45.8612210" lon="6.5169010">
    <ele>1649.8</ele>
   </trkpt>
   <trkpt lat="45.8612550" lon="6.5168050">
    <ele>1647.6</ele>
   </trkpt>
   <trkpt lat="45.8612660" lon="6.5167530">
    <ele>1646.4</ele>
   </trkpt>
   <trkpt lat="45.8612850" lon="6.5166590">
    <ele>1645.4</ele>
   </trkpt>
   <trkpt lat="45.8612880" lon="6.5166130">
    <ele>1644.6</ele>
   </trkpt>
   <trkpt lat="45.8612920" lon="6.5165670">
    <ele>1644.2</ele>
   </trkpt>
   <trkpt lat="45.8612910" lon="6.5164870">
    <ele>1642.6</ele>
   </trkpt>
   <trkpt lat="45.8613000" lon="6.5164570">
    <ele>1641.4</ele>
   </trkpt>
   <trkpt lat="45.8613480" lon="6.5164520">
    <ele>1640.0</ele>
   </trkpt>
   <trkpt lat="45.8613730" lon="6.5164460">
    <ele>1639.6</ele>
   </trkpt>
   <trkpt lat="45.8613930" lon="6.5164340">
    <ele>1638.4</ele>
   </trkpt>
   <trkpt lat="45.8614400" lon="6.5163990">
    <ele>1636.8</ele>
   </trkpt>
   <trkpt lat="45.8614670" lon="6.5163070">
    <ele>1635.4</ele>
   </trkpt>
   <trkpt lat="45.8614860" lon="6.5161480">
    <ele>1634.2</ele>
   </trkpt>
   <trkpt lat="45.8614930" lon="6.5160700">
    <ele>1634.0</ele>
   </trkpt>
   <trkpt lat="45.8614750" lon="6.5159020">
    <ele>1633.0</ele>
   </trkpt>
   <trkpt lat="45.8614610" lon="6.5158200">
    <ele>1632.4</ele>
   </trkpt>
   <trkpt lat="45.8614460" lon="6.5157880">
    <ele>1632.0</ele>
   </trkpt>
   <trkpt lat="45.8614340" lon="6.5157080">
    <ele>1630.8</ele>
   </trkpt>
   <trkpt lat="45.8614030" lon="6.5156290">
    <ele>1629.2</ele>
   </trkpt>
   <trkpt lat="45.8613820" lon="6.5155540">
    <ele>1628.0</ele>
   </trkpt>
   <trkpt lat="45.8613490" lon="6.5155030">
    <ele>1627.0</ele>
   </trkpt>
   <trkpt lat="45.8613070" lon="6.5154300">
    <ele>1626.2</ele>
   </trkpt>
   <trkpt lat="45.8612840" lon="6.5153970">
    <ele>1625.4</ele>
   </trkpt>
   <trkpt lat="45.8612650" lon="6.5153590">
    <ele>1624.4</ele>
   </trkpt>
   <trkpt lat="45.8612230" lon="6.5153030">
    <ele>1622.8</ele>
   </trkpt>
   <trkpt lat="45.8611890" lon="6.5153020">
    <ele>1621.6</ele>
   </trkpt>
   <trkpt lat="45.8611610" lon="6.5153050">
    <ele>1620.4</ele>
   </trkpt>
   <trkpt lat="45.8611300" lon="6.5153160">
    <ele>1619.2</ele>
   </trkpt>
   <trkpt lat="45.8610840" lon="6.5153230">
    <ele>1617.8</ele>
   </trkpt>
   <trkpt lat="45.8610380" lon="6.5153120">
    <ele>1616.2</ele>
   </trkpt>
   <trkpt lat="45.8610210" lon="6.5153110">
    <ele>1615.0</ele>
   </trkpt>
   <trkpt lat="45.8610070" lon="6.5152970">
    <ele>1614.4</ele>
   </trkpt>
   <trkpt lat="45.8610000" lon="6.5152770">
    <ele>1613.6</ele>
   </trkpt>
   <trkpt lat="45.8609980" lon="6.5152540">
    <ele>1613.4</ele>
   </trkpt>
   <trkpt lat="45.8609940" lon="6.5152260">
    <ele>1612.6</ele>
   </trkpt>
   <trkpt lat="45.8609860" lon="6.5151590">
    <ele>1611.0</ele>
   </trkpt>
   <trkpt lat="45.8609720" lon="6.5150910">
    <ele>1609.0</ele>
   </trkpt>
   <trkpt lat="45.8609730" lon="6.5150260">
    <ele>1607.0</ele>
   </trkpt>
   <trkpt lat="45.8609730" lon="6.5149950">
    <ele>1606.0</ele>
   </trkpt>
   <trkpt lat="45.8609770" lon="6.5149600">
    <ele>1605.0</ele>
   </trkpt>
   <trkpt lat="45.8609710" lon="6.5149250">
    <ele>1604.0</ele>
   </trkpt>
   <trkpt lat="45.8609630" lon="6.5148930">
    <ele>1603.0</ele>
   </trkpt>
   <trkpt lat="45.8609490" lon="6.5148620">
    <ele>1602.0</ele>
   </trkpt>
   <trkpt lat="45.8609270" lon="6.5147880">
    <ele>1600.0</ele>
   </trkpt>
   <trkpt lat="45.8609160" lon="6.5147020">
    <ele>1598.6</ele>
   </trkpt>
   <trkpt lat="45.8609350" lon="6.5146170">
    <ele>1597.4</ele>
   </trkpt>
   <trkpt lat="45.8609530" lon="6.5145340">
    <ele>1596.6</ele>
   </trkpt>
   <trkpt lat="45.8609620" lon="6.5144960">
    <ele>1596.2</ele>
   </trkpt>
   <trkpt lat="45.8609780" lon="6.5143900">
    <ele>1595.2</ele>
   </trkpt>
   <trkpt lat="45.8609880" lon="6.5142980">
    <ele>1593.6</ele>
   </trkpt>
   <trkpt lat="45.8609930" lon="6.5142410">
    <ele>1593.0</ele>
   </trkpt>
   <trkpt lat="45.8609930" lon="6.5141890">
    <ele>1592.4</ele>
   </trkpt>
   <trkpt lat="45.8609820" lon="6.5140120">
    <ele>1591.4</ele>
   </trkpt>
   <trkpt lat="45.8609570" lon="6.5139140">
    <ele>1591.4</ele>
   </trkpt>
   <trkpt lat="45.8609750" lon="6.5136920">
    <ele>1590.8</ele>
   </trkpt>
   <trkpt lat="45.8609990" lon="6.5135900">
    <ele>1590.2</ele>
   </trkpt>
   <trkpt lat="45.8610570" lon="6.5134250">
    <ele>1589.4</ele>
   </trkpt>
   <trkpt lat="45.8611040" lon="6.5133340">
    <ele>1589.0</ele>
   </trkpt>
   <trkpt lat="45.8612090" lon="6.5131760">
    <ele>1588.4</ele>
   </trkpt>
   <trkpt lat="45.8612310" lon="6.5131310">
    <ele>1588.0</ele>
   </trkpt>
   <trkpt lat="45.8612700" lon="6.5129860">
    <ele>1587.2</ele>
   </trkpt>
   <trkpt lat="45.8612820" lon="6.5129460">
    <ele>1586.4</ele>
   </trkpt>
   <trkpt lat="45.8613150" lon="6.5126620">
    <ele>1585.4</ele>
   </trkpt>
   <trkpt lat="45.8613060" lon="6.5125680">
    <ele>1585.4</ele>
   </trkpt>
   <trkpt lat="45.8612670" lon="6.5124170">
    <ele>1584.4</ele>
   </trkpt>
   <trkpt lat="45.8612510" lon="6.5123160">
    <ele>1584.2</ele>
   </trkpt>
   <trkpt lat="45.8612780" lon="6.5121040">
    <ele>1582.8</ele>
   </trkpt>
   <trkpt lat="45.8613050" lon="6.5120040">
    <ele>1581.8</ele>
   </trkpt>
   <trkpt lat="45.8613150" lon="6.5118990">
    <ele>1580.8</ele>
   </trkpt>
   <trkpt lat="45.8613240" lon="6.5118080">
    <ele>1580.0</ele>
   </trkpt>
   <trkpt lat="45.8613400" lon="6.5117560">
    <ele>1579.6</ele>
   </trkpt>
   <trkpt lat="45.8613560" lon="6.5116000">
    <ele>1578.6</ele>
   </trkpt>
   <trkpt lat="45.8613430" lon="6.5114500">
    <ele>1577.4</ele>
   </trkpt>
   <trkpt lat="45.8613300" lon="6.5113010">
    <ele>1576.2</ele>
   </trkpt>
   <trkpt lat="45.8613070" lon="6.5111580">
    <ele>1575.2</ele>
   </trkpt>
   <trkpt lat="45.8612980" lon="6.5109640">
    <ele>1574.0</ele>
   </trkpt>
   <trkpt lat="45.8612680" lon="6.5108760">
    <ele>1573.4</ele>
   </trkpt>
   <trkpt lat="45.8612290" lon="6.5107990">
    <ele>1572.8</ele>
   </trkpt>
   <trkpt lat="45.8611990" lon="6.5107110">
    <ele>1571.6</ele>
   </trkpt>
   <trkpt lat="45.8611670" lon="6.5105920">
    <ele>1570.4</ele>
   </trkpt>
   <trkpt lat="45.8611420" lon="6.5105140">
    <ele>1569.6</ele>
   </trkpt>
   <trkpt lat="45.8611310" lon="6.5104740">
    <ele>1569.2</ele>
   </trkpt>
   <trkpt lat="45.8611130" lon="6.5103230">
    <ele>1567.8</ele>
   </trkpt>
   <trkpt lat="45.8611060" lon="6.5102300">
    <ele>1566.8</ele>
   </trkpt>
   <trkpt lat="45.8611060" lon="6.5101860">
    <ele>1566.4</ele>
   </trkpt>
   <trkpt lat="45.8610870" lon="6.5100950">
    <ele>1565.0</ele>
   </trkpt>
   <trkpt lat="45.8610470" lon="6.5100180">
    <ele>1563.8</ele>
   </trkpt>
   <trkpt lat="45.8610260" lon="6.5099850">
    <ele>1563.4</ele>
   </trkpt>
   <trkpt lat="45.8610070" lon="6.5099500">
    <ele>1562.8</ele>
   </trkpt>
   <trkpt lat="45.8609550" lon="6.5098800">
    <ele>1561.2</ele>
   </trkpt>
   <trkpt lat="45.8609030" lon="6.5098170">
    <ele>1560.0</ele>
   </trkpt>
   <trkpt lat="45.8608640" lon="6.5097750">
    <ele>1558.6</ele>
   </trkpt>
   <trkpt lat="45.8608380" lon="6.5097460">
    <ele>1558.4</ele>
   </trkpt>
   <trkpt lat="45.8607320" lon="6.5095910">
    <ele>1557.4</ele>
   </trkpt>
   <trkpt lat="45.8606970" lon="6.5095080">
    <ele>1556.0</ele>
   </trkpt>
   <trkpt lat="45.8606540" lon="6.5094240">
    <ele>1554.8</ele>
   </trkpt>
   <trkpt lat="45.8606200" lon="6.5093290">
    <ele>1553.6</ele>
   </trkpt>
   <trkpt lat="45.8605970" lon="6.5092890">
    <ele>1552.8</ele>
   </trkpt>
   <trkpt lat="45.8605590" lon="6.5092340">
    <ele>1552.4</ele>
   </trkpt>
   <trkpt lat="45.8605200" lon="6.5091490">
    <ele>1551.0</ele>
   </trkpt>
   <trkpt lat="45.8604850" lon="6.5090820">
    <ele>1549.8</ele>
   </trkpt>
   <trkpt lat="45.8604390" lon="6.5090150">
    <ele>1548.2</ele>
   </trkpt>
   <trkpt lat="45.8603910" lon="6.5088590">
    <ele>1547.0</ele>
   </trkpt>
   <trkpt lat="45.8603170" lon="6.5087390">
    <ele>1545.8</ele>
   </trkpt>
   <trkpt lat="45.8602740" lon="6.5085980">
    <ele>1544.6</ele>
   </trkpt>
   <trkpt lat="45.8602620" lon="6.5085170">
    <ele>1543.2</ele>
   </trkpt>
   <trkpt lat="45.8602550" lon="6.5084770">
    <ele>1542.8</ele>
   </trkpt>
   <trkpt lat="45.8602600" lon="6.5084350">
    <ele>1542.2</ele>
   </trkpt>
   <trkpt lat="45.8602670" lon="6.5083210">
    <ele>1541.0</ele>
   </trkpt>
   <trkpt lat="45.8602510" lon="6.5082250">
    <ele>1539.6</ele>
   </trkpt>
   <trkpt lat="45.8602470" lon="6.5081780">
    <ele>1538.8</ele>
   </trkpt>
   <trkpt lat="45.8602700" lon="6.5081260">
    <ele>1538.0</ele>
   </trkpt>
   <trkpt lat="45.8602920" lon="6.5080520">
    <ele>1536.6</ele>
   </trkpt>
   <trkpt lat="45.8603080" lon="6.5080080">
    <ele>1535.4</ele>
   </trkpt>
   <trkpt lat="45.8603070" lon="6.5079550">
    <ele>1534.2</ele>
   </trkpt>
   <trkpt lat="45.8603000" lon="6.5079080">
    <ele>1533.2</ele>
   </trkpt>
   <trkpt lat="45.8602970" lon="6.5078300">
    <ele>1532.0</ele>
   </trkpt>
   <trkpt lat="45.8603280" lon="6.5077650">
    <ele>1530.8</ele>
   </trkpt>
   <trkpt lat="45.8603400" lon="6.5077280">
    <ele>1530.2</ele>
   </trkpt>
   <trkpt lat="45.8603760" lon="6.5076610">
    <ele>1528.8</ele>
   </trkpt>
   <trkpt lat="45.8604450" lon="6.5075270">
    <ele>1527.4</ele>
   </trkpt>
   <trkpt lat="45.8604720" lon="6.5074330">
    <ele>1525.6</ele>
   </trkpt>
   <trkpt lat="45.8604790" lon="6.5073590">
    <ele>1524.2</ele>
   </trkpt>
   <trkpt lat="45.8604730" lon="6.5073270">
    <ele>1523.4</ele>
   </trkpt>
   <trkpt lat="45.8604670" lon="6.5072970">
    <ele>1522.6</ele>
   </trkpt>
   <trkpt lat="45.8604680" lon="6.5072660">
    <ele>1522.0</ele>
   </trkpt>
   <trkpt lat="45.8604700" lon="6.5072250">
    <ele>1521.2</ele>
   </trkpt>
   <trkpt lat="45.8604690" lon="6.5071750">
    <ele>1520.2</ele>
   </trkpt>
   <trkpt lat="45.8604680" lon="6.5071340">
    <ele>1519.8</ele>
   </trkpt>
   <trkpt lat="45.8604910" lon="6.5069660">
    <ele>1518.8</ele>
   </trkpt>
   <trkpt lat="45.8605030" lon="6.5069140">
    <ele>1518.4</ele>
   </trkpt>
   <trkpt lat="45.8605090" lon="6.5068030">
    <ele>1517.0</ele>
   </trkpt>
   <trkpt lat="45.8604940" lon="6.5066970">
    <ele>1516.0</ele>
   </trkpt>
   <trkpt lat="45.8604950" lon="6.5066210">
    <ele>1514.4</ele>
   </trkpt>
   <trkpt lat="45.8604880" lon="6.5065930">
    <ele>1513.6</ele>
   </trkpt>
   <trkpt lat="45.8604780" lon="6.5065590">
    <ele>1513.0</ele>
   </trkpt>
   <trkpt lat="45.8604760" lon="6.5065180">
    <ele>1511.8</ele>
   </trkpt>
   <trkpt lat="45.8604720" lon="6.5064810">
    <ele>1510.4</ele>
   </trkpt>
   <trkpt lat="45.8604680" lon="6.5064420">
    <ele>1509.4</ele>
   </trkpt>
   <trkpt lat="45.8604590" lon="6.5064000">
    <ele>1508.2</ele>
   </trkpt>
   <trkpt lat="45.8604300" lon="6.5063020">
    <ele>1506.4</ele>
   </trkpt>
   <trkpt lat="45.8604160" lon="6.5062400">
    <ele>1505.2</ele>
   </trkpt>
   <trkpt lat="45.8604110" lon="6.5061970">
    <ele>1504.6</ele>
   </trkpt>
   <trkpt lat="45.8604090" lon="6.5061550">
    <ele>1503.8</ele>
   </trkpt>
   <trkpt lat="45.8604080" lon="6.5061130">
    <ele>1502.6</ele>
   </trkpt>
   <trkpt lat="45.8604030" lon="6.5060680">
    <ele>1501.4</ele>
   </trkpt>
   <trkpt lat="45.8603920" lon="6.5059770">
    <ele>1500.2</ele>
   </trkpt>
   <trkpt lat="45.8603750" lon="6.5059350">
    <ele>1499.8</ele>
   </trkpt>
   <trkpt lat="45.8603690" lon="6.5058860">
    <ele>1499.2</ele>
   </trkpt>
   <trkpt lat="45.8603530" lon="6.5057520">
    <ele>1498.2</ele>
   </trkpt>
   <trkpt lat="45.8603270" lon="6.5056260">
    <ele>1497.8</ele>
   </trkpt>
   <trkpt lat="45.8603280" lon="6.5053830">
    <ele>1497.0</ele>
   </trkpt>
   <trkpt lat="45.8603280" lon="6.5053450">
    <ele>1496.6</ele>
   </trkpt>
   <trkpt lat="45.8603410" lon="6.5052870">
    <ele>1495.6</ele>
   </trkpt>
   <trkpt lat="45.8603590" lon="6.5052620">
    <ele>1494.6</ele>
   </trkpt>
   <trkpt lat="45.8603750" lon="6.5052450">
    <ele>1494.0</ele>
   </trkpt>
   <trkpt lat="45.8604130" lon="6.5052390">
    <ele>1492.8</ele>
   </trkpt>
   <trkpt lat="45.8604240" lon="6.5052400">
    <ele>1492.0</ele>
   </trkpt>
   <trkpt lat="45.8604400" lon="6.5052470">
    <ele>1491.6</ele>
   </trkpt>
   <trkpt lat="45.8604730" lon="6.5052600">
    <ele>1490.2</ele>
   </trkpt>
   <trkpt lat="45.8604900" lon="6.5052990">
    <ele>1489.4</ele>
   </trkpt>
   <trkpt lat="45.8605130" lon="6.5053310">
    <ele>1488.0</ele>
   </trkpt>
   <trkpt lat="45.8605350" lon="6.5053630">
    <ele>1487.0</ele>
   </trkpt>
   <trkpt lat="45.8605600" lon="6.5054280">
    <ele>1485.4</ele>
   </trkpt>
   <trkpt lat="45.8606000" lon="6.5054910">
    <ele>1484.2</ele>
   </trkpt>
   <trkpt lat="45.8606200" lon="6.5055250">
    <ele>1483.6</ele>
   </trkpt>
   <trkpt lat="45.8606280" lon="6.5056080">
    <ele>1482.8</ele>
   </trkpt>
   <trkpt lat="45.8606450" lon="6.5057050">
    <ele>1482.2</ele>
   </trkpt>
   <trkpt lat="45.8606520" lon="6.5057480">
    <ele>1481.8</ele>
   </trkpt>
   <trkpt lat="45.8606590" lon="6.5057890">
    <ele>1481.4</ele>
   </trkpt>
   <trkpt lat="45.8607080" lon="6.5059510">
    <ele>1480.4</ele>
   </trkpt>
   <trkpt lat="45.8607220" lon="6.5059890">
    <ele>1480.0</ele>
   </trkpt>
   <trkpt lat="45.8607510" lon="6.5060210">
    <ele>1479.4</ele>
   </trkpt>
   <trkpt lat="45.8607620" lon="6.5060560">
    <ele>1478.4</ele>
   </trkpt>
   <trkpt lat="45.8607810" lon="6.5060790">
    <ele>1477.8</ele>
   </trkpt>
   <trkpt lat="45.8607910" lon="6.5061130">
    <ele>1477.4</ele>
   </trkpt>
   <trkpt lat="45.8608200" lon="6.5061700">
    <ele>1475.6</ele>
   </trkpt>
   <trkpt lat="45.8608550" lon="6.5062220">
    <ele>1473.8</ele>
   </trkpt>
   <trkpt lat="45.8608730" lon="6.5062670">
    <ele>1472.4</ele>
   </trkpt>
   <trkpt lat="45.8608900" lon="6.5062980">
    <ele>1471.4</ele>
   </trkpt>
   <trkpt lat="45.8609320" lon="6.5063340">
    <ele>1469.8</ele>
   </trkpt>
   <trkpt lat="45.8610030" lon="6.5064060">
    <ele>1468.4</ele>
   </trkpt>
   <trkpt lat="45.8610360" lon="6.5064760">
    <ele>1467.0</ele>
   </trkpt>
   <trkpt lat="45.8610610" lon="6.5065390">
    <ele>1466.0</ele>
   </trkpt>
   <trkpt lat="45.8610820" lon="6.5065740">
    <ele>1465.2</ele>
   </trkpt>
   <trkpt lat="45.8611020" lon="6.5066170">
    <ele>1464.4</ele>
   </trkpt>
   <trkpt lat="45.8611520" lon="6.5066780">
    <ele>1463.0</ele>
   </trkpt>
   <trkpt lat="45.8612070" lon="6.5067190">
    <ele>1461.6</ele>
   </trkpt>
   <trkpt lat="45.8612790" lon="6.5067730">
    <ele>1460.4</ele>
   </trkpt>
   <trkpt lat="45.8613340" lon="6.5068490">
    <ele>1459.2</ele>
   </trkpt>
   <trkpt lat="45.8613530" lon="6.5068730">
    <ele>1458.8</ele>
   </trkpt>
   <trkpt lat="45.8613710" lon="6.5068980">
    <ele>1458.2</ele>
   </trkpt>
   <trkpt lat="45.8614140" lon="6.5069150">
    <ele>1457.2</ele>
   </trkpt>
   <trkpt lat="45.8614300" lon="6.5069080">
    <ele>1456.8</ele>
   </trkpt>
   <trkpt lat="45.8615300" lon="6.5068760">
    <ele>1455.4</ele>
   </trkpt>
   <trkpt lat="45.8615820" lon="6.5068420">
    <ele>1454.2</ele>
   </trkpt>
   <trkpt lat="45.8616300" lon="6.5067820">
    <ele>1453.0</ele>
   </trkpt>
   <trkpt lat="45.8616570" lon="6.5067260">
    <ele>1451.8</ele>
   </trkpt>
   <trkpt lat="45.8616620" lon="6.5066930">
    <ele>1450.6</ele>
   </trkpt>
   <trkpt lat="45.8616690" lon="6.5066560">
    <ele>1449.6</ele>
   </trkpt>
   <trkpt lat="45.8616800" lon="6.5066090">
    <ele>1449.0</ele>
   </trkpt>
   <trkpt lat="45.8616830" lon="6.5065200">
    <ele>1447.8</ele>
   </trkpt>
   <trkpt lat="45.8616820" lon="6.5064730">
    <ele>1447.0</ele>
   </trkpt>
   <trkpt lat="45.8616860" lon="6.5064250">
    <ele>1446.0</ele>
   </trkpt>
   <trkpt lat="45.8616990" lon="6.5063270">
    <ele>1444.6</ele>
   </trkpt>
   <trkpt lat="45.8617040" lon="6.5062350">
    <ele>1443.4</ele>
   </trkpt>
   <trkpt lat="45.8616950" lon="6.5061420">
    <ele>1442.8</ele>
   </trkpt>
   <trkpt lat="45.8616840" lon="6.5060600">
    <ele>1442.4</ele>
   </trkpt>
   <trkpt lat="45.8616510" lon="6.5059920">
    <ele>1441.2</ele>
   </trkpt>
   <trkpt lat="45.8615990" lon="6.5059250">
    <ele>1440.4</ele>
   </trkpt>
   <trkpt lat="45.8615700" lon="6.5058010">
    <ele>1439.8</ele>
   </trkpt>
   <trkpt lat="45.8615680" lon="6.5057210">
    <ele>1438.6</ele>
   </trkpt>
   <trkpt lat="45.8615410" lon="6.5056070">
    <ele>1437.6</ele>
   </trkpt>
   <trkpt lat="45.8615330" lon="6.5055190">
    <ele>1436.4</ele>
   </trkpt>
   <trkpt lat="45.8615300" lon="6.5054760">
    <ele>1435.8</ele>
   </trkpt>
   <trkpt lat="45.8615310" lon="6.5054370">
    <ele>1435.2</ele>
   </trkpt>
   <trkpt lat="45.8615370" lon="6.5053950">
    <ele>1434.0</ele>
   </trkpt>
   <trkpt lat="45.8615450" lon="6.5053040">
    <ele>1433.2</ele>
   </trkpt>
   <trkpt lat="45.8615510" lon="6.5052670">
    <ele>1432.8</ele>
   </trkpt>
   <trkpt lat="45.8615450" lon="6.5051670">
    <ele>1431.4</ele>
   </trkpt>
   <trkpt lat="45.8615610" lon="6.5050990">
    <ele>1430.0</ele>
   </trkpt>
   <trkpt lat="45.8615830" lon="6.5050180">
    <ele>1428.4</ele>
   </trkpt>
   <trkpt lat="45.8616040" lon="6.5049350">
    <ele>1427.0</ele>
   </trkpt>
   <trkpt lat="45.8616230" lon="6.5048690">
    <ele>1425.6</ele>
   </trkpt>
   <trkpt lat="45.8616190" lon="6.5048390">
    <ele>1425.2</ele>
   </trkpt>
   <trkpt lat="45.8616230" lon="6.5048120">
    <ele>1423.8</ele>
   </trkpt>
   <trkpt lat="45.8616320" lon="6.5047460">
    <ele>1422.4</ele>
   </trkpt>
   <trkpt lat="45.8616420" lon="6.5046820">
    <ele>1420.6</ele>
   </trkpt>
   <trkpt lat="45.8616450" lon="6.5046530">
    <ele>1419.6</ele>
   </trkpt>
   <trkpt lat="45.8616390" lon="6.5046020">
    <ele>1418.0</ele>
   </trkpt>
   <trkpt lat="45.8616420" lon="6.5045460">
    <ele>1416.6</ele>
   </trkpt>
   <trkpt lat="45.8616450" lon="6.5044910">
    <ele>1415.2</ele>
   </trkpt>
   <trkpt lat="45.8616400" lon="6.5044680">
    <ele>1414.6</ele>
   </trkpt>
   <trkpt lat="45.8616380" lon="6.5044470">
    <ele>1414.0</ele>
   </trkpt>
   <trkpt lat="45.8616340" lon="6.5044320">
    <ele>1413.4</ele>
   </trkpt>
   <trkpt lat="45.8616270" lon="6.5044150">
    <ele>1413.0</ele>
   </trkpt>
   <trkpt lat="45.8616210" lon="6.5044010">
    <ele>1412.6</ele>
   </trkpt>
   <trkpt lat="45.8616170" lon="6.5043850">
    <ele>1411.8</ele>
   </trkpt>
   <trkpt lat="45.8616160" lon="6.5043390">
    <ele>1410.6</ele>
   </trkpt>
   <trkpt lat="45.8616190" lon="6.5042900">
    <ele>1409.4</ele>
   </trkpt>
   <trkpt lat="45.8616290" lon="6.5042830">
    <ele>1408.8</ele>
   </trkpt>
   <trkpt lat="45.8616400" lon="6.5042870">
    <ele>1407.6</ele>
   </trkpt>
   <trkpt lat="45.8616540" lon="6.5043000">
    <ele>1407.0</ele>
   </trkpt>
   <trkpt lat="45.8616710" lon="6.5043150">
    <ele>1406.4</ele>
   </trkpt>
   <trkpt lat="45.8617270" lon="6.5043230">
    <ele>1405.2</ele>
   </trkpt>
   <trkpt lat="45.8618340" lon="6.5043270">
    <ele>1404.2</ele>
   </trkpt>
   <trkpt lat="45.8618660" lon="6.5043190">
    <ele>1403.6</ele>
   </trkpt>
   <trkpt lat="45.8619760" lon="6.5042300">
    <ele>1402.2</ele>
   </trkpt>
   <trkpt lat="45.8619510" lon="6.5040760">
    <ele>1401.0</ele>
   </trkpt>
   <trkpt lat="45.8619120" lon="6.5039390">
    <ele>1399.8</ele>
   </trkpt>
   <trkpt lat="45.8618480" lon="6.5037580">
    <ele>1398.8</ele>
   </trkpt>
   <trkpt lat="45.8618390" lon="6.5037300">
    <ele>1398.6</ele>
   </trkpt>
   <trkpt lat="45.8618070" lon="6.5036870">
    <ele>1397.2</ele>
   </trkpt>
   <trkpt lat="45.8617710" lon="6.5036160">
    <ele>1395.6</ele>
   </trkpt>
   <trkpt lat="45.8617270" lon="6.5035380">
    <ele>1394.2</ele>
   </trkpt>
   <trkpt lat="45.8616430" lon="6.5034330">
    <ele>1393.4</ele>
   </trkpt>
   <trkpt lat="45.8614780" lon="6.5033800">
    <ele>1393.2</ele>
   </trkpt>
   <trkpt lat="45.8614040" lon="6.5033240">
    <ele>1391.4</ele>
   </trkpt>
   <trkpt lat="45.8613660" lon="6.5032920">
    <ele>1390.2</ele>
   </trkpt>
   <trkpt lat="45.8613170" lon="6.5032460">
    <ele>1389.4</ele>
   </trkpt>
   <trkpt lat="45.8613060" lon="6.5032210">
    <ele>1389.0</ele>
   </trkpt>
   <trkpt lat="45.8612770" lon="6.5031110">
    <ele>1387.6</ele>
   </trkpt>
   <trkpt lat="45.8612610" lon="6.5030770">
    <ele>1387.2</ele>
   </trkpt>
   <trkpt lat="45.8612400" lon="6.5030420">
    <ele>1386.2</ele>
   </trkpt>
   <trkpt lat="45.8612010" lon="6.5029550">
    <ele>1385.0</ele>
   </trkpt>
   <trkpt lat="45.8611720" lon="6.5028620">
    <ele>1383.2</ele>
   </trkpt>
   <trkpt lat="45.8611400" lon="6.5028030">
    <ele>1381.6</ele>
   </trkpt>
   <trkpt lat="45.8611130" lon="6.5027040">
    <ele>1380.0</ele>
   </trkpt>
   <trkpt lat="45.8611040" lon="6.5026760">
    <ele>1378.8</ele>
   </trkpt>
   <trkpt lat="45.8611040" lon="6.5026600">
    <ele>1377.8</ele>
   </trkpt>
   <trkpt lat="45.8611210" lon="6.5026680">
    <ele>1376.4</ele>
   </trkpt>
   <trkpt lat="45.8611620" lon="6.5026900">
    <ele>1374.6</ele>
   </trkpt>
   <trkpt lat="45.8612210" lon="6.5026970">
    <ele>1372.8</ele>
   </trkpt>
   <trkpt lat="45.8612660" lon="6.5026700">
    <ele>1371.6</ele>
   </trkpt>
   <trkpt lat="45.8612900" lon="6.5026500">
    <ele>1370.6</ele>
   </trkpt>
   <trkpt lat="45.8613080" lon="6.5026110">
    <ele>1368.8</ele>
   </trkpt>
   <trkpt lat="45.8612990" lon="6.5025830">
    <ele>1367.8</ele>
   </trkpt>
   <trkpt lat="45.8613000" lon="6.5025750">
    <ele>1367.2</ele>
   </trkpt>
   <trkpt lat="45.8613020" lon="6.5025640">
    <ele>1366.8</ele>
   </trkpt>
   <trkpt lat="45.8613090" lon="6.5025370">
    <ele>1365.4</ele>
   </trkpt>
   <trkpt lat="45.8613290" lon="6.5025220">
    <ele>1364.2</ele>
   </trkpt>
   <trkpt lat="45.8613650" lon="6.5025170">
    <ele>1362.6</ele>
   </trkpt>
   <trkpt lat="45.8613680" lon="6.5024960">
    <ele>1361.6</ele>
   </trkpt>
   <trkpt lat="45.8613730" lon="6.5024700">
    <ele>1360.8</ele>
   </trkpt>
   <trkpt lat="45.8613660" lon="6.5024490">
    <ele>1360.2</ele>
   </trkpt>
   <trkpt lat="45.8613450" lon="6.5024070">
    <ele>1359.6</ele>
   </trkpt>
   <trkpt lat="45.8613260" lon="6.5023910">
    <ele>1359.2</ele>
   </trkpt>
   <trkpt lat="45.8612950" lon="6.5023420">
    <ele>1358.2</ele>
   </trkpt>
   <trkpt lat="45.8612900" lon="6.5022880">
    <ele>1356.8</ele>
   </trkpt>
   <trkpt lat="45.8612920" lon="6.5022430">
    <ele>1355.0</ele>
   </trkpt>
   <trkpt lat="45.8612990" lon="6.5022370">
    <ele>1354.4</ele>
   </trkpt>
   <trkpt lat="45.8613140" lon="6.5022140">
    <ele>1353.6</ele>
   </trkpt>
   <trkpt lat="45.8613130" lon="6.5021820">
    <ele>1352.6</ele>
   </trkpt>
   <trkpt lat="45.8613040" lon="6.5021610">
    <ele>1352.2</ele>
   </trkpt>
   <trkpt lat="45.8613070" lon="6.5021410">
    <ele>1351.2</ele>
   </trkpt>
   <trkpt lat="45.8613410" lon="6.5020870">
    <ele>1349.6</ele>
   </trkpt>
   <trkpt lat="45.8613550" lon="6.5020630">
    <ele>1348.8</ele>
   </trkpt>
   <trkpt lat="45.8613620" lon="6.5020450">
    <ele>1348.2</ele>
   </trkpt>
   <trkpt lat="45.8613670" lon="6.5020310">
    <ele>1347.8</ele>
   </trkpt>
   <trkpt lat="45.8613420" lon="6.5020140">
    <ele>1347.2</ele>
   </trkpt>
   <trkpt lat="45.8613220" lon="6.5019830">
    <ele>1345.6</ele>
   </trkpt>
   <trkpt lat="45.8613050" lon="6.5019330">
    <ele>1344.2</ele>
   </trkpt>
   <trkpt lat="45.8612970" lon="6.5019250">
    <ele>1343.6</ele>
   </trkpt>
   <trkpt lat="45.8612890" lon="6.5019210">
    <ele>1342.8</ele>
   </trkpt>
   <trkpt lat="45.8612880" lon="6.5018750">
    <ele>1341.2</ele>
   </trkpt>
   <trkpt lat="45.8612960" lon="6.5018590">
    <ele>1339.8</ele>
   </trkpt>
   <trkpt lat="45.8613030" lon="6.5018620">
    <ele>1339.4</ele>
   </trkpt>
   <trkpt lat="45.8613480" lon="6.5017830">
    <ele>1338.2</ele>
   </trkpt>
   <trkpt lat="45.8613450" lon="6.5017330">
    <ele>1337.4</ele>
   </trkpt>
   <trkpt lat="45.8613440" lon="6.5017030">
    <ele>1337.0</ele>
   </trkpt>
   <trkpt lat="45.8613300" lon="6.5016780">
    <ele>1336.2</ele>
   </trkpt>
   <trkpt lat="45.8613300" lon="6.5016680">
    <ele>1335.8</ele>
   </trkpt>
   <trkpt lat="45.8613370" lon="6.5016640">
    <ele>1335.2</ele>
   </trkpt>
   <trkpt lat="45.8613500" lon="6.5016550">
    <ele>1334.4</ele>
   </trkpt>
   <trkpt lat="45.8613600" lon="6.5016540">
    <ele>1333.8</ele>
   </trkpt>
   <trkpt lat="45.8613680" lon="6.5016450">
    <ele>1333.4</ele>
   </trkpt>
   <trkpt lat="45.8613740" lon="6.5016050">
    <ele>1332.4</ele>
   </trkpt>
   <trkpt lat="45.8613550" lon="6.5015640">
    <ele>1331.2</ele>
   </trkpt>
   <trkpt lat="45.8613320" lon="6.5015550">
    <ele>1330.8</ele>
   </trkpt>
   <trkpt lat="45.8613180" lon="6.5015420">
    <ele>1330.2</ele>
   </trkpt>
   <trkpt lat="45.8613090" lon="6.5015290">
    <ele>1329.8</ele>
   </trkpt>
   <trkpt lat="45.8613120" lon="6.5014890">
    <ele>1329.0</ele>
   </trkpt>
   <trkpt lat="45.8613110" lon="6.5014750">
    <ele>1327.6</ele>
   </trkpt>
   <trkpt lat="45.8613160" lon="6.5014680">
    <ele>1326.6</ele>
   </trkpt>
   <trkpt lat="45.8613820" lon="6.5014100">
    <ele>1325.2</ele>
   </trkpt>
   <trkpt lat="45.8613850" lon="6.5013860">
    <ele>1324.4</ele>
   </trkpt>
   <trkpt lat="45.8613770" lon="6.5013730">
    <ele>1323.8</ele>
   </trkpt>
   <trkpt lat="45.8613640" lon="6.5013740">
    <ele>1323.4</ele>
   </trkpt>
   <trkpt lat="45.8613480" lon="6.5013680">
    <ele>1322.8</ele>
   </trkpt>
   <trkpt lat="45.8613330" lon="6.5013390">
    <ele>1321.6</ele>
   </trkpt>
   <trkpt lat="45.8613390" lon="6.5013350">
    <ele>1321.0</ele>
   </trkpt>
   <trkpt lat="45.8613440" lon="6.5013280">
    <ele>1320.2</ele>
   </trkpt>
   <trkpt lat="45.8613780" lon="6.5012960">
    <ele>1319.2</ele>
   </trkpt>
   <trkpt lat="45.8613870" lon="6.5012800">
    <ele>1318.2</ele>
   </trkpt>
   <trkpt lat="45.8613940" lon="6.5012650">
    <ele>1317.4</ele>
   </trkpt>
   <trkpt lat="45.8613840" lon="6.5012120">
    <ele>1316.0</ele>
   </trkpt>
   <trkpt lat="45.8613830" lon="6.5011880">
    <ele>1315.0</ele>
   </trkpt>
   <trkpt lat="45.8613890" lon="6.5011720">
    <ele>1314.4</ele>
   </trkpt>
   <trkpt lat="45.8613930" lon="6.5011710">
    <ele>1313.4</ele>
   </trkpt>
   <trkpt lat="45.8614000" lon="6.5011710">
    <ele>1312.8</ele>
   </trkpt>
   <trkpt lat="45.8614130" lon="6.5011680">
    <ele>1312.0</ele>
   </trkpt>
   <trkpt lat="45.8614400" lon="6.5011110">
    <ele>1310.6</ele>
   </trkpt>
   <trkpt lat="45.8614260" lon="6.5010750">
    <ele>1309.8</ele>
   </trkpt>
   <trkpt lat="45.8614140" lon="6.5010250">
    <ele>1308.8</ele>
   </trkpt>
   <trkpt lat="45.8613800" lon="6.5009390">
    <ele>1307.4</ele>
   </trkpt>
   <trkpt lat="45.8613660" lon="6.5008770">
    <ele>1306.2</ele>
   </trkpt>
   <trkpt lat="45.8613230" lon="6.5008160">
    <ele>1305.0</ele>
   </trkpt>
   <trkpt lat="45.8613180" lon="6.5008130">
    <ele>1303.2</ele>
   </trkpt>
   <trkpt lat="45.8613280" lon="6.5008120">
    <ele>1302.0</ele>
   </trkpt>
   <trkpt lat="45.8613220" lon="6.5007830">
    <ele>1301.2</ele>
   </trkpt>
   <trkpt lat="45.8613190" lon="6.5007640">
    <ele>1300.8</ele>
   </trkpt>
   <trkpt lat="45.8613060" lon="6.5007270">
    <ele>1299.2</ele>
   </trkpt>
   <trkpt lat="45.8612790" lon="6.5006780">
    <ele>1297.8</ele>
   </trkpt>
   <trkpt lat="45.8612690" lon="6.5006340">
    <ele>1297.0</ele>
   </trkpt>
   <trkpt lat="45.8612650" lon="6.5006060">
    <ele>1296.4</ele>
   </trkpt>
   <trkpt lat="45.8612740" lon="6.5005890">
    <ele>1295.4</ele>
   </trkpt>
   <trkpt lat="45.8612920" lon="6.5005800">
    <ele>1294.4</ele>
   </trkpt>
   <trkpt lat="45.8613200" lon="6.5005560">
    <ele>1293.4</ele>
   </trkpt>
   <trkpt lat="45.8613200" lon="6.5004420">
    <ele>1291.6</ele>
   </trkpt>
   <trkpt lat="45.8613300" lon="6.5004010">
    <ele>1290.2</ele>
   </trkpt>
   <trkpt lat="45.8613400" lon="6.5003640">
    <ele>1289.2</ele>
   </trkpt>
   <trkpt lat="45.8613500" lon="6.5003310">
    <ele>1288.0</ele>
   </trkpt>
   <trkpt lat="45.8613730" lon="6.5002700">
    <ele>1286.4</ele>
   </trkpt>
   <trkpt lat="45.8614030" lon="6.5002010">
    <ele>1285.2</ele>
   </trkpt>
   <trkpt lat="45.8614180" lon="6.5001700">
    <ele>1284.8</ele>
   </trkpt>
   <trkpt lat="45.8614240" lon="6.5001300">
    <ele>1284.0</ele>
   </trkpt>
   <trkpt lat="45.8614270" lon="6.5000710">
    <ele>1282.4</ele>
   </trkpt>
   <trkpt lat="45.8614240" lon="6.5000170">
    <ele>1281.4</ele>
   </trkpt>
   <trkpt lat="45.8614320" lon="6.4999950">
    <ele>1280.6</ele>
   </trkpt>
   <trkpt lat="45.8614330" lon="6.4999800">
    <ele>1279.6</ele>
   </trkpt>
   <trkpt lat="45.8614360" lon="6.4999630">
    <ele>1278.8</ele>
   </trkpt>
   <trkpt lat="45.8614420" lon="6.4999430">
    <ele>1278.2</ele>
   </trkpt>
   <trkpt lat="45.8614370" lon="6.4998980">
    <ele>1276.4</ele>
   </trkpt>
   <trkpt lat="45.8614410" lon="6.4998750">
    <ele>1275.4</ele>
   </trkpt>
   <trkpt lat="45.8614560" lon="6.4998560">
    <ele>1274.2</ele>
   </trkpt>
   <trkpt lat="45.8614650" lon="6.4998570">
    <ele>1273.6</ele>
   </trkpt>
   <trkpt lat="45.8614710" lon="6.4998610">
    <ele>1273.0</ele>
   </trkpt>
   <trkpt lat="45.8614670" lon="6.4998590">
    <ele>1272.2</ele>
   </trkpt>
   <trkpt lat="45.8614710" lon="6.4998580">
    <ele>1271.6</ele>
   </trkpt>
   <trkpt lat="45.8614730" lon="6.4998640">
    <ele>1271.4</ele>
   </trkpt>
   <trkpt lat="45.8614860" lon="6.4998660">
    <ele>1270.6</ele>
   </trkpt>
   <trkpt lat="45.8615070" lon="6.4999080">
    <ele>1268.8</ele>
   </trkpt>
   <trkpt lat="45.8615550" lon="6.4999630">
    <ele>1267.2</ele>
   </trkpt>
   <trkpt lat="45.8615890" lon="6.4999850">
    <ele>1265.6</ele>
   </trkpt>
   <trkpt lat="45.8616110" lon="6.4999820">
    <ele>1265.0</ele>
   </trkpt>
   <trkpt lat="45.8616320" lon="6.4999930">
    <ele>1264.4</ele>
   </trkpt>
   <trkpt lat="45.8616630" lon="6.5000130">
    <ele>1263.0</ele>
   </trkpt>
   <trkpt lat="45.8616960" lon="6.5000000">
    <ele>1262.6</ele>
   </trkpt>
   <trkpt lat="45.8617210" lon="6.4999870">
    <ele>1262.2</ele>
   </trkpt>
   <trkpt lat="45.8617380" lon="6.4999760">
    <ele>1261.8</ele>
   </trkpt>
   <trkpt lat="45.8617510" lon="6.4999670">
    <ele>1260.6</ele>
   </trkpt>
   <trkpt lat="45.8618040" lon="6.4999690">
    <ele>1259.4</ele>
   </trkpt>
   <trkpt lat="45.8618100" lon="6.4999910">
    <ele>1258.2</ele>
   </trkpt>
   <trkpt lat="45.8618190" lon="6.5000150">
    <ele>1257.6</ele>
   </trkpt>
   <trkpt lat="45.8618260" lon="6.5000320">
    <ele>1256.6</ele>
   </trkpt>
   <trkpt lat="45.8618970" lon="6.5000580">
    <ele>1255.4</ele>
   </trkpt>
   <trkpt lat="45.8619170" lon="6.5000590">
    <ele>1255.2</ele>
   </trkpt>
   <trkpt lat="45.8619880" lon="6.5000280">
    <ele>1254.6</ele>
   </trkpt>
   <trkpt lat="45.8620340" lon="6.4999970">
    <ele>1253.8</ele>
   </trkpt>
   <trkpt lat="45.8620650" lon="6.4999610">
    <ele>1252.2</ele>
   </trkpt>
   <trkpt lat="45.8620710" lon="6.4999580">
    <ele>1251.6</ele>
   </trkpt>
   <trkpt lat="45.8620760" lon="6.4999630">
    <ele>1250.8</ele>
   </trkpt>
   <trkpt lat="45.8620910" lon="6.4999730">
    <ele>1250.2</ele>
   </trkpt>
   <trkpt lat="45.8621110" lon="6.4999830">
    <ele>1249.6</ele>
   </trkpt>
   <trkpt lat="45.8621570" lon="6.4999930">
    <ele>1248.0</ele>
   </trkpt>
   <trkpt lat="45.8621740" lon="6.4999950">
    <ele>1247.4</ele>
   </trkpt>
   <trkpt lat="45.8621980" lon="6.4999970">
    <ele>1246.4</ele>
   </trkpt>
   <trkpt lat="45.8622320" lon="6.5000010">
    <ele>1245.2</ele>
   </trkpt>
   <trkpt lat="45.8622440" lon="6.5000080">
    <ele>1244.4</ele>
   </trkpt>
   <trkpt lat="45.8622670" lon="6.5000100">
    <ele>1243.6</ele>
   </trkpt>
   <trkpt lat="45.8622920" lon="6.5000250">
    <ele>1242.6</ele>
   </trkpt>
   <trkpt lat="45.8623180" lon="6.5000460">
    <ele>1241.2</ele>
   </trkpt>
   <trkpt lat="45.8623540" lon="6.5000630">
    <ele>1240.2</ele>
   </trkpt>
   <trkpt lat="45.8624050" lon="6.5001020">
    <ele>1238.4</ele>
   </trkpt>
   <trkpt lat="45.8624450" lon="6.5001240">
    <ele>1237.2</ele>
   </trkpt>
   <trkpt lat="45.8624840" lon="6.5001380">
    <ele>1236.2</ele>
   </trkpt>
   <trkpt lat="45.8625260" lon="6.5001440">
    <ele>1235.6</ele>
   </trkpt>
   <trkpt lat="45.8625920" lon="6.5001320">
    <ele>1234.2</ele>
   </trkpt>
   <trkpt lat="45.8626080" lon="6.5001240">
    <ele>1233.6</ele>
   </trkpt>
   <trkpt lat="45.8626240" lon="6.5001420">
    <ele>1232.2</ele>
   </trkpt>
   <trkpt lat="45.8626680" lon="6.5001580">
    <ele>1230.8</ele>
   </trkpt>
   <trkpt lat="45.8626930" lon="6.5001640">
    <ele>1230.4</ele>
   </trkpt>
   <trkpt lat="45.8627220" lon="6.5001670">
    <ele>1229.4</ele>
   </trkpt>
   <trkpt lat="45.8627680" lon="6.5001720">
    <ele>1227.8</ele>
   </trkpt>
   <trkpt lat="45.8627800" lon="6.5001670">
    <ele>1226.4</ele>
   </trkpt>
   <trkpt lat="45.8628180" lon="6.5001760">
    <ele>1225.0</ele>
   </trkpt>
   <trkpt lat="45.8628390" lon="6.5001980">
    <ele>1223.2</ele>
   </trkpt>
   <trkpt lat="45.8628590" lon="6.5002420">
    <ele>1222.2</ele>
   </trkpt>
   <trkpt lat="45.8628710" lon="6.5002640">
    <ele>1220.8</ele>
   </trkpt>
   <trkpt lat="45.8628860" lon="6.5002790">
    <ele>1219.8</ele>
   </trkpt>
   <trkpt lat="45.8629060" lon="6.5002860">
    <ele>1219.0</ele>
   </trkpt>
   <trkpt lat="45.8629720" lon="6.5002740">
    <ele>1217.4</ele>
   </trkpt>
   <trkpt lat="45.8630340" lon="6.5002860">
    <ele>1216.4</ele>
   </trkpt>
   <trkpt lat="45.8630910" lon="6.5003230">
    <ele>1214.8</ele>
   </trkpt>
   <trkpt lat="45.8631140" lon="6.5003360">
    <ele>1214.2</ele>
   </trkpt>
   <trkpt lat="45.8631340" lon="6.5003450">
    <ele>1213.6</ele>
   </trkpt>
   <trkpt lat="45.8631800" lon="6.5003580">
    <ele>1212.0</ele>
   </trkpt>
   <trkpt lat="45.8632040" lon="6.5003730">
    <ele>1211.0</ele>
   </trkpt>
   <trkpt lat="45.8632470" lon="6.5003980">
    <ele>1209.6</ele>
   </trkpt>
   <trkpt lat="45.8632880" lon="6.5004070">
    <ele>1208.4</ele>
   </trkpt>
   <trkpt lat="45.8632990" lon="6.5004160">
    <ele>1207.4</ele>
   </trkpt>
   <trkpt lat="45.8633270" lon="6.5004210">
    <ele>1206.8</ele>
   </trkpt>
   <trkpt lat="45.8633930" lon="6.5003960">
    <ele>1205.4</ele>
   </trkpt>
   <trkpt lat="45.8634230" lon="6.5003930">
    <ele>1204.8</ele>
   </trkpt>
   <trkpt lat="45.8634630" lon="6.5003980">
    <ele>1204.0</ele>
   </trkpt>
   <trkpt lat="45.8635030" lon="6.5003820">
    <ele>1203.4</ele>
   </trkpt>
   <trkpt lat="45.8635330" lon="6.5003500">
    <ele>1202.6</ele>
   </trkpt>
   <trkpt lat="45.8635470" lon="6.5002680">
    <ele>1201.6</ele>
   </trkpt>
   <trkpt lat="45.8635490" lon="6.5002350">
    <ele>1201.0</ele>
   </trkpt>
   <trkpt lat="45.8635470" lon="6.5002020">
    <ele>1200.0</ele>
   </trkpt>
   <trkpt lat="45.8635310" lon="6.5001470">
    <ele>1198.8</ele>
   </trkpt>
   <trkpt lat="45.8635140" lon="6.5000980">
    <ele>1197.0</ele>
   </trkpt>
   <trkpt lat="45.8635170" lon="6.5000330">
    <ele>1196.2</ele>
   </trkpt>
   <trkpt lat="45.8635110" lon="6.5000020">
    <ele>1195.4</ele>
   </trkpt>
   <trkpt lat="45.8634960" lon="6.4999400">
    <ele>1194.2</ele>
   </trkpt>
   <trkpt lat="45.8634730" lon="6.4999000">
    <ele>1193.2</ele>
   </trkpt>
   <trkpt lat="45.8634760" lon="6.4998990">
    <ele>1192.8</ele>
   </trkpt>
   <trkpt lat="45.8634680" lon="6.4999160">
    <ele>1192.4</ele>
   </trkpt>
   <trkpt lat="45.8634770" lon="6.4999280">
    <ele>1191.8</ele>
   </trkpt>
   <trkpt lat="45.8634840" lon="6.4999360">
    <ele>1191.2</ele>
   </trkpt>
   <trkpt lat="45.8634990" lon="6.4999200">
    <ele>1190.6</ele>
   </trkpt>
   <trkpt lat="45.8635230" lon="6.4999100">
    <ele>1189.4</ele>
   </trkpt>
   <trkpt lat="45.8635680" lon="6.4998770">
    <ele>1188.4</ele>
   </trkpt>
   <trkpt lat="45.8636080" lon="6.4998300">
    <ele>1187.0</ele>
   </trkpt>
   <trkpt lat="45.8636300" lon="6.4998230">
    <ele>1186.2</ele>
   </trkpt>
   <trkpt lat="45.8636560" lon="6.4998120">
    <ele>1185.8</ele>
   </trkpt>
   <trkpt lat="45.8637030" lon="6.4998050">
    <ele>1184.2</ele>
   </trkpt>
   <trkpt lat="45.8637350" lon="6.4998150">
    <ele>1183.6</ele>
   </trkpt>
   <trkpt lat="45.8637650" lon="6.4998120">
    <ele>1182.8</ele>
   </trkpt>
   <trkpt lat="45.8637980" lon="6.4998100">
    <ele>1181.2</ele>
   </trkpt>
   <trkpt lat="45.8638540" lon="6.4997970">
    <ele>1180.0</ele>
   </trkpt>
   <trkpt lat="45.8639310" lon="6.4997730">
    <ele>1178.2</ele>
   </trkpt>
   <trkpt lat="45.8639850" lon="6.4997650">
    <ele>1176.8</ele>
   </trkpt>
   <trkpt lat="45.8639950" lon="6.4997620">
    <ele>1175.6</ele>
   </trkpt>
   <trkpt lat="45.8640130" lon="6.4997950">
    <ele>1174.4</ele>
   </trkpt>
   <trkpt lat="45.8640460" lon="6.4998340">
    <ele>1173.4</ele>
   </trkpt>
   <trkpt lat="45.8640600" lon="6.4997870">
    <ele>1172.6</ele>
   </trkpt>
   <trkpt lat="45.8640530" lon="6.4997510">
    <ele>1172.2</ele>
   </trkpt>
   <trkpt lat="45.8640210" lon="6.4996240">
    <ele>1170.6</ele>
   </trkpt>
   <trkpt lat="45.8639960" lon="6.4995520">
    <ele>1169.6</ele>
   </trkpt>
   <trkpt lat="45.8639850" lon="6.4995210">
    <ele>1169.2</ele>
   </trkpt>
   <trkpt lat="45.8639530" lon="6.4994620">
    <ele>1168.4</ele>
   </trkpt>
   <trkpt lat="45.8639170" lon="6.4993840">
    <ele>1166.8</ele>
   </trkpt>
   <trkpt lat="45.8638970" lon="6.4993710">
    <ele>1166.4</ele>
   </trkpt>
   <trkpt lat="45.8638760" lon="6.4993470">
    <ele>1165.6</ele>
   </trkpt>
   <trkpt lat="45.8638270" lon="6.4993020">
    <ele>1163.6</ele>
   </trkpt>
   <trkpt lat="45.8638140" lon="6.4992870">
    <ele>1163.0</ele>
   </trkpt>
   <trkpt lat="45.8638100" lon="6.4992710">
    <ele>1162.4</ele>
   </trkpt>
   <trkpt lat="45.8638100" lon="6.4992300">
    <ele>1161.0</ele>
   </trkpt>
   <trkpt lat="45.8638000" lon="6.4991960">
    <ele>1160.4</ele>
   </trkpt>
   <trkpt lat="45.8637970" lon="6.4991600">
    <ele>1159.4</ele>
   </trkpt>
   <trkpt lat="45.8637610" lon="6.4991110">
    <ele>1158.2</ele>
   </trkpt>
   <trkpt lat="45.8637420" lon="6.4990590">
    <ele>1156.4</ele>
   </trkpt>
   <trkpt lat="45.8637080" lon="6.4989950">
    <ele>1155.0</ele>
   </trkpt>
   <trkpt lat="45.8636810" lon="6.4989510">
    <ele>1153.4</ele>
   </trkpt>
   <trkpt lat="45.8636870" lon="6.4989060">
    <ele>1152.0</ele>
   </trkpt>
   <trkpt lat="45.8636660" lon="6.4988340">
    <ele>1150.2</ele>
   </trkpt>
   <trkpt lat="45.8636070" lon="6.4987140">
    <ele>1149.0</ele>
   </trkpt>
   <trkpt lat="45.8635640" lon="6.4986540">
    <ele>1148.0</ele>
   </trkpt>
   <trkpt lat="45.8635310" lon="6.4985930">
    <ele>1146.4</ele>
   </trkpt>
   <trkpt lat="45.8635000" lon="6.4985420">
    <ele>1144.6</ele>
   </trkpt>
   <trkpt lat="45.8634630" lon="6.4984930">
    <ele>1143.4</ele>
   </trkpt>
   <trkpt lat="45.8634470" lon="6.4984610">
    <ele>1142.4</ele>
   </trkpt>
   <trkpt lat="45.8634240" lon="6.4984010">
    <ele>1140.8</ele>
   </trkpt>
   <trkpt lat="45.8633880" lon="6.4983520">
    <ele>1139.2</ele>
   </trkpt>
   <trkpt lat="45.8633660" lon="6.4982990">
    <ele>1138.0</ele>
   </trkpt>
   <trkpt lat="45.8633300" lon="6.4982030">
    <ele>1136.4</ele>
   </trkpt>
   <trkpt lat="45.8633130" lon="6.4981550">
    <ele>1134.8</ele>
   </trkpt>
   <trkpt lat="45.8632990" lon="6.4981080">
    <ele>1133.6</ele>
   </trkpt>
   <trkpt lat="45.8632930" lon="6.4980790">
    <ele>1132.4</ele>
   </trkpt>
   <trkpt lat="45.8632790" lon="6.4980540">
    <ele>1131.8</ele>
   </trkpt>
   <trkpt lat="45.8632610" lon="6.4980240">
    <ele>1131.2</ele>
   </trkpt>
   <trkpt lat="45.8632100" lon="6.4979620">
    <ele>1129.6</ele>
   </trkpt>
   <trkpt lat="45.8631820" lon="6.4979360">
    <ele>1129.2</ele>
   </trkpt>
   <trkpt lat="45.8631590" lon="6.4979110">
    <ele>1128.2</ele>
   </trkpt>
   <trkpt lat="45.8631220" lon="6.4978590">
    <ele>1127.2</ele>
   </trkpt>
   <trkpt lat="45.8630720" lon="6.4977410">
    <ele>1126.2</ele>
   </trkpt>
   <trkpt lat="45.8630640" lon="6.4975930">
    <ele>1125.0</ele>
   </trkpt>
   <trkpt lat="45.8630670" lon="6.4975420">
    <ele>1123.8</ele>
   </trkpt>
   <trkpt lat="45.8630590" lon="6.4974880">
    <ele>1122.6</ele>
   </trkpt>
   <trkpt lat="45.8630360" lon="6.4974110">
    <ele>1121.4</ele>
   </trkpt>
   <trkpt lat="45.8630210" lon="6.4973720">
    <ele>1120.4</ele>
   </trkpt>
   <trkpt lat="45.8630010" lon="6.4972930">
    <ele>1118.8</ele>
   </trkpt>
   <trkpt lat="45.8629820" lon="6.4972590">
    <ele>1117.8</ele>
   </trkpt>
   <trkpt lat="45.8629430" lon="6.4972250">
    <ele>1116.4</ele>
   </trkpt>
   <trkpt lat="45.8629020" lon="6.4971860">
    <ele>1115.4</ele>
   </trkpt>
   <trkpt lat="45.8628790" lon="6.4971820">
    <ele>1114.4</ele>
   </trkpt>
   <trkpt lat="45.8628190" lon="6.4971550">
    <ele>1112.8</ele>
   </trkpt>
   <trkpt lat="45.8627690" lon="6.4971160">
    <ele>1111.2</ele>
   </trkpt>
   <trkpt lat="45.8626990" lon="6.4970740">
    <ele>1109.6</ele>
   </trkpt>
   <trkpt lat="45.8627020" lon="6.4970610">
    <ele>1108.4</ele>
   </trkpt>
   <trkpt lat="45.8626470" lon="6.4970210">
    <ele>1107.2</ele>
   </trkpt>
   <trkpt lat="45.8625990" lon="6.4969650">
    <ele>1106.0</ele>
   </trkpt>
   <trkpt lat="45.8624760" lon="6.4968420">
    <ele>1104.8</ele>
   </trkpt>
   <trkpt lat="45.8624290" lon="6.4968070">
    <ele>1103.6</ele>
   </trkpt>
   <trkpt lat="45.8624020" lon="6.4968000">
    <ele>1103.2</ele>
   </trkpt>
   <trkpt lat="45.8623500" lon="6.4967700">
    <ele>1102.4</ele>
   </trkpt>
   <trkpt lat="45.8622280" lon="6.4966900">
    <ele>1101.2</ele>
   </trkpt>
   <trkpt lat="45.8621970" lon="6.4966640">
    <ele>1100.8</ele>
   </trkpt>
   <trkpt lat="45.8621360" lon="6.4966370">
    <ele>1100.0</ele>
   </trkpt>
   <trkpt lat="45.8620720" lon="6.4966240">
    <ele>1098.6</ele>
   </trkpt>
   <trkpt lat="45.8620450" lon="6.4966220">
    <ele>1098.0</ele>
   </trkpt>
   <trkpt lat="45.8620110" lon="6.4966120">
    <ele>1097.4</ele>
   </trkpt>
   <trkpt lat="45.8619350" lon="6.4965970">
    <ele>1095.4</ele>
   </trkpt>
   <trkpt lat="45.8618970" lon="6.4965910">
    <ele>1094.4</ele>
   </trkpt>
   <trkpt lat="45.8618250" lon="6.4965630">
    <ele>1093.2</ele>
   </trkpt>
   <trkpt lat="45.8617860" lon="6.4965580">
    <ele>1092.8</ele>
   </trkpt>
   <trkpt lat="45.8617160" lon="6.4965510">
    <ele>1091.8</ele>
   </trkpt>
   <trkpt lat="45.8616750" lon="6.4965310">
    <ele>1091.4</ele>
   </trkpt>
   <trkpt lat="45.8616130" lon="6.4964960">
    <ele>1090.4</ele>
   </trkpt>
   <trkpt lat="45.8615790" lon="6.4964360">
    <ele>1089.0</ele>
   </trkpt>
   <trkpt lat="45.8615760" lon="6.4964080">
    <ele>1088.4</ele>
   </trkpt>
   <trkpt lat="45.8615710" lon="6.4963470">
    <ele>1087.8</ele>
   </trkpt>
   <trkpt lat="45.8614940" lon="6.4962100">
    <ele>1088.2</ele>
   </trkpt>
   <trkpt lat="45.8614650" lon="6.4961980">
    <ele>1088.4</ele>
   </trkpt>
   <trkpt lat="45.8613990" lon="6.4961820">
    <ele>1088.6</ele>
   </trkpt>
   <trkpt lat="45.8612590" lon="6.4960870">
    <ele>1088.4</ele>
   </trkpt>
   <trkpt lat="45.8612230" lon="6.4960430">
    <ele>1088.8</ele>
   </trkpt>
   <trkpt lat="45.8611930" lon="6.4960220">
    <ele>1089.0</ele>
   </trkpt>
   <trkpt lat="45.8611340" lon="6.4959880">
    <ele>1089.4</ele>
   </trkpt>
   <trkpt lat="45.8610920" lon="6.4959610">
    <ele>1089.6</ele>
   </trkpt>
   <trkpt lat="45.8609170" lon="6.4958800">
    <ele>1090.2</ele>
   </trkpt>
   <trkpt lat="45.8608160" lon="6.4958070">
    <ele>1091.2</ele>
   </trkpt>
   <trkpt lat="45.8607490" lon="6.4957420">
    <ele>1091.8</ele>
   </trkpt>
   <trkpt lat="45.8607270" lon="6.4956880">
    <ele>1092.0</ele>
   </trkpt>
   <trkpt lat="45.8607390" lon="6.4956450">
    <ele>1092.2</ele>
   </trkpt>
   <trkpt lat="45.8607580" lon="6.4956340">
    <ele>1092.4</ele>
   </trkpt>
   <trkpt lat="45.8608080" lon="6.4956460">
    <ele>1093.0</ele>
   </trkpt>
   <trkpt lat="45.8608500" lon="6.4956670">
    <ele>1093.4</ele>
   </trkpt>
   <trkpt lat="45.8609360" lon="6.4956310">
    <ele>1094.4</ele>
   </trkpt>
   <trkpt lat="45.8609530" lon="6.4956160">
    <ele>1094.6</ele>
   </trkpt>
   <trkpt lat="45.8610760" lon="6.4955640">
    <ele>1095.2</ele>
   </trkpt>
   <trkpt lat="45.8611810" lon="6.4955480">
    <ele>1095.4</ele>
   </trkpt>
   <trkpt lat="45.8612050" lon="6.4955540">
    <ele>1095.8</ele>
   </trkpt>
   <trkpt lat="45.8612970" lon="6.4955710">
    <ele>1096.6</ele>
   </trkpt>
   <trkpt lat="45.8613420" lon="6.4955720">
    <ele>1096.6</ele>
   </trkpt>
   <trkpt lat="45.8613680" lon="6.4955760">
    <ele>1096.6</ele>
   </trkpt>
   <trkpt lat="45.8613900" lon="6.4955660">
    <ele>1096.6</ele>
   </trkpt>
   <trkpt lat="45.8614650" lon="6.4955530">
    <ele>1096.8</ele>
   </trkpt>
   <trkpt lat="45.8615430" lon="6.4955220">
    <ele>1098.0</ele>
   </trkpt>
   <trkpt lat="45.8615950" lon="6.4954890">
    <ele>1098.2</ele>
   </trkpt>
   <trkpt lat="45.8617550" lon="6.4953920">
    <ele>1098.8</ele>
   </trkpt>
   <trkpt lat="45.8617680" lon="6.4953690">
    <ele>1099.0</ele>
   </trkpt>
   <trkpt lat="45.8617870" lon="6.4953390">
    <ele>1099.0</ele>
   </trkpt>
   <trkpt lat="45.8617970" lon="6.4952950">
    <ele>1099.2</ele>
   </trkpt>
   <trkpt lat="45.8618540" lon="6.4951860">
    <ele>1099.6</ele>
   </trkpt>
   <trkpt lat="45.8618950" lon="6.4950680">
    <ele>1100.0</ele>
   </trkpt>
   <trkpt lat="45.8619000" lon="6.4949700">
    <ele>1100.2</ele>
   </trkpt>
   <trkpt lat="45.8618570" lon="6.4948800">
    <ele>1100.6</ele>
   </trkpt>
  </trkseg>
 </trk>
</gpx>
