<?xml version="1.0" encoding="UTF-8"?>
<gpx creator="Garmin Connect" version="1.1"
  xsi:schemaLocation="http://www.topografix.com/GPX/1/1 http://www.topografix.com/GPX/11.xsd"
  xmlns:ns3="http://www.garmin.com/xmlschemas/TrackPointExtension/v1"
  xmlns="http://www.topografix.com/GPX/1/1"
  xmlns:xsi="http://www.w3.org/2001/XMLSchema-instance" xmlns:ns2="http://www.garmin.com/xmlschemas/GpxExtensions/v3">
  <metadata>
    <link href="connect.garmin.com">
      <text>Garmin Connect</text>
    </link>
  </metadata>
  <trk>
    <name>La Clusaz Course à pied</name>
    <type>running</type>
    <trkseg>
      <trkpt lat="45.92158312909305095672607421875" lon="6.48888923227787017822265625">
        <ele>1458.4000244140625</ele>
      </trkpt>
      <trkpt lat="45.92158162035048007965087890625" lon="6.4888925850391387939453125">
        <ele>1458.4000244140625</ele>
      </trkpt>
      <trkpt lat="45.9215842187404632568359375" lon="6.48897699080407619476318359375">
        <ele>1458.4000244140625</ele>
      </trkpt>
      <trkpt lat="45.92158631421625614166259765625" lon="6.48902862332761287689208984375">
        <ele>1458.5999755859375</ele>
      </trkpt>
      <trkpt lat="45.92158765532076358795166015625" lon="6.48907723836600780487060546875">
        <ele>1459</ele>
      </trkpt>
      <trkpt lat="45.92158715240657329559326171875" lon="6.48913121782243251800537109375">
        <ele>1459.5999755859375</ele>
      </trkpt>
      <trkpt lat="45.9215853922069072723388671875" lon="6.48923934437334537506103515625">
        <ele>1461</ele>
      </trkpt>
      <trkpt lat="45.9215853922069072723388671875" lon="6.4893433637917041778564453125">
        <ele>1462.5999755859375</ele>
      </trkpt>
      <trkpt lat="45.92158664949238300323486328125" lon="6.48939139209687709808349609375">
        <ele>1463</ele>
      </trkpt>
      <trkpt lat="45.92159016989171504974365234375" lon="6.48943774402141571044921875">
        <ele>1464</ele>
      </trkpt>
      <trkpt lat="45.92159536667168140411376953125" lon="6.48953204043209552764892578125">
        <ele>1465.4000244140625</ele>
      </trkpt>
      <trkpt lat="45.92159335501492023468017578125" lon="6.48957830853760242462158203125">
        <ele>1466.199951171875</ele>
      </trkpt>
      <trkpt lat="45.9215924330055713653564453125" lon="6.48962549865245819091796875">
        <ele>1467</ele>
      </trkpt>
      <trkpt lat="45.92158933170139789581298828125" lon="6.489668749272823333740234375">
        <ele>1467.4000244140625</ele>
      </trkpt>
      <trkpt lat="45.9215843863785266876220703125" lon="6.4897131733596324920654296875">
        <ele>1468</ele>
      </trkpt>
      <trkpt lat="45.9215815365314483642578125" lon="6.48975667543709278106689453125">
        <ele>1468.199951171875</ele>
      </trkpt>
      <trkpt lat="45.92157742939889430999755859375" lon="6.4897993393242359161376953125">
        <ele>1468.4000244140625</ele>
      </trkpt>
      <trkpt lat="45.92157491482794284820556640625" lon="6.48991643451154232025146484375">
        <ele>1469.4000244140625</ele>
      </trkpt>
      <trkpt lat="45.92157240025699138641357421875" lon="6.4899896085262298583984375">
        <ele>1470.800048828125</ele>
      </trkpt>
      <trkpt lat="45.921568460762500762939453125" lon="6.49002489633858203887939453125">
        <ele>1471.199951171875</ele>
      </trkpt>
      <trkpt lat="45.921566784381866455078125" lon="6.49006445892155170440673828125">
        <ele>1472</ele>
      </trkpt>
      <trkpt lat="45.92156535945832729339599609375" lon="6.4901416562497615814208984375">
        <ele>1473.199951171875</ele>
      </trkpt>
      <trkpt lat="45.9215786866843700408935546875" lon="6.4902449212968349456787109375">
        <ele>1474.199951171875</ele>
      </trkpt>
      <trkpt lat="45.92158815823495388031005859375" lon="6.49027601815760135650634765625">
        <ele>1474.5999755859375</ele>
      </trkpt>
      <trkpt lat="45.92161263339221477508544921875" lon="6.490331590175628662109375">
        <ele>1475.800048828125</ele>
      </trkpt>
      <trkpt lat="45.921635515987873077392578125" lon="6.490388251841068267822265625">
        <ele>1477</ele>
      </trkpt>
      <trkpt lat="45.92164398171007633209228515625" lon="6.49041951633989810943603515625">
        <ele>1477.5999755859375</ele>
      </trkpt>
      <trkpt lat="45.92166476882994174957275390625" lon="6.49048288352787494659423828125">
        <ele>1478.4000244140625</ele>
      </trkpt>
      <trkpt lat="45.921679101884365081787109375" lon="6.49054021574556827545166015625">
        <ele>1479.800048828125</ele>
      </trkpt>
      <trkpt lat="45.921685136854648590087890625" lon="6.4905677922070026397705078125">
        <ele>1480.199951171875</ele>
      </trkpt>
      <trkpt lat="45.92170827090740203857421875" lon="6.49062587879598140716552734375">
        <ele>1480.800048828125</ele>
      </trkpt>
      <trkpt lat="45.921730063855648040771484375" lon="6.49068941362202167510986328125">
        <ele>1481.5999755859375</ele>
      </trkpt>
      <trkpt lat="45.92174272052943706512451171875" lon="6.49071455933153629302978515625">
        <ele>1482</ele>
      </trkpt>
      <trkpt lat="45.9217531979084014892578125" lon="6.4907418005168437957763671875">
        <ele>1482.4000244140625</ele>
      </trkpt>
      <trkpt lat="45.92177490703761577606201171875" lon="6.49078966118395328521728515625">
        <ele>1483.4000244140625</ele>
      </trkpt>
      <trkpt lat="45.9218070097267627716064453125" lon="6.49087247438728809356689453125">
        <ele>1484.800048828125</ele>
      </trkpt>
      <trkpt lat="45.92182151041924953460693359375" lon="6.4909238554537296295166015625">
        <ele>1485.800048828125</ele>
      </trkpt>
      <trkpt lat="45.92182804830372333526611328125" lon="6.490946821868419647216796875">
        <ele>1486.4000244140625</ele>
      </trkpt>
      <trkpt lat="45.9218331612646579742431640625" lon="6.491019912064075469970703125">
        <ele>1487.5999755859375</ele>
      </trkpt>
      <trkpt lat="45.9218324907124042510986328125" lon="6.4910700358450412750244140625">
        <ele>1488.800048828125</ele>
      </trkpt>
      <trkpt lat="45.92182972468435764312744140625" lon="6.4910911582410335540771484375">
        <ele>1489.199951171875</ele>
      </trkpt>
      <trkpt lat="45.9218254499137401580810546875" lon="6.4911226741969585418701171875">
        <ele>1489.800048828125</ele>
      </trkpt>
      <trkpt lat="45.92181916348636150360107421875" lon="6.491185538470745086669921875">
        <ele>1491</ele>
      </trkpt>
      <trkpt lat="45.92180692590773105621337890625" lon="6.49123541079461574554443359375">
        <ele>1492</ele>
      </trkpt>
      <trkpt lat="45.92177825979888439178466796875" lon="6.491304896771907806396484375">
        <ele>1493.4000244140625</ele>
      </trkpt>
      <trkpt lat="45.92177624814212322235107421875" lon="6.49132610298693180084228515625">
        <ele>1494</ele>
      </trkpt>
      <trkpt lat="45.92177876271307468414306640625" lon="6.49134588427841663360595703125">
        <ele>1494.5999755859375</ele>
      </trkpt>
      <trkpt lat="45.9217848815023899078369140625" lon="6.491440348327159881591796875">
        <ele>1495.800048828125</ele>
      </trkpt>
      <trkpt lat="45.9217885695397853851318359375" lon="6.4914889633655548095703125">
        <ele>1496.800048828125</ele>
      </trkpt>
      <trkpt lat="45.9217892400920391082763671875" lon="6.49151536636054515838623046875">
        <ele>1497.199951171875</ele>
      </trkpt>
      <trkpt lat="45.92180944047868251800537109375" lon="6.49162114597856998443603515625">
        <ele>1498.5999755859375</ele>
      </trkpt>
      <trkpt lat="45.921821258962154388427734375" lon="6.49170027114450931549072265625">
        <ele>1499.800048828125</ele>
      </trkpt>
      <trkpt lat="45.92182721011340618133544921875" lon="6.49171887896955013275146484375">
        <ele>1500.4000244140625</ele>
      </trkpt>
      <trkpt lat="45.92183433473110198974609375" lon="6.4917647279798984527587890625">
        <ele>1501.199951171875</ele>
      </trkpt>
      <trkpt lat="45.9218415431678295135498046875" lon="6.49180856533348560333251953125">
        <ele>1502</ele>
      </trkpt>
      <trkpt lat="45.9218482486903667449951171875" lon="6.4918321184813976287841796875">
        <ele>1502.5999755859375</ele>
      </trkpt>
      <trkpt lat="45.92185445129871368408203125" lon="6.4918797276914119720458984375">
        <ele>1503.4000244140625</ele>
      </trkpt>
      <trkpt lat="45.92187532223761081695556640625" lon="6.491914428770542144775390625">
        <ele>1504.199951171875</ele>
      </trkpt>
      <trkpt lat="45.9218904934823513031005859375" lon="6.4919786341488361358642578125">
        <ele>1505.4000244140625</ele>
      </trkpt>
      <trkpt lat="45.92190566472709178924560546875" lon="6.49203588254749774932861328125">
        <ele>1506.5999755859375</ele>
      </trkpt>
      <trkpt lat="45.92192309908568859100341796875" lon="6.4921211265027523040771484375">
        <ele>1507.800048828125</ele>
      </trkpt>
      <trkpt lat="45.9219394437968730926513671875" lon="6.49216647259891033172607421875">
        <ele>1508.800048828125</ele>
      </trkpt>
      <trkpt lat="45.9219578839838504791259765625" lon="6.492230258882045745849609375">
        <ele>1510.4000244140625</ele>
      </trkpt>
      <trkpt lat="45.9219682775437831878662109375" lon="6.49229806847870349884033203125">
        <ele>1511.800048828125</ele>
      </trkpt>
      <trkpt lat="45.921965427696704864501953125" lon="6.492324806749820709228515625">
        <ele>1512.4000244140625</ele>
      </trkpt>
      <trkpt lat="45.92196484096348285675048828125" lon="6.492352969944477081298828125">
        <ele>1513</ele>
      </trkpt>
      <trkpt lat="45.9219625778496265411376953125" lon="6.492404937744140625">
        <ele>1514.199951171875</ele>
      </trkpt>
      <trkpt lat="45.92197112739086151123046875" lon="6.4924518764019012451171875">
        <ele>1515.199951171875</ele>
      </trkpt>
      <trkpt lat="45.9219785034656524658203125" lon="6.49248029105365276336669921875">
        <ele>1516</ele>
      </trkpt>
      <trkpt lat="45.921979844570159912109375" lon="6.49249412119388580322265625">
        <ele>1516.5999755859375</ele>
      </trkpt>
      <trkpt lat="45.92198009602725505828857421875" lon="6.49253762327134609222412109375">
        <ele>1517.800048828125</ele>
      </trkpt>
      <trkpt lat="45.921983532607555389404296875" lon="6.49260954000055789947509765625">
        <ele>1518.800048828125</ele>
      </trkpt>
      <trkpt lat="45.92199333943426609039306640625" lon="6.4926304109394550323486328125">
        <ele>1519</ele>
      </trkpt>
      <trkpt lat="45.9219945967197418212890625" lon="6.49267642758786678314208984375">
        <ele>1520</ele>
      </trkpt>
      <trkpt lat="45.92200373299419879913330078125" lon="6.49280349723994731903076171875">
        <ele>1521.4000244140625</ele>
      </trkpt>
      <trkpt lat="45.92200624756515026092529296875" lon="6.4928268827497959136962890625">
        <ele>1522</ele>
      </trkpt>
      <trkpt lat="45.92200775630772113800048828125" lon="6.4928480051457881927490234375">
        <ele>1522.4000244140625</ele>
      </trkpt>
      <trkpt lat="45.9220105223357677459716796875" lon="6.49286837317049503326416015625">
        <ele>1522.5999755859375</ele>
      </trkpt>
      <trkpt lat="45.92202150262892246246337890625" lon="6.49291011504828929901123046875">
        <ele>1523.5999755859375</ele>
      </trkpt>
      <trkpt lat="45.92203524895012378692626953125" lon="6.49293609894812107086181640625">
        <ele>1524</ele>
      </trkpt>
      <trkpt lat="45.922079421579837799072265625" lon="6.4930096082389354705810546875">
        <ele>1525.199951171875</ele>
      </trkpt>
      <trkpt lat="45.92209995724260807037353515625" lon="6.49305067956447601318359375">
        <ele>1525.800048828125</ele>
      </trkpt>
      <trkpt lat="45.9221181459724903106689453125" lon="6.49308512918651103973388671875">
        <ele>1526.199951171875</ele>
      </trkpt>
      <trkpt lat="45.9221285395324230194091796875" lon="6.49311413057148456573486328125">
        <ele>1527.4000244140625</ele>
      </trkpt>
      <trkpt lat="45.922152511775493621826171875" lon="6.4931474067270755767822265625">
        <ele>1528.4000244140625</ele>
      </trkpt>
      <trkpt lat="45.9221850335597991943359375" lon="6.4932087622582912445068359375">
        <ele>1529.4000244140625</ele>
      </trkpt>
      <trkpt lat="45.92219467274844646453857421875" lon="6.49322862736880779266357421875">
        <ele>1529.5999755859375</ele>
      </trkpt>
      <trkpt lat="45.9222210757434368133544921875" lon="6.4932640828192234039306640625">
        <ele>1530.199951171875</ele>
      </trkpt>
      <trkpt lat="45.92223934829235076904296875" lon="6.49327732622623443603515625">
        <ele>1530.800048828125</ele>
      </trkpt>
      <trkpt lat="45.92225234024226665496826171875" lon="6.49329149164259433746337890625">
        <ele>1531.199951171875</ele>
      </trkpt>
      <trkpt lat="45.92227815650403499603271484375" lon="6.49331412278115749359130859375">
        <ele>1532.199951171875</ele>
      </trkpt>
      <trkpt lat="45.922282598912715911865234375" lon="6.4933328144252300262451171875">
        <ele>1532.5999755859375</ele>
      </trkpt>
      <trkpt lat="45.92229357920587062835693359375" lon="6.49339727126061916351318359375">
        <ele>1534</ele>
      </trkpt>
      <trkpt lat="45.9222911484539508819580078125" lon="6.4934699423611164093017578125">
        <ele>1535</ele>
      </trkpt>
      <trkpt lat="45.9222928248345851898193359375" lon="6.49353758431971073150634765625">
        <ele>1536.199951171875</ele>
      </trkpt>
      <trkpt lat="45.92228804714977741241455078125" lon="6.49355887435376644134521484375">
        <ele>1536.5999755859375</ele>
      </trkpt>
      <trkpt lat="45.92228922061622142791748046875" lon="6.4935792423784732818603515625">
        <ele>1537</ele>
      </trkpt>
      <trkpt lat="45.92228989116847515106201171875" lon="6.4935983531177043914794921875">
        <ele>1537.4000244140625</ele>
      </trkpt>
      <trkpt lat="45.92228804714977741241455078125" lon="6.49366599507629871368408203125">
        <ele>1538.800048828125</ele>
      </trkpt>
      <trkpt lat="45.92229492031037807464599609375" lon="6.4936856925487518310546875">
        <ele>1539.199951171875</ele>
      </trkpt>
      <trkpt lat="45.922308079898357391357421875" lon="6.4937294460833072662353515625">
        <ele>1539.800048828125</ele>
      </trkpt>
      <trkpt lat="45.922326184809207916259765625" lon="6.4937861077487468719482421875">
        <ele>1541</ele>
      </trkpt>
      <trkpt lat="45.9223266877233982086181640625" lon="6.4938058890402317047119140625">
        <ele>1541.199951171875</ele>
      </trkpt>
      <trkpt lat="45.92232727445662021636962890625" lon="6.49382189847528934478759765625">
        <ele>1541.800048828125</ele>
      </trkpt>
      <trkpt lat="45.92232123948633670806884765625" lon="6.49384067393839359283447265625">
        <ele>1542.199951171875</ele>
      </trkpt>
      <trkpt lat="45.92230497859418392181396484375" lon="6.4939001016318798065185546875">
        <ele>1543</ele>
      </trkpt>
      <trkpt lat="45.92231051065027713775634765625" lon="6.49391594342887401580810546875">
        <ele>1543.199951171875</ele>
      </trkpt>
      <trkpt lat="45.92233666218817234039306640625" lon="6.49399037472903728485107421875">
        <ele>1544.4000244140625</ele>
      </trkpt>
      <trkpt lat="45.9223407693207263946533203125" lon="6.49404016323387622833251953125">
        <ele>1545.5999755859375</ele>
      </trkpt>
      <trkpt lat="45.922340266406536102294921875" lon="6.49405340664088726043701171875">
        <ele>1545.800048828125</ele>
      </trkpt>
      <trkpt lat="45.9223498217761516571044921875" lon="6.4940922148525714874267578125">
        <ele>1547</ele>
      </trkpt>
      <trkpt lat="45.92237404547631740570068359375" lon="6.49415549822151660919189453125">
        <ele>1548</ele>
      </trkpt>
      <trkpt lat="45.92238712124526500701904296875" lon="6.49420428089797496795654296875">
        <ele>1549.199951171875</ele>
      </trkpt>
      <trkpt lat="45.9224014542996883392333984375" lon="6.4942605234682559967041015625">
        <ele>1550.5999755859375</ele>
      </trkpt>
      <trkpt lat="45.92243623919785022735595703125" lon="6.4943322725594043731689453125">
        <ele>1551.5999755859375</ele>
      </trkpt>
      <trkpt lat="45.92244612984359264373779296875" lon="6.49436504580080509185791015625">
        <ele>1552.5999755859375</ele>
      </trkpt>
      <trkpt lat="45.92245099134743213653564453125" lon="6.49437971413135528564453125">
        <ele>1553.199951171875</ele>
      </trkpt>
      <trkpt lat="45.92246490530669689178466796875" lon="6.49440175853669643402099609375">
        <ele>1553.800048828125</ele>
      </trkpt>
      <trkpt lat="45.92246599495410919189453125" lon="6.49442824535071849822998046875">
        <ele>1554.4000244140625</ele>
      </trkpt>
      <trkpt lat="45.92246993444859981536865234375" lon="6.49444014765322208404541015625">
        <ele>1554.800048828125</ele>
      </trkpt>
      <trkpt lat="45.92247295193374156951904296875" lon="6.4944717474281787872314453125">
        <ele>1555.5999755859375</ele>
      </trkpt>
      <trkpt lat="45.92245794832706451416015625" lon="6.4945743419229984283447265625">
        <ele>1556.4000244140625</ele>
      </trkpt>
      <trkpt lat="45.9224571101367473602294921875" lon="6.4945922791957855224609375">
        <ele>1556.5999755859375</ele>
      </trkpt>
      <trkpt lat="45.9224586188793182373046875" lon="6.49461113847792148590087890625">
        <ele>1556.800048828125</ele>
      </trkpt>
      <trkpt lat="45.9224658273160457611083984375" lon="6.4946611784398555755615234375">
        <ele>1558</ele>
      </trkpt>
      <trkpt lat="45.92247865162789821624755859375" lon="6.49473108351230621337890625">
        <ele>1559</ele>
      </trkpt>
      <trkpt lat="45.9224725328385829925537109375" lon="6.49476519785821437835693359375">
        <ele>1560.4000244140625</ele>
      </trkpt>
      <trkpt lat="45.92245551757514476776123046875" lon="6.49481548927724361419677734375">
        <ele>1561.5999755859375</ele>
      </trkpt>
      <trkpt lat="45.92243758030235767364501953125" lon="6.4948573149740695953369140625">
        <ele>1562.800048828125</ele>
      </trkpt>
      <trkpt lat="45.92242500744760036468505859375" lon="6.49488740600645542144775390625">
        <ele>1564</ele>
      </trkpt>
      <trkpt lat="45.922420732676982879638671875" lon="6.4949123002588748931884765625">
        <ele>1565.199951171875</ele>
      </trkpt>
      <trkpt lat="45.922420062124729156494140625" lon="6.49492545984685420989990234375">
        <ele>1565.5999755859375</ele>
      </trkpt>
      <trkpt lat="45.922422744333744049072265625" lon="6.49493836797773838043212890625">
        <ele>1566</ele>
      </trkpt>
      <trkpt lat="45.92242752201855182647705078125" lon="6.49495244957506656646728515625">
        <ele>1566.199951171875</ele>
      </trkpt>
      <trkpt lat="45.9224291145801544189453125" lon="6.4949984662234783172607421875">
        <ele>1567</ele>
      </trkpt>
      <trkpt lat="45.922424755990505218505859375" lon="6.49501145817339420318603515625">
        <ele>1567.199951171875</ele>
      </trkpt>
      <trkpt lat="45.92241813428699970245361328125" lon="6.495020091533660888671875">
        <ele>1567.5999755859375</ele>
      </trkpt>
      <trkpt lat="45.92241327278316020965576171875" lon="6.49503056891262531280517578125">
        <ele>1568</ele>
      </trkpt>
      <trkpt lat="45.92241637408733367919921875" lon="6.49504163302481174468994140625">
        <ele>1568.199951171875</ele>
      </trkpt>
      <trkpt lat="45.92243246734142303466796875" lon="6.4950668625533580780029296875">
        <ele>1569</ele>
      </trkpt>
      <trkpt lat="45.9224425256252288818359375" lon="6.4950779266655445098876953125">
        <ele>1569.5999755859375</ele>
      </trkpt>
      <trkpt lat="45.922446548938751220703125" lon="6.49508773349225521087646484375">
        <ele>1570.199951171875</ele>
      </trkpt>
      <trkpt lat="45.92245199717581272125244140625" lon="6.4950963668525218963623046875">
        <ele>1570.5999755859375</ele>
      </trkpt>
      <trkpt lat="45.92247043736279010772705078125" lon="6.4951322413980960845947265625">
        <ele>1571.5999755859375</ele>
      </trkpt>
      <trkpt lat="45.92248938046395778656005859375" lon="6.49515495635569095611572265625">
        <ele>1572.800048828125</ele>
      </trkpt>
      <trkpt lat="45.9224899671971797943115234375" lon="6.4951872266829013824462890625">
        <ele>1573.199951171875</ele>
      </trkpt>
      <trkpt lat="45.922486782073974609375" lon="6.49520508013665676116943359375">
        <ele>1573.5999755859375</ele>
      </trkpt>
      <trkpt lat="45.9224832616746425628662109375" lon="6.4952184073626995086669921875">
        <ele>1574.199951171875</ele>
      </trkpt>
      <trkpt lat="45.92247999273240566253662109375" lon="6.49525436572730541229248046875">
        <ele>1575.4000244140625</ele>
      </trkpt>
      <trkpt lat="45.92248284257948398590087890625" lon="6.495304070413112640380859375">
        <ele>1576.5999755859375</ele>
      </trkpt>
      <trkpt lat="45.92249742709100246429443359375" lon="6.49531639181077480316162109375">
        <ele>1577.4000244140625</ele>
      </trkpt>
      <trkpt lat="45.9225053898990154266357421875" lon="6.4953277073800563812255859375">
        <ele>1578</ele>
      </trkpt>
      <trkpt lat="45.922532714903354644775390625" lon="6.4953575469553470611572265625">
        <ele>1578.800048828125</ele>
      </trkpt>
      <trkpt lat="45.92250765301287174224853515625" lon="6.49539249949157238006591796875">
        <ele>1579.199951171875</ele>
      </trkpt>
      <trkpt lat="45.92250580899417400360107421875" lon="6.49538696743547916412353515625">
        <ele>1580</ele>
      </trkpt>
      <trkpt lat="45.92249893583357334136962890625" lon="6.49537707678973674774169921875">
        <ele>1580.5999755859375</ele>
      </trkpt>
      <trkpt lat="45.922478400170803070068359375" lon="6.49541504681110382080078125">
        <ele>1582</ele>
      </trkpt>
      <trkpt lat="45.92249122448265552520751953125" lon="6.4954505860805511474609375">
        <ele>1583.199951171875</ele>
      </trkpt>
      <trkpt lat="45.92250010930001735687255859375" lon="6.49546173401176929473876953125">
        <ele>1583.5999755859375</ele>
      </trkpt>
      <trkpt lat="45.9225095808506011962890625" lon="6.495478413999080657958984375">
        <ele>1584.4000244140625</ele>
      </trkpt>
      <trkpt lat="45.92252005822956562042236328125" lon="6.49548503570258617401123046875">
        <ele>1584.800048828125</ele>
      </trkpt>
      <trkpt lat="45.92253212817013263702392578125" lon="6.49549341760575771331787109375">
        <ele>1585.199951171875</ele>
      </trkpt>
      <trkpt lat="45.9225449524819850921630859375" lon="6.49550079368054866790771484375">
        <ele>1585.5999755859375</ele>
      </trkpt>
      <trkpt lat="45.9225694276392459869384765625" lon="6.4955149590969085693359375">
        <ele>1586.199951171875</ele>
      </trkpt>
      <trkpt lat="45.92257336713373661041259765625" lon="6.4955275319516658782958984375">
        <ele>1586.4000244140625</ele>
      </trkpt>
      <trkpt lat="45.92256548814475536346435546875" lon="6.4955506660044193267822265625">
        <ele>1586.800048828125</ele>
      </trkpt>
      <trkpt lat="45.92256196774542331695556640625" lon="6.49556566961109638214111328125">
        <ele>1587.199951171875</ele>
      </trkpt>
      <trkpt lat="45.9225570224225521087646484375" lon="6.4955739676952362060546875">
        <ele>1587.800048828125</ele>
      </trkpt>
      <trkpt lat="45.92254352755844593048095703125" lon="6.4956110157072544097900390625">
        <ele>1589</ele>
      </trkpt>
      <trkpt lat="45.922542102634906768798828125" lon="6.4956428669393062591552734375">
        <ele>1590.199951171875</ele>
      </trkpt>
      <trkpt lat="45.92254989780485630035400390625" lon="6.495675556361675262451171875">
        <ele>1590.800048828125</ele>
      </trkpt>
      <trkpt lat="45.9225560165941715240478515625" lon="6.49568586610257625579833984375">
        <ele>1591.4000244140625</ele>
      </trkpt>
      <trkpt lat="45.92257202602922916412353515625" lon="6.4956941641867160797119140625">
        <ele>1592.5999755859375</ele>
      </trkpt>
      <trkpt lat="45.92258309014141559600830078125" lon="6.49571620859205722808837890625">
        <ele>1593.4000244140625</ele>
      </trkpt>
      <trkpt lat="45.92257990501821041107177734375" lon="6.49573079310357570648193359375">
        <ele>1593.5999755859375</ele>
      </trkpt>
      <trkpt lat="45.92257504351437091827392578125" lon="6.495755352079868316650390625">
        <ele>1595</ele>
      </trkpt>
      <trkpt lat="45.92258124612271785736083984375" lon="6.4957662485539913177490234375">
        <ele>1595.5999755859375</ele>
      </trkpt>
      <trkpt lat="45.92258241958916187286376953125" lon="6.4957810007035732269287109375">
        <ele>1596</ele>
      </trkpt>
      <trkpt lat="45.92258577235043048858642578125" lon="6.4957927353680133819580078125">
        <ele>1596.4000244140625</ele>
      </trkpt>
      <trkpt lat="45.92258158139884471893310546875" lon="6.49582064710557460784912109375">
        <ele>1597</ele>
      </trkpt>
      <trkpt lat="45.9225774742662906646728515625" lon="6.495833136141300201416015625">
        <ele>1597.199951171875</ele>
      </trkpt>
      <trkpt lat="45.9225918911397457122802734375" lon="6.4958792366087436676025390625">
        <ele>1598</ele>
      </trkpt>
      <trkpt lat="45.92259742319583892822265625" lon="6.4958906359970569610595703125">
        <ele>1598.4000244140625</ele>
      </trkpt>
      <trkpt lat="45.92259231023490428924560546875" lon="6.4959234930574893951416015625">
        <ele>1599.5999755859375</ele>
      </trkpt>
      <trkpt lat="45.92257998883724212646484375" lon="6.49593162350356578826904296875">
        <ele>1600.4000244140625</ele>
      </trkpt>
      <trkpt lat="45.92258191667497158050537109375" lon="6.495941095054149627685546875">
        <ele>1600.5999755859375</ele>
      </trkpt>
      <trkpt lat="45.9226042963564395904541015625" lon="6.49600136093795299530029296875">
        <ele>1602</ele>
      </trkpt>
      <trkpt lat="45.9226012788712978363037109375" lon="6.49600521661341190338134765625">
        <ele>1602.4000244140625</ele>
      </trkpt>
      <trkpt lat="45.92258694581687450408935546875" lon="6.496004797518253326416015625">
        <ele>1603.199951171875</ele>
      </trkpt>
      <trkpt lat="45.9225788153707981109619140625" lon="6.496008150279521942138671875">
        <ele>1604</ele>
      </trkpt>
      <trkpt lat="45.92257596552371978759765625" lon="6.4960205554962158203125">
        <ele>1604.800048828125</ele>
      </trkpt>
      <trkpt lat="45.922569930553436279296875" lon="6.49603773839771747589111328125">
        <ele>1605.199951171875</ele>
      </trkpt>
      <trkpt lat="45.922562219202518463134765625" lon="6.4960622973740100860595703125">
        <ele>1605.800048828125</ele>
      </trkpt>
      <trkpt lat="45.92255157418549060821533203125" lon="6.4960676617920398712158203125">
        <ele>1606.199951171875</ele>
      </trkpt>
      <trkpt lat="45.9225436113774776458740234375" lon="6.49608283303678035736083984375">
        <ele>1606.5999755859375</ele>
      </trkpt>
      <trkpt lat="45.92253715731203556060791015625" lon="6.4961025305092334747314453125">
        <ele>1607.199951171875</ele>
      </trkpt>
      <trkpt lat="45.922524668276309967041015625" lon="6.496126838028430938720703125">
        <ele>1608.4000244140625</ele>
      </trkpt>
      <trkpt lat="45.92249675653874874114990234375" lon="6.49615759961307048797607421875">
        <ele>1609.5999755859375</ele>
      </trkpt>
      <trkpt lat="45.9224812500178813934326171875" lon="6.49617503397166728973388671875">
        <ele>1610</ele>
      </trkpt>
      <trkpt lat="45.92246859334409236907958984375" lon="6.4961923845112323760986328125">
        <ele>1610.4000244140625</ele>
      </trkpt>
      <trkpt lat="45.92246088199317455291748046875" lon="6.496200263500213623046875">
        <ele>1610.800048828125</ele>
      </trkpt>
      <trkpt lat="45.92245467938482761383056640625" lon="6.496209315955638885498046875">
        <ele>1611.199951171875</ele>
      </trkpt>
      <trkpt lat="45.9224452078342437744140625" lon="6.496216692030429840087890625">
        <ele>1612</ele>
      </trkpt>
      <trkpt lat="45.922435820102691650390625" lon="6.4962450228631496429443359375">
        <ele>1613</ele>
      </trkpt>
      <trkpt lat="45.92243389226496219635009765625" lon="6.49625868536531925201416015625">
        <ele>1613.5999755859375</ele>
      </trkpt>
      <trkpt lat="45.92241964302957057952880859375" lon="6.49626840837299823760986328125">
        <ele>1614.4000244140625</ele>
      </trkpt>
      <trkpt lat="45.92240237630903720855712890625" lon="6.496285088360309600830078125">
        <ele>1616.199951171875</ele>
      </trkpt>
      <trkpt lat="45.92240170575678348541259765625" lon="6.49629489518702030181884765625">
        <ele>1617</ele>
      </trkpt>
      <trkpt lat="45.92240204103291034698486328125" lon="6.49630327709019184112548828125">
        <ele>1617.4000244140625</ele>
      </trkpt>
      <trkpt lat="45.92239785008132457733154296875" lon="6.49631249718368053436279296875">
        <ele>1617.5999755859375</ele>
      </trkpt>
      <trkpt lat="45.92239785008132457733154296875" lon="6.4963425882160663604736328125">
        <ele>1618.199951171875</ele>
      </trkpt>
      <trkpt lat="45.92239818535745143890380859375" lon="6.4963531494140625">
        <ele>1618.800048828125</ele>
      </trkpt>
      <trkpt lat="45.922379828989505767822265625" lon="6.4963627047836780548095703125">
        <ele>1620.4000244140625</ele>
      </trkpt>
      <trkpt lat="45.9223578684031963348388671875" lon="6.49639966897666454315185546875">
        <ele>1621.800048828125</ele>
      </trkpt>
      <trkpt lat="45.92235560528934001922607421875" lon="6.49641056545078754425048828125">
        <ele>1622.199951171875</ele>
      </trkpt>
      <trkpt lat="45.92236264608800411224365234375" lon="6.4964270778000354766845703125">
        <ele>1622.800048828125</ele>
      </trkpt>
      <trkpt lat="45.92235778458416461944580078125" lon="6.49643654935061931610107421875">
        <ele>1623.199951171875</ele>
      </trkpt>
      <trkpt lat="45.92234085313975811004638671875" lon="6.4964431710541248321533203125">
        <ele>1623.5999755859375</ele>
      </trkpt>
      <trkpt lat="45.9223327226936817169189453125" lon="6.49644861929118633270263671875">
        <ele>1623.800048828125</ele>
      </trkpt>
      <trkpt lat="45.9223057329654693603515625" lon="6.4964671432971954345703125">
        <ele>1625.4000244140625</ele>
      </trkpt>
      <trkpt lat="45.9222958423197269439697265625" lon="6.496468149125576019287109375">
        <ele>1626</ele>
      </trkpt>
      <trkpt lat="45.9222706966102123260498046875" lon="6.4964723400771617889404296875">
        <ele>1626.5999755859375</ele>
      </trkpt>
      <trkpt lat="45.92223674990236759185791015625" lon="6.496475525200366973876953125">
        <ele>1627.800048828125</ele>
      </trkpt>
      <trkpt lat="45.9222147054970264434814453125" lon="6.496491618454456329345703125">
        <ele>1628.800048828125</ele>
      </trkpt>
      <trkpt lat="45.92220640741288661956787109375" lon="6.4964941330254077911376953125">
        <ele>1629.199951171875</ele>
      </trkpt>
      <trkpt lat="45.92220540158450603485107421875" lon="6.496500335633754730224609375">
        <ele>1629.5999755859375</ele>
      </trkpt>
      <trkpt lat="45.9221989475190639495849609375" lon="6.49652011692523956298828125">
        <ele>1630.199951171875</ele>
      </trkpt>
      <trkpt lat="45.92220674268901348114013671875" lon="6.49655490182340145111083984375">
        <ele>1631.5999755859375</ele>
      </trkpt>
      <trkpt lat="45.9222103469073772430419921875" lon="6.496569402515888214111328125">
        <ele>1632</ele>
      </trkpt>
      <trkpt lat="45.92222400940954685211181640625" lon="6.496608294546604156494140625">
        <ele>1632.4000244140625</ele>
      </trkpt>
      <trkpt lat="45.9222252666950225830078125" lon="6.49662732146680355072021484375">
        <ele>1632.5999755859375</ele>
      </trkpt>
      <trkpt lat="45.922226272523403167724609375" lon="6.49666227400302886962890625">
        <ele>1633.5999755859375</ele>
      </trkpt>
      <trkpt lat="45.92222451232373714447021484375" lon="6.4967187680304050445556640625">
        <ele>1634.4000244140625</ele>
      </trkpt>
      <trkpt lat="45.92222702689468860626220703125" lon="6.4967286586761474609375">
        <ele>1634.5999755859375</ele>
      </trkpt>
      <trkpt lat="45.92223926447331905364990234375" lon="6.49675154127180576324462890625">
        <ele>1635.199951171875</ele>
      </trkpt>
      <trkpt lat="45.922247730195522308349609375" lon="6.4967754296958446502685546875">
        <ele>1635.800048828125</ele>
      </trkpt>
      <trkpt lat="45.92227664776146411895751953125" lon="6.4968455024063587188720703125">
        <ele>1637</ele>
      </trkpt>
      <trkpt lat="45.922287963330745697021484375" lon="6.49685245938599109649658203125">
        <ele>1637.199951171875</ele>
      </trkpt>
      <trkpt lat="45.922290645539760589599609375" lon="6.4968614280223846435546875">
        <ele>1637.5999755859375</ele>
      </trkpt>
      <trkpt lat="45.922300033271312713623046875" lon="6.49687282741069793701171875">
        <ele>1638</ele>
      </trkpt>
      <trkpt lat="45.92230916954576969146728515625" lon="6.49691096507012844085693359375">
        <ele>1639.4000244140625</ele>
      </trkpt>
      <trkpt lat="45.922302715480327606201171875" lon="6.49694063700735569000244140625">
        <ele>1641.199951171875</ele>
      </trkpt>
      <trkpt lat="45.92229609377682209014892578125" lon="6.49695958010852336883544921875">
        <ele>1642.199951171875</ele>
      </trkpt>
      <trkpt lat="45.92230414040386676788330078125" lon="6.496972739696502685546875">
        <ele>1642.5999755859375</ele>
      </trkpt>
      <trkpt lat="45.922327525913715362548828125" lon="6.49700827896595001220703125">
        <ele>1643.4000244140625</ele>
      </trkpt>
      <trkpt lat="45.9223253466188907623291015625" lon="6.4970211870968341827392578125">
        <ele>1644</ele>
      </trkpt>
      <trkpt lat="45.92231755144894123077392578125" lon="6.49703443050384521484375">
        <ele>1644.5999755859375</ele>
      </trkpt>
      <trkpt lat="45.92231042683124542236328125" lon="6.4970402978360652923583984375">
        <ele>1644.5999755859375</ele>
      </trkpt>
      <trkpt lat="45.922300033271312713623046875" lon="6.49704893119633197784423828125">
        <ele>1644.800048828125</ele>
      </trkpt>
      <trkpt lat="45.92228150926530361175537109375" lon="6.49707038886845111846923828125">
        <ele>1645.5999755859375</ele>
      </trkpt>
      <trkpt lat="45.92227689921855926513671875" lon="6.49707726202905178070068359375">
        <ele>1646</ele>
      </trkpt>
      <trkpt lat="45.9222760610282421112060546875" lon="6.49708807468414306640625">
        <ele>1646.4000244140625</ele>
      </trkpt>
      <trkpt lat="45.9222710318863391876220703125" lon="6.4970920979976654052734375">
        <ele>1647</ele>
      </trkpt>
      <trkpt lat="45.92225971631705760955810546875" lon="6.497104167938232421875">
        <ele>1647.4000244140625</ele>
      </trkpt>
      <trkpt lat="45.92224898748099803924560546875" lon="6.49711598642170429229736328125">
        <ele>1648.4000244140625</ele>
      </trkpt>
      <trkpt lat="45.9222328104078769683837890625" lon="6.4971376955509185791015625">
        <ele>1649.4000244140625</ele>
      </trkpt>
      <trkpt lat="45.92222400940954685211181640625" lon="6.49714180268347263336181640625">
        <ele>1650</ele>
      </trkpt>
      <trkpt lat="45.92221076600253582000732421875" lon="6.4971442334353923797607421875">
        <ele>1650.5999755859375</ele>
      </trkpt>
      <trkpt lat="45.92218679375946521759033203125" lon="6.4971546269953250885009765625">
        <ele>1651.4000244140625</ele>
      </trkpt>
      <trkpt lat="45.9221546910703182220458984375" lon="6.49718438275158405303955078125">
        <ele>1653</ele>
      </trkpt>
      <trkpt lat="45.92214471660554409027099609375" lon="6.49719879962503910064697265625">
        <ele>1653.5999755859375</ele>
      </trkpt>
      <trkpt lat="45.9221271984279155731201171875" lon="6.49721212685108184814453125">
        <ele>1654.199951171875</ele>
      </trkpt>
      <trkpt lat="45.92211202718317508697509765625" lon="6.497230567038059234619140625">
        <ele>1655</ele>
      </trkpt>
      <trkpt lat="45.92211001552641391754150390625" lon="6.4972423017024993896484375">
        <ele>1655.800048828125</ele>
      </trkpt>
      <trkpt lat="45.9221027232706546783447265625" lon="6.49726635776460170745849609375">
        <ele>1657.199951171875</ele>
      </trkpt>
      <trkpt lat="45.9220866300165653228759765625" lon="6.497294269502162933349609375">
        <ele>1658.5999755859375</ele>
      </trkpt>
      <trkpt lat="45.92207363806664943695068359375" lon="6.497317068278789520263671875">
        <ele>1659.5999755859375</ele>
      </trkpt>
      <trkpt lat="45.922070033848285675048828125" lon="6.49733307771384716033935546875">
        <ele>1660</ele>
      </trkpt>
      <trkpt lat="45.922046564519405364990234375" lon="6.49737884290516376495361328125">
        <ele>1661</ele>
      </trkpt>
      <trkpt lat="45.9220373444259166717529296875" lon="6.49738990701735019683837890625">
        <ele>1661.4000244140625</ele>
      </trkpt>
      <trkpt lat="45.9220279566943645477294921875" lon="6.4974017255008220672607421875">
        <ele>1662</ele>
      </trkpt>
      <trkpt lat="45.92201714403927326202392578125" lon="6.49741723202168941497802734375">
        <ele>1662.4000244140625</ele>
      </trkpt>
      <trkpt lat="45.92201161198318004608154296875" lon="6.49743131361901760101318359375">
        <ele>1663</ele>
      </trkpt>
      <trkpt lat="45.92198680154979228973388671875" lon="6.4974500052630901336669921875">
        <ele>1664</ele>
      </trkpt>
      <trkpt lat="45.92197841964662075042724609375" lon="6.49746023118495941162109375">
        <ele>1664.5999755859375</ele>
      </trkpt>
      <trkpt lat="45.92196987010538578033447265625" lon="6.49746802635490894317626953125">
        <ele>1665</ele>
      </trkpt>
      <trkpt lat="45.92196517623960971832275390625" lon="6.497475989162921905517578125">
        <ele>1665.5999755859375</ele>
      </trkpt>
      <trkpt lat="45.92195612378418445587158203125" lon="6.49749970994889736175537109375">
        <ele>1666</ele>
      </trkpt>
      <trkpt lat="45.92194371856749057769775390625" lon="6.49754463694989681243896484375">
        <ele>1666.5999755859375</ele>
      </trkpt>
      <trkpt lat="45.9219303913414478302001953125" lon="6.4975582994520664215087890625">
        <ele>1667.199951171875</ele>
      </trkpt>
      <trkpt lat="45.92192418873310089111328125" lon="6.49755603633821010589599609375">
        <ele>1667.199951171875</ele>
      </trkpt>
      <trkpt lat="45.92189577408134937286376953125" lon="6.49754337966442108154296875">
        <ele>1668</ele>
      </trkpt>
      <trkpt lat="45.92186392284929752349853515625" lon="6.4975194074213504791259765625">
        <ele>1668.5999755859375</ele>
      </trkpt>
      <trkpt lat="45.92184749431908130645751953125" lon="6.4975059963762760162353515625">
        <ele>1669</ele>
      </trkpt>
      <trkpt lat="45.92181782238185405731201171875" lon="6.49748696945607662200927734375">
        <ele>1670</ele>
      </trkpt>
      <trkpt lat="45.92180885374546051025390625" lon="6.4974882267415523529052734375">
        <ele>1670.5999755859375</ele>
      </trkpt>
      <trkpt lat="45.9217932634055614471435546875" lon="6.49751186370849609375">
        <ele>1671.5999755859375</ele>
      </trkpt>
      <trkpt lat="45.92178848572075366973876953125" lon="6.49752728641033172607421875">
        <ele>1672.199951171875</ele>
      </trkpt>
      <trkpt lat="45.9217707999050617218017578125" lon="6.49755922146141529083251953125">
        <ele>1673.5999755859375</ele>
      </trkpt>
      <trkpt lat="45.9217647649347782135009765625" lon="6.497567854821681976318359375">
        <ele>1674</ele>
      </trkpt>
      <trkpt lat="45.921761579811573028564453125" lon="6.49756642989814281463623046875">
        <ele>1674.5999755859375</ele>
      </trkpt>
      <trkpt lat="45.92172411270439624786376953125" lon="6.4975743927061557769775390625">
        <ele>1675.800048828125</ele>
      </trkpt>
      <trkpt lat="45.92168555594980716705322265625" lon="6.4976032264530658721923828125">
        <ele>1676.800048828125</ele>
      </trkpt>
      <trkpt lat="45.92167248018085956573486328125" lon="6.4976089261472225189208984375">
        <ele>1677.4000244140625</ele>
      </trkpt>
      <trkpt lat="45.92165018431842327117919921875" lon="6.49762392975389957427978515625">
        <ele>1678.199951171875</ele>
      </trkpt>
      <trkpt lat="45.92161037027835845947265625" lon="6.49764991365373134613037109375">
        <ele>1679</ele>
      </trkpt>
      <trkpt lat="45.92159737832844257354736328125" lon="6.49765427224338054656982421875">
        <ele>1679.4000244140625</ele>
      </trkpt>
      <trkpt lat="45.92155496589839458465576171875" lon="6.4977014623582363128662109375">
        <ele>1680.800048828125</ele>
      </trkpt>
      <trkpt lat="45.92154742218554019927978515625" lon="6.49769919924437999725341796875">
        <ele>1681.199951171875</ele>
      </trkpt>
      <trkpt lat="45.921538285911083221435546875" lon="6.49770355783402919769287109375">
        <ele>1681.4000244140625</ele>
      </trkpt>
      <trkpt lat="45.9215253777801990509033203125" lon="6.497706659138202667236328125">
        <ele>1681.800048828125</ele>
      </trkpt>
      <trkpt lat="45.9214854799211025238037109375" lon="6.49772468023002147674560546875">
        <ele>1683</ele>
      </trkpt>
      <trkpt lat="45.9214527904987335205078125" lon="6.4977661706507205963134765625">
        <ele>1683.5999755859375</ele>
      </trkpt>
      <trkpt lat="45.921441726386547088623046875" lon="6.49776876904070377349853515625">
        <ele>1683.800048828125</ele>
      </trkpt>
      <trkpt lat="45.92141699977219104766845703125" lon="6.497760303318500518798828125">
        <ele>1684.199951171875</ele>
      </trkpt>
      <trkpt lat="45.9213929437100887298583984375" lon="6.4977541007101535797119140625">
        <ele>1684.5999755859375</ele>
      </trkpt>
      <trkpt lat="45.92136771418154239654541015625" lon="6.49775250814855098724365234375">
        <ele>1685.800048828125</ele>
      </trkpt>
      <trkpt lat="45.92136519961059093475341796875" lon="6.49774747900664806365966796875">
        <ele>1686.4000244140625</ele>
      </trkpt>
      <trkpt lat="45.9213597513735294342041015625" lon="6.49773071520030498504638671875">
        <ele>1686.800048828125</ele>
      </trkpt>
      <trkpt lat="45.921351201832294464111328125" lon="6.49770908989012241363525390625">
        <ele>1687.5999755859375</ele>
      </trkpt>
      <trkpt lat="45.92133519239723682403564453125" lon="6.4976955950260162353515625">
        <ele>1687.800048828125</ele>
      </trkpt>
      <trkpt lat="45.92128138057887554168701171875" lon="6.497644968330860137939453125">
        <ele>1689</ele>
      </trkpt>
      <trkpt lat="45.92126226983964443206787109375" lon="6.49763633497059345245361328125">
        <ele>1689.4000244140625</ele>
      </trkpt>
      <trkpt lat="45.92122723348438739776611328125" lon="6.49762074463069438934326171875">
        <ele>1689.800048828125</ele>
      </trkpt>
      <trkpt lat="45.92120594345033168792724609375" lon="6.4976152963936328887939453125">
        <ele>1690.199951171875</ele>
      </trkpt>
      <trkpt lat="45.92118146829307079315185546875" lon="6.4976012147963047027587890625">
        <ele>1691.4000244140625</ele>
      </trkpt>
      <trkpt lat="45.921173505485057830810546875" lon="6.49760280735790729522705078125">
        <ele>1691.800048828125</ele>
      </trkpt>
      <trkpt lat="45.92114944942295551300048828125" lon="6.4976085908710956573486328125">
        <ele>1692.800048828125</ele>
      </trkpt>
      <trkpt lat="45.92114173807203769683837890625" lon="6.4976084232330322265625">
        <ele>1693.199951171875</ele>
      </trkpt>
      <trkpt lat="45.921132601797580718994140625" lon="6.49760213680565357208251953125">
        <ele>1693.4000244140625</ele>
      </trkpt>
      <trkpt lat="45.92111022211611270904541015625" lon="6.4975948445498943328857421875">
        <ele>1693.800048828125</ele>
      </trkpt>
      <trkpt lat="45.921098403632640838623046875" lon="6.4975936710834503173828125">
        <ele>1694.4000244140625</ele>
      </trkpt>
      <trkpt lat="45.9210948832333087921142578125" lon="6.4975871331989765167236328125">
        <ele>1695</ele>
      </trkpt>
      <trkpt lat="45.921077616512775421142578125" lon="6.4975073374807834625244140625">
        <ele>1695.4000244140625</ele>
      </trkpt>
      <trkpt lat="45.9210290014743804931640625" lon="6.4974567107856273651123046875">
        <ele>1696.199951171875</ele>
      </trkpt>
      <trkpt lat="45.92102405615150928497314453125" lon="6.49746450595557689666748046875">
        <ele>1696.4000244140625</ele>
      </trkpt>
      <trkpt lat="45.92100896872580051422119140625" lon="6.49746282957494258880615234375">
        <ele>1697.4000244140625</ele>
      </trkpt>
      <trkpt lat="45.92099840752780437469482421875" lon="6.4974610693752765655517578125">
        <ele>1697.5999755859375</ele>
      </trkpt>
      <trkpt lat="45.9209875948727130889892578125" lon="6.49744841270148754119873046875">
        <ele>1697.800048828125</ele>
      </trkpt>
      <trkpt lat="45.92091190628707408905029296875" lon="6.49739719927310943603515625">
        <ele>1698</ele>
      </trkpt>
      <trkpt lat="45.92089480720460414886474609375" lon="6.49739694781601428985595703125">
        <ele>1698</ele>
      </trkpt>
      <trkpt lat="45.9208144247531890869140625" lon="6.4974153041839599609375">
        <ele>1698.800048828125</ele>
      </trkpt>
      <trkpt lat="45.92080160044133663177490234375" lon="6.49741119705140590667724609375">
        <ele>1699</ele>
      </trkpt>
      <trkpt lat="45.92071308754384517669677734375" lon="6.49740918539464473724365234375">
        <ele>1700</ele>
      </trkpt>
      <trkpt lat="45.9206808172166347503662109375" lon="6.4974158070981502532958984375">
        <ele>1701.199951171875</ele>
      </trkpt>
      <trkpt lat="45.92066715471446514129638671875" lon="6.4974137954413890838623046875">
        <ele>1701.5999755859375</ele>
      </trkpt>
      <trkpt lat="45.9205792285501956939697265625" lon="6.497382782399654388427734375">
        <ele>1702.4000244140625</ele>
      </trkpt>
      <trkpt lat="45.9205490536987781524658203125" lon="6.4973738975822925567626953125">
        <ele>1703</ele>
      </trkpt>
      <trkpt lat="45.9205279313027858734130859375" lon="6.49738236330449581146240234375">
        <ele>1703.5999755859375</ele>
      </trkpt>
      <trkpt lat="45.920488201081752777099609375" lon="6.49738739244639873504638671875">
        <ele>1704.800048828125</ele>
      </trkpt>
      <trkpt lat="45.92043145559728145599365234375" lon="6.49736995808780193328857421875">
        <ele>1706.199951171875</ele>
      </trkpt>
      <trkpt lat="45.92041938565671443939208984375" lon="6.4973630011081695556640625">
        <ele>1706.4000244140625</ele>
      </trkpt>
      <trkpt lat="45.92038250528275966644287109375" lon="6.49736191146075725555419921875">
        <ele>1707.199951171875</ele>
      </trkpt>
      <trkpt lat="45.92033506371080875396728515625" lon="6.4973557926714420318603515625">
        <ele>1708.4000244140625</ele>
      </trkpt>
      <trkpt lat="45.9203182160854339599609375" lon="6.49736543186008930206298828125">
        <ele>1709.199951171875</ele>
      </trkpt>
      <trkpt lat="45.92030924744904041290283203125" lon="6.49738202802836894989013671875">
        <ele>1709.5999755859375</ele>
      </trkpt>
      <trkpt lat="45.92030589468777179718017578125" lon="6.49746559560298919677734375">
        <ele>1710.800048828125</ele>
      </trkpt>
      <trkpt lat="45.92031628824770450592041015625" lon="6.49748831056058406829833984375">
        <ele>1711.199951171875</ele>
      </trkpt>
      <trkpt lat="45.9203244186937808990478515625" lon="6.4975123666226863861083984375">
        <ele>1711.4000244140625</ele>
      </trkpt>
      <trkpt lat="45.920329950749874114990234375" lon="6.49755704216659069061279296875">
        <ele>1712.199951171875</ele>
      </trkpt>
      <trkpt lat="45.92033632099628448486328125" lon="6.49762996472418308258056640625">
        <ele>1713</ele>
      </trkpt>
      <trkpt lat="45.9203435294330120086669921875" lon="6.49765963666141033172607421875">
        <ele>1713.199951171875</ele>
      </trkpt>
      <trkpt lat="45.920351408421993255615234375" lon="6.49768352508544921875">
        <ele>1713.199951171875</ele>
      </trkpt>
      <trkpt lat="45.92036314308643341064453125" lon="6.4977765642106533050537109375">
        <ele>1714.199951171875</ele>
      </trkpt>
      <trkpt lat="45.92036423273384571075439453125" lon="6.4978426136076450347900390625">
        <ele>1714.800048828125</ele>
      </trkpt>
      <trkpt lat="45.92036859132349491119384765625" lon="6.49788041599094867706298828125">
        <ele>1715.4000244140625</ele>
      </trkpt>
      <trkpt lat="45.9203891269862651824951171875" lon="6.4979562722146511077880859375">
        <ele>1716.800048828125</ele>
      </trkpt>
      <trkpt lat="45.920383594930171966552734375" lon="6.49798066355288028717041015625">
        <ele>1717</ele>
      </trkpt>
      <trkpt lat="45.9203924797475337982177734375" lon="6.49804570712149143218994140625">
        <ele>1717.800048828125</ele>
      </trkpt>
      <trkpt lat="45.92040329240262508392333984375" lon="6.49805970489978790283203125">
        <ele>1718.199951171875</ele>
      </trkpt>
      <trkpt lat="45.92042206786572933197021484375" lon="6.49808627553284168243408203125">
        <ele>1719</ele>
      </trkpt>
      <trkpt lat="45.92042106203734874725341796875" lon="6.49809851311147212982177734375">
        <ele>1719.199951171875</ele>
      </trkpt>
      <trkpt lat="45.9204072318971157073974609375" lon="6.498120389878749847412109375">
        <ele>1719.5999755859375</ele>
      </trkpt>
      <trkpt lat="45.9203965030610561370849609375" lon="6.49815031327307224273681640625">
        <ele>1720</ele>
      </trkpt>
      <trkpt lat="45.9203995205461978912353515625" lon="6.49820261634886264801025390625">
        <ele>1721.199951171875</ele>
      </trkpt>
      <trkpt lat="45.9204052202403545379638671875" lon="6.49822625331580638885498046875">
        <ele>1722</ele>
      </trkpt>
      <trkpt lat="45.92040966264903545379638671875" lon="6.49823941290378570556640625">
        <ele>1722.199951171875</ele>
      </trkpt>
      <trkpt lat="45.9204125963151454925537109375" lon="6.498252488672733306884765625">
        <ele>1722.4000244140625</ele>
      </trkpt>
      <trkpt lat="45.92042156495153903961181640625" lon="6.4982828311622142791748046875">
        <ele>1722.800048828125</ele>
      </trkpt>
      <trkpt lat="45.92042215168476104736328125" lon="6.4982982538640499114990234375">
        <ele>1723</ele>
      </trkpt>
      <trkpt lat="45.92041854746639728546142578125" lon="6.49831049144268035888671875">
        <ele>1723.4000244140625</ele>
      </trkpt>
      <trkpt lat="45.92041050083935260772705078125" lon="6.4983609504997730255126953125">
        <ele>1724.800048828125</ele>
      </trkpt>
      <trkpt lat="45.9204105846583843231201171875" lon="6.49838349781930446624755859375">
        <ele>1725.4000244140625</ele>
      </trkpt>
      <trkpt lat="45.92041318304836750030517578125" lon="6.49839271791279315948486328125">
        <ele>1725.800048828125</ele>
      </trkpt>
      <trkpt lat="45.92041117139160633087158203125" lon="6.49843093939125537872314453125">
        <ele>1726.5999755859375</ele>
      </trkpt>
      <trkpt lat="45.92040547169744968414306640625" lon="6.4984420873224735260009765625">
        <ele>1726.800048828125</ele>
      </trkpt>
      <trkpt lat="45.92040211893618106842041015625" lon="6.49845642037689685821533203125">
        <ele>1727</ele>
      </trkpt>
      <trkpt lat="45.92039507813751697540283203125" lon="6.49849212728440761566162109375">
        <ele>1727.4000244140625</ele>
      </trkpt>
      <trkpt lat="45.92039667069911956787109375" lon="6.49850520305335521697998046875">
        <ele>1728.199951171875</ele>
      </trkpt>
      <trkpt lat="45.92040396295487880706787109375" lon="6.498533785343170166015625">
        <ele>1729</ele>
      </trkpt>
      <trkpt lat="45.92041066847741603851318359375" lon="6.49855189025402069091796875">
        <ele>1729.199951171875</ele>
      </trkpt>
      <trkpt lat="45.92042022384703159332275390625" lon="6.49858399294316768646240234375">
        <ele>1729.5999755859375</ele>
      </trkpt>
      <trkpt lat="45.9204129315912723541259765625" lon="6.49859237484633922576904296875">
        <ele>1729.800048828125</ele>
      </trkpt>
      <trkpt lat="45.92040329240262508392333984375" lon="6.498602516949176788330078125">
        <ele>1730.5999755859375</ele>
      </trkpt>
      <trkpt lat="45.92040027491748332977294921875" lon="6.49859924800693988800048828125">
        <ele>1731</ele>
      </trkpt>
      <trkpt lat="45.9203960001468658447265625" lon="6.498592458665370941162109375">
        <ele>1731.4000244140625</ele>
      </trkpt>
      <trkpt lat="45.9203894622623920440673828125" lon="6.4985966496169567108154296875">
        <ele>1731.5999755859375</ele>
      </trkpt>
      <trkpt lat="45.920381583273410797119140625" lon="6.4985943026840686798095703125">
        <ele>1732</ele>
      </trkpt>
      <trkpt lat="45.92037177644670009613037109375" lon="6.4985919557511806488037109375">
        <ele>1732.4000244140625</ele>
      </trkpt>
      <trkpt lat="45.9203680045902729034423828125" lon="6.49859975092113018035888671875">
        <ele>1732.800048828125</ele>
      </trkpt>
      <trkpt lat="45.920362137258052825927734375" lon="6.49862833321094512939453125">
        <ele>1733</ele>
      </trkpt>
      <trkpt lat="45.920358784496784210205078125" lon="6.49868256412446498870849609375">
        <ele>1734</ele>
      </trkpt>
      <trkpt lat="45.92035350389778614044189453125" lon="6.498701088130474090576171875">
        <ele>1734.5999755859375</ele>
      </trkpt>
      <trkpt lat="45.92035375535488128662109375" lon="6.49871810339391231536865234375">
        <ele>1735</ele>
      </trkpt>
      <trkpt lat="45.92035585083067417144775390625" lon="6.49876990355551242828369140625">
        <ele>1735.5999755859375</ele>
      </trkpt>
      <trkpt lat="45.9203452058136463165283203125" lon="6.49878163821995258331298828125">
        <ele>1735.800048828125</ele>
      </trkpt>
      <trkpt lat="45.920335985720157623291015625" lon="6.49878214113414287567138671875">
        <ele>1736.199951171875</ele>
      </trkpt>
      <trkpt lat="45.92032500542700290679931640625" lon="6.4987807162106037139892578125">
        <ele>1736.4000244140625</ele>
      </trkpt>
      <trkpt lat="45.920315198600292205810546875" lon="6.49878029711544513702392578125">
        <ele>1737.199951171875</ele>
      </trkpt>
      <trkpt lat="45.92030815780162811279296875" lon="6.4987844042479991912841796875">
        <ele>1737.5999755859375</ele>
      </trkpt>
      <trkpt lat="45.920295752584934234619140625" lon="6.49879555217921733856201171875">
        <ele>1738.5999755859375</ele>
      </trkpt>
      <trkpt lat="45.92026985250413417816162109375" lon="6.4987857453525066375732421875">
        <ele>1739.5999755859375</ele>
      </trkpt>
      <trkpt lat="45.9202352352440357208251953125" lon="6.49876135401427745819091796875">
        <ele>1740.800048828125</ele>
      </trkpt>
      <trkpt lat="45.92022090218961238861083984375" lon="6.49873302318155765533447265625">
        <ele>1741.5999755859375</ele>
      </trkpt>
      <trkpt lat="45.92020497657358646392822265625" lon="6.49871944449841976165771484375">
        <ele>1742.4000244140625</ele>
      </trkpt>
      <trkpt lat="45.92020480893552303314208984375" lon="6.49872112087905406951904296875">
        <ele>1742.800048828125</ele>
      </trkpt>
      <trkpt lat="45.92018435709178447723388671875" lon="6.49871877394616603851318359375">
        <ele>1743.800048828125</ele>
      </trkpt>
      <trkpt lat="45.9201869554817676544189453125" lon="6.49873964488506317138671875">
        <ele>1745</ele>
      </trkpt>
      <trkpt lat="45.92015485279262065887451171875" lon="6.49877895601093769073486328125">
        <ele>1746</ele>
      </trkpt>
      <trkpt lat="45.92014714144170284271240234375" lon="6.49878658354282379150390625">
        <ele>1746.199951171875</ele>
      </trkpt>
      <trkpt lat="45.9201302938163280487060546875" lon="6.498767472803592681884765625">
        <ele>1747.4000244140625</ele>
      </trkpt>
      <trkpt lat="45.92011579312384128570556640625" lon="6.49874635040760040283203125">
        <ele>1748.4000244140625</ele>
      </trkpt>
      <trkpt lat="45.92011193744838237762451171875" lon="6.4987411536276340484619140625">
        <ele>1748.5999755859375</ele>
      </trkpt>
      <trkpt lat="45.920086205005645751953125" lon="6.49874903261661529541015625">
        <ele>1749.4000244140625</ele>
      </trkpt>
      <trkpt lat="45.92008394189178943634033203125" lon="6.49876705370843410491943359375">
        <ele>1749.5999755859375</ele>
      </trkpt>
      <trkpt lat="45.920076481997966766357421875" lon="6.498823799192905426025390625">
        <ele>1750.4000244140625</ele>
      </trkpt>
      <trkpt lat="45.92008193023502826690673828125" lon="6.4988387189805507659912109375">
        <ele>1750.5999755859375</ele>
      </trkpt>
      <trkpt lat="45.9200763143599033355712890625" lon="6.4988516271114349365234375">
        <ele>1750.800048828125</ele>
      </trkpt>
      <trkpt lat="45.92007572762668132781982421875" lon="6.4988618530333042144775390625">
        <ele>1751.4000244140625</ele>
      </trkpt>
      <trkpt lat="45.92006784863770008087158203125" lon="6.4988695643842220306396484375">
        <ele>1751.5999755859375</ele>
      </trkpt>
      <trkpt lat="45.920064747333526611328125" lon="6.49887132458388805389404296875">
        <ele>1752</ele>
      </trkpt>
      <trkpt lat="45.9200595505535602569580078125" lon="6.498874090611934661865234375">
        <ele>1752.4000244140625</ele>
      </trkpt>
      <trkpt lat="45.92005628161132335662841796875" lon="6.498872749507427215576171875">
        <ele>1752.5999755859375</ele>
      </trkpt>
      <trkpt lat="45.9200655855238437652587890625" lon="6.49888875894248485565185546875">
        <ele>1753.199951171875</ele>
      </trkpt>
      <trkpt lat="45.920066423714160919189453125" lon="6.4989265613257884979248046875">
        <ele>1754.4000244140625</ele>
      </trkpt>
      <trkpt lat="45.92006248421967029571533203125" lon="6.49893552996218204498291015625">
        <ele>1754.5999755859375</ele>
      </trkpt>
      <trkpt lat="45.92002459801733493804931640625" lon="6.498931087553501129150390625">
        <ele>1755.5999755859375</ele>
      </trkpt>
      <trkpt lat="45.9200166352093219757080078125" lon="6.49892647750675678253173828125">
        <ele>1755.800048828125</ele>
      </trkpt>
      <trkpt lat="45.9200075827538967132568359375" lon="6.49892228655517101287841796875">
        <ele>1756.199951171875</ele>
      </trkpt>
      <trkpt lat="45.91999777592718601226806640625" lon="6.49892061017453670501708984375">
        <ele>1756.5999755859375</ele>
      </trkpt>
      <trkpt lat="45.91998704709112644195556640625" lon="6.49892295710742473602294921875">
        <ele>1756.800048828125</ele>
      </trkpt>
      <trkpt lat="45.919968187808990478515625" lon="6.49892144836485385894775390625">
        <ele>1757.5999755859375</ele>
      </trkpt>
      <trkpt lat="45.91995787806808948516845703125" lon="6.49892630986869335174560546875">
        <ele>1757.800048828125</ele>
      </trkpt>
      <trkpt lat="45.91995201073586940765380859375" lon="6.4989315904676914215087890625">
        <ele>1758.199951171875</ele>
      </trkpt>
      <trkpt lat="45.91994815506041049957275390625" lon="6.49894257076084613800048828125">
        <ele>1758.4000244140625</ele>
      </trkpt>
      <trkpt lat="45.91994337737560272216796875" lon="6.498954556882381439208984375">
        <ele>1759.199951171875</ele>
      </trkpt>
      <trkpt lat="45.919928960502147674560546875" lon="6.49896637536585330963134765625">
        <ele>1760</ele>
      </trkpt>
      <trkpt lat="45.9199264459311962127685546875" lon="6.4989785291254520416259765625">
        <ele>1760.5999755859375</ele>
      </trkpt>
      <trkpt lat="45.91989752836525440216064453125" lon="6.49899185635149478912353515625">
        <ele>1761.5999755859375</ele>
      </trkpt>
      <trkpt lat="45.91988160274922847747802734375" lon="6.49900191463530063629150390625">
        <ele>1762.199951171875</ele>
      </trkpt>
      <trkpt lat="45.91988059692084789276123046875" lon="6.49901130236685276031494140625">
        <ele>1762.5999755859375</ele>
      </trkpt>
      <trkpt lat="45.91987908817827701568603515625" lon="6.4990941993892192840576171875">
        <ele>1763</ele>
      </trkpt>
      <trkpt lat="45.9198805131018161773681640625" lon="6.49912378750741481781005859375">
        <ele>1763.5999755859375</ele>
      </trkpt>
      <trkpt lat="45.9198738075792789459228515625" lon="6.49912185966968536376953125">
        <ele>1764</ele>
      </trkpt>
      <trkpt lat="45.91985310427844524383544921875" lon="6.4991171658039093017578125">
        <ele>1764.199951171875</ele>
      </trkpt>
      <trkpt lat="45.919843129813671112060546875" lon="6.4991280622780323028564453125">
        <ele>1764.800048828125</ele>
      </trkpt>
      <trkpt lat="45.919823013246059417724609375" lon="6.49913351051509380340576171875">
        <ele>1765.5999755859375</ele>
      </trkpt>
      <trkpt lat="45.91982108540832996368408203125" lon="6.49915077723562717437744140625">
        <ele>1765.800048828125</ele>
      </trkpt>
      <trkpt lat="45.91981773264706134796142578125" lon="6.49916477501392364501953125">
        <ele>1765.800048828125</ele>
      </trkpt>
      <trkpt lat="45.919804908335208892822265625" lon="6.499241553246974945068359375">
        <ele>1767</ele>
      </trkpt>
      <trkpt lat="45.91980013065040111541748046875" lon="6.49927298538386821746826171875">
        <ele>1767.5999755859375</ele>
      </trkpt>
      <trkpt lat="45.91979811899363994598388671875" lon="6.49927876889705657958984375">
        <ele>1767.800048828125</ele>
      </trkpt>
      <trkpt lat="45.91979443095624446868896484375" lon="6.49927281774580478668212890625">
        <ele>1768</ele>
      </trkpt>
      <trkpt lat="45.9197926707565784454345703125" lon="6.4992620050907135009765625">
        <ele>1768.199951171875</ele>
      </trkpt>
      <trkpt lat="45.91975956223905086517333984375" lon="6.4992309920489788055419921875">
        <ele>1769</ele>
      </trkpt>
      <trkpt lat="45.91975319199264049530029296875" lon="6.499241553246974945068359375">
        <ele>1769.4000244140625</ele>
      </trkpt>
      <trkpt lat="45.91974564827978610992431640625" lon="6.499248929321765899658203125">
        <ele>1769.5999755859375</ele>
      </trkpt>
      <trkpt lat="45.91973324306309223175048828125" lon="6.49925102479755878448486328125">
        <ele>1770</ele>
      </trkpt>
      <trkpt lat="45.91973072849214076995849609375" lon="6.49926359765231609344482421875">
        <ele>1770.4000244140625</ele>
      </trkpt>
      <trkpt lat="45.91973223723471164703369140625" lon="6.49927206337451934814453125">
        <ele>1770.5999755859375</ele>
      </trkpt>
      <trkpt lat="45.91973106376826763153076171875" lon="6.4992893300950527191162109375">
        <ele>1771.5999755859375</ele>
      </trkpt>
      <trkpt lat="45.91972067020833492279052734375" lon="6.4992859773337841033935546875">
        <ele>1772.4000244140625</ele>
      </trkpt>
      <trkpt lat="45.9197088517248630523681640625" lon="6.49928706698119640350341796875">
        <ele>1773</ele>
      </trkpt>
      <trkpt lat="45.919700972735881805419921875" lon="6.49931221269071102142333984375">
        <ele>1773.4000244140625</ele>
      </trkpt>
      <trkpt lat="45.9196974523365497589111328125" lon="6.49935160763561725616455078125">
        <ele>1774</ele>
      </trkpt>
      <trkpt lat="45.9196900762617588043212890625" lon="6.49937155656516551971435546875">
        <ele>1774.4000244140625</ele>
      </trkpt>
      <trkpt lat="45.91969166882336139678955078125" lon="6.49940617382526397705078125">
        <ele>1775</ele>
      </trkpt>
      <trkpt lat="45.91969300992786884307861328125" lon="6.49942402727901935577392578125">
        <ele>1775.4000244140625</ele>
      </trkpt>
      <trkpt lat="45.91969250701367855072021484375" lon="6.49943442083895206451416015625">
        <ele>1775.5999755859375</ele>
      </trkpt>
      <trkpt lat="45.91967842541635036468505859375" lon="6.49944447912275791168212890625">
        <ele>1776.199951171875</ele>
      </trkpt>
      <trkpt lat="45.91967188753187656402587890625" lon="6.49944649077951908111572265625">
        <ele>1776.4000244140625</ele>
      </trkpt>
      <trkpt lat="45.91964053921401500701904296875" lon="6.4994220994412899017333984375">
        <ele>1777.199951171875</ele>
      </trkpt>
      <trkpt lat="45.91963450424373149871826171875" lon="6.4994472451508045196533203125">
        <ele>1777.5999755859375</ele>
      </trkpt>
      <trkpt lat="45.9196357615292072296142578125" lon="6.49946426041424274444580078125">
        <ele>1777.800048828125</ele>
      </trkpt>
      <trkpt lat="45.919630229473114013671875" lon="6.49950650520622730255126953125">
        <ele>1778.5999755859375</ele>
      </trkpt>
      <trkpt lat="45.91962897218763828277587890625" lon="6.499523855745792388916015625">
        <ele>1778.800048828125</ele>
      </trkpt>
      <trkpt lat="45.91962092556059360504150390625" lon="6.4995381049811840057373046875">
        <ele>1779</ele>
      </trkpt>
      <trkpt lat="45.91961455531418323516845703125" lon="6.49953567422926425933837890625">
        <ele>1779.4000244140625</ele>
      </trkpt>
      <trkpt lat="45.9196074306964874267578125" lon="6.49952947162091732025146484375">
        <ele>1779.800048828125</ele>
      </trkpt>
      <trkpt lat="45.91959829442203044891357421875" lon="6.49952326901257038116455078125">
        <ele>1780.199951171875</ele>
      </trkpt>
      <trkpt lat="45.91958555392920970916748046875" lon="6.49952352046966552734375">
        <ele>1780.4000244140625</ele>
      </trkpt>
      <trkpt lat="45.91957365162670612335205078125" lon="6.49955780245363712310791015625">
        <ele>1781</ele>
      </trkpt>
      <trkpt lat="45.91957323253154754638671875" lon="6.4995743148028850555419921875">
        <ele>1781.4000244140625</ele>
      </trkpt>
      <trkpt lat="45.9195730648934841156005859375" lon="6.49958563037216663360595703125">
        <ele>1781.4000244140625</ele>
      </trkpt>
      <trkpt lat="45.919560827314853668212890625" lon="6.49959116242825984954833984375">
        <ele>1782.199951171875</ele>
      </trkpt>
      <trkpt lat="45.91955403797328472137451171875" lon="6.49957993067800998687744140625">
        <ele>1782.4000244140625</ele>
      </trkpt>
      <trkpt lat="45.919542722404003143310546875" lon="6.499593593180179595947265625">
        <ele>1783.199951171875</ele>
      </trkpt>
      <trkpt lat="45.91953610070049762725830078125" lon="6.4996024779975414276123046875">
        <ele>1783.4000244140625</ele>
      </trkpt>
      <trkpt lat="45.919525623321533203125" lon="6.499606668949127197265625">
        <ele>1783.5999755859375</ele>
      </trkpt>
      <trkpt lat="45.91951581649482250213623046875" lon="6.499616391956806182861328125">
        <ele>1783.800048828125</ele>
      </trkpt>
      <trkpt lat="45.91950626112520694732666015625" lon="6.499620415270328521728515625">
        <ele>1784.4000244140625</ele>
      </trkpt>
      <trkpt lat="45.91950089670717716217041015625" lon="6.49962334893643856048583984375">
        <ele>1785</ele>
      </trkpt>
      <trkpt lat="45.91948606073856353759765625" lon="6.49962879717350006103515625">
        <ele>1785.5999755859375</ele>
      </trkpt>
      <trkpt lat="45.91947801411151885986328125" lon="6.49963474832475185394287109375">
        <ele>1786</ele>
      </trkpt>
      <trkpt lat="45.91945412568747997283935546875" lon="6.4996303059160709381103515625">
        <ele>1786.5999755859375</ele>
      </trkpt>
      <trkpt lat="45.91944515705108642578125" lon="6.499626450240612030029296875">
        <ele>1787.199951171875</ele>
      </trkpt>
      <trkpt lat="45.91943685896694660186767578125" lon="6.49962251074612140655517578125">
        <ele>1787.4000244140625</ele>
      </trkpt>
      <trkpt lat="45.9194223582744598388671875" lon="6.49962251074612140655517578125">
        <ele>1787.800048828125</ele>
      </trkpt>
      <trkpt lat="45.9194169938564300537109375" lon="6.49968302808701992034912109375">
        <ele>1788.800048828125</ele>
      </trkpt>
      <trkpt lat="45.91941422782838344573974609375" lon="6.4996973611414432525634765625">
        <ele>1789.199951171875</ele>
      </trkpt>
      <trkpt lat="45.9193946979939937591552734375" lon="6.49968503974378108978271484375">
        <ele>1789.800048828125</ele>
      </trkpt>
      <trkpt lat="45.9193900041282176971435546875" lon="6.49966995231807231903076171875">
        <ele>1790</ele>
      </trkpt>
      <trkpt lat="45.9193588234484195709228515625" lon="6.49962536059319972991943359375">
        <ele>1791.5999755859375</ele>
      </trkpt>
      <trkpt lat="45.919327475130558013916015625" lon="6.49961681105196475982666015625">
        <ele>1792.5999755859375</ele>
      </trkpt>
      <trkpt lat="45.9193132258951663970947265625" lon="6.49961228482425212860107421875">
        <ele>1792.800048828125</ele>
      </trkpt>
      <trkpt lat="45.919276513159275054931640625" lon="6.499561406672000885009765625">
        <ele>1793.5999755859375</ele>
      </trkpt>
      <trkpt lat="45.9192750044167041778564453125" lon="6.49953617714345455169677734375">
        <ele>1793.800048828125</ele>
      </trkpt>
      <trkpt lat="45.9192783571779727935791015625" lon="6.499507762491703033447265625">
        <ele>1793.800048828125</ele>
      </trkpt>
      <trkpt lat="45.9192753396928310394287109375" lon="6.49948907084763050079345703125">
        <ele>1794</ele>
      </trkpt>
      <trkpt lat="45.91926251538097858428955078125" lon="6.4995060861110687255859375">
        <ele>1794.800048828125</ele>
      </trkpt>
      <trkpt lat="45.9192562289535999298095703125" lon="6.49951153434813022613525390625">
        <ele>1795</ele>
      </trkpt>
      <trkpt lat="45.91925195418298244476318359375" lon="6.49951002560555934906005859375">
        <ele>1795.199951171875</ele>
      </trkpt>
      <trkpt lat="45.91925748623907566070556640625" lon="6.49946409277617931365966796875">
        <ele>1795.5999755859375</ele>
      </trkpt>
      <trkpt lat="45.91925631277263164520263671875" lon="6.49944841861724853515625">
        <ele>1795.800048828125</ele>
      </trkpt>
      <trkpt lat="45.91925044544041156768798828125" lon="6.49944045580923557281494140625">
        <ele>1797</ele>
      </trkpt>
      <trkpt lat="45.91924256645143032073974609375" lon="6.4994277991354465484619140625">
        <ele>1797.5999755859375</ele>
      </trkpt>
      <trkpt lat="45.919236950576305389404296875" lon="6.49941648356616497039794921875">
        <ele>1797.800048828125</ele>
      </trkpt>
      <trkpt lat="45.91922597028315067291259765625" lon="6.49940324015915393829345703125">
        <ele>1798</ele>
      </trkpt>
      <trkpt lat="45.91921708546578884124755859375" lon="6.4993993006646633148193359375">
        <ele>1798.199951171875</ele>
      </trkpt>
      <trkpt lat="45.9191958792507648468017578125" lon="6.49938873946666717529296875">
        <ele>1798.800048828125</ele>
      </trkpt>
      <trkpt lat="45.91917886398732662200927734375" lon="6.49938563816249370574951171875">
        <ele>1799.199951171875</ele>
      </trkpt>
      <trkpt lat="45.91915589757263660430908203125" lon="6.49936862289905548095703125">
        <ele>1800</ele>
      </trkpt>
      <trkpt lat="45.91914751566946506500244140625" lon="6.4993627555668354034423828125">
        <ele>1800.4000244140625</ele>
      </trkpt>
      <trkpt lat="45.9191258065402507781982421875" lon="6.499346159398555755615234375">
        <ele>1801</ele>
      </trkpt>
      <trkpt lat="45.919090770184993743896484375" lon="6.49934121407568454742431640625">
        <ele>1801.5999755859375</ele>
      </trkpt>
      <trkpt lat="45.9190818853676319122314453125" lon="6.499344818294048309326171875">
        <ele>1802.199951171875</ele>
      </trkpt>
      <trkpt lat="45.919072329998016357421875" lon="6.4993532001972198486328125">
        <ele>1802.4000244140625</ele>
      </trkpt>
      <trkpt lat="45.919063277542591094970703125" lon="6.49936459958553314208984375">
        <ele>1802.800048828125</ele>
      </trkpt>
      <trkpt lat="45.919055901467800140380859375" lon="6.49937977083027362823486328125">
        <ele>1803</ele>
      </trkpt>
      <trkpt lat="45.91904173605144023895263671875" lon="6.4993879012763500213623046875">
        <ele>1803.800048828125</ele>
      </trkpt>
      <trkpt lat="45.91903452761471271514892578125" lon="6.49938262067735195159912109375">
        <ele>1804</ele>
      </trkpt>
      <trkpt lat="45.9190054424107074737548828125" lon="6.49935345165431499481201171875">
        <ele>1805</ele>
      </trkpt>
      <trkpt lat="45.9189638681709766387939453125" lon="6.4993131347000598907470703125">
        <ele>1805.800048828125</ele>
      </trkpt>
      <trkpt lat="45.91895540244877338409423828125" lon="6.4993022382259368896484375">
        <ele>1806.4000244140625</ele>
      </trkpt>
      <trkpt lat="45.9189288318157196044921875" lon="6.4992839656770229339599609375">
        <ele>1807.4000244140625</ele>
      </trkpt>
      <trkpt lat="45.91890594922006130218505859375" lon="6.49926309473812580108642578125">
        <ele>1808.5999755859375</ele>
      </trkpt>
      <trkpt lat="45.91889471746981143951416015625" lon="6.49925136007368564605712890625">
        <ele>1809</ele>
      </trkpt>
      <trkpt lat="45.91887049376964569091796875" lon="6.4992501027882099151611328125">
        <ele>1809.800048828125</ele>
      </trkpt>
      <trkpt lat="45.91886169277131557464599609375" lon="6.4992547966539859771728515625">
        <ele>1810.199951171875</ele>
      </trkpt>
      <trkpt lat="45.91885498724877834320068359375" lon="6.499260999262332916259765625">
        <ele>1810.4000244140625</ele>
      </trkpt>
      <trkpt lat="45.9188461862504482269287109375" lon="6.49927147664129734039306640625">
        <ele>1810.5999755859375</ele>
      </trkpt>
      <trkpt lat="45.91883956454694271087646484375" lon="6.49929025210440158843994140625">
        <ele>1811</ele>
      </trkpt>
      <trkpt lat="45.9188295900821685791015625" lon="6.49930248968303203582763671875">
        <ele>1812</ele>
      </trkpt>
      <trkpt lat="45.91882095672190189361572265625" lon="6.49930885992944240570068359375">
        <ele>1812.199951171875</ele>
      </trkpt>
      <trkpt lat="45.91881324537098407745361328125" lon="6.49931204505264759063720703125">
        <ele>1812.5999755859375</ele>
      </trkpt>
      <trkpt lat="45.91880301944911479949951171875" lon="6.49932478554546833038330078125">
        <ele>1813.4000244140625</ele>
      </trkpt>
      <trkpt lat="45.9187687374651432037353515625" lon="6.49933643639087677001953125">
        <ele>1814.4000244140625</ele>
      </trkpt>
      <trkpt lat="45.918762199580669403076171875" lon="6.49933350272476673126220703125">
        <ele>1814.800048828125</ele>
      </trkpt>
      <trkpt lat="45.9187486208975315093994140625" lon="6.49933082051575183868408203125">
        <ele>1815.4000244140625</ele>
      </trkpt>
      <trkpt lat="45.9187409095466136932373046875" lon="6.4993332512676715850830078125">
        <ele>1815.5999755859375</ele>
      </trkpt>
      <trkpt lat="45.91872406192123889923095703125" lon="6.4993439801037311553955078125">
        <ele>1816.800048828125</ele>
      </trkpt>
      <trkpt lat="45.91871366836130619049072265625" lon="6.49938312359154224395751953125">
        <ele>1817.5999755859375</ele>
      </trkpt>
      <trkpt lat="45.91870947740972042083740234375" lon="6.49941380135715007781982421875">
        <ele>1818</ele>
      </trkpt>
      <trkpt lat="45.918704532086849212646484375" lon="6.49942721240222454071044921875">
        <ele>1818.199951171875</ele>
      </trkpt>
      <trkpt lat="45.91869346797466278076171875" lon="6.49946643970906734466552734375">
        <ele>1818.800048828125</ele>
      </trkpt>
      <trkpt lat="45.91868584044277667999267578125" lon="6.49947297759354114532470703125">
        <ele>1819</ele>
      </trkpt>
      <trkpt lat="45.9186778776347637176513671875" lon="6.49947280995547771453857421875">
        <ele>1819.199951171875</ele>
      </trkpt>
      <trkpt lat="45.918668992817401885986328125" lon="6.4994777552783489227294921875">
        <ele>1819.5999755859375</ele>
      </trkpt>
      <trkpt lat="45.91866103000938892364501953125" lon="6.4994811080396175384521484375">
        <ele>1820</ele>
      </trkpt>
      <trkpt lat="45.91865164227783679962158203125" lon="6.499490328133106231689453125">
        <ele>1820.199951171875</ele>
      </trkpt>
      <trkpt lat="45.91862850822508335113525390625" lon="6.49948487989604473114013671875">
        <ele>1821.4000244140625</ele>
      </trkpt>
      <trkpt lat="45.91860788874328136444091796875" lon="6.49947767145931720733642578125">
        <ele>1821.800048828125</ele>
      </trkpt>
      <trkpt lat="45.9185783006250858306884765625" lon="6.49947297759354114532470703125">
        <ele>1822.4000244140625</ele>
      </trkpt>
      <trkpt lat="45.9185491316020488739013671875" lon="6.49946057237684726715087890625">
        <ele>1823.4000244140625</ele>
      </trkpt>
      <trkpt lat="45.91853999532759189605712890625" lon="6.49946610443294048309326171875">
        <ele>1823.5999755859375</ele>
      </trkpt>
      <trkpt lat="45.91851971112191677093505859375" lon="6.49946962483227252960205078125">
        <ele>1824.5999755859375</ele>
      </trkpt>
      <trkpt lat="45.9184867702424526214599609375" lon="6.4994710497558116912841796875">
        <ele>1825.5999755859375</ele>
      </trkpt>
      <trkpt lat="45.91845885850489139556884765625" lon="6.4994569681584835052490234375">
        <ele>1826.800048828125</ele>
      </trkpt>
      <trkpt lat="45.91844159178435802459716796875" lon="6.4994442276656627655029296875">
        <ele>1827.5999755859375</ele>
      </trkpt>
      <trkpt lat="45.9184354729950428009033203125" lon="6.49942972697317600250244140625">
        <ele>1828</ele>
      </trkpt>
      <trkpt lat="45.91841912828385829925537109375" lon="6.49939485825598239898681640625">
        <ele>1828.4000244140625</ele>
      </trkpt>
      <trkpt lat="45.91840873472392559051513671875" lon="6.49936267174780368804931640625">
        <ele>1829.199951171875</ele>
      </trkpt>
      <trkpt lat="45.9183897078037261962890625" lon="6.49931673891842365264892578125">
        <ele>1830.199951171875</ele>
      </trkpt>
      <trkpt lat="45.9183898754417896270751953125" lon="6.49930450133979320526123046875">
        <ele>1830.5999755859375</ele>
      </trkpt>
      <trkpt lat="45.9183885343372821807861328125" lon="6.49928807280957698822021484375">
        <ele>1830.800048828125</ele>
      </trkpt>
      <trkpt lat="45.91839046217501163482666015625" lon="6.4992366917431354522705078125">
        <ele>1831.5999755859375</ele>
      </trkpt>
      <trkpt lat="45.918393395841121673583984375" lon="6.49917257018387317657470703125">
        <ele>1832.5999755859375</ele>
      </trkpt>
      <trkpt lat="45.9183727763593196868896484375" lon="6.49913786910474300384521484375">
        <ele>1833.4000244140625</ele>
      </trkpt>
      <trkpt lat="45.9183459542691707611083984375" lon="6.49911557324230670928955078125">
        <ele>1834.199951171875</ele>
      </trkpt>
      <trkpt lat="45.9183301962912082672119140625" lon="6.49911842308938503265380859375">
        <ele>1834.5999755859375</ele>
      </trkpt>
      <trkpt lat="45.91830111108720302581787109375" lon="6.4991176687180995941162109375">
        <ele>1835.4000244140625</ele>
      </trkpt>
      <trkpt lat="45.9182825870811939239501953125" lon="6.49910970591008663177490234375">
        <ele>1835.800048828125</ele>
      </trkpt>
      <trkpt lat="45.91822667978703975677490234375" lon="6.49913267232477664947509765625">
        <ele>1836.800048828125</ele>
      </trkpt>
      <trkpt lat="45.91817052103579044342041015625" lon="6.49918296374380588531494140625">
        <ele>1837.800048828125</ele>
      </trkpt>
      <trkpt lat="45.918138921260833740234375" lon="6.49920559488236904144287109375">
        <ele>1838.199951171875</ele>
      </trkpt>
      <trkpt lat="45.91812324710190296173095703125" lon="6.499215401709079742431640625">
        <ele>1838.800048828125</ele>
      </trkpt>
      <trkpt lat="45.9180700220167636871337890625" lon="6.49924465455114841461181640625">
        <ele>1840</ele>
      </trkpt>
      <trkpt lat="45.9180093370378017425537109375" lon="6.49925018660724163055419921875">
        <ele>1840.800048828125</ele>
      </trkpt>
      <trkpt lat="45.91799265705049037933349609375" lon="6.49925420992076396942138671875">
        <ele>1841</ele>
      </trkpt>
      <trkpt lat="45.9179479815065860748291015625" lon="6.499254293739795684814453125">
        <ele>1842.4000244140625</ele>
      </trkpt>
      <trkpt lat="45.91791789047420024871826171875" lon="6.49925303645431995391845703125">
        <ele>1843.199951171875</ele>
      </trkpt>
      <trkpt lat="45.91791084967553615570068359375" lon="6.499263681471347808837890625">
        <ele>1843.5999755859375</ele>
      </trkpt>
      <trkpt lat="45.91788637451827526092529296875" lon="6.49927834980189800262451171875">
        <ele>1844.199951171875</ele>
      </trkpt>
      <trkpt lat="45.9178785793483257293701171875" lon="6.49927885271608829498291015625">
        <ele>1844.5999755859375</ele>
      </trkpt>
      <trkpt lat="45.91786122880876064300537109375" lon="6.4992876537144184112548828125">
        <ele>1845.5999755859375</ele>
      </trkpt>
      <trkpt lat="45.91782837174832820892333984375" lon="6.499305255711078643798828125">
        <ele>1847</ele>
      </trkpt>
      <trkpt lat="45.917817391455173492431640625" lon="6.4993087761104106903076171875">
        <ele>1847.199951171875</ele>
      </trkpt>
      <trkpt lat="45.9178048186004161834716796875" lon="6.49930869229137897491455078125">
        <ele>1847.4000244140625</ele>
      </trkpt>
      <trkpt lat="45.91778294183313846588134765625" lon="6.4993144758045673370361328125">
        <ele>1848</ele>
      </trkpt>
      <trkpt lat="45.91774907894432544708251953125" lon="6.49931824766099452972412109375">
        <ele>1849.199951171875</ele>
      </trkpt>
      <trkpt lat="45.91773767955601215362548828125" lon="6.49932646192610263824462890625">
        <ele>1849.5999755859375</ele>
      </trkpt>
      <trkpt lat="45.91771848499774932861328125" lon="6.4993402920663356781005859375">
        <ele>1849.800048828125</ele>
      </trkpt>
      <trkpt lat="45.91770599596202373504638671875" lon="6.4993406273424625396728515625">
        <ele>1850.4000244140625</ele>
      </trkpt>
      <trkpt lat="45.9176837839186191558837890625" lon="6.4993315748870372772216796875">
        <ele>1851.4000244140625</ele>
      </trkpt>
      <trkpt lat="45.91764598153531551361083984375" lon="6.499345488846302032470703125">
        <ele>1852.5999755859375</ele>
      </trkpt>
      <trkpt lat="45.9176106937229633331298828125" lon="6.4993966184556484222412109375">
        <ele>1853.5999755859375</ele>
      </trkpt>
      <trkpt lat="45.91759032569825649261474609375" lon="6.4994053356349468231201171875">
        <ele>1854.199951171875</ele>
      </trkpt>
      <trkpt lat="45.9175771661102771759033203125" lon="6.49940240196883678436279296875">
        <ele>1854.5999755859375</ele>
      </trkpt>
      <trkpt lat="45.917533747851848602294921875" lon="6.49937608279287815093994140625">
        <ele>1855.800048828125</ele>
      </trkpt>
      <trkpt lat="45.91749846003949642181396484375" lon="6.4993775077164173126220703125">
        <ele>1857</ele>
      </trkpt>
      <trkpt lat="45.9174779243767261505126953125" lon="6.49939167313277721405029296875">
        <ele>1857.199951171875</ele>
      </trkpt>
      <trkpt lat="45.917470715939998626708984375" lon="6.49938882328569889068603515625">
        <ele>1857.4000244140625</ele>
      </trkpt>
      <trkpt lat="45.91745537705719470977783203125" lon="6.4993719756603240966796875">
        <ele>1858.4000244140625</ele>
      </trkpt>
      <trkpt lat="45.9174182452261447906494140625" lon="6.49935998953878879547119140625">
        <ele>1859.4000244140625</ele>
      </trkpt>
      <trkpt lat="45.91739653609693050384521484375" lon="6.49934004060924053192138671875">
        <ele>1860.199951171875</ele>
      </trkpt>
      <trkpt lat="45.9173704683780670166015625" lon="6.49931690655648708343505859375">
        <ele>1860.800048828125</ele>
      </trkpt>
      <trkpt lat="45.91732244007289409637451171875" lon="6.499285139143466949462890625">
        <ele>1862</ele>
      </trkpt>
      <trkpt lat="45.91725186444818973541259765625" lon="6.4992755837738513946533203125">
        <ele>1863</ele>
      </trkpt>
      <trkpt lat="45.9172154031693935394287109375" lon="6.4992802776396274566650390625">
        <ele>1864.199951171875</ele>
      </trkpt>
      <trkpt lat="45.9172033332288265228271484375" lon="6.499275751411914825439453125">
        <ele>1864.5999755859375</ele>
      </trkpt>
      <trkpt lat="45.91718413867056369781494140625" lon="6.49926778860390186309814453125">
        <ele>1865.5999755859375</ele>
      </trkpt>
      <trkpt lat="45.91715388000011444091796875" lon="6.499251611530780792236328125">
        <ele>1867</ele>
      </trkpt>
      <trkpt lat="45.91714306734502315521240234375" lon="6.49924213998019695281982421875">
        <ele>1867.4000244140625</ele>
      </trkpt>
      <trkpt lat="45.91712496243417263031005859375" lon="6.49922001175582408905029296875">
        <ele>1868</ele>
      </trkpt>
      <trkpt lat="45.91709361411631107330322265625" lon="6.49918313138186931610107421875">
        <ele>1869.199951171875</ele>
      </trkpt>
      <trkpt lat="45.917079113423824310302734375" lon="6.4991703070700168609619140625">
        <ele>1870.5999755859375</ele>
      </trkpt>
      <trkpt lat="45.91707483865320682525634765625" lon="6.499164104461669921875">
        <ele>1871</ele>
      </trkpt>
      <trkpt lat="45.91706545092165470123291015625" lon="6.4991283975541591644287109375">
        <ele>1871.4000244140625</ele>
      </trkpt>
      <trkpt lat="45.91706058941781520843505859375" lon="6.49911356158554553985595703125">
        <ele>1872</ele>
      </trkpt>
      <trkpt lat="45.9170367009937763214111328125" lon="6.49906913749873638153076171875">
        <ele>1873.199951171875</ele>
      </trkpt>
      <trkpt lat="45.9170246310532093048095703125" lon="6.4990462549030780792236328125">
        <ele>1873.5999755859375</ele>
      </trkpt>
      <trkpt lat="45.9170112200081348419189453125" lon="6.49904005229473114013671875">
        <ele>1873.800048828125</ele>
      </trkpt>
      <trkpt lat="45.91700845398008823394775390625" lon="6.4990429021418094635009765625">
        <ele>1874.4000244140625</ele>
      </trkpt>
      <trkpt lat="45.9169736690819263458251953125" lon="6.49900853633880615234375">
        <ele>1875.5999755859375</ele>
      </trkpt>
      <trkpt lat="45.91694466769695281982421875" lon="6.49901926517486572265625">
        <ele>1876.199951171875</ele>
      </trkpt>
      <trkpt lat="45.91693402267992496490478515625" lon="6.49900107644498348236083984375">
        <ele>1876.4000244140625</ele>
      </trkpt>
      <trkpt lat="45.91693469323217868804931640625" lon="6.49898498319089412689208984375">
        <ele>1877</ele>
      </trkpt>
      <trkpt lat="45.9169203601777553558349609375" lon="6.49896629154682159423828125">
        <ele>1877.5999755859375</ele>
      </trkpt>
      <trkpt lat="45.91690502129495143890380859375" lon="6.49895950220525264739990234375">
        <ele>1878</ele>
      </trkpt>
      <trkpt lat="45.91689546592533588409423828125" lon="6.49896419607102870941162109375">
        <ele>1878.5999755859375</ele>
      </trkpt>
      <trkpt lat="45.91687819920480251312255859375" lon="6.49900392629206180572509765625">
        <ele>1879.199951171875</ele>
      </trkpt>
      <trkpt lat="45.91687224805355072021484375" lon="6.49902437813580036163330078125">
        <ele>1879.199951171875</ele>
      </trkpt>
      <trkpt lat="45.91685858555138111114501953125" lon="6.49906226433813571929931640625">
        <ele>1879.800048828125</ele>
      </trkpt>
      <trkpt lat="45.9168596751987934112548828125" lon="6.4990851469337940216064453125">
        <ele>1880.199951171875</ele>
      </trkpt>
      <trkpt lat="45.91686093248426914215087890625" lon="6.499149687588214874267578125">
        <ele>1880.800048828125</ele>
      </trkpt>
      <trkpt lat="45.91684886254370212554931640625" lon="6.4991579018533229827880859375">
        <ele>1881.4000244140625</ele>
      </trkpt>
      <trkpt lat="45.91683058999478816986083984375" lon="6.49918891489505767822265625">
        <ele>1882.5999755859375</ele>
      </trkpt>
      <trkpt lat="45.9168326854705810546875" lon="6.49919486604630947113037109375">
        <ele>1882.800048828125</ele>
      </trkpt>
      <trkpt lat="45.9168388880789279937744140625" lon="6.49922939948737621307373046875">
        <ele>1883.4000244140625</ele>
      </trkpt>
      <trkpt lat="45.9168402291834354400634765625" lon="6.4992430619895458221435546875">
        <ele>1884</ele>
      </trkpt>
      <trkpt lat="45.91683126054704189300537109375" lon="6.49926493875682353973388671875">
        <ele>1885.4000244140625</ele>
      </trkpt>
      <trkpt lat="45.916831679642200469970703125" lon="6.49929477833211421966552734375">
        <ele>1886.800048828125</ele>
      </trkpt>
      <trkpt lat="45.91683058999478816986083984375" lon="6.4992990531027317047119140625">
        <ele>1887.4000244140625</ele>
      </trkpt>
      <trkpt lat="45.9168259799480438232421875" lon="6.49930634535849094390869140625">
        <ele>1888</ele>
      </trkpt>
      <trkpt lat="45.9168152511119842529296875" lon="6.499342136085033416748046875">
        <ele>1888.800048828125</ele>
      </trkpt>
      <trkpt lat="45.91681265272200107574462890625" lon="6.49935655295848846435546875">
        <ele>1889.199951171875</ele>
      </trkpt>
      <trkpt lat="45.916816256940364837646484375" lon="6.49938446469604969024658203125">
        <ele>1889.800048828125</ele>
      </trkpt>
      <trkpt lat="45.91680846177041530609130859375" lon="6.4994143880903720855712890625">
        <ele>1890.4000244140625</ele>
      </trkpt>
      <trkpt lat="45.9167835675179958343505859375" lon="6.49944162927567958831787109375">
        <ele>1891.5999755859375</ele>
      </trkpt>
      <trkpt lat="45.9167671389877796173095703125" lon="6.4994472451508045196533203125">
        <ele>1892.4000244140625</ele>
      </trkpt>
      <trkpt lat="45.91675565578043460845947265625" lon="6.4994519390165805816650390625">
        <ele>1892.5999755859375</ele>
      </trkpt>
      <trkpt lat="45.9167490340769290924072265625" lon="6.49947993457317352294921875">
        <ele>1893.4000244140625</ele>
      </trkpt>
      <trkpt lat="45.91674752533435821533203125" lon="6.499494351446628570556640625">
        <ele>1893.4000244140625</ele>
      </trkpt>
      <trkpt lat="45.9167470224201679229736328125" lon="6.49950482882559299468994140625">
        <ele>1893.800048828125</ele>
      </trkpt>
      <trkpt lat="45.91674350202083587646484375" lon="6.4995300583541393280029296875">
        <ele>1894.5999755859375</ele>
      </trkpt>
      <trkpt lat="45.91674040071666240692138671875" lon="6.4995391108095645904541015625">
        <ele>1895.4000244140625</ele>
      </trkpt>
      <trkpt lat="45.9167218767106533050537109375" lon="6.4995743148028850555419921875">
        <ele>1896.5999755859375</ele>
      </trkpt>
      <trkpt lat="45.9167020954191684722900390625" lon="6.499601304531097412109375">
        <ele>1897.4000244140625</ele>
      </trkpt>
      <trkpt lat="45.91669631190598011016845703125" lon="6.499613709747791290283203125">
        <ele>1897.5999755859375</ele>
      </trkpt>
      <trkpt lat="45.91667334549129009246826171875" lon="6.49967573583126068115234375">
        <ele>1898.800048828125</ele>
      </trkpt>
      <trkpt lat="45.91667870990931987762451171875" lon="6.4996970258653163909912109375">
        <ele>1899.199951171875</ele>
      </trkpt>
      <trkpt lat="45.91668608598411083221435546875" lon="6.49971638806164264678955078125">
        <ele>1899.800048828125</ele>
      </trkpt>
      <trkpt lat="45.9167047776281833648681640625" lon="6.49977774359285831451416015625">
        <ele>1901.4000244140625</ele>
      </trkpt>
      <trkpt lat="45.9167238883674144744873046875" lon="6.4998408593237400054931640625">
        <ele>1902.5999755859375</ele>
      </trkpt>
      <trkpt lat="45.91673009097576141357421875" lon="6.49988402612507343292236328125">
        <ele>1903.4000244140625</ele>
      </trkpt>
      <trkpt lat="45.9167336113750934600830078125" lon="6.49991001002490520477294921875">
        <ele>1903.5999755859375</ele>
      </trkpt>
      <trkpt lat="45.916737131774425506591796875" lon="6.500014364719390869140625">
        <ele>1904.5999755859375</ele>
      </trkpt>
      <trkpt lat="45.91673637740314006805419921875" lon="6.500032804906368255615234375">
        <ele>1904.800048828125</ele>
      </trkpt>
      <trkpt lat="45.91674224473536014556884765625" lon="6.50006507523357868194580078125">
        <ele>1905.800048828125</ele>
      </trkpt>
      <trkpt lat="45.9167476929724216461181640625" lon="6.5000919811427593231201171875">
        <ele>1906.4000244140625</ele>
      </trkpt>
      <trkpt lat="45.91675096191465854644775390625" lon="6.500104553997516632080078125">
        <ele>1907</ele>
      </trkpt>
      <trkpt lat="45.9167627803981304168701171875" lon="6.5001416020095348358154296875">
        <ele>1908</ele>
      </trkpt>
      <trkpt lat="45.916776023805141448974609375" lon="6.50016968138515949249267578125">
        <ele>1909</ele>
      </trkpt>
      <trkpt lat="45.91677325777709484100341796875" lon="6.50019080378115177154541015625">
        <ele>1909.5999755859375</ele>
      </trkpt>
      <trkpt lat="45.91678566299378871917724609375" lon="6.5002287738025188446044921875">
        <ele>1910.4000244140625</ele>
      </trkpt>
      <trkpt lat="45.91679706238210201263427734375" lon="6.50026758201420307159423828125">
        <ele>1911.800048828125</ele>
      </trkpt>
      <trkpt lat="45.91680410318076610565185546875" lon="6.500300355255603790283203125">
        <ele>1912.4000244140625</ele>
      </trkpt>
      <trkpt lat="45.91680251061916351318359375" lon="6.50031946599483489990234375">
        <ele>1912.800048828125</ele>
      </trkpt>
      <trkpt lat="45.9167963080108165740966796875" lon="6.50039180181920528411865234375">
        <ele>1914</ele>
      </trkpt>
      <trkpt lat="45.9168112277984619140625" lon="6.5004208870232105255126953125">
        <ele>1914.5999755859375</ele>
      </trkpt>
      <trkpt lat="45.91681734658777713775634765625" lon="6.50043857283890247344970703125">
        <ele>1915.199951171875</ele>
      </trkpt>
      <trkpt lat="45.91685540042817592620849609375" lon="6.5004896186292171478271484375">
        <ele>1916.199951171875</ele>
      </trkpt>
      <trkpt lat="45.91686864383518695831298828125" lon="6.50053806602954864501953125">
        <ele>1917.5999755859375</ele>
      </trkpt>
      <trkpt lat="45.91687283478677272796630859375" lon="6.50054971687495708465576171875">
        <ele>1917.800048828125</ele>
      </trkpt>
      <trkpt lat="45.9168794564902782440185546875" lon="6.50056815706193447113037109375">
        <ele>1918</ele>
      </trkpt>
      <trkpt lat="45.9168888442218303680419921875" lon="6.500575952231884002685546875">
        <ele>1918.199951171875</ele>
      </trkpt>
      <trkpt lat="45.91690166853368282318115234375" lon="6.50058056227862834930419921875">
        <ele>1918.4000244140625</ele>
      </trkpt>
      <trkpt lat="45.9169062785804271697998046875" lon="6.50058425031602382659912109375">
        <ele>1918.4000244140625</ele>
      </trkpt>
      <trkpt lat="45.91691189445555210113525390625" lon="6.5005942247807979583740234375">
        <ele>1918.5999755859375</ele>
      </trkpt>
      <trkpt lat="45.91691357083618640899658203125" lon="6.50063060224056243896484375">
        <ele>1920</ele>
      </trkpt>
      <trkpt lat="45.916940309107303619384765625" lon="6.50064359419047832489013671875">
        <ele>1920.800048828125</ele>
      </trkpt>
      <trkpt lat="45.9169552288949489593505859375" lon="6.500651724636554718017578125">
        <ele>1921.199951171875</ele>
      </trkpt>
      <trkpt lat="45.91698649339377880096435546875" lon="6.5006549097597599029541015625">
        <ele>1922.199951171875</ele>
      </trkpt>
      <trkpt lat="45.91702572070062160491943359375" lon="6.50066681206226348876953125">
        <ele>1923.5999755859375</ele>
      </trkpt>
      <trkpt lat="45.91705732047557830810546875" lon="6.50068483315408229827880859375">
        <ele>1924.4000244140625</ele>
      </trkpt>
      <trkpt lat="45.91707282699644565582275390625" lon="6.50069153867661952972412109375">
        <ele>1925</ele>
      </trkpt>
      <trkpt lat="45.917110629379749298095703125" lon="6.50072808377444744110107421875">
        <ele>1926.199951171875</ele>
      </trkpt>
      <trkpt lat="45.9171577356755733489990234375" lon="6.500737555325031280517578125">
        <ele>1927.199951171875</ele>
      </trkpt>
      <trkpt lat="45.91716452501714229583740234375" lon="6.50074769742786884307861328125">
        <ele>1927.800048828125</ele>
      </trkpt>
      <trkpt lat="45.91719084419310092926025390625" lon="6.5007836557924747467041015625">
        <ele>1929</ele>
      </trkpt>
      <trkpt lat="45.917210876941680908203125" lon="6.50081508792936801910400390625">
        <ele>1930</ele>
      </trkpt>
      <trkpt lat="45.91722152195870876312255859375" lon="6.50083956308662891387939453125">
        <ele>1930.5999755859375</ele>
      </trkpt>
      <trkpt lat="45.91722152195870876312255859375" lon="6.50084710679948329925537109375">
        <ele>1931.199951171875</ele>
      </trkpt>
      <trkpt lat="45.91721565462648868560791015625" lon="6.50085515342652797698974609375">
        <ele>1931.5999755859375</ele>
      </trkpt>
      <trkpt lat="45.9172068536281585693359375" lon="6.500859595835208892822265625">
        <ele>1932</ele>
      </trkpt>
      <trkpt lat="45.9171986393630504608154296875" lon="6.50086261332035064697265625">
        <ele>1932.199951171875</ele>
      </trkpt>
      <trkpt lat="45.9171506948769092559814453125" lon="6.50086789391934871673583984375">
        <ele>1933</ele>
      </trkpt>
      <trkpt lat="45.91714256443083286285400390625" lon="6.5008713304996490478515625">
        <ele>1933.199951171875</ele>
      </trkpt>
      <trkpt lat="45.91710635460913181304931640625" lon="6.500908546149730682373046875">
        <ele>1934.4000244140625</ele>
      </trkpt>
      <trkpt lat="45.91711289249360561370849609375" lon="6.50092841126024723052978515625">
        <ele>1934.5999755859375</ele>
      </trkpt>
      <trkpt lat="45.91712378896772861480712890625" lon="6.5009315125644207000732421875">
        <ele>1934.800048828125</ele>
      </trkpt>
      <trkpt lat="45.9171362780034542083740234375" lon="6.50093629024922847747802734375">
        <ele>1935.5999755859375</ele>
      </trkpt>
      <trkpt lat="45.91715094633400440216064453125" lon="6.500966884195804595947265625">
        <ele>1936.5999755859375</ele>
      </trkpt>
      <trkpt lat="45.91714926995337009429931640625" lon="6.50099630467593669891357421875">
        <ele>1937.4000244140625</ele>
      </trkpt>
      <trkpt lat="45.91713921166956424713134765625" lon="6.5009999088943004608154296875">
        <ele>1937.5999755859375</ele>
      </trkpt>
      <trkpt lat="45.91712831519544124603271484375" lon="6.5010056085884571075439453125">
        <ele>1937.5999755859375</ele>
      </trkpt>
      <trkpt lat="45.91711959801614284515380859375" lon="6.50100099854171276092529296875">
        <ele>1937.800048828125</ele>
      </trkpt>
      <trkpt lat="45.91708808206021785736083984375" lon="6.5009885095059871673583984375">
        <ele>1938.199951171875</ele>
      </trkpt>
      <trkpt lat="45.91706528328359127044677734375" lon="6.50099798105657100677490234375">
        <ele>1938.800048828125</ele>
      </trkpt>
      <trkpt lat="45.9170232899487018585205078125" lon="6.50102865882217884063720703125">
        <ele>1939.800048828125</ele>
      </trkpt>
      <trkpt lat="45.91702588833868503570556640625" lon="6.50104424916207790374755859375">
        <ele>1940</ele>
      </trkpt>
      <trkpt lat="45.9170397184789180755615234375" lon="6.501095630228519439697265625">
        <ele>1941</ele>
      </trkpt>
      <trkpt lat="45.91704793274402618408203125" lon="6.50115220807492733001708984375">
        <ele>1942.199951171875</ele>
      </trkpt>
      <trkpt lat="45.91704835183918476104736328125" lon="6.50117601267993450164794921875">
        <ele>1942.800048828125</ele>
      </trkpt>
      <trkpt lat="45.91705455444753170013427734375" lon="6.50121741928160190582275390625">
        <ele>1943.5999755859375</ele>
      </trkpt>
      <trkpt lat="45.91705522499978542327880859375" lon="6.50124440900981426239013671875">
        <ele>1944.4000244140625</ele>
      </trkpt>
      <trkpt lat="45.91705807484686374664306640625" lon="6.50126226246356964111328125">
        <ele>1944.800048828125</ele>
      </trkpt>
      <trkpt lat="45.9170544706284999847412109375" lon="6.5012651123106479644775390625">
        <ele>1945</ele>
      </trkpt>
      <trkpt lat="45.91704784892499446868896484375" lon="6.50126419030129909515380859375">
        <ele>1945.4000244140625</ele>
      </trkpt>
      <trkpt lat="45.91702421195805072784423828125" lon="6.50125832296907901763916015625">
        <ele>1946</ele>
      </trkpt>
      <trkpt lat="45.91696419753134250640869140625" lon="6.50121473707258701324462890625">
        <ele>1946.800048828125</ele>
      </trkpt>
      <trkpt lat="45.9169491939246654510498046875" lon="6.50120199657976627349853515625">
        <ele>1947</ele>
      </trkpt>
      <trkpt lat="45.9169042669236660003662109375" lon="6.5011931955814361572265625">
        <ele>1948</ele>
      </trkpt>
      <trkpt lat="45.9168797917664051055908203125" lon="6.50120350532233715057373046875">
        <ele>1948.5999755859375</ele>
      </trkpt>
      <trkpt lat="45.9168737567961215972900390625" lon="6.501215994358062744140625">
        <ele>1948.800048828125</ele>
      </trkpt>
      <trkpt lat="45.91687518171966075897216796875" lon="6.5012221969664096832275390625">
        <ele>1949.199951171875</ele>
      </trkpt>
      <trkpt lat="45.9168754331767559051513671875" lon="6.5012334287166595458984375">
        <ele>1949.4000244140625</ele>
      </trkpt>
      <trkpt lat="45.9168957173824310302734375" lon="6.50126771070063114166259765625">
        <ele>1950.199951171875</ele>
      </trkpt>
      <trkpt lat="45.91691424138844013214111328125" lon="6.501307524740695953369140625">
        <ele>1951.199951171875</ele>
      </trkpt>
      <trkpt lat="45.91691918671131134033203125" lon="6.50133040733635425567626953125">
        <ele>1952</ele>
      </trkpt>
      <trkpt lat="45.9169220365583896636962890625" lon="6.501345075666904449462890625">
        <ele>1952.4000244140625</ele>
      </trkpt>
      <trkpt lat="45.9169448353350162506103515625" lon="6.5013884939253330230712890625">
        <ele>1953.4000244140625</ele>
      </trkpt>
      <trkpt lat="45.91694793663918972015380859375" lon="6.5014126338064670562744140625">
        <ele>1954</ele>
      </trkpt>
      <trkpt lat="45.91694424860179424285888671875" lon="6.5014401264488697052001953125">
        <ele>1954.4000244140625</ele>
      </trkpt>
      <trkpt lat="45.91691524721682071685791015625" lon="6.50149117223918437957763671875">
        <ele>1955.5999755859375</ele>
      </trkpt>
      <trkpt lat="45.916907787322998046875" lon="6.50147549808025360107421875">
        <ele>1955.800048828125</ele>
      </trkpt>
      <trkpt lat="45.91688557527959346771240234375" lon="6.50144272483885288238525390625">
        <ele>1956.800048828125</ele>
      </trkpt>
      <trkpt lat="45.916853137314319610595703125" lon="6.5014226920902729034423828125">
        <ele>1958</ele>
      </trkpt>
      <trkpt lat="45.9168326854705810546875" lon="6.50141355581581592559814453125">
        <ele>1958.5999755859375</ele>
      </trkpt>
      <trkpt lat="45.91679203324019908905029296875" lon="6.501417495310306549072265625">
        <ele>1959.199951171875</ele>
      </trkpt>
      <trkpt lat="45.91674559749662876129150390625" lon="6.50142545811831951141357421875">
        <ele>1960.5999755859375</ele>
      </trkpt>
      <trkpt lat="45.91672263108193874359130859375" lon="6.5014347620308399200439453125">
        <ele>1961.5999755859375</ele>
      </trkpt>
      <trkpt lat="45.91671139933168888092041015625" lon="6.5014426410198211669921875">
        <ele>1961.800048828125</ele>
      </trkpt>
      <trkpt lat="45.9166692383587360382080078125" lon="6.50144808925688266754150390625">
        <ele>1962.5999755859375</ele>
      </trkpt>
      <trkpt lat="45.91665306128561496734619140625" lon="6.50143652223050594329833984375">
        <ele>1962.800048828125</ele>
      </trkpt>
      <trkpt lat="45.91662590391933917999267578125" lon="6.50143928825855255126953125">
        <ele>1963.4000244140625</ele>
      </trkpt>
      <trkpt lat="45.9166194498538970947265625" lon="6.50145362131297588348388671875">
        <ele>1964</ele>
      </trkpt>
      <trkpt lat="45.91662791557610034942626953125" lon="6.50149167515337467193603515625">
        <ele>1964.5999755859375</ele>
      </trkpt>
      <trkpt lat="45.91664291918277740478515625" lon="6.50149963796138763427734375">
        <ele>1965</ele>
      </trkpt>
      <trkpt lat="45.91665565967559814453125" lon="6.50152109563350677490234375">
        <ele>1966.199951171875</ele>
      </trkpt>
      <trkpt lat="45.9166819788515567779541015625" lon="6.50155856274068355560302734375">
        <ele>1967.5999755859375</ele>
      </trkpt>
      <trkpt lat="45.91668843291699886322021484375" lon="6.50157071650028228759765625">
        <ele>1968</ele>
      </trkpt>
      <trkpt lat="45.9166923724114894866943359375" lon="6.5016091056168079376220703125">
        <ele>1968.800048828125</ele>
      </trkpt>
      <trkpt lat="45.91670536436140537261962890625" lon="6.50164808146655559539794921875">
        <ele>1969.800048828125</ele>
      </trkpt>
      <trkpt lat="45.91671559028327465057373046875" lon="6.50167976506054401397705078125">
        <ele>1970.5999755859375</ele>
      </trkpt>
      <trkpt lat="45.91672045178711414337158203125" lon="6.5016882307827472686767578125">
        <ele>1970.800048828125</ele>
      </trkpt>
      <trkpt lat="45.916708298027515411376953125" lon="6.501725278794765472412109375">
        <ele>1971.4000244140625</ele>
      </trkpt>
      <trkpt lat="45.91670058667659759521484375" lon="6.501738689839839935302734375">
        <ele>1971.800048828125</ele>
      </trkpt>
      <trkpt lat="45.9166917018592357635498046875" lon="6.5017457306385040283203125">
        <ele>1972</ele>
      </trkpt>
      <trkpt lat="45.91667753644287586212158203125" lon="6.50173961184918880462646484375">
        <ele>1972.5999755859375</ele>
      </trkpt>
      <trkpt lat="45.91665607877075672149658203125" lon="6.5017170645296573638916015625">
        <ele>1973.199951171875</ele>
      </trkpt>
      <trkpt lat="45.9166259877383708953857421875" lon="6.50170641951262950897216796875">
        <ele>1973.5999755859375</ele>
      </trkpt>
      <trkpt lat="45.9165984950959682464599609375" lon="6.50169535540044307708740234375">
        <ele>1974.4000244140625</ele>
      </trkpt>
      <trkpt lat="45.91657527722418308258056640625" lon="6.501685045659542083740234375">
        <ele>1975.5999755859375</ele>
      </trkpt>
      <trkpt lat="45.91656790114939212799072265625" lon="6.50168563239276409149169921875">
        <ele>1975.800048828125</ele>
      </trkpt>
      <trkpt lat="45.91654895804822444915771484375" lon="6.50169552303850650787353515625">
        <ele>1976.199951171875</ele>
      </trkpt>
      <trkpt lat="45.91653085313737392425537109375" lon="6.50170625187456607818603515625">
        <ele>1976.800048828125</ele>
      </trkpt>
      <trkpt lat="45.91654191724956035614013671875" lon="6.5017646737396717071533203125">
        <ele>1977.5999755859375</ele>
      </trkpt>
      <trkpt lat="45.91655264608561992645263671875" lon="6.50177381001412868499755859375">
        <ele>1978</ele>
      </trkpt>
      <trkpt lat="45.9165797196328639984130859375" lon="6.501796357333660125732421875">
        <ele>1979.199951171875</ele>
      </trkpt>
      <trkpt lat="45.9165934659540653228759765625" lon="6.50183223187923431396484375">
        <ele>1980.199951171875</ele>
      </trkpt>
      <trkpt lat="45.91659572906792163848876953125" lon="6.5018463134765625">
        <ele>1980.800048828125</ele>
      </trkpt>
      <trkpt lat="45.91659463942050933837890625" lon="6.5018706209957599639892578125">
        <ele>1981.4000244140625</ele>
      </trkpt>
      <trkpt lat="45.9165966510772705078125" lon="6.50191135704517364501953125">
        <ele>1982.199951171875</ele>
      </trkpt>
      <trkpt lat="45.91659103520214557647705078125" lon="6.5019138716161251068115234375">
        <ele>1982.5999755859375</ele>
      </trkpt>
      <trkpt lat="45.91656471602618694305419921875" lon="6.50187858380377292633056640625">
        <ele>1982.800048828125</ele>
      </trkpt>
      <trkpt lat="45.91650503687560558319091796875" lon="6.5018344111740589141845703125">
        <ele>1983.800048828125</ele>
      </trkpt>
      <trkpt lat="45.9164912067353725433349609375" lon="6.5018337406218051910400390625">
        <ele>1984.199951171875</ele>
      </trkpt>
      <trkpt lat="45.9164727665483951568603515625" lon="6.5018230117857456207275390625">
        <ele>1985</ele>
      </trkpt>
      <trkpt lat="45.9164640493690967559814453125" lon="6.50182410143315792083740234375">
        <ele>1985.199951171875</ele>
      </trkpt>
      <trkpt lat="45.91644736938178539276123046875" lon="6.50182393379509449005126953125">
        <ele>1985.5999755859375</ele>
      </trkpt>
      <trkpt lat="45.91642976738512516021728515625" lon="6.50181085802614688873291015625">
        <ele>1986</ele>
      </trkpt>
      <trkpt lat="45.91641887091100215911865234375" lon="6.50180666707456111907958984375">
        <ele>1986.4000244140625</ele>
      </trkpt>
      <trkpt lat="45.9164110757410526275634765625" lon="6.50183768011629581451416015625">
        <ele>1987.199951171875</ele>
      </trkpt>
      <trkpt lat="45.91642540879547595977783203125" lon="6.50191647000610828399658203125">
        <ele>1988.4000244140625</ele>
      </trkpt>
      <trkpt lat="45.91642825864255428314208984375" lon="6.5019564516842365264892578125">
        <ele>1990.199951171875</ele>
      </trkpt>
      <trkpt lat="45.9164254926145076751708984375" lon="6.501997523009777069091796875">
        <ele>1991.199951171875</ele>
      </trkpt>
      <trkpt lat="45.9164291806519031524658203125" lon="6.50200925767421722412109375">
        <ele>1991.5999755859375</ele>
      </trkpt>
      <trkpt lat="45.91644636355340480804443359375" lon="6.50204488076269626617431640625">
        <ele>1992.5999755859375</ele>
      </trkpt>
      <trkpt lat="45.91646580956876277923583984375" lon="6.50208301842212677001953125">
        <ele>1994</ele>
      </trkpt>
      <trkpt lat="45.916484333574771881103515625" lon="6.50214135646820068359375">
        <ele>1994.800048828125</ele>
      </trkpt>
      <trkpt lat="45.91648844070732593536376953125" lon="6.50216482579708099365234375">
        <ele>1995</ele>
      </trkpt>
      <trkpt lat="45.91650621034204959869384765625" lon="6.50223280303180217742919921875">
        <ele>1996.199951171875</ele>
      </trkpt>
      <trkpt lat="45.91651626862585544586181640625" lon="6.50225828401744365692138671875">
        <ele>1996.800048828125</ele>
      </trkpt>
      <trkpt lat="45.916522555053234100341796875" lon="6.5022923983633518218994140625">
        <ele>1997.5999755859375</ele>
      </trkpt>
      <trkpt lat="45.91653160750865936279296875" lon="6.50235299952328205108642578125">
        <ele>1998.5999755859375</ele>
      </trkpt>
      <trkpt lat="45.9165314398705959320068359375" lon="6.50238971225917339324951171875">
        <ele>1999</ele>
      </trkpt>
      <trkpt lat="45.91653252951800823211669921875" lon="6.50243128649890422821044921875">
        <ele>1999.800048828125</ele>
      </trkpt>
      <trkpt lat="45.916540324687957763671875" lon="6.50249649770557880401611328125">
        <ele>2001</ele>
      </trkpt>
      <trkpt lat="45.91653470881283283233642578125" lon="6.50254444219172000885009765625">
        <ele>2002</ele>
      </trkpt>
      <trkpt lat="45.91653839685022830963134765625" lon="6.5025676600635051727294921875">
        <ele>2002.800048828125</ele>
      </trkpt>
      <trkpt lat="45.9165470302104949951171875" lon="6.5025884471833705902099609375">
        <ele>2003.199951171875</ele>
      </trkpt>
      <trkpt lat="45.91654979623854160308837890625" lon="6.5025986731052398681640625">
        <ele>2003.5999755859375</ele>
      </trkpt>
      <trkpt lat="45.91655499301850795745849609375" lon="6.5026162751019001007080078125">
        <ele>2004.4000244140625</ele>
      </trkpt>
      <trkpt lat="45.91656203381717205047607421875" lon="6.50263479910790920257568359375">
        <ele>2005</ele>
      </trkpt>
      <trkpt lat="45.916568152606487274169921875" lon="6.5026514790952205657958984375">
        <ele>2005.5999755859375</ele>
      </trkpt>
      <trkpt lat="45.9165720082819461822509765625" lon="6.5026695840060710906982421875">
        <ele>2006</ele>
      </trkpt>
      <trkpt lat="45.9165818989276885986328125" lon="6.50269095785915851593017578125">
        <ele>2006.199951171875</ele>
      </trkpt>
      <trkpt lat="45.91658147983253002166748046875" lon="6.50270319543778896331787109375">
        <ele>2007</ele>
      </trkpt>
      <trkpt lat="45.9165845811367034912109375" lon="6.50273974053561687469482421875">
        <ele>2007.800048828125</ele>
      </trkpt>
      <trkpt lat="45.91658935882151126861572265625" lon="6.502756588160991668701171875">
        <ele>2008.199951171875</ele>
      </trkpt>
      <trkpt lat="45.9166001714766025543212890625" lon="6.5028274990618228912353515625">
        <ele>2009.199951171875</ele>
      </trkpt>
      <trkpt lat="45.91659757308661937713623046875" lon="6.5028757788240909576416015625">
        <ele>2010.199951171875</ele>
      </trkpt>
      <trkpt lat="45.91659120284020900726318359375" lon="6.5028891898691654205322265625">
        <ele>2010.4000244140625</ele>
      </trkpt>
      <trkpt lat="45.9165783785283565521240234375" lon="6.50293319486081600189208984375">
        <ele>2012</ele>
      </trkpt>
      <trkpt lat="45.9165592677891254425048828125" lon="6.5029435046017169952392578125">
        <ele>2012.800048828125</ele>
      </trkpt>
      <trkpt lat="45.9165555797517299652099609375" lon="6.50293235667049884796142578125">
        <ele>2013</ele>
      </trkpt>
      <trkpt lat="45.9165314398705959320068359375" lon="6.5029084682464599609375">
        <ele>2013.800048828125</ele>
      </trkpt>
      <trkpt lat="45.91652129776775836944580078125" lon="6.5029099769890308380126953125">
        <ele>2014.199951171875</ele>
      </trkpt>
      <trkpt lat="45.916508473455905914306640625" lon="6.502915509045124053955078125">
        <ele>2014.5999755859375</ele>
      </trkpt>
      <trkpt lat="45.916499085724353790283203125" lon="6.5029398165643215179443359375">
        <ele>2015.4000244140625</ele>
      </trkpt>
      <trkpt lat="45.916500426828861236572265625" lon="6.50295716710388660430908203125">
        <ele>2015.800048828125</ele>
      </trkpt>
      <trkpt lat="45.91649782843887805938720703125" lon="6.50298432447016239166259765625">
        <ele>2016.4000244140625</ele>
      </trkpt>
      <trkpt lat="45.916486680507659912109375" lon="6.503051631152629852294921875">
        <ele>2017.4000244140625</ele>
      </trkpt>
      <trkpt lat="45.91647553257644176483154296875" lon="6.50310602970421314239501953125">
        <ele>2018.199951171875</ele>
      </trkpt>
      <trkpt lat="45.916468910872936248779296875" lon="6.50311491452157497406005859375">
        <ele>2018.800048828125</ele>
      </trkpt>
      <trkpt lat="45.91646723449230194091796875" lon="6.5031218715012073516845703125">
        <ele>2019</ele>
      </trkpt>
      <trkpt lat="45.91647234745323657989501953125" lon="6.50314114987850189208984375">
        <ele>2019.800048828125</ele>
      </trkpt>
      <trkpt lat="45.916478298604488372802734375" lon="6.50315464474260807037353515625">
        <ele>2020</ele>
      </trkpt>
      <trkpt lat="45.91647000052034854888916015625" lon="6.5031963028013706207275390625">
        <ele>2020.4000244140625</ele>
      </trkpt>
      <trkpt lat="45.91646857559680938720703125" lon="6.50322555564343929290771484375">
        <ele>2020.800048828125</ele>
      </trkpt>
      <trkpt lat="45.9164637140929698944091796875" lon="6.5032938681542873382568359375">
        <ele>2022.199951171875</ele>
      </trkpt>
      <trkpt lat="45.91645223088562488555908203125" lon="6.5033414773643016815185546875">
        <ele>2023</ele>
      </trkpt>
      <trkpt lat="45.9164477884769439697265625" lon="6.5033579058945178985595703125">
        <ele>2023</ele>
      </trkpt>
      <trkpt lat="45.91644175350666046142578125" lon="6.50336989201605319976806640625">
        <ele>2023.5999755859375</ele>
      </trkpt>
      <trkpt lat="45.91642406769096851348876953125" lon="6.50340543128550052642822265625">
        <ele>2024.800048828125</ele>
      </trkpt>
      <trkpt lat="45.9164248220622539520263671875" lon="6.50341247208416461944580078125">
        <ele>2025.199951171875</ele>
      </trkpt>
      <trkpt lat="45.916432030498981475830078125" lon="6.5034487657248973846435546875">
        <ele>2025.800048828125</ele>
      </trkpt>
      <trkpt lat="45.91641501523554325103759765625" lon="6.5035014040768146514892578125">
        <ele>2027</ele>
      </trkpt>
      <trkpt lat="45.91640110127627849578857421875" lon="6.503524370491504669189453125">
        <ele>2028.199951171875</ele>
      </trkpt>
      <trkpt lat="45.916369669139385223388671875" lon="6.50356150232255458831787109375">
        <ele>2029.4000244140625</ele>
      </trkpt>
      <trkpt lat="45.9163420088589191436767578125" lon="6.50357700884342193603515625">
        <ele>2030.5999755859375</ele>
      </trkpt>
      <trkpt lat="45.91633169911801815032958984375" lon="6.503583379089832305908203125">
        <ele>2030.800048828125</ele>
      </trkpt>
      <trkpt lat="45.9162957407534122467041015625" lon="6.50362000800669193267822265625">
        <ele>2031.800048828125</ele>
      </trkpt>
      <trkpt lat="45.91628375463187694549560546875" lon="6.5036821179091930389404296875">
        <ele>2032.800048828125</ele>
      </trkpt>
      <trkpt lat="45.91628425754606723785400390625" lon="6.5037075988948345184326171875">
        <ele>2033.199951171875</ele>
      </trkpt>
      <trkpt lat="45.91629331000149250030517578125" lon="6.50374758057296276092529296875">
        <ele>2034</ele>
      </trkpt>
      <trkpt lat="45.91629398055374622344970703125" lon="6.5038132108747959136962890625">
        <ele>2035.4000244140625</ele>
      </trkpt>
      <trkpt lat="45.91627470217645168304443359375" lon="6.50384095497429370880126953125">
        <ele>2036.199951171875</ele>
      </trkpt>
      <trkpt lat="45.916259698569774627685546875" lon="6.50385034270584583282470703125">
        <ele>2036.5999755859375</ele>
      </trkpt>
      <trkpt lat="45.91624519787728786468505859375" lon="6.503886468708515167236328125">
        <ele>2037.4000244140625</ele>
      </trkpt>
      <trkpt lat="45.91624385677278041839599609375" lon="6.50390884838998317718505859375">
        <ele>2037.800048828125</ele>
      </trkpt>
      <trkpt lat="45.91624167747795581817626953125" lon="6.50392393581569194793701171875">
        <ele>2038.199951171875</ele>
      </trkpt>
      <trkpt lat="45.9162350557744503021240234375" lon="6.5039533562958240509033203125">
        <ele>2039</ele>
      </trkpt>
      <trkpt lat="45.91621770523488521575927734375" lon="6.504024602472782135009765625">
        <ele>2040.4000244140625</ele>
      </trkpt>
      <trkpt lat="45.91621267609298229217529296875" lon="6.50407900102436542510986328125">
        <ele>2041.4000244140625</ele>
      </trkpt>
      <trkpt lat="45.91621510684490203857421875" lon="6.5040921606123447418212890625">
        <ele>2041.800048828125</ele>
      </trkpt>
      <trkpt lat="45.91622491367161273956298828125" lon="6.50414572097361087799072265625">
        <ele>2042.800048828125</ele>
      </trkpt>
      <trkpt lat="45.91622524894773960113525390625" lon="6.5041652508080005645751953125">
        <ele>2043.199951171875</ele>
      </trkpt>
      <trkpt lat="45.91621804051101207733154296875" lon="6.50419735349714756011962890625">
        <ele>2043.800048828125</ele>
      </trkpt>
      <trkpt lat="45.91621217317879199981689453125" lon="6.5042319707572460174560546875">
        <ele>2045</ele>
      </trkpt>
      <trkpt lat="45.91620094142854213714599609375" lon="6.5042644925415515899658203125">
        <ele>2045.800048828125</ele>
      </trkpt>
      <trkpt lat="45.91620127670466899871826171875" lon="6.5042765624821186065673828125">
        <ele>2046</ele>
      </trkpt>
      <trkpt lat="45.91619540937244892120361328125" lon="6.50431017391383647918701171875">
        <ele>2047.199951171875</ele>
      </trkpt>
      <trkpt lat="45.91619758866727352142333984375" lon="6.50433699600398540496826171875">
        <ele>2047.4000244140625</ele>
      </trkpt>
      <trkpt lat="45.91618820093572139739990234375" lon="6.50436499156057834625244140625">
        <ele>2048.199951171875</ele>
      </trkpt>
      <trkpt lat="45.91617696918547153472900390625" lon="6.5043811686336994171142578125">
        <ele>2049.199951171875</ele>
      </trkpt>
      <trkpt lat="45.91616724617779254913330078125" lon="6.50439097546041011810302734375">
        <ele>2049.60009765625</ele>
      </trkpt>
      <trkpt lat="45.9161539189517498016357421875" lon="6.5044190548360347747802734375">
        <ele>2050.800048828125</ele>
      </trkpt>
      <trkpt lat="45.91615551151335239410400390625" lon="6.50444202125072479248046875">
        <ele>2051.199951171875</ele>
      </trkpt>
      <trkpt lat="45.9161555953323841094970703125" lon="6.50445409119129180908203125">
        <ele>2051.39990234375</ele>
      </trkpt>
      <trkpt lat="45.9161500632762908935546875" lon="6.50448418222367763519287109375">
        <ele>2051.800048828125</ele>
      </trkpt>
      <trkpt lat="45.9161264263093471527099609375" lon="6.50451921857893466949462890625">
        <ele>2052.800048828125</ele>
      </trkpt>
      <trkpt lat="45.9161116741597652435302734375" lon="6.50454101152718067169189453125">
        <ele>2053.60009765625</ele>
      </trkpt>
      <trkpt lat="45.91610153205692768096923828125" lon="6.50454998016357421875">
        <ele>2053.800048828125</ele>
      </trkpt>
      <trkpt lat="45.916090048849582672119140625" lon="6.504589207470417022705078125">
        <ele>2054.199951171875</ele>
      </trkpt>
      <trkpt lat="45.91609868220984935760498046875" lon="6.50461862795054912567138671875">
        <ele>2055</ele>
      </trkpt>
      <trkpt lat="45.9161187149584293365478515625" lon="6.50461862795054912567138671875">
        <ele>2055.800048828125</ele>
      </trkpt>
      <trkpt lat="45.91610421426594257354736328125" lon="6.5046530775725841522216796875">
        <ele>2056.199951171875</ele>
      </trkpt>
      <trkpt lat="45.91610237024724483489990234375" lon="6.504670344293117523193359375">
        <ele>2056.60009765625</ele>
      </trkpt>
      <trkpt lat="45.9161044657230377197265625" lon="6.50467931292951107025146484375">
        <ele>2057.199951171875</ele>
      </trkpt>
      <trkpt lat="45.916110835969448089599609375" lon="6.504722647368907928466796875">
        <ele>2058.39990234375</ele>
      </trkpt>
      <trkpt lat="45.91610186733305454254150390625" lon="6.50480319745838642120361328125">
        <ele>2059.39990234375</ele>
      </trkpt>
      <trkpt lat="45.91609130613505840301513671875" lon="6.50486069731414318084716796875">
        <ele>2060.800048828125</ele>
      </trkpt>
      <trkpt lat="45.916083343327045440673828125" lon="6.504884921014308929443359375">
        <ele>2062</ele>
      </trkpt>
      <trkpt lat="45.9160644002258777618408203125" lon="6.5049440972506999969482421875">
        <ele>2062.800048828125</ele>
      </trkpt>
      <trkpt lat="45.91606062836945056915283203125" lon="6.5049548260867595672607421875">
        <ele>2063.39990234375</ele>
      </trkpt>
      <trkpt lat="45.91603866778314113616943359375" lon="6.50499212555587291717529296875">
        <ele>2064.39990234375</ele>
      </trkpt>
      <trkpt lat="45.91601184569299221038818359375" lon="6.50499044917523860931396484375">
        <ele>2065.800048828125</ele>
      </trkpt>
      <trkpt lat="45.91600178740918636322021484375" lon="6.504986174404621124267578125">
        <ele>2066</ele>
      </trkpt>
      <trkpt lat="45.91597245074808597564697265625" lon="6.50496195070445537567138671875">
        <ele>2067</ele>
      </trkpt>
      <trkpt lat="45.91595317237079143524169921875" lon="6.50493831373751163482666015625">
        <ele>2067.39990234375</ele>
      </trkpt>
      <trkpt lat="45.91593682765960693359375" lon="6.5049320273101329803466796875">
        <ele>2068.199951171875</ele>
      </trkpt>
      <trkpt lat="45.91591645963490009307861328125" lon="6.504924483597278594970703125">
        <ele>2069.39990234375</ele>
      </trkpt>
      <trkpt lat="45.91590522788465023040771484375" lon="6.50490931235253810882568359375">
        <ele>2070</ele>
      </trkpt>
      <trkpt lat="45.91589332558214664459228515625" lon="6.50489556603133678436279296875">
        <ele>2070.60009765625</ele>
      </trkpt>
      <trkpt lat="45.91586918570101261138916015625" lon="6.50489405728876590728759765625">
        <ele>2071.60009765625</ele>
      </trkpt>
      <trkpt lat="45.91586164198815822601318359375" lon="6.504905037581920623779296875">
        <ele>2072.199951171875</ele>
      </trkpt>
      <trkpt lat="45.91585032641887664794921875" lon="6.50490830652415752410888671875">
        <ele>2072.800048828125</ele>
      </trkpt>
      <trkpt lat="45.91582425870001316070556640625" lon="6.50489590130746364593505859375">
        <ele>2073.800048828125</ele>
      </trkpt>
      <trkpt lat="45.9157971851527690887451171875" lon="6.5048867650330066680908203125">
        <ele>2074.800048828125</ele>
      </trkpt>
      <trkpt lat="45.9157881326973438262939453125" lon="6.504885591566562652587890625">
        <ele>2075.199951171875</ele>
      </trkpt>
      <trkpt lat="45.91575887985527515411376953125" lon="6.504864133894443511962890625">
        <ele>2076</ele>
      </trkpt>
      <trkpt lat="45.915754102170467376708984375" lon="6.50484971702098846435546875">
        <ele>2076.199951171875</ele>
      </trkpt>
      <trkpt lat="45.91573792509734630584716796875" lon="6.504839323461055755615234375">
        <ele>2077</ele>
      </trkpt>
      <trkpt lat="45.91572954319417476654052734375" lon="6.50484058074653148651123046875">
        <ele>2077.199951171875</ele>
      </trkpt>
      <trkpt lat="45.91571889817714691162109375" lon="6.50483638979494571685791015625">
        <ele>2077.39990234375</ele>
      </trkpt>
      <trkpt lat="45.91567103751003742218017578125" lon="6.50481794960796833038330078125">
        <ele>2078.60009765625</ele>
      </trkpt>
      <trkpt lat="45.91566131450235843658447265625" lon="6.50482155382633209228515625">
        <ele>2079</ele>
      </trkpt>
      <trkpt lat="45.91564471833407878875732421875" lon="6.5048287622630596160888671875">
        <ele>2079.60009765625</ele>
      </trkpt>
      <trkpt lat="45.9156221710145473480224609375" lon="6.50484728626906871795654296875">
        <ele>2080.199951171875</ele>
      </trkpt>
      <trkpt lat="45.91561370529234409332275390625" lon="6.5048619545996189117431640625">
        <ele>2080.800048828125</ele>
      </trkpt>
      <trkpt lat="45.91557146050035953521728515625" lon="6.50487276725471019744873046875">
        <ele>2081.800048828125</ele>
      </trkpt>
      <trkpt lat="45.91555687598884105682373046875" lon="6.5048785507678985595703125">
        <ele>2082</ele>
      </trkpt>
      <trkpt lat="45.91552871279418468475341796875" lon="6.504886932671070098876953125">
        <ele>2082.60009765625</ele>
      </trkpt>
      <trkpt lat="45.9155199117958545684814453125" lon="6.50488718412816524505615234375">
        <ele>2083</ele>
      </trkpt>
      <trkpt lat="45.915511362254619598388671875" lon="6.50488114915788173675537109375">
        <ele>2083.199951171875</ele>
      </trkpt>
      <trkpt lat="45.9155018068850040435791015625" lon="6.50487578473985195159912109375">
        <ele>2083.39990234375</ele>
      </trkpt>
      <trkpt lat="45.915469117462635040283203125" lon="6.5048518963158130645751953125">
        <ele>2084.39990234375</ele>
      </trkpt>
      <trkpt lat="45.915441624820232391357421875" lon="6.50485181249678134918212890625">
        <ele>2085.39990234375</ele>
      </trkpt>
      <trkpt lat="45.91541538946330547332763671875" lon="6.50487779639661312103271484375">
        <ele>2086.199951171875</ele>
      </trkpt>
      <trkpt lat="45.91540080495178699493408203125" lon="6.5048954822123050689697265625">
        <ele>2086.39990234375</ele>
      </trkpt>
      <trkpt lat="45.915338695049285888671875" lon="6.5049846656620502471923828125">
        <ele>2087.60009765625</ele>
      </trkpt>
      <trkpt lat="45.91532637365162372589111328125" lon="6.505019031465053558349609375">
        <ele>2088.39990234375</ele>
      </trkpt>
      <trkpt lat="45.91532235033810138702392578125" lon="6.5050319395959377288818359375">
        <ele>2088.60009765625</ele>
      </trkpt>
      <trkpt lat="45.91530776582658290863037109375" lon="6.5050842426717281341552734375">
        <ele>2090</ele>
      </trkpt>
      <trkpt lat="45.91529301367700099945068359375" lon="6.5051429159939289093017578125">
        <ele>2091.199951171875</ele>
      </trkpt>
      <trkpt lat="45.91527323238551616668701171875" lon="6.5051704086363315582275390625">
        <ele>2092</ele>
      </trkpt>
      <trkpt lat="45.91526149772107601165771484375" lon="6.5051735937595367431640625">
        <ele>2092.199951171875</ele>
      </trkpt>
      <trkpt lat="45.91524523682892322540283203125" lon="6.50517535395920276641845703125">
        <ele>2093</ele>
      </trkpt>
      <trkpt lat="45.915236435830593109130859375" lon="6.50517267175018787384033203125">
        <ele>2093.39990234375</ele>
      </trkpt>
      <trkpt lat="45.91520902700722217559814453125" lon="6.50517066009342670440673828125">
        <ele>2094.39990234375</ele>
      </trkpt>
      <trkpt lat="45.91519930399954319000244140625" lon="6.5051854960620403289794921875">
        <ele>2094.800048828125</ele>
      </trkpt>
      <trkpt lat="45.91518471948802471160888671875" lon="6.5052193589508533477783203125">
        <ele>2095.60009765625</ele>
      </trkpt>
      <trkpt lat="45.91517709195613861083984375" lon="6.50523134507238864898681640625">
        <ele>2095.800048828125</ele>
      </trkpt>
      <trkpt lat="45.915149934589862823486328125" lon="6.50524458847939968109130859375">
        <ele>2096.39990234375</ele>
      </trkpt>
      <trkpt lat="45.91514297761023044586181640625" lon="6.50524157099425792694091796875">
        <ele>2096.800048828125</ele>
      </trkpt>
      <trkpt lat="45.9151346795260906219482421875" lon="6.5052297525107860565185546875">
        <ele>2097</ele>
      </trkpt>
      <trkpt lat="45.91510869562625885009765625" lon="6.50520703755319118499755859375">
        <ele>2097.800048828125</ele>
      </trkpt>
      <trkpt lat="45.91510274447500705718994140625" lon="6.50520737282931804656982421875">
        <ele>2098.39990234375</ele>
      </trkpt>
      <trkpt lat="45.91509469784796237945556640625" lon="6.50521508418023586273193359375">
        <ele>2098.800048828125</ele>
      </trkpt>
      <trkpt lat="45.91508899815380573272705078125" lon="6.505231596529483795166015625">
        <ele>2099.199951171875</ele>
      </trkpt>
      <trkpt lat="45.91508782468736171722412109375" lon="6.50524542666971683502197265625">
        <ele>2099.39990234375</ele>
      </trkpt>
      <trkpt lat="45.91508212499320507049560546875" lon="6.50525280274450778961181640625">
        <ele>2100</ele>
      </trkpt>
      <trkpt lat="45.9150471724569797515869140625" lon="6.505325138568878173828125">
        <ele>2101.39990234375</ele>
      </trkpt>
      <trkpt lat="45.9150438196957111358642578125" lon="6.5054285712540149688720703125">
        <ele>2102.60009765625</ele>
      </trkpt>
      <trkpt lat="45.91504457406699657440185546875" lon="6.50548699311912059783935546875">
        <ele>2103.800048828125</ele>
      </trkpt>
      <trkpt lat="45.9150414727628231048583984375" lon="6.505529321730136871337890625">
        <ele>2104.800048828125</ele>
      </trkpt>
      <trkpt lat="45.915030576288700103759765625" lon="6.5055878274142742156982421875">
        <ele>2106</ele>
      </trkpt>
      <trkpt lat="45.9150287322700023651123046875" lon="6.50560618378221988677978515625">
        <ele>2106.199951171875</ele>
      </trkpt>
      <trkpt lat="45.9150240384042263031005859375" lon="6.5056402981281280517578125">
        <ele>2107.199951171875</ele>
      </trkpt>
      <trkpt lat="45.9150208532810211181640625" lon="6.505690924823284149169921875">
        <ele>2108.60009765625</ele>
      </trkpt>
      <trkpt lat="45.91502093710005283355712890625" lon="6.505699642002582550048828125">
        <ele>2109</ele>
      </trkpt>
      <trkpt lat="45.91501414775848388671875" lon="6.50571162812411785125732421875">
        <ele>2109.199951171875</ele>
      </trkpt>
      <trkpt lat="45.91501473449170589447021484375" lon="6.50572755374014377593994140625">
        <ele>2109.60009765625</ele>
      </trkpt>
      <trkpt lat="45.91501104645431041717529296875" lon="6.50573191232979297637939453125">
        <ele>2110</ele>
      </trkpt>
      <trkpt lat="45.91500484384596347808837890625" lon="6.50574021041393280029296875">
        <ele>2111</ele>
      </trkpt>
      <trkpt lat="45.91500031761825084686279296875" lon="6.50574482046067714691162109375">
        <ele>2111.199951171875</ele>
      </trkpt>
      <trkpt lat="45.91496863402426242828369140625" lon="6.50578773580491542816162109375">
        <ele>2112.60009765625</ele>
      </trkpt>
      <trkpt lat="45.91494348831474781036376953125" lon="6.5057923458516597747802734375">
        <ele>2113.39990234375</ele>
      </trkpt>
      <trkpt lat="45.91493661515414714813232421875" lon="6.505784802138805389404296875">
        <ele>2114</ele>
      </trkpt>
      <trkpt lat="45.9149197675287723541259765625" lon="6.50575471110641956329345703125">
        <ele>2115</ele>
      </trkpt>
      <trkpt lat="45.914903841912746429443359375" lon="6.50572638027369976043701171875">
        <ele>2116.39990234375</ele>
      </trkpt>
      <trkpt lat="45.91489470563828945159912109375" lon="6.505713053047657012939453125">
        <ele>2116.800048828125</ele>
      </trkpt>
      <trkpt lat="45.9148724935948848724365234375" lon="6.5056830458343029022216796875">
        <ele>2117.39990234375</ele>
      </trkpt>
      <trkpt lat="45.91485656797885894775390625" lon="6.5056428126990795135498046875">
        <ele>2118.199951171875</ele>
      </trkpt>
      <trkpt lat="45.91483536176383495330810546875" lon="6.50559830479323863983154296875">
        <ele>2119</ele>
      </trkpt>
      <trkpt lat="45.91481256298720836639404296875" lon="6.50557123124599456787109375">
        <ele>2120.199951171875</ele>
      </trkpt>
      <trkpt lat="45.91478557325899600982666015625" lon="6.505517922341823577880859375">
        <ele>2121.800048828125</ele>
      </trkpt>
      <trkpt lat="45.9147598408162593841552734375" lon="6.5054537169635295867919921875">
        <ele>2123.199951171875</ele>
      </trkpt>
      <trkpt lat="45.91475036926567554473876953125" lon="6.5054228715598583221435546875">
        <ele>2124.39990234375</ele>
      </trkpt>
      <trkpt lat="45.91474031098186969757080078125" lon="6.50537542998790740966796875">
        <ele>2125.800048828125</ele>
      </trkpt>
      <trkpt lat="45.91473008506000041961669921875" lon="6.505367048084735870361328125">
        <ele>2126</ele>
      </trkpt>
      <trkpt lat="45.91467794962227344512939453125" lon="6.50533377192914485931396484375">
        <ele>2127.39990234375</ele>
      </trkpt>
      <trkpt lat="45.9146431647241115570068359375" lon="6.50525062344968318939208984375">
        <ele>2128.39990234375</ele>
      </trkpt>
      <trkpt lat="45.914579294621944427490234375" lon="6.5051818080246448516845703125">
        <ele>2129.60009765625</ele>
      </trkpt>
      <trkpt lat="45.9145281650125980377197265625" lon="6.50516915135085582733154296875">
        <ele>2131</ele>
      </trkpt>
      <trkpt lat="45.91449975036084651947021484375" lon="6.50515657849609851837158203125">
        <ele>2132.199951171875</ele>
      </trkpt>
      <trkpt lat="45.91445691883563995361328125" lon="6.5051063708961009979248046875">
        <ele>2133.800048828125</ele>
      </trkpt>
      <trkpt lat="45.91444543562829494476318359375" lon="6.5051003359258174896240234375">
        <ele>2134.39990234375</ele>
      </trkpt>
      <trkpt lat="45.91443520970642566680908203125" lon="6.50509555824100971221923828125">
        <ele>2135</ele>
      </trkpt>
      <trkpt lat="45.9144255705177783966064453125" lon="6.505092792212963104248046875">
        <ele>2135.39990234375</ele>
      </trkpt>
      <trkpt lat="45.9144010953605175018310546875" lon="6.50508969090878963470458984375">
        <ele>2136.60009765625</ele>
      </trkpt>
      <trkpt lat="45.9143521450459957122802734375" lon="6.50509555824100971221923828125">
        <ele>2137.39990234375</ele>
      </trkpt>
      <trkpt lat="45.91432205401360988616943359375" lon="6.50510528124868869781494140625">
        <ele>2138</ele>
      </trkpt>
      <trkpt lat="45.91428391635417938232421875" lon="6.5051248110830783843994140625">
        <ele>2139.39990234375</ele>
      </trkpt>
      <trkpt lat="45.91422867961227893829345703125" lon="6.5051144175231456756591796875">
        <ele>2140.39990234375</ele>
      </trkpt>
      <trkpt lat="45.91421040706336498260498046875" lon="6.50510779581964015960693359375">
        <ele>2140.60009765625</ele>
      </trkpt>
      <trkpt lat="45.91416095383465290069580078125" lon="6.5050931274890899658203125">
        <ele>2142</ele>
      </trkpt>
      <trkpt lat="45.91413882561028003692626953125" lon="6.50508265011012554168701171875">
        <ele>2142.800048828125</ele>
      </trkpt>
      <trkpt lat="45.91413094662129878997802734375" lon="6.50507368147373199462890625">
        <ele>2143</ele>
      </trkpt>
      <trkpt lat="45.91409423388540744781494140625" lon="6.50505683384835720062255859375">
        <ele>2144</ele>
      </trkpt>
      <trkpt lat="45.91409121640026569366455078125" lon="6.505063287913799285888671875">
        <ele>2144.39990234375</ele>
      </trkpt>
      <trkpt lat="45.9140874445438385009765625" lon="6.5050689876079559326171875">
        <ele>2144.800048828125</ele>
      </trkpt>
      <trkpt lat="45.91408073902130126953125" lon="6.50506856851279735565185546875">
        <ele>2145.39990234375</ele>
      </trkpt>
      <trkpt lat="45.9140634723007678985595703125" lon="6.50507980026304721832275390625">
        <ele>2146.39990234375</ele>
      </trkpt>
      <trkpt lat="45.9140617959201335906982421875" lon="6.5051100589334964752197265625">
        <ele>2147.60009765625</ele>
      </trkpt>
      <trkpt lat="45.9140581078827381134033203125" lon="6.5051241405308246612548828125">
        <ele>2148</ele>
      </trkpt>
      <trkpt lat="45.914051569998264312744140625" lon="6.5051398985087871551513671875">
        <ele>2148.199951171875</ele>
      </trkpt>
      <trkpt lat="45.91403606347739696502685546875" lon="6.50516353547573089599609375">
        <ele>2149</ele>
      </trkpt>
      <trkpt lat="45.9140229038894176483154296875" lon="6.5052084624767303466796875">
        <ele>2150</ele>
      </trkpt>
      <trkpt lat="45.914015360176563262939453125" lon="6.5052176825702190399169921875">
        <ele>2150</ele>
      </trkpt>
      <trkpt lat="45.91399532742798328399658203125" lon="6.5052567422389984130859375">
        <ele>2150.800048828125</ele>
      </trkpt>
      <trkpt lat="45.91399063356220722198486328125" lon="6.50530342943966388702392578125">
        <ele>2151</ele>
      </trkpt>
      <trkpt lat="45.91398828662931919097900390625" lon="6.5053239651024341583251953125">
        <ele>2151.199951171875</ele>
      </trkpt>
      <trkpt lat="45.9139667451381683349609375" lon="6.5054151602089405059814453125">
        <ele>2152.39990234375</ele>
      </trkpt>
      <trkpt lat="45.9139437787234783172607421875" lon="6.50547408498823642730712890625">
        <ele>2153.39990234375</ele>
      </trkpt>
      <trkpt lat="45.913935564458370208740234375" lon="6.50549747049808502197265625">
        <ele>2153.800048828125</ele>
      </trkpt>
      <trkpt lat="45.91393598355352878570556640625" lon="6.5055687166750431060791015625">
        <ele>2155</ele>
      </trkpt>
      <trkpt lat="45.91394671238958835601806640625" lon="6.50558975525200366973876953125">
        <ele>2155.39990234375</ele>
      </trkpt>
      <trkpt lat="45.91396112926304340362548828125" lon="6.5056242048740386962890625">
        <ele>2156.199951171875</ele>
      </trkpt>
      <trkpt lat="45.91397546231746673583984375" lon="6.50569855235517024993896484375">
        <ele>2157.39990234375</ele>
      </trkpt>
      <trkpt lat="45.913989543914794921875" lon="6.50575496256351470947265625">
        <ele>2158</ele>
      </trkpt>
      <trkpt lat="45.9140125103294849395751953125" lon="6.50583668611943721771240234375">
        <ele>2158.39990234375</ele>
      </trkpt>
      <trkpt lat="45.91404796577990055084228515625" lon="6.5059053339064121246337890625">
        <ele>2159.39990234375</ele>
      </trkpt>
      <trkpt lat="45.9140943177044391632080078125" lon="6.506052352488040924072265625">
        <ele>2160.60009765625</ele>
      </trkpt>
      <trkpt lat="45.91412088833749294281005859375" lon="6.50613156147301197052001953125">
        <ele>2161.199951171875</ele>
      </trkpt>
      <trkpt lat="45.91411761939525604248046875" lon="6.50618872605264186859130859375">
        <ele>2161.800048828125</ele>
      </trkpt>
      <trkpt lat="45.9141063876450061798095703125" lon="6.50624756701290607452392578125">
        <ele>2162.800048828125</ele>
      </trkpt>
      <trkpt lat="45.91406456194818019866943359375" lon="6.50628863833844661712646484375">
        <ele>2163.199951171875</ele>
      </trkpt>
      <trkpt lat="45.91406757943332195281982421875" lon="6.50631881318986415863037109375">
        <ele>2164</ele>
      </trkpt>
      <trkpt lat="45.91407629661262035369873046875" lon="6.5063391812145709991455078125">
        <ele>2164.60009765625</ele>
      </trkpt>
      <trkpt lat="45.91408467851579189300537109375" lon="6.50635938160121440887451171875">
        <ele>2165.199951171875</ele>
      </trkpt>
      <trkpt lat="45.91409406624734401702880859375" lon="6.5063757263123989105224609375">
        <ele>2166</ele>
      </trkpt>
      <trkpt lat="45.9141075611114501953125" lon="6.50638318620622158050537109375">
        <ele>2166.60009765625</ele>
      </trkpt>
      <trkpt lat="45.91411351226270198822021484375" lon="6.50639123283326625823974609375">
        <ele>2167.199951171875</ele>
      </trkpt>
      <trkpt lat="45.914113260805606842041015625" lon="6.50639693252742290496826171875">
        <ele>2167.60009765625</ele>
      </trkpt>
      <trkpt lat="45.9141107462346553802490234375" lon="6.50640430860221385955810546875">
        <ele>2168</ele>
      </trkpt>
      <trkpt lat="45.91408384032547473907470703125" lon="6.5064662508666515350341796875">
        <ele>2169.199951171875</ele>
      </trkpt>
      <trkpt lat="45.91406087391078472137451171875" lon="6.5065457113087177276611328125">
        <ele>2169.800048828125</ele>
      </trkpt>
      <trkpt lat="45.91405333019793033599853515625" lon="6.506630368530750274658203125">
        <ele>2170.800048828125</ele>
      </trkpt>
      <trkpt lat="45.91407126747071743011474609375" lon="6.5066660754382610321044921875">
        <ele>2171.800048828125</ele>
      </trkpt>
      <trkpt lat="45.914081074297428131103515625" lon="6.5066836774349212646484375">
        <ele>2172.39990234375</ele>
      </trkpt>
      <trkpt lat="45.914102531969547271728515625" lon="6.50671376846730709075927734375">
        <ele>2173.199951171875</ele>
      </trkpt>
      <trkpt lat="45.91413237154483795166015625" lon="6.506745703518390655517578125">
        <ele>2174.60009765625</ele>
      </trkpt>
      <trkpt lat="45.91413865797221660614013671875" lon="6.5067559294402599334716796875">
        <ele>2175.199951171875</ele>
      </trkpt>
      <trkpt lat="45.9141446091234683990478515625" lon="6.50676288641989231109619140625">
        <ele>2175.800048828125</ele>
      </trkpt>
      <trkpt lat="45.91413312591612339019775390625" lon="6.5067901276051998138427734375">
        <ele>2176</ele>
      </trkpt>
      <trkpt lat="45.91413061134517192840576171875" lon="6.506787277758121490478515625">
        <ele>2177</ele>
      </trkpt>
      <trkpt lat="45.914131700992584228515625" lon="6.5067938156425952911376953125">
        <ele>2177.199951171875</ele>
      </trkpt>
      <trkpt lat="45.91413144953548908233642578125" lon="6.5068434365093708038330078125">
        <ele>2178.199951171875</ele>
      </trkpt>
      <trkpt lat="45.91413631103932857513427734375" lon="6.50698869489133358001708984375">
        <ele>2179.800048828125</ele>
      </trkpt>
      <trkpt lat="45.91413748450577259063720703125" lon="6.50706396438181400299072265625">
        <ele>2181.199951171875</ele>
      </trkpt>
      <trkpt lat="45.91414712369441986083984375" lon="6.5071378089487552642822265625">
        <ele>2182.39990234375</ele>
      </trkpt>
      <trkpt lat="45.91416179202497005462646484375" lon="6.5071867592632770538330078125">
        <ele>2182.800048828125</ele>
      </trkpt>
      <trkpt lat="45.91416321694850921630859375" lon="6.5072360448539257049560546875">
        <ele>2183.60009765625</ele>
      </trkpt>
      <trkpt lat="45.91416782699525356292724609375" lon="6.50726680643856525421142578125">
        <ele>2184.60009765625</ele>
      </trkpt>
      <trkpt lat="45.91417252086102962493896484375" lon="6.5072739310562610626220703125">
        <ele>2185</ele>
      </trkpt>
      <trkpt lat="45.914178304374217987060546875" lon="6.50728440843522548675537109375">
        <ele>2185.60009765625</ele>
      </trkpt>
      <trkpt lat="45.91419280506670475006103515625" lon="6.5073111467063426971435546875">
        <ele>2186.199951171875</ele>
      </trkpt>
      <trkpt lat="45.9142210520803928375244140625" lon="6.5073349513113498687744140625">
        <ele>2186.800048828125</ele>
      </trkpt>
      <trkpt lat="45.914236642420291900634765625" lon="6.50733235292136669158935546875">
        <ele>2187</ele>
      </trkpt>
      <trkpt lat="45.91425600461661815643310546875" lon="6.5073232166469097137451171875">
        <ele>2187.60009765625</ele>
      </trkpt>
      <trkpt lat="45.91426757164299488067626953125" lon="6.5073198638856410980224609375">
        <ele>2188.60009765625</ele>
      </trkpt>
      <trkpt lat="45.91427050530910491943359375" lon="6.50733101181685924530029296875">
        <ele>2189.199951171875</ele>
      </trkpt>
      <trkpt lat="45.914275534451007843017578125" lon="6.5073631145060062408447265625">
        <ele>2189.800048828125</ele>
      </trkpt>
      <trkpt lat="45.9142810665071010589599609375" lon="6.50739806704223155975341796875">
        <ele>2190.199951171875</ele>
      </trkpt>
      <trkpt lat="45.91428198851644992828369140625" lon="6.5074481070041656494140625">
        <ele>2191.60009765625</ele>
      </trkpt>
      <trkpt lat="45.914298333227634429931640625" lon="6.50746696628630161285400390625">
        <ele>2192.199951171875</ele>
      </trkpt>
      <trkpt lat="45.91430378146469593048095703125" lon="6.507476605474948883056640625">
        <ele>2192.800048828125</ele>
      </trkpt>
      <trkpt lat="45.9143122471868991851806640625" lon="6.50751742534339427947998046875">
        <ele>2193.800048828125</ele>
      </trkpt>
      <trkpt lat="45.914300344884395599365234375" lon="6.5075414814054965972900390625">
        <ele>2194.800048828125</ele>
      </trkpt>
      <trkpt lat="45.914292968809604644775390625" lon="6.5075552277266979217529296875">
        <ele>2195.199951171875</ele>
      </trkpt>
      <trkpt lat="45.91426941566169261932373046875" lon="6.50760325603187084197998046875">
        <ele>2195.800048828125</ele>
      </trkpt>
      <trkpt lat="45.9142770431935787200927734375" lon="6.50761800818145275115966796875">
        <ele>2196.39990234375</ele>
      </trkpt>
      <trkpt lat="45.91428148560225963592529296875" lon="6.5076165832579135894775390625">
        <ele>2196.60009765625</ele>
      </trkpt>
      <trkpt lat="45.91428534127771854400634765625" lon="6.507618092000484466552734375">
        <ele>2197</ele>
      </trkpt>
      <trkpt lat="45.91426891274750232696533203125" lon="6.50763544254004955291748046875">
        <ele>2197.60009765625</ele>
      </trkpt>
      <trkpt lat="45.9142589382827281951904296875" lon="6.5076454170048236846923828125">
        <ele>2198</ele>
      </trkpt>
      <trkpt lat="45.91423186473548412322998046875" lon="6.5076648630201816558837890625">
        <ele>2199.199951171875</ele>
      </trkpt>
      <trkpt lat="45.91421610675752162933349609375" lon="6.5077188424766063690185546875">
        <ele>2200.60009765625</ele>
      </trkpt>
      <trkpt lat="45.91422465629875659942626953125" lon="6.5077349357306957244873046875">
        <ele>2201.199951171875</ele>
      </trkpt>
      <trkpt lat="45.91423186473548412322998046875" lon="6.50774943642318248748779296875">
        <ele>2201.60009765625</ele>
      </trkpt>
      <trkpt lat="45.91423965990543365478515625" lon="6.5077832154929637908935546875">
        <ele>2202.800048828125</ele>
      </trkpt>
      <trkpt lat="45.91425633989274501800537109375" lon="6.5078358538448810577392578125">
        <ele>2203.60009765625</ele>
      </trkpt>
      <trkpt lat="45.91426807455718517303466796875" lon="6.507864184677600860595703125">
        <ele>2204.199951171875</ele>
      </trkpt>
      <trkpt lat="45.914307050406932830810546875" lon="6.5079143084585666656494140625">
        <ele>2205.39990234375</ele>
      </trkpt>
      <trkpt lat="45.91430897824466228485107421875" lon="6.50793182663619518280029296875">
        <ele>2205.60009765625</ele>
      </trkpt>
      <trkpt lat="45.914306379854679107666015625" lon="6.50794741697609424591064453125">
        <ele>2206</ele>
      </trkpt>
      <trkpt lat="45.914303362369537353515625" lon="6.50798228569328784942626953125">
        <ele>2206.800048828125</ele>
      </trkpt>
      <trkpt lat="45.91429891996085643768310546875" lon="6.50802939198911190032958984375">
        <ele>2207.800048828125</ele>
      </trkpt>
      <trkpt lat="45.91433730907738208770751953125" lon="6.5080614946782588958740234375">
        <ele>2208.800048828125</ele>
      </trkpt>
      <trkpt lat="45.91435926966369152069091796875" lon="6.5080722235143184661865234375">
        <ele>2209.800048828125</ele>
      </trkpt>
      <trkpt lat="45.91436706483364105224609375" lon="6.5080891549587249755859375">
        <ele>2211.39990234375</ele>
      </trkpt>
      <trkpt lat="45.91436245478689670562744140625" lon="6.50813902728259563446044921875">
        <ele>2212</ele>
      </trkpt>
      <trkpt lat="45.9143729321658611297607421875" lon="6.50815419852733612060546875">
        <ele>2212.39990234375</ele>
      </trkpt>
      <trkpt lat="45.9144047833979129791259765625" lon="6.50816249661147594451904296875">
        <ele>2212.60009765625</ele>
      </trkpt>
      <trkpt lat="45.914442501962184906005859375" lon="6.50816132314503192901611328125">
        <ele>2214</ele>
      </trkpt>
      <trkpt lat="45.91445499099791049957275390625" lon="6.50817439891397953033447265625">
        <ele>2215.60009765625</ele>
      </trkpt>
      <trkpt lat="45.91445012949407100677490234375" lon="6.5081749856472015380859375">
        <ele>2216</ele>
      </trkpt>
      <trkpt lat="45.91444074176251888275146484375" lon="6.50818529538810253143310546875">
        <ele>2217</ele>
      </trkpt>
      <trkpt lat="45.91444258578121662139892578125" lon="6.50822821073234081268310546875">
        <ele>2217.60009765625</ele>
      </trkpt>
      <trkpt lat="45.9144497103989124298095703125" lon="6.50824732147157192230224609375">
        <ele>2217.60009765625</ele>
      </trkpt>
      <trkpt lat="45.9144631214439868927001953125" lon="6.50826375000178813934326171875">
        <ele>2217.800048828125</ele>
      </trkpt>
      <trkpt lat="45.9144909493625164031982421875" lon="6.508305072784423828125">
        <ele>2218</ele>
      </trkpt>
      <trkpt lat="45.91450293548405170440673828125" lon="6.5083320625126361846923828125">
        <ele>2218.60009765625</ele>
      </trkpt>
      <trkpt lat="45.914522968232631683349609375" lon="6.50838620960712432861328125">
        <ele>2219.199951171875</ele>
      </trkpt>
      <trkpt lat="45.91457300819456577301025390625" lon="6.50855007581412792205810546875">
        <ele>2220.199951171875</ele>
      </trkpt>
      <trkpt lat="45.914581306278705596923828125" lon="6.50858930312097072601318359375">
        <ele>2221</ele>
      </trkpt>
      <trkpt lat="45.9145704098045825958251953125" lon="6.50860078632831573486328125">
        <ele>2221</ele>
      </trkpt>
      <trkpt lat="45.91456043533980846405029296875" lon="6.50860623456537723541259765625">
        <ele>2221.39990234375</ele>
      </trkpt>
      <trkpt lat="45.91450930573046207427978515625" lon="6.5086405165493488311767578125">
        <ele>2222.800048828125</ele>
      </trkpt>
      <trkpt lat="45.91448918916285037994384765625" lon="6.50867060758173465728759765625">
        <ele>2223.60009765625</ele>
      </trkpt>
      <trkpt lat="45.91448516584932804107666015625" lon="6.508706398308277130126953125">
        <ele>2224</ele>
      </trkpt>
      <trkpt lat="45.914491452276706695556640625" lon="6.50883304886519908905029296875">
        <ele>2225</ele>
      </trkpt>
      <trkpt lat="45.91449589468538761138916015625" lon="6.50884008966386318206787109375">
        <ele>2226</ele>
      </trkpt>
      <trkpt lat="45.91449421830475330352783203125" lon="6.5088503994047641754150390625">
        <ele>2226.60009765625</ele>
      </trkpt>
      <trkpt lat="45.9145005047321319580078125" lon="6.50893480516970157623291015625">
        <ele>2227.60009765625</ele>
      </trkpt>
      <trkpt lat="45.91450930573046207427978515625" lon="6.5089536644518375396728515625">
        <ele>2227.800048828125</ele>
      </trkpt>
      <trkpt lat="45.91452187858521938323974609375" lon="6.508964560925960540771484375">
        <ele>2228.199951171875</ele>
      </trkpt>
      <trkpt lat="45.914525650441646575927734375" lon="6.508977971971035003662109375">
        <ele>2228.39990234375</ele>
      </trkpt>
      <trkpt lat="45.9145335294306278228759765625" lon="6.5089949034154415130615234375">
        <ele>2228.800048828125</ele>
      </trkpt>
      <trkpt lat="45.91454182751476764678955078125" lon="6.50903086178004741668701171875">
        <ele>2230.199951171875</ele>
      </trkpt>
      <trkpt lat="45.91454534791409969329833984375" lon="6.50904008187353610992431640625">
        <ele>2230.39990234375</ele>
      </trkpt>
      <trkpt lat="45.91454786248505115509033203125" lon="6.50909691117703914642333984375">
        <ele>2231.199951171875</ele>
      </trkpt>
      <trkpt lat="45.91456647031009197235107421875" lon="6.50913613848388195037841796875">
        <ele>2232.39990234375</ele>
      </trkpt>
      <trkpt lat="45.9145667217671871185302734375" lon="6.509148292243480682373046875">
        <ele>2232.800048828125</ele>
      </trkpt>
      <trkpt lat="45.91456227935850620269775390625" lon="6.50917134247720241546630859375">
        <ele>2233.60009765625</ele>
      </trkpt>
      <trkpt lat="45.91453964821994304656982421875" lon="6.50922951288521289825439453125">
        <ele>2234.60009765625</ele>
      </trkpt>
      <trkpt lat="45.914531685411930084228515625" lon="6.50923068635165691375732421875">
        <ele>2235.199951171875</ele>
      </trkpt>
      <trkpt lat="45.91451114974915981292724609375" lon="6.5092289261519908905029296875">
        <ele>2236.199951171875</ele>
      </trkpt>
      <trkpt lat="45.9145058691501617431640625" lon="6.5092393197119235992431640625">
        <ele>2236.39990234375</ele>
      </trkpt>
      <trkpt lat="45.9145060367882251739501953125" lon="6.50925390422344207763671875">
        <ele>2236.60009765625</ele>
      </trkpt>
      <trkpt lat="45.9145231358706951141357421875" lon="6.509295143187046051025390625">
        <ele>2237.60009765625</ele>
      </trkpt>
      <trkpt lat="45.914535038173198699951171875" lon="6.50930830277502536773681640625">
        <ele>2238.60009765625</ele>
      </trkpt>
      <trkpt lat="45.91454274952411651611328125" lon="6.5093258209526538848876953125">
        <ele>2239.39990234375</ele>
      </trkpt>
      <trkpt lat="45.914549119770526885986328125" lon="6.5093415789306163787841796875">
        <ele>2240</ele>
      </trkpt>
      <trkpt lat="45.91455758549273014068603515625" lon="6.5093546546995639801025390625">
        <ele>2240.39990234375</ele>
      </trkpt>
      <trkpt lat="45.91457669623196125030517578125" lon="6.5093771182000637054443359375">
        <ele>2241.39990234375</ele>
      </trkpt>
      <trkpt lat="45.91458038426935672760009765625" lon="6.50940234772861003875732421875">
        <ele>2242.39990234375</ele>
      </trkpt>
      <trkpt lat="45.91457082889974117279052734375" lon="6.5094257332384586334228515625">
        <ele>2243.39990234375</ele>
      </trkpt>
      <trkpt lat="45.914572589099407196044921875" lon="6.50944090448319911956787109375">
        <ele>2243.60009765625</ele>
      </trkpt>
      <trkpt lat="45.91457904316484928131103515625" lon="6.5094505436718463897705078125">
        <ele>2243.800048828125</ele>
      </trkpt>
      <trkpt lat="45.9145905263721942901611328125" lon="6.5095192752778530120849609375">
        <ele>2244.800048828125</ele>
      </trkpt>
      <trkpt lat="45.91460502706468105316162109375" lon="6.50953344069421291351318359375">
        <ele>2244.800048828125</ele>
      </trkpt>
      <trkpt lat="45.91465163044631481170654296875" lon="6.50957979261875152587890625">
        <ele>2245.800048828125</ele>
      </trkpt>
      <trkpt lat="45.9146880917251110076904296875" lon="6.50960921309888362884521484375">
        <ele>2246.800048828125</ele>
      </trkpt>
      <trkpt lat="45.9146907739341259002685546875" lon="6.50961910374462604522705078125">
        <ele>2247</ele>
      </trkpt>
      <trkpt lat="45.91469018720090389251708984375" lon="6.50962949730455875396728515625">
        <ele>2247.199951171875</ele>
      </trkpt>
      <trkpt lat="45.91468214057385921478271484375" lon="6.50965631939470767974853515625">
        <ele>2247.60009765625</ele>
      </trkpt>
      <trkpt lat="45.91467878781259059906005859375" lon="6.509670317173004150390625">
        <ele>2248</ele>
      </trkpt>
      <trkpt lat="45.91466889716684818267822265625" lon="6.50971448980271816253662109375">
        <ele>2248.60009765625</ele>
      </trkpt>
      <trkpt lat="45.91466738842427730560302734375" lon="6.5097278170287609100341796875">
        <ele>2249</ele>
      </trkpt>
      <trkpt lat="45.91467241756618022918701171875" lon="6.50973829440772533416748046875">
        <ele>2249.199951171875</ele>
      </trkpt>
      <trkpt lat="45.914679206907749176025390625" lon="6.5097486041486263275146484375">
        <ele>2249.39990234375</ele>
      </trkpt>
      <trkpt lat="45.91467560268938541412353515625" lon="6.50977148674428462982177734375">
        <ele>2249.60009765625</ele>
      </trkpt>
      <trkpt lat="45.914691276848316192626953125" lon="6.50978255085647106170654296875">
        <ele>2250.199951171875</ele>
      </trkpt>
      <trkpt lat="45.914702676236629486083984375" lon="6.509781964123249053955078125">
        <ele>2250.60009765625</ele>
      </trkpt>
      <trkpt lat="45.914725475013256072998046875" lon="6.50978171266615390777587890625">
        <ele>2251.39990234375</ele>
      </trkpt>
      <trkpt lat="45.91473394073545932769775390625" lon="6.509777270257472991943359375">
        <ele>2251.60009765625</ele>
      </trkpt>
      <trkpt lat="45.9147497825324535369873046875" lon="6.509772576391696929931640625">
        <ele>2252.800048828125</ele>
      </trkpt>
      <trkpt lat="45.9147796221077442169189453125" lon="6.5097734145820140838623046875">
        <ele>2254</ele>
      </trkpt>
      <trkpt lat="45.914797894656658172607421875" lon="6.50977970100939273834228515625">
        <ele>2254.60009765625</ele>
      </trkpt>
      <trkpt lat="45.9148077853024005889892578125" lon="6.509788669645786285400390625">
        <ele>2255.199951171875</ele>
      </trkpt>
      <trkpt lat="45.914816670119762420654296875" lon="6.50979864411056041717529296875">
        <ele>2256.39990234375</ele>
      </trkpt>
      <trkpt lat="45.91485128737986087799072265625" lon="6.50979696772992610931396484375">
        <ele>2257.39990234375</ele>
      </trkpt>
      <trkpt lat="45.91486402787268161773681640625" lon="6.5097935311496257781982421875">
        <ele>2257.800048828125</ele>
      </trkpt>
      <trkpt lat="45.91487844474613666534423828125" lon="6.509797386825084686279296875">
        <ele>2259</ele>
      </trkpt>
      <trkpt lat="45.91488749720156192779541015625" lon="6.50981691665947437286376953125">
        <ele>2259.60009765625</ele>
      </trkpt>
      <trkpt lat="45.91488531790673732757568359375" lon="6.50983451865613460540771484375">
        <ele>2260</ele>
      </trkpt>
      <trkpt lat="45.9148486889898777008056640625" lon="6.509882546961307525634765625">
        <ele>2261</ele>
      </trkpt>
      <trkpt lat="45.91484106145799160003662109375" lon="6.5098837204277515411376953125">
        <ele>2261.199951171875</ele>
      </trkpt>
      <trkpt lat="45.9148325957357883453369140625" lon="6.50988330133259296417236328125">
        <ele>2261.60009765625</ele>
      </trkpt>
      <trkpt lat="45.914811976253986358642578125" lon="6.50988380424678325653076171875">
        <ele>2262</ele>
      </trkpt>
      <trkpt lat="45.9148007445037364959716796875" lon="6.50988967157900333404541015625">
        <ele>2262.39990234375</ele>
      </trkpt>
      <trkpt lat="45.914778448641300201416015625" lon="6.50991381146013736724853515625">
        <ele>2263.60009765625</ele>
      </trkpt>
      <trkpt lat="45.9147698991000652313232421875" lon="6.5099189244210720062255859375">
        <ele>2264</ele>
      </trkpt>
      <trkpt lat="45.91475992463529109954833984375" lon="6.509926803410053253173828125">
        <ele>2264.39990234375</ele>
      </trkpt>
      <trkpt lat="45.91475590132176876068115234375" lon="6.50994130410254001617431640625">
        <ele>2264.60009765625</ele>
      </trkpt>
      <trkpt lat="45.91473930515348911285400390625" lon="6.50997944176197052001953125">
        <ele>2265.60009765625</ele>
      </trkpt>
      <trkpt lat="45.91474332846701145172119140625" lon="6.50998539291322231292724609375">
        <ele>2266</ele>
      </trkpt>
      <trkpt lat="45.9147538058459758758544921875" lon="6.50999017059803009033203125">
        <ele>2266.39990234375</ele>
      </trkpt>
      <trkpt lat="45.914767719805240631103515625" lon="6.5099935233592987060546875">
        <ele>2266.800048828125</ele>
      </trkpt>
      <trkpt lat="45.91477652080357074737548828125" lon="6.51000081561505794525146484375">
        <ele>2267.199951171875</ele>
      </trkpt>
      <trkpt lat="45.91477886773645877838134765625" lon="6.510015316307544708251953125">
        <ele>2267.800048828125</ele>
      </trkpt>
      <trkpt lat="45.91477249749004840850830078125" lon="6.510021686553955078125">
        <ele>2268</ele>
      </trkpt>
      <trkpt lat="45.9147641994059085845947265625" lon="6.51002747006714344024658203125">
        <ele>2268.199951171875</ele>
      </trkpt>
      <trkpt lat="45.9147419035434722900390625" lon="6.510064937174320220947265625">
        <ele>2269.39990234375</ele>
      </trkpt>
      <trkpt lat="45.91472648084163665771484375" lon="6.510107181966304779052734375">
        <ele>2270.60009765625</ele>
      </trkpt>
      <trkpt lat="45.914713405072689056396484375" lon="6.51013894937932491302490234375">
        <ele>2271.199951171875</ele>
      </trkpt>
      <trkpt lat="45.9147226251661777496337890625" lon="6.510144062340259552001953125">
        <ele>2271.800048828125</ele>
      </trkpt>
      <trkpt lat="45.9147434122860431671142578125" lon="6.51013961993157863616943359375">
        <ele>2272.199951171875</ele>
      </trkpt>
      <trkpt lat="45.9147538058459758758544921875" lon="6.5101442299783229827880859375">
        <ele>2272.800048828125</ele>
      </trkpt>
      <trkpt lat="45.91476143337786197662353515625" lon="6.51014934293925762176513671875">
        <ele>2273.39990234375</ele>
      </trkpt>
      <trkpt lat="45.91478574089705944061279296875" lon="6.51015571318566799163818359375">
        <ele>2274.60009765625</ele>
      </trkpt>
      <trkpt lat="45.9148017503321170806884765625" lon="6.51016317307949066162109375">
        <ele>2275.800048828125</ele>
      </trkpt>
      <trkpt lat="45.9148035943508148193359375" lon="6.510182954370975494384765625">
        <ele>2276.60009765625</ele>
      </trkpt>
      <trkpt lat="45.91480283997952938079833984375" lon="6.5101965330541133880615234375">
        <ele>2277</ele>
      </trkpt>
      <trkpt lat="45.914815999567508697509765625" lon="6.510190330445766448974609375">
        <ele>2277.39990234375</ele>
      </trkpt>
      <trkpt lat="45.91483108699321746826171875" lon="6.5101866424083709716796875">
        <ele>2278.39990234375</ele>
      </trkpt>
      <trkpt lat="45.91482832096517086029052734375" lon="6.5101946890354156494140625">
        <ele>2279.60009765625</ele>
      </trkpt>
      <trkpt lat="45.91481256298720836639404296875" lon="6.51020600460469722747802734375">
        <ele>2280.39990234375</ele>
      </trkpt>
      <trkpt lat="45.91481440700590610504150390625" lon="6.51026082225143909454345703125">
        <ele>2280.800048828125</ele>
      </trkpt>
      <trkpt lat="45.91481206007301807403564453125" lon="6.5102790109813213348388671875">
        <ele>2280.800048828125</ele>
      </trkpt>
      <trkpt lat="45.91481499373912811279296875" lon="6.510300971567630767822265625">
        <ele>2281.39990234375</ele>
      </trkpt>
      <trkpt lat="45.914813317358493804931640625" lon="6.5102917514741420745849609375">
        <ele>2282</ele>
      </trkpt>
      <trkpt lat="45.914846174418926239013671875" lon="6.51029468514025211334228515625">
        <ele>2283.39990234375</ele>
      </trkpt>
      <trkpt lat="45.91486453078687191009521484375" lon="6.51029669679701328277587890625">
        <ele>2284.199951171875</ele>
      </trkpt>
      <trkpt lat="45.91487777419388294219970703125" lon="6.5102967806160449981689453125">
        <ele>2284.800048828125</ele>
      </trkpt>
      <trkpt lat="45.91486369259655475616455078125" lon="6.5103085152804851531982421875">
        <ele>2286</ele>
      </trkpt>
      <trkpt lat="45.914866290986537933349609375" lon="6.5103236027061939239501953125">
        <ele>2286.199951171875</ele>
      </trkpt>
      <trkpt lat="45.91487358324229717254638671875" lon="6.5103380195796489715576171875">
        <ele>2286.39990234375</ele>
      </trkpt>
      <trkpt lat="45.91487425379455089569091796875" lon="6.5103718824684619903564453125">
        <ele>2287</ele>
      </trkpt>
      <trkpt lat="45.91488028876483440399169921875" lon="6.51037967763841152191162109375">
        <ele>2287</ele>
      </trkpt>
      <trkpt lat="45.91487760655581951141357421875" lon="6.51044547557830810546875">
        <ele>2287.800048828125</ele>
      </trkpt>
      <trkpt lat="45.91487727127969264984130859375" lon="6.51046064682304859161376953125">
        <ele>2288</ele>
      </trkpt>
      <trkpt lat="45.91489235870540142059326171875" lon="6.51047422550618648529052734375">
        <ele>2288.800048828125</ele>
      </trkpt>
      <trkpt lat="45.91489403508603572845458984375" lon="6.5104848705232143402099609375">
        <ele>2289.39990234375</ele>
      </trkpt>
      <trkpt lat="45.91490610502660274505615234375" lon="6.51053776033222675323486328125">
        <ele>2290.39990234375</ele>
      </trkpt>
      <trkpt lat="45.9149224497377872467041015625" lon="6.5105675160884857177734375">
        <ele>2292</ele>
      </trkpt>
      <trkpt lat="45.91492672450840473175048828125" lon="6.5105782449245452880859375">
        <ele>2292.39990234375</ele>
      </trkpt>
      <trkpt lat="45.914929993450641632080078125" lon="6.5105975233018398284912109375">
        <ele>2293.199951171875</ele>
      </trkpt>
      <trkpt lat="45.91492605395615100860595703125" lon="6.51060380972921848297119140625">
        <ele>2293.60009765625</ele>
      </trkpt>
      <trkpt lat="45.91491482220590114593505859375" lon="6.51064069010317325592041015625">
        <ele>2294.60009765625</ele>
      </trkpt>
      <trkpt lat="45.9149160794913768768310546875" lon="6.5106531791388988494873046875">
        <ele>2294.800048828125</ele>
      </trkpt>
      <trkpt lat="45.91494231484830379486083984375" lon="6.5107069909572601318359375">
        <ele>2295.800048828125</ele>
      </trkpt>
      <trkpt lat="45.91496310196816921234130859375" lon="6.51072149164974689483642578125">
        <ele>2296.39990234375</ele>
      </trkpt>
      <trkpt lat="45.91497919522225856781005859375" lon="6.51072450913488864898681640625">
        <ele>2296.60009765625</ele>
      </trkpt>
      <trkpt lat="45.91499126516282558441162109375" lon="6.51072551496326923370361328125">
        <ele>2297</ele>
      </trkpt>
      <trkpt lat="45.91503803618252277374267578125" lon="6.5107212401926517486572265625">
        <ele>2298.39990234375</ele>
      </trkpt>
      <trkpt lat="45.91506351716816425323486328125" lon="6.5107145346701145172119140625">
        <ele>2299.39990234375</ele>
      </trkpt>
      <trkpt lat="45.9150691330432891845703125" lon="6.51072534732520580291748046875">
        <ele>2299.60009765625</ele>
      </trkpt>
      <trkpt lat="45.9150718152523040771484375" lon="6.51077647693455219268798828125">
        <ele>2300.199951171875</ele>
      </trkpt>
      <trkpt lat="45.915067456662654876708984375" lon="6.510791145265102386474609375">
        <ele>2300.60009765625</ele>
      </trkpt>
      <trkpt lat="45.915087573230266571044921875" lon="6.5108419395983219146728515625">
        <ele>2302</ele>
      </trkpt>
      <trkpt lat="45.91509855352342128753662109375" lon="6.5108499862253665924072265625">
        <ele>2302.39990234375</ele>
      </trkpt>
      <trkpt lat="45.9151212684810161590576171875" lon="6.51087219826877117156982421875">
        <ele>2303</ele>
      </trkpt>
      <trkpt lat="45.91512587852776050567626953125" lon="6.51087253354489803314208984375">
        <ele>2303.60009765625</ele>
      </trkpt>
      <trkpt lat="45.91513015329837799072265625" lon="6.510879658162593841552734375">
        <ele>2304</ele>
      </trkpt>
      <trkpt lat="45.9151373617351055145263671875" lon="6.5108865313231945037841796875">
        <ele>2304.199951171875</ele>
      </trkpt>
      <trkpt lat="45.91514582745730876922607421875" lon="6.51088980026543140411376953125">
        <ele>2304.39990234375</ele>
      </trkpt>
      <trkpt lat="45.91517667286098003387451171875" lon="6.51088644750416278839111328125">
        <ele>2305.199951171875</ele>
      </trkpt>
      <trkpt lat="45.915196202695369720458984375" lon="6.51087739504873752593994140625">
        <ele>2305.800048828125</ele>
      </trkpt>
      <trkpt lat="45.91521053574979305267333984375" lon="6.5108679234981536865234375">
        <ele>2306.39990234375</ele>
      </trkpt>
      <trkpt lat="45.91522495262324810028076171875" lon="6.51087873615324497222900390625">
        <ele>2307</ele>
      </trkpt>
      <trkpt lat="45.91523333452641963958740234375" lon="6.51090421713888645172119140625">
        <ele>2307.60009765625</ele>
      </trkpt>
      <trkpt lat="45.91522914357483386993408203125" lon="6.510927937924861907958984375">
        <ele>2308.60009765625</ele>
      </trkpt>
      <trkpt lat="45.91524138115346431732177734375" lon="6.51093690656125545501708984375">
        <ele>2309.60009765625</ele>
      </trkpt>
      <trkpt lat="45.91525814495980739593505859375" lon="6.510942019522190093994140625">
        <ele>2310.199951171875</ele>
      </trkpt>
      <trkpt lat="45.91526552103459835052490234375" lon="6.51094864122569561004638671875">
        <ele>2311</ele>
      </trkpt>
      <trkpt lat="45.91526560485363006591796875" lon="6.5109591186046600341796875">
        <ele>2311.39990234375</ele>
      </trkpt>
      <trkpt lat="45.9152640961110591888427734375" lon="6.51097227819263935089111328125">
        <ele>2311.800048828125</ele>
      </trkpt>
      <trkpt lat="45.9152607433497905731201171875" lon="6.51097797788679599761962890625">
        <ele>2312</ele>
      </trkpt>
      <trkpt lat="45.91524976305663585662841796875" lon="6.51098124682903289794921875">
        <ele>2312.39990234375</ele>
      </trkpt>
      <trkpt lat="45.91524037532508373260498046875" lon="6.510984264314174652099609375">
        <ele>2312.60009765625</ele>
      </trkpt>
      <trkpt lat="45.91522981412708759307861328125" lon="6.51098099537193775177001953125">
        <ele>2312.800048828125</ele>
      </trkpt>
      <trkpt lat="45.9152121283113956451416015625" lon="6.51098703034222126007080078125">
        <ele>2313.199951171875</ele>
      </trkpt>
      <trkpt lat="45.9152030758559703826904296875" lon="6.51099423877894878387451171875">
        <ele>2313.39990234375</ele>
      </trkpt>
      <trkpt lat="45.91518371365964412689208984375" lon="6.51101049967110157012939453125">
        <ele>2314.199951171875</ele>
      </trkpt>
      <trkpt lat="45.91521388851106166839599609375" lon="6.5110410936176776885986328125">
        <ele>2315.199951171875</ele>
      </trkpt>
      <trkpt lat="45.91522143222391605377197265625" lon="6.51104419492185115814208984375">
        <ele>2315.60009765625</ele>
      </trkpt>
      <trkpt lat="45.91524288989603519439697265625" lon="6.51104302145540714263916015625">
        <ele>2316.199951171875</ele>
      </trkpt>
      <trkpt lat="45.91524926014244556427001953125" lon="6.51104754768311977386474609375">
        <ele>2316.60009765625</ele>
      </trkpt>
      <trkpt lat="45.9152547083795070648193359375" lon="6.51105643250048160552978515625">
        <ele>2317.39990234375</ele>
      </trkpt>
      <trkpt lat="45.9152734838426113128662109375" lon="6.51107135228812694549560546875">
        <ele>2319</ele>
      </trkpt>
      <trkpt lat="45.91527842916548252105712890625" lon="6.51107185520231723785400390625">
        <ele>2320</ele>
      </trkpt>
      <trkpt lat="45.9152852185070514678955078125" lon="6.51107805781066417694091796875">
        <ele>2320.60009765625</ele>
      </trkpt>
      <trkpt lat="45.91529753990471363067626953125" lon="6.51110454462468624114990234375">
        <ele>2321.800048828125</ele>
      </trkpt>
      <trkpt lat="45.91529485769569873809814453125" lon="6.51112851686775684356689453125">
        <ele>2322.39990234375</ele>
      </trkpt>
      <trkpt lat="45.91529334895312786102294921875" lon="6.511140502989292144775390625">
        <ele>2323.199951171875</ele>
      </trkpt>
      <trkpt lat="45.915288068354129791259765625" lon="6.5111513994634151458740234375">
        <ele>2324.39990234375</ele>
      </trkpt>
      <trkpt lat="45.91529100202023983001708984375" lon="6.5111654810607433319091796875">
        <ele>2325</ele>
      </trkpt>
      <trkpt lat="45.91530374251306056976318359375" lon="6.511178053915500640869140625">
        <ele>2325.800048828125</ele>
      </trkpt>
      <trkpt lat="45.915308184921741485595703125" lon="6.51118417270481586456298828125">
        <ele>2327</ele>
      </trkpt>
      <trkpt lat="45.91529368422925472259521484375" lon="6.5111953206360340118408203125">
        <ele>2328</ele>
      </trkpt>
      <trkpt lat="45.91528831981122493743896484375" lon="6.51120395399630069732666015625">
        <ele>2328.199951171875</ele>
      </trkpt>
      <trkpt lat="45.91530173085629940032958984375" lon="6.51124753989279270172119140625">
        <ele>2328.800048828125</ele>
      </trkpt>
      <trkpt lat="45.91530424542725086212158203125" lon="6.5112496353685855865478515625">
        <ele>2329.199951171875</ele>
      </trkpt>
      <trkpt lat="45.91530223377048969268798828125" lon="6.51125323958694934844970703125">
        <ele>2329.60009765625</ele>
      </trkpt>
      <trkpt lat="45.9152966178953647613525390625" lon="6.51125642471015453338623046875">
        <ele>2329.800048828125</ele>
      </trkpt>
      <trkpt lat="45.9152929298579692840576171875" lon="6.5112684108316898345947265625">
        <ele>2330.199951171875</ele>
      </trkpt>
      <trkpt lat="45.91529167257249355316162109375" lon="6.51127989403903484344482421875">
        <ele>2330.39990234375</ele>
      </trkpt>
      <trkpt lat="45.91529100202023983001708984375" lon="6.51129146106541156768798828125">
        <ele>2330.39990234375</ele>
      </trkpt>
      <trkpt lat="45.915317237377166748046875" lon="6.51131610386073589324951171875">
        <ele>2331.60009765625</ele>
      </trkpt>
      <trkpt lat="45.915330983698368072509765625" lon="6.511313505470752716064453125">
        <ele>2332</ele>
      </trkpt>
      <trkpt lat="45.9153454005718231201171875" lon="6.51130956597626209259033203125">
        <ele>2333</ele>
      </trkpt>
      <trkpt lat="45.9153656847774982452392578125" lon="6.5113319456577301025390625">
        <ele>2334.199951171875</ele>
      </trkpt>
      <trkpt lat="45.91538068838417530059814453125" lon="6.5113217197358608245849609375">
        <ele>2335.39990234375</ele>
      </trkpt>
      <trkpt lat="45.9153854660689830780029296875" lon="6.5113346278667449951171875">
        <ele>2336</ele>
      </trkpt>
      <trkpt lat="45.9153898246586322784423828125" lon="6.5113478712737560272216796875">
        <ele>2336.800048828125</ele>
      </trkpt>
      <trkpt lat="45.91540767811238765716552734375" lon="6.51135851629078388214111328125">
        <ele>2338</ele>
      </trkpt>
      <trkpt lat="45.91541689820587635040283203125" lon="6.5113602764904499053955078125">
        <ele>2338.39990234375</ele>
      </trkpt>
      <trkpt lat="45.91542611829936504364013671875" lon="6.5113612823188304901123046875">
        <ele>2339.39990234375</ele>
      </trkpt>
      <trkpt lat="45.91544036753475666046142578125" lon="6.51137016713619232177734375">
        <ele>2340.39990234375</ele>
      </trkpt>
      <trkpt lat="45.91544455848634243011474609375" lon="6.5113855898380279541015625">
        <ele>2341.199951171875</ele>
      </trkpt>
      <trkpt lat="45.91544522903859615325927734375" lon="6.5113917924463748931884765625">
        <ele>2341.800048828125</ele>
      </trkpt>
      <trkpt lat="45.91546048410236835479736328125" lon="6.51140210218727588653564453125">
        <ele>2343.199951171875</ele>
      </trkpt>
      <trkpt lat="45.91547079384326934814453125" lon="6.5114085562527179718017578125">
        <ele>2343.800048828125</ele>
      </trkpt>
      <trkpt lat="45.9154848754405975341796875" lon="6.51140905916690826416015625">
        <ele>2344.39990234375</ele>
      </trkpt>
      <trkpt lat="45.91550541110336780548095703125" lon="6.51141710579395294189453125">
        <ele>2345.60009765625</ele>
      </trkpt>
      <trkpt lat="45.91551211662590503692626953125" lon="6.51141584850847721099853515625">
        <ele>2345.800048828125</ele>
      </trkpt>
      <trkpt lat="45.9155225940048694610595703125" lon="6.51141442358493804931640625">
        <ele>2346</ele>
      </trkpt>
      <trkpt lat="45.91553156264126300811767578125" lon="6.511414088308811187744140625">
        <ele>2346.39990234375</ele>
      </trkpt>
      <trkpt lat="45.91554447077214717864990234375" lon="6.51140905916690826416015625">
        <ele>2347.199951171875</ele>
      </trkpt>
      <trkpt lat="45.91555872000753879547119140625" lon="6.51140964590013027191162109375">
        <ele>2348.39990234375</ele>
      </trkpt>
      <trkpt lat="45.91557674109935760498046875" lon="6.51140126399695873260498046875">
        <ele>2349.800048828125</ele>
      </trkpt>
      <trkpt lat="45.91558487154543399810791015625" lon="6.511401347815990447998046875">
        <ele>2350.199951171875</ele>
      </trkpt>
      <trkpt lat="45.91560012660920619964599609375" lon="6.5114052034914493560791015625">
        <ele>2351.199951171875</ele>
      </trkpt>
      <trkpt lat="45.91560649685561656951904296875" lon="6.5114041976630687713623046875">
        <ele>2351.60009765625</ele>
      </trkpt>
      <trkpt lat="45.915598534047603607177734375" lon="6.51141249574720859527587890625">
        <ele>2352</ele>
      </trkpt>
      <trkpt lat="45.9155923314392566680908203125" lon="6.51141651906073093414306640625">
        <ele>2352.199951171875</ele>
      </trkpt>
      <trkpt lat="45.91558218933641910552978515625" lon="6.51144468225538730621337890625">
        <ele>2352.60009765625</ele>
      </trkpt>
      <trkpt lat="45.91557883657515048980712890625" lon="6.51145197451114654541015625">
        <ele>2353</ele>
      </trkpt>
      <trkpt lat="45.91557632200419902801513671875" lon="6.5114682354032993316650390625">
        <ele>2353.39990234375</ele>
      </trkpt>
      <trkpt lat="45.91557548381388187408447265625" lon="6.5114739350974559783935546875">
        <ele>2353.60009765625</ele>
      </trkpt>
      <trkpt lat="45.91556928120553493499755859375" lon="6.5114826522767543792724609375">
        <ele>2354.60009765625</ele>
      </trkpt>
      <trkpt lat="45.9155688621103763580322265625" lon="6.5115188620984554290771484375">
        <ele>2355.800048828125</ele>
      </trkpt>
      <trkpt lat="45.9155728854238986968994140625" lon="6.51150871999561786651611328125">
        <ele>2356</ele>
      </trkpt>
      <trkpt lat="45.91559417545795440673828125" lon="6.51147586293518543243408203125">
        <ele>2357</ele>
      </trkpt>
      <trkpt lat="45.91559979133307933807373046875" lon="6.51147284545004367828369140625">
        <ele>2357.199951171875</ele>
      </trkpt>
      <trkpt lat="45.9156335704028606414794921875" lon="6.5114645473659038543701171875">
        <ele>2358.39990234375</ele>
      </trkpt>
      <trkpt lat="45.9156399406492710113525390625" lon="6.51146731339395046234130859375">
        <ele>2359.39990234375</ele>
      </trkpt>
      <trkpt lat="45.9156406112015247344970703125" lon="6.51148474775254726409912109375">
        <ele>2360.60009765625</ele>
      </trkpt>
      <trkpt lat="45.9156144596636295318603515625" lon="6.5115071274340152740478515625">
        <ele>2361.60009765625</ele>
      </trkpt>
      <trkpt lat="45.91560029424726963043212890625" lon="6.5115302614867687225341796875">
        <ele>2362</ele>
      </trkpt>
      <trkpt lat="45.91561236418783664703369140625" lon="6.51153780519962310791015625">
        <ele>2363</ele>
      </trkpt>
      <trkpt lat="45.9156315587460994720458984375" lon="6.51154048740863800048828125">
        <ele>2364</ele>
      </trkpt>
      <trkpt lat="45.9156429581344127655029296875" lon="6.51154861785471439361572265625">
        <ele>2365</ele>
      </trkpt>
      <trkpt lat="45.91563709080219268798828125" lon="6.51158130727708339691162109375">
        <ele>2366</ele>
      </trkpt>
      <trkpt lat="45.91563717462122440338134765625" lon="6.51159756816923618316650390625">
        <ele>2366.199951171875</ele>
      </trkpt>
      <trkpt lat="45.9156285412609577178955078125" lon="6.5116335265338420867919921875">
        <ele>2367.39990234375</ele>
      </trkpt>
      <trkpt lat="45.91562242247164249420166015625" lon="6.511651463806629180908203125">
        <ele>2368.39990234375</ele>
      </trkpt>
      <trkpt lat="45.915621332824230194091796875" lon="6.5116610191762447357177734375">
        <ele>2369</ele>
      </trkpt>
      <trkpt lat="45.91561689041554927825927734375" lon="6.51166856288909912109375">
        <ele>2369.60009765625</ele>
      </trkpt>
      <trkpt lat="45.9156044013798236846923828125" lon="6.51168222539126873016357421875">
        <ele>2370.199951171875</ele>
      </trkpt>
      <trkpt lat="45.915596522390842437744140625" lon="6.51170385070145130157470703125">
        <ele>2370.39990234375</ele>
      </trkpt>
      <trkpt lat="45.91560180298984050750732421875" lon="6.51171407662332057952880859375">
        <ele>2370.60009765625</ele>
      </trkpt>
      <trkpt lat="45.91561135835945606231689453125" lon="6.51173687539994716644287109375">
        <ele>2372</ele>
      </trkpt>
      <trkpt lat="45.9156124480068683624267578125" lon="6.51174659840762615203857421875">
        <ele>2372.39990234375</ele>
      </trkpt>
      <trkpt lat="45.91561026871204376220703125" lon="6.51175213046371936798095703125">
        <ele>2373.199951171875</ele>
      </trkpt>
      <trkpt lat="45.91560683213174343109130859375" lon="6.5117582492530345916748046875">
        <ele>2373.60009765625</ele>
      </trkpt>
      <trkpt lat="45.91559677384793758392333984375" lon="6.51177107356488704681396484375">
        <ele>2374.199951171875</ele>
      </trkpt>
      <trkpt lat="45.91559107415378093719482421875" lon="6.51177593506872653961181640625">
        <ele>2374.39990234375</ele>
      </trkpt>
      <trkpt lat="45.91559350490570068359375" lon="6.5118014998733997344970703125">
        <ele>2375.39990234375</ele>
      </trkpt>
      <trkpt lat="45.9156033955514430999755859375" lon="6.51180292479693889617919921875">
        <ele>2375.60009765625</ele>
      </trkpt>
      <trkpt lat="45.9156087599694728851318359375" lon="6.51180795393884181976318359375">
        <ele>2376.39990234375</ele>
      </trkpt>
      <trkpt lat="45.91562233865261077880859375" lon="6.511807702481746673583984375">
        <ele>2377.60009765625</ele>
      </trkpt>
      <trkpt lat="45.91563683934509754180908203125" lon="6.511813066899776458740234375">
        <ele>2378.60009765625</ele>
      </trkpt>
      <trkpt lat="45.915638767182826995849609375" lon="6.51181918568909168243408203125">
        <ele>2379</ele>
      </trkpt>
      <trkpt lat="45.91563038527965545654296875" lon="6.51182949542999267578125">
        <ele>2379.60009765625</ele>
      </trkpt>
      <trkpt lat="45.91561655513942241668701171875" lon="6.5118568204343318939208984375">
        <ele>2381</ele>
      </trkpt>
      <trkpt lat="45.9156201593577861785888671875" lon="6.5118923597037792205810546875">
        <ele>2381.800048828125</ele>
      </trkpt>
      <trkpt lat="45.9156265296041965484619140625" lon="6.51189764030277729034423828125">
        <ele>2382.39990234375</ele>
      </trkpt>
      <trkpt lat="45.9156369231641292572021484375" lon="6.51190468110144138336181640625">
        <ele>2383.39990234375</ele>
      </trkpt>
      <trkpt lat="45.91566257178783416748046875" lon="6.511928401887416839599609375">
        <ele>2384.60009765625</ele>
      </trkpt>
      <trkpt lat="45.91566466726362705230712890625" lon="6.51194944046437740325927734375">
        <ele>2385.60009765625</ele>
      </trkpt>
      <trkpt lat="45.9156687743961811065673828125" lon="6.511955223977565765380859375">
        <ele>2386</ele>
      </trkpt>
      <trkpt lat="45.91567866504192352294921875" lon="6.51196964085102081298828125">
        <ele>2387</ele>
      </trkpt>
      <trkpt lat="45.91567338444292545318603515625" lon="6.51198565028607845306396484375">
        <ele>2388.199951171875</ele>
      </trkpt>
      <trkpt lat="45.915672294795513153076171875" lon="6.511998474597930908203125">
        <ele>2388.39990234375</ele>
      </trkpt>
      <trkpt lat="45.91567774303257465362548828125" lon="6.51201766915619373321533203125">
        <ele>2389</ele>
      </trkpt>
      <trkpt lat="45.9156811796128749847412109375" lon="6.5120207704603672027587890625">
        <ele>2389.39990234375</ele>
      </trkpt>
      <trkpt lat="45.91568226926028728485107421875" lon="6.5120304934680461883544921875">
        <ele>2389.60009765625</ele>
      </trkpt>
      <trkpt lat="45.91568159870803356170654296875" lon="6.512064523994922637939453125">
        <ele>2390.60009765625</ele>
      </trkpt>
      <trkpt lat="45.91567489318549633026123046875" lon="6.51208673603832721710205078125">
        <ele>2391.800048828125</ele>
      </trkpt>
      <trkpt lat="45.91567304916679859161376953125" lon="6.51209034025669097900390625">
        <ele>2392.199951171875</ele>
      </trkpt>
      <trkpt lat="45.9156637452542781829833984375" lon="6.512104757130146026611328125">
        <ele>2393</ele>
      </trkpt>
      <trkpt lat="45.9156684391200542449951171875" lon="6.51212596334517002105712890625">
        <ele>2394</ele>
      </trkpt>
      <trkpt lat="45.91568411327898502349853515625" lon="6.51217524893581867218017578125">
        <ele>2395</ele>
      </trkpt>
      <trkpt lat="45.91568964533507823944091796875" lon="6.51218581013381481170654296875">
        <ele>2395.199951171875</ele>
      </trkpt>
      <trkpt lat="45.91570590622723102569580078125" lon="6.5122169069945812225341796875">
        <ele>2396.39990234375</ele>
      </trkpt>
      <trkpt lat="45.9157200716435909271240234375" lon="6.51225437410175800323486328125">
        <ele>2397.199951171875</ele>
      </trkpt>
      <trkpt lat="45.91572518460452556610107421875" lon="6.51225940324366092681884765625">
        <ele>2397.60009765625</ele>
      </trkpt>
      <trkpt lat="45.91573775745928287506103515625" lon="6.51226946152746677398681640625">
        <ele>2399</ele>
      </trkpt>
      <trkpt lat="45.9157235920429229736328125" lon="6.5122826211154460906982421875">
        <ele>2399.800048828125</ele>
      </trkpt>
      <trkpt lat="45.9157234244048595428466796875" lon="6.51228957809507846832275390625">
        <ele>2400.199951171875</ele>
      </trkpt>
      <trkpt lat="45.91572518460452556610107421875" lon="6.51230734772980213165283203125">
        <ele>2401.39990234375</ele>
      </trkpt>
      <trkpt lat="45.915722586214542388916015625" lon="6.51231707073748111724853515625">
        <ele>2401.800048828125</ele>
      </trkpt>
      <trkpt lat="45.91571629978716373443603515625" lon="6.51232369244098663330078125">
        <ele>2402.39990234375</ele>
      </trkpt>
      <trkpt lat="45.91570959426462650299072265625" lon="6.51235981844365596771240234375">
        <ele>2403.60009765625</ele>
      </trkpt>
      <trkpt lat="45.91571663506329059600830078125" lon="6.512387059628963470458984375">
        <ele>2404.60009765625</ele>
      </trkpt>
      <trkpt lat="45.91571998782455921173095703125" lon="6.51239812374114990234375">
        <ele>2404.800048828125</ele>
      </trkpt>
      <trkpt lat="45.91572551988065242767333984375" lon="6.51243944652378559112548828125">
        <ele>2406</ele>
      </trkpt>
      <trkpt lat="45.91573490761220455169677734375" lon="6.512483619153499603271484375">
        <ele>2407.199951171875</ele>
      </trkpt>
      <trkpt lat="45.9157502464950084686279296875" lon="6.5124992094933986663818359375">
        <ele>2408.39990234375</ele>
      </trkpt>
      <trkpt lat="45.91575921513140201568603515625" lon="6.51251488365232944488525390625">
        <ele>2409</ele>
      </trkpt>
      <trkpt lat="45.9157653339207172393798828125" lon="6.51251974515616893768310546875">
        <ele>2409.39990234375</ele>
      </trkpt>
      <trkpt lat="45.91578234918415546417236328125" lon="6.5125287137925624847412109375">
        <ele>2410.39990234375</ele>
      </trkpt>
      <trkpt lat="45.91580816544592380523681640625" lon="6.5125438012182712554931640625">
        <ele>2411.60009765625</ele>
      </trkpt>
      <trkpt lat="45.91582777909934520721435546875" lon="6.51254606433212757110595703125">
        <ele>2412.60009765625</ele>
      </trkpt>
      <trkpt lat="45.9158389270305633544921875" lon="6.51256601326167583465576171875">
        <ele>2413.800048828125</ele>
      </trkpt>
      <trkpt lat="45.91584420762956142425537109375" lon="6.51258143596351146697998046875">
        <ele>2415</ele>
      </trkpt>
      <trkpt lat="45.91585434973239898681640625" lon="6.51259459555149078369140625">
        <ele>2415.39990234375</ele>
      </trkpt>
      <trkpt lat="45.9158716164529323577880859375" lon="6.5126014687120914459228515625">
        <ele>2416.199951171875</ele>
      </trkpt>
      <trkpt lat="45.91589885763823986053466796875" lon="6.51261479593813419342041015625">
        <ele>2417.199951171875</ele>
      </trkpt>
      <trkpt lat="45.9159068204462528228759765625" lon="6.5126219205558300018310546875">
        <ele>2417.39990234375</ele>
      </trkpt>
    </trkseg>
  </trk>
</gpx>
