<?xml version="1.0" encoding="UTF-8"?>
<gpx creator="Garmin Connect" version="1.1"
  xsi:schemaLocation="http://www.topografix.com/GPX/1/1 http://www.topografix.com/GPX/11.xsd"
  xmlns:ns3="http://www.garmin.com/xmlschemas/TrackPointExtension/v1"
  xmlns="http://www.topografix.com/GPX/1/1"
  xmlns:xsi="http://www.w3.org/2001/XMLSchema-instance" xmlns:ns2="http://www.garmin.com/xmlschemas/GpxExtensions/v3">
  <metadata>
    <name>Pyrénées Etape 1</name>
    <link href="connect.garmin.com">
      <text>Garmin Connect</text>
    </link>
    <time>2026-06-25T12:33:55.000Z</time>
  </metadata>
  <trk>
    <name>Pyrénées Etape 1</name>
    <trkseg>
      <trkpt lat="42.69587860442698" lon="2.8797292336821556">
        <ele>38.69</ele>
      </trkpt>
      <trkpt lat="42.696037609130144" lon="2.879663687199354">
        <ele>38.63</ele>
      </trkpt>
      <trkpt lat="42.69619703292847" lon="2.8795981407165527">
        <ele>38.55</ele>
      </trkpt>
      <trkpt lat="42.6963472366333" lon="2.8795337677001953">
        <ele>38.38</ele>
      </trkpt>
      <trkpt lat="42.69632586278021" lon="2.879362106323242">
        <ele>38.19</ele>
      </trkpt>
      <trkpt lat="42.696282947435975" lon="2.87916898727417">
        <ele>38.03</ele>
      </trkpt>
      <trkpt lat="42.69624003209174" lon="2.878997325897217">
        <ele>37.94</ele>
      </trkpt>
      <trkpt lat="42.696239948272705" lon="2.878997325897217">
        <ele>37.87</ele>
      </trkpt>
      <trkpt lat="42.69624003209174" lon="2.8789758682250977">
        <ele>37.82</ele>
      </trkpt>
      <trkpt lat="42.69621857441962" lon="2.8789114952087402">
        <ele>37.8</ele>
      </trkpt>
      <trkpt lat="42.69606828689575" lon="2.8789544105529785">
        <ele>37.81</ele>
      </trkpt>
      <trkpt lat="42.69606828689575" lon="2.8789329528808594">
        <ele>37.81</ele>
      </trkpt>
      <trkpt lat="42.696025371551514" lon="2.8789544105529785">
        <ele>37.82</ele>
      </trkpt>
      <trkpt lat="42.69598254002631" lon="2.878739833831787">
        <ele>37.82</ele>
      </trkpt>
      <trkpt lat="42.69591808319092" lon="2.878439426422119">
        <ele>37.72</ele>
      </trkpt>
      <trkpt lat="42.69589670933783" lon="2.8783535957336426">
        <ele>37.66</ele>
      </trkpt>
      <trkpt lat="42.69570375792682" lon="2.878428613767028">
        <ele>37.68</ele>
      </trkpt>
      <trkpt lat="42.695510471239686" lon="2.8785037994384766">
        <ele>37.7</ele>
      </trkpt>
      <trkpt lat="42.69536026753485" lon="2.878578817471862">
        <ele>37.73</ele>
      </trkpt>
      <trkpt lat="42.695209980010986" lon="2.8786540031433105">
        <ele>37.77</ele>
      </trkpt>
      <trkpt lat="42.694995403289795" lon="2.878739833831787">
        <ele>37.77</ele>
      </trkpt>
      <trkpt lat="42.69486674107611" lon="2.8787612915039062">
        <ele>37.72</ele>
      </trkpt>
      <trkpt lat="42.69484528340399" lon="2.8787612915039062">
        <ele>37.67</ele>
      </trkpt>
      <trkpt lat="42.694759368896484" lon="2.8787827491760254">
        <ele>37.59</ele>
      </trkpt>
      <trkpt lat="42.69467362202704" lon="2.878739833831787">
        <ele>37.5</ele>
      </trkpt>
      <trkpt lat="42.69463062286377" lon="2.8787612915039062">
        <ele>37.4</ele>
      </trkpt>
      <trkpt lat="42.69458779133856" lon="2.878847122192383">
        <ele>37.3</ele>
      </trkpt>
      <trkpt lat="42.69458770751953" lon="2.8789114952087402">
        <ele>37.19</ele>
      </trkpt>
      <trkpt lat="42.694523418322206" lon="2.8789758682250977">
        <ele>37.05</ele>
      </trkpt>
      <trkpt lat="42.6943302154541" lon="2.879190444946289">
        <ele>37.01</ele>
      </trkpt>
      <trkpt lat="42.694222843274474" lon="2.879362190142274">
        <ele>36.89</ele>
      </trkpt>
      <trkpt lat="42.69411572255194" lon="2.8795337677001953">
        <ele>36.84</ele>
      </trkpt>
      <trkpt lat="42.69392260350287" lon="2.879769802093506">
        <ele>36.8</ele>
      </trkpt>
      <trkpt lat="42.69375094212592" lon="2.8798770904541016">
        <ele>36.72</ele>
      </trkpt>
      <trkpt lat="42.69347199238837" lon="2.8799843788146973">
        <ele>36.75</ele>
      </trkpt>
      <trkpt lat="42.69324685446918" lon="2.8800700418651104">
        <ele>36.81</ele>
      </trkpt>
      <trkpt lat="42.693021297454834" lon="2.8801560401916504">
        <ele>36.9</ele>
      </trkpt>
      <trkpt lat="42.69284963607788" lon="2.880113124847412">
        <ele>37.0</ele>
      </trkpt>
      <trkpt lat="42.692763889208436" lon="2.8800487518310547">
        <ele>37.07</ele>
      </trkpt>
      <trkpt lat="42.69267797470093" lon="2.8798556327819824">
        <ele>37.13</ele>
      </trkpt>
      <trkpt lat="42.69265660084784" lon="2.8797268867492676">
        <ele>37.15</ele>
      </trkpt>
      <trkpt lat="42.69259222783148" lon="2.879641056060791">
        <ele>37.16</ele>
      </trkpt>
      <trkpt lat="42.692549312487245" lon="2.879641056060791">
        <ele>37.19</ele>
      </trkpt>
      <trkpt lat="42.69242056645453" lon="2.8797054290771484">
        <ele>37.22</ele>
      </trkpt>
      <trkpt lat="42.69242056645453" lon="2.8797268867492676">
        <ele>37.24</ele>
      </trkpt>
      <trkpt lat="42.69239910878241" lon="2.879812717437744">
        <ele>37.3</ele>
      </trkpt>
      <trkpt lat="42.69239902496338" lon="2.8798341751098633">
        <ele>37.31</ele>
      </trkpt>
      <trkpt lat="42.69229173660278" lon="2.8800272941589355">
        <ele>37.38</ele>
      </trkpt>
      <trkpt lat="42.69212007522583" lon="2.880177414044738">
        <ele>37.3</ele>
      </trkpt>
      <trkpt lat="42.69194841384888" lon="2.8803277015686035">
        <ele>37.13</ele>
      </trkpt>
      <trkpt lat="42.69174439832568" lon="2.880628276616335">
        <ele>36.96</ele>
      </trkpt>
      <trkpt lat="42.69154071807861" lon="2.8809285163879395">
        <ele>36.98</ele>
      </trkpt>
      <trkpt lat="42.69134759902954" lon="2.8810572624206543">
        <ele>37.01</ele>
      </trkpt>
      <trkpt lat="42.691261768341064" lon="2.8811001777648926">
        <ele>37.0</ele>
      </trkpt>
      <trkpt lat="42.6909613609314" lon="2.8811001777648926">
        <ele>36.95</ele>
      </trkpt>
      <trkpt lat="42.69087561406195" lon="2.8811216354370117">
        <ele>36.92</ele>
      </trkpt>
      <trkpt lat="42.690725326538086" lon="2.880864143371582">
        <ele>36.85</ele>
      </trkpt>
      <trkpt lat="42.69066095352173" lon="2.8808212280273438">
        <ele>36.82</ele>
      </trkpt>
      <trkpt lat="42.69063949584961" lon="2.8806066513061523">
        <ele>36.78</ele>
      </trkpt>
      <trkpt lat="42.690503373742104" lon="2.880327282473445">
        <ele>36.81</ele>
      </trkpt>
      <trkpt lat="42.69036733545363" lon="2.8800479974597692">
        <ele>36.89</ele>
      </trkpt>
      <trkpt lat="42.690231800079346" lon="2.879769802093506">
        <ele>37.0</ele>
      </trkpt>
      <trkpt lat="42.69023188389838" lon="2.879769802093506">
        <ele>37.07</ele>
      </trkpt>
      <trkpt lat="42.69006424583495" lon="2.879434609785676">
        <ele>37.25</ele>
      </trkpt>
      <trkpt lat="42.68989669159055" lon="2.879099417477846">
        <ele>37.36</ele>
      </trkpt>
      <trkpt lat="42.68972905352712" lon="2.878764308989048">
        <ele>37.46</ele>
      </trkpt>
      <trkpt lat="42.68956149928272" lon="2.878429116681218">
        <ele>37.56</ele>
      </trkpt>
      <trkpt lat="42.6893949508667" lon="2.878096103668213">
        <ele>37.66</ele>
      </trkpt>
      <trkpt lat="42.68924449570477" lon="2.8777522780001163">
        <ele>37.84</ele>
      </trkpt>
      <trkpt lat="42.68909454345703" lon="2.8774094581604004">
        <ele>37.98</ele>
      </trkpt>
      <trkpt lat="42.68898700363934" lon="2.8770870063453913">
        <ele>38.1</ele>
      </trkpt>
      <trkpt lat="42.68887996673584" lon="2.876765727996826">
        <ele>38.16</ele>
      </trkpt>
      <trkpt lat="42.68878852017224" lon="2.876389380544424">
        <ele>38.23</ele>
      </trkpt>
      <trkpt lat="42.68869715742767" lon="2.8760131169110537">
        <ele>38.29</ele>
      </trkpt>
      <trkpt lat="42.6886057946831" lon="2.8756368532776833">
        <ele>38.36</ele>
      </trkpt>
      <trkpt lat="42.688515186309814" lon="2.8752636909484863">
        <ele>38.37</ele>
      </trkpt>
      <trkpt lat="42.688472187146544" lon="2.8750270698219538">
        <ele>38.37</ele>
      </trkpt>
      <trkpt lat="42.68842943944037" lon="2.8747916221618652">
        <ele>38.37</ele>
      </trkpt>
      <trkpt lat="42.6883362326771" lon="2.874415274709463">
        <ele>38.38</ele>
      </trkpt>
      <trkpt lat="42.688243025913835" lon="2.8740390110760927">
        <ele>38.52</ele>
      </trkpt>
      <trkpt lat="42.68814981915057" lon="2.8736627474427223">
        <ele>38.65</ele>
      </trkpt>
      <trkpt lat="42.68805669620633" lon="2.873286483809352">
        <ele>38.71</ele>
      </trkpt>
      <trkpt lat="42.687963489443064" lon="2.8729102201759815">
        <ele>38.8</ele>
      </trkpt>
      <trkpt lat="42.68787145614624" lon="2.8725385665893555">
        <ele>38.88</ele>
      </trkpt>
      <trkpt lat="42.68787153996527" lon="2.8725385665893555">
        <ele>38.93</ele>
      </trkpt>
      <trkpt lat="42.68777112476528" lon="2.872144365683198">
        <ele>38.93</ele>
      </trkpt>
      <trkpt lat="42.687670793384314" lon="2.8717501647770405">
        <ele>38.93</ele>
      </trkpt>
      <trkpt lat="42.68757104873657" lon="2.8713583946228027">
        <ele>38.92</ele>
      </trkpt>
      <trkpt lat="42.68747432157397" lon="2.8710789419710636">
        <ele>39.0</ele>
      </trkpt>
      <trkpt lat="42.6873779296875" lon="2.870800495147705">
        <ele>39.11</ele>
      </trkpt>
      <trkpt lat="42.68737801350653" lon="2.870800495147705">
        <ele>39.16</ele>
      </trkpt>
      <trkpt lat="42.68723828718066" lon="2.870451221242547">
        <ele>39.25</ele>
      </trkpt>
      <trkpt lat="42.68709856085479" lon="2.8701020311564207">
        <ele>39.26</ele>
      </trkpt>
      <trkpt lat="42.686958918347955" lon="2.8697527572512627">
        <ele>39.27</ele>
      </trkpt>
      <trkpt lat="42.686820114031434" lon="2.869405746459961">
        <ele>39.28</ele>
      </trkpt>
      <trkpt lat="42.686637472361326" lon="2.869062004610896">
        <ele>39.39</ele>
      </trkpt>
      <trkpt lat="42.68645524978638" lon="2.8687191009521484">
        <ele>39.49</ele>
      </trkpt>
      <trkpt lat="42.686297753825784" lon="2.8684684820473194">
        <ele>39.56</ele>
      </trkpt>
      <trkpt lat="42.68614025786519" lon="2.868217946961522">
        <ele>39.58</ele>
      </trkpt>
      <trkpt lat="42.68598326481879" lon="2.8679680824279785">
        <ele>39.64</ele>
      </trkpt>
      <trkpt lat="42.68589743413031" lon="2.867860794067383">
        <ele>39.7</ele>
      </trkpt>
      <trkpt lat="42.685768688097596" lon="2.8676891326904297">
        <ele>39.78</ele>
      </trkpt>
      <trkpt lat="42.68563977442682" lon="2.867495846003294">
        <ele>39.86</ele>
      </trkpt>
      <trkpt lat="42.68551119603217" lon="2.867302894592285">
        <ele>39.94</ele>
      </trkpt>
      <trkpt lat="42.685367949306965" lon="2.8670737333595753">
        <ele>40.02</ele>
      </trkpt>
      <trkpt lat="42.685224786400795" lon="2.866844655945897">
        <ele>40.03</ele>
      </trkpt>
      <trkpt lat="42.68508195877075" lon="2.8666162490844727">
        <ele>40.06</ele>
      </trkpt>
      <trkpt lat="42.685039043426514" lon="2.8664445877075195">
        <ele>40.1</ele>
      </trkpt>
      <trkpt lat="42.68487576395273" lon="2.866130853071809">
        <ele>40.13</ele>
      </trkpt>
      <trkpt lat="42.68471248447895" lon="2.86581720225513">
        <ele>40.22</ele>
      </trkpt>
      <trkpt lat="42.6845492888242" lon="2.865503551438451">
        <ele>40.29</ele>
      </trkpt>
      <trkpt lat="42.68438600935042" lon="2.865189900621772">
        <ele>40.31</ele>
      </trkpt>
      <trkpt lat="42.68422373570502" lon="2.8648781776428223">
        <ele>40.32</ele>
      </trkpt>
      <trkpt lat="42.68409473821521" lon="2.8645665384829044">
        <ele>40.4</ele>
      </trkpt>
      <trkpt lat="42.68396624363959" lon="2.864255905151367">
        <ele>40.55</ele>
      </trkpt>
      <trkpt lat="42.6838587038219" lon="2.863976452499628">
        <ele>40.76</ele>
      </trkpt>
      <trkpt lat="42.683751583099365" lon="2.8636980056762695">
        <ele>40.89</ele>
      </trkpt>
      <trkpt lat="42.68383741378784" lon="2.8635692596435547">
        <ele>41.04</ele>
      </trkpt>
      <trkpt lat="42.68383741378784" lon="2.863461971282959">
        <ele>41.22</ele>
      </trkpt>
      <trkpt lat="42.68385887145996" lon="2.8633761405944824">
        <ele>41.42</ele>
      </trkpt>
      <trkpt lat="42.6841589435935" lon="2.8632474783807993">
        <ele>41.71</ele>
      </trkpt>
      <trkpt lat="42.6844596862793" lon="2.8631186485290527">
        <ele>42.1</ele>
      </trkpt>
      <trkpt lat="42.68445977009833" lon="2.8631186485290527">
        <ele>42.36</ele>
      </trkpt>
      <trkpt lat="42.68463134765625" lon="2.863032817840576">
        <ele>42.69</ele>
      </trkpt>
      <trkpt lat="42.68460988998413" lon="2.8629255294799805">
        <ele>42.98</ele>
      </trkpt>
      <trkpt lat="42.684524059295654" lon="2.862582206726074">
        <ele>43.34</ele>
      </trkpt>
      <trkpt lat="42.684502601623535" lon="2.8624534606933594">
        <ele>43.6</ele>
      </trkpt>
      <trkpt lat="42.684481143951416" lon="2.862410545349121">
        <ele>43.82</ele>
      </trkpt>
      <trkpt lat="42.684170342981815" lon="2.8624641057103872">
        <ele>43.95</ele>
      </trkpt>
      <trkpt lat="42.68385887145996" lon="2.862517833709717">
        <ele>44.07</ele>
      </trkpt>
      <trkpt lat="42.68363021314144" lon="2.8625035006552935">
        <ele>44.26</ele>
      </trkpt>
      <trkpt lat="42.68340163864195" lon="2.862489251419902">
        <ele>44.38</ele>
      </trkpt>
      <trkpt lat="42.68317222595215" lon="2.8624749183654785">
        <ele>44.49</ele>
      </trkpt>
      <trkpt lat="42.68306493759155" lon="2.8623461723327637">
        <ele>44.61</ele>
      </trkpt>
      <trkpt lat="42.68293594010174" lon="2.8620452620089054">
        <ele>44.58</ele>
      </trkpt>
      <trkpt lat="42.68280744552612" lon="2.8617453575134277">
        <ele>44.59</ele>
      </trkpt>
      <trkpt lat="42.68272161483765" lon="2.861509323120117">
        <ele>44.64</ele>
      </trkpt>
      <trkpt lat="42.68272169865668" lon="2.861509323120117">
        <ele>44.69</ele>
      </trkpt>
      <trkpt lat="42.68259270116687" lon="2.8612514957785606">
        <ele>44.74</ele>
      </trkpt>
      <trkpt lat="42.68246412277222" lon="2.860994338989258">
        <ele>44.82</ele>
      </trkpt>
      <trkpt lat="42.682271087542176" lon="2.860715389251709">
        <ele>44.91</ele>
      </trkpt>
      <trkpt lat="42.68209942616522" lon="2.86043643951416">
        <ele>45.04</ele>
      </trkpt>
      <trkpt lat="42.68195986747742" lon="2.8602431528270245">
        <ele>45.11</ele>
      </trkpt>
      <trkpt lat="42.681820476427674" lon="2.8600502014160156">
        <ele>45.13</ele>
      </trkpt>
      <trkpt lat="42.681636326014996" lon="2.859774101525545">
        <ele>45.17</ele>
      </trkpt>
      <trkpt lat="42.68145225942135" lon="2.8594980016350746">
        <ele>45.23</ele>
      </trkpt>
      <trkpt lat="42.6812681928277" lon="2.859221901744604">
        <ele>45.31</ele>
      </trkpt>
      <trkpt lat="42.681084126234055" lon="2.8589458018541336">
        <ele>45.34</ele>
      </trkpt>
      <trkpt lat="42.68090005964041" lon="2.858669701963663">
        <ele>45.39</ele>
      </trkpt>
      <trkpt lat="42.68071599304676" lon="2.8583936020731926">
        <ele>45.48</ele>
      </trkpt>
      <trkpt lat="42.680532932281494" lon="2.858119010925293">
        <ele>45.59</ele>
      </trkpt>
      <trkpt lat="42.6804253924638" lon="2.8577678091824055">
        <ele>45.68</ele>
      </trkpt>
      <trkpt lat="42.680317936465144" lon="2.8574166912585497">
        <ele>45.7</ele>
      </trkpt>
      <trkpt lat="42.68021106719971" lon="2.857067584991455">
        <ele>45.72</ele>
      </trkpt>
      <trkpt lat="42.68021115101874" lon="2.857067584991455">
        <ele>45.78</ele>
      </trkpt>
      <trkpt lat="42.680107885971665" lon="2.8567364998161793">
        <ele>45.8</ele>
      </trkpt>
      <trkpt lat="42.680004704743624" lon="2.8564054146409035">
        <ele>45.85</ele>
      </trkpt>
      <trkpt lat="42.67990152351558" lon="2.8560744132846594">
        <ele>45.98</ele>
      </trkpt>
      <trkpt lat="42.67979834228754" lon="2.8557433281093836">
        <ele>46.11</ele>
      </trkpt>
      <trkpt lat="42.67969616688788" lon="2.8554153442382812">
        <ele>46.21</ele>
      </trkpt>
      <trkpt lat="42.679595835506916" lon="2.8550928086042404">
        <ele>46.3</ele>
      </trkpt>
      <trkpt lat="42.67949550412595" lon="2.8547703567892313">
        <ele>46.4</ele>
      </trkpt>
      <trkpt lat="42.67939575947821" lon="2.85444974899292">
        <ele>46.57</ele>
      </trkpt>
      <trkpt lat="42.679288471117616" lon="2.854127883911133">
        <ele>46.75</ele>
      </trkpt>
      <trkpt lat="42.679180931299925" lon="2.8537766821682453">
        <ele>46.85</ele>
      </trkpt>
      <trkpt lat="42.679073391482234" lon="2.8534255642443895">
        <ele>46.94</ele>
      </trkpt>
      <trkpt lat="42.6789665222168" lon="2.853076457977295">
        <ele>46.98</ele>
      </trkpt>
      <trkpt lat="42.67888764850795" lon="2.852753922343254">
        <ele>47.06</ele>
      </trkpt>
      <trkpt lat="42.67880877479911" lon="2.8524313867092133">
        <ele>47.14</ele>
      </trkpt>
      <trkpt lat="42.678730487823486" lon="2.8521108627319336">
        <ele>47.23</ele>
      </trkpt>
      <trkpt lat="42.679030895233154" lon="2.8519821166992188">
        <ele>47.31</ele>
      </trkpt>
      <trkpt lat="42.67909526824951" lon="2.8518319129943848">
        <ele>47.4</ele>
      </trkpt>
      <trkpt lat="42.67914539203048" lon="2.8514877520501614">
        <ele>47.48</ele>
      </trkpt>
      <trkpt lat="42.679195599630475" lon="2.8511436749249697">
        <ele>47.6</ele>
      </trkpt>
      <trkpt lat="42.679245471954346" lon="2.850801944732666">
        <ele>47.71</ele>
      </trkpt>
      <trkpt lat="42.679084707051516" lon="2.850748300552368">
        <ele>47.89</ele>
      </trkpt>
      <trkpt lat="42.67892360687256" lon="2.8506946563720703">
        <ele>48.07</ele>
      </trkpt>
      <trkpt lat="42.678655721247196" lon="2.8506839275360107">
        <ele>48.23</ele>
      </trkpt>
      <trkpt lat="42.67838716506958" lon="2.850673198699951">
        <ele>48.35</ele>
      </trkpt>
      <trkpt lat="42.678258419036865" lon="2.8505443688482046">
        <ele>48.6</ele>
      </trkpt>
      <trkpt lat="42.67812975682318" lon="2.8504157066345215">
        <ele>48.86</ele>
      </trkpt>
      <trkpt lat="42.67803302966058" lon="2.8501362539827824">
        <ele>49.1</ele>
      </trkpt>
      <trkpt lat="42.67793663777411" lon="2.849857807159424">
        <ele>49.3</ele>
      </trkpt>
      <trkpt lat="42.67793663777411" lon="2.8498148918151855">
        <ele>49.53</ele>
      </trkpt>
      <trkpt lat="42.67784343101084" lon="2.8495497722178698">
        <ele>49.78</ele>
      </trkpt>
      <trkpt lat="42.677750224247575" lon="2.849284652620554">
        <ele>50.0</ele>
      </trkpt>
      <trkpt lat="42.67765760421753" lon="2.8490209579467773">
        <ele>50.27</ele>
      </trkpt>
      <trkpt lat="42.67765768803656" lon="2.8490209579467773">
        <ele>50.52</ele>
      </trkpt>
      <trkpt lat="42.67754478380084" lon="2.8486931417137384">
        <ele>50.82</ele>
      </trkpt>
      <trkpt lat="42.67743196338415" lon="2.8483653254806995">
        <ele>51.19</ele>
      </trkpt>
      <trkpt lat="42.67731914296746" lon="2.8480375092476606">
        <ele>51.58</ele>
      </trkpt>
      <trkpt lat="42.67720707692206" lon="2.8477120399475098">
        <ele>51.8</ele>
      </trkpt>
      <trkpt lat="42.67718561924994" lon="2.8476476669311523">
        <ele>51.97</ele>
      </trkpt>
      <trkpt lat="42.67705662176013" lon="2.8472894243896008">
        <ele>51.99</ele>
      </trkpt>
      <trkpt lat="42.67692762427032" lon="2.846931181848049">
        <ele>52.03</ele>
      </trkpt>
      <trkpt lat="42.676799297332764" lon="2.8465747833251953">
        <ele>52.21</ele>
      </trkpt>
      <trkpt lat="42.67672402784228" lon="2.846219977363944">
        <ele>52.49</ele>
      </trkpt>
      <trkpt lat="42.6766487583518" lon="2.845865171402693">
        <ele>52.67</ele>
      </trkpt>
      <trkpt lat="42.67657348886132" lon="2.8455103654414415">
        <ele>52.69</ele>
      </trkpt>
      <trkpt lat="42.676498889923096" lon="2.845158576965332">
        <ele>52.75</ele>
      </trkpt>
      <trkpt lat="42.67649897374213" lon="2.845158576965332">
        <ele>52.83</ele>
      </trkpt>
      <trkpt lat="42.67643443308771" lon="2.84481986425817">
        <ele>52.84</ele>
      </trkpt>
      <trkpt lat="42.676369892433286" lon="2.8444811515510082">
        <ele>52.92</ele>
      </trkpt>
      <trkpt lat="42.6763054355979" lon="2.8441424388438463">
        <ele>53.06</ele>
      </trkpt>
      <trkpt lat="42.6762414816767" lon="2.843806743621826">
        <ele>53.12</ele>
      </trkpt>
      <trkpt lat="42.67615900374949" lon="2.843405334278941">
        <ele>53.18</ele>
      </trkpt>
      <trkpt lat="42.67607652582228" lon="2.843003924936056">
        <ele>53.14</ele>
      </trkpt>
      <trkpt lat="42.675994131714106" lon="2.842602515593171">
        <ele>53.15</ele>
      </trkpt>
      <trkpt lat="42.6759116537869" lon="2.842201106250286">
        <ele>53.13</ele>
      </trkpt>
      <trkpt lat="42.67582925967872" lon="2.841799696907401">
        <ele>53.14</ele>
      </trkpt>
      <trkpt lat="42.675747871398926" lon="2.8414034843444824">
        <ele>53.08</ele>
      </trkpt>
      <trkpt lat="42.67574795521796" lon="2.8414034843444824">
        <ele>53.06</ele>
      </trkpt>
      <trkpt lat="42.67566908150911" lon="2.8410235326737165">
        <ele>53.05</ele>
      </trkpt>
      <trkpt lat="42.67559020780027" lon="2.8406436648219824">
        <ele>53.09</ele>
      </trkpt>
      <trkpt lat="42.67551192082465" lon="2.840266227722168">
        <ele>53.07</ele>
      </trkpt>
      <trkpt lat="42.675458109006286" lon="2.839975878596306">
        <ele>53.04</ele>
      </trkpt>
      <trkpt lat="42.67540463246405" lon="2.839686870574951">
        <ele>52.96</ele>
      </trkpt>
      <trkpt lat="42.6753830909729" lon="2.839536666870117">
        <ele>52.91</ele>
      </trkpt>
      <trkpt lat="42.67546892166138" lon="2.8394722938537598">
        <ele>52.89</ele>
      </trkpt>
      <trkpt lat="42.67542592249811" lon="2.839257214218378">
        <ele>52.87</ele>
      </trkpt>
      <trkpt lat="42.67538317479193" lon="2.839043140411377">
        <ele>52.86</ele>
      </trkpt>
      <trkpt lat="42.67536171711981" lon="2.8388500213623047">
        <ele>52.85</ele>
      </trkpt>
      <trkpt lat="42.675340259447694" lon="2.8388071060180664">
        <ele>52.86</ele>
      </trkpt>
      <trkpt lat="42.67516851425171" lon="2.838742733001709">
        <ele>52.88</ele>
      </trkpt>
      <trkpt lat="42.675025183707476" lon="2.8384060319513083">
        <ele>52.92</ele>
      </trkpt>
      <trkpt lat="42.674881936982274" lon="2.8380693309009075">
        <ele>52.95</ele>
      </trkpt>
      <trkpt lat="42.674739360809326" lon="2.8377342224121094">
        <ele>52.93</ele>
      </trkpt>
      <trkpt lat="42.67458915710449" lon="2.837798595428467">
        <ele>53.09</ele>
      </trkpt>
      <trkpt lat="42.67443870194256" lon="2.8374762274324894">
        <ele>53.16</ele>
      </trkpt>
      <trkpt lat="42.674288749694824" lon="2.8371548652648926">
        <ele>53.35</ele>
      </trkpt>
      <trkpt lat="42.67418154515326" lon="2.836768627166748">
        <ele>53.54</ele>
      </trkpt>
      <trkpt lat="42.67416008748114" lon="2.8365540504455566">
        <ele>53.71</ele>
      </trkpt>
      <trkpt lat="42.67410627566278" lon="2.836317513138056">
        <ele>53.87</ele>
      </trkpt>
      <trkpt lat="42.674052799120545" lon="2.8360819816589355">
        <ele>54.05</ele>
      </trkpt>
      <trkpt lat="42.674009799957275" lon="2.835867404937744">
        <ele>54.27</ele>
      </trkpt>
      <trkpt lat="42.673891531303525" lon="2.835523411631584">
        <ele>54.5</ele>
      </trkpt>
      <trkpt lat="42.673773765563965" lon="2.8351807594299316">
        <ele>54.66</ele>
      </trkpt>
      <trkpt lat="42.673628674820065" lon="2.834863755851984">
        <ele>54.84</ele>
      </trkpt>
      <trkpt lat="42.6734836678952" lon="2.834546836093068">
        <ele>55.04</ele>
      </trkpt>
      <trkpt lat="42.67333866097033" lon="2.834229916334152">
        <ele>55.3</ele>
      </trkpt>
      <trkpt lat="42.67319449223578" lon="2.8339147567749023">
        <ele>55.52</ele>
      </trkpt>
      <trkpt lat="42.67319440841675" lon="2.8339147567749023">
        <ele>55.73</ele>
      </trkpt>
      <trkpt lat="42.673051161691546" lon="2.8336855955421925">
        <ele>55.96</ele>
      </trkpt>
      <trkpt lat="42.67290799878538" lon="2.8334565181285143">
        <ele>56.21</ele>
      </trkpt>
      <trkpt lat="42.672765254974365" lon="2.83322811126709">
        <ele>56.45</ele>
      </trkpt>
      <trkpt lat="42.67259359359741" lon="2.833056366071105">
        <ele>56.67</ele>
      </trkpt>
      <trkpt lat="42.67242201603949" lon="2.8328847885131836">
        <ele>56.88</ele>
      </trkpt>
      <trkpt lat="42.67242193222046" lon="2.8328847885131836">
        <ele>57.1</ele>
      </trkpt>
      <trkpt lat="42.67221816815436" lon="2.8327667713165283">
        <ele>57.33</ele>
      </trkpt>
      <trkpt lat="42.672014236450195" lon="2.832648754119873">
        <ele>57.59</ele>
      </trkpt>
      <trkpt lat="42.67186411656439" lon="2.832648754119873">
        <ele>57.82</ele>
      </trkpt>
      <trkpt lat="42.671799743548036" lon="2.832670211791992">
        <ele>58.03</ele>
      </trkpt>
      <trkpt lat="42.671638894826174" lon="2.8327237721532583">
        <ele>58.25</ele>
      </trkpt>
      <trkpt lat="42.67147779464722" lon="2.832777500152588">
        <ele>58.43</ele>
      </trkpt>
      <trkpt lat="42.67122910358012" lon="2.832901803776622">
        <ele>58.62</ele>
      </trkpt>
      <trkpt lat="42.67098041251302" lon="2.8330261912196875">
        <ele>58.83</ele>
      </trkpt>
      <trkpt lat="42.67073172144592" lon="2.8331504948437214">
        <ele>59.07</ele>
      </trkpt>
      <trkpt lat="42.67048303037882" lon="2.833274882286787">
        <ele>59.33</ele>
      </trkpt>
      <trkpt lat="42.67023333348334" lon="2.833399772644043">
        <ele>59.66</ele>
      </trkpt>
      <trkpt lat="42.669979613274336" lon="2.8335212264209986">
        <ele>59.93</ele>
      </trkpt>
      <trkpt lat="42.66972589306533" lon="2.833642680197954">
        <ele>60.07</ele>
      </trkpt>
      <trkpt lat="42.66947217285633" lon="2.8337642177939415">
        <ele>60.24</ele>
      </trkpt>
      <trkpt lat="42.66921853646636" lon="2.833885671570897">
        <ele>60.39</ele>
      </trkpt>
      <trkpt lat="42.66896481625736" lon="2.8340072091668844">
        <ele>60.61</ele>
      </trkpt>
      <trkpt lat="42.66870983876288" lon="2.8341293334960938">
        <ele>60.73</ele>
      </trkpt>
      <trkpt lat="42.66870975494385" lon="2.8341293334960938">
        <ele>60.86</ele>
      </trkpt>
      <trkpt lat="42.66849542967975" lon="2.8341721650213003">
        <ele>60.98</ele>
      </trkpt>
      <trkpt lat="42.6682806853205" lon="2.8342151641845703">
        <ele>61.07</ele>
      </trkpt>
      <trkpt lat="42.668001651763916" lon="2.834172248840332">
        <ele>61.18</ele>
      </trkpt>
      <trkpt lat="42.667808616533875" lon="2.8340542316436768">
        <ele>61.29</ele>
      </trkpt>
      <trkpt lat="42.6676154974848" lon="2.8339362144470215">
        <ele>61.29</ele>
      </trkpt>
      <trkpt lat="42.66761541366577" lon="2.8339362144470215">
        <ele>61.39</ele>
      </trkpt>
      <trkpt lat="42.667508125305176" lon="2.833871841430664">
        <ele>61.45</ele>
      </trkpt>
      <trkpt lat="42.66731492243707" lon="2.833614181727171">
        <ele>61.53</ele>
      </trkpt>
      <trkpt lat="42.66712197102606" lon="2.8333568572998047">
        <ele>61.71</ele>
      </trkpt>
      <trkpt lat="42.66697176732123" lon="2.8331422805786133">
        <ele>61.88</ele>
      </trkpt>
      <trkpt lat="42.66690739430487" lon="2.8330349922180176">
        <ele>62.0</ele>
      </trkpt>
      <trkpt lat="42.66672492027283" lon="2.832831060513854">
        <ele>62.13</ele>
      </trkpt>
      <trkpt lat="42.666542613878846" lon="2.832627296447754">
        <ele>62.26</ele>
      </trkpt>
      <trkpt lat="42.66628528945148" lon="2.83252009190619">
        <ele>62.39</ele>
      </trkpt>
      <trkpt lat="42.666027545928955" lon="2.8324127197265625">
        <ele>62.46</ele>
      </trkpt>
      <trkpt lat="42.66577013768256" lon="2.8323912620544434">
        <ele>62.48</ele>
      </trkpt>
      <trkpt lat="42.665469981729984" lon="2.832369804382324">
        <ele>62.52</ele>
      </trkpt>
      <trkpt lat="42.66516923904419" lon="2.832348346710205">
        <ele>62.56</ele>
      </trkpt>
      <trkpt lat="42.66491183079779" lon="2.8323912620544434">
        <ele>62.59</ele>
      </trkpt>
      <trkpt lat="42.66466741450131" lon="2.8324898332357407">
        <ele>62.63</ele>
      </trkpt>
      <trkpt lat="42.66442299820483" lon="2.832588404417038">
        <ele>62.64</ele>
      </trkpt>
      <trkpt lat="42.664178581908345" lon="2.832687059417367">
        <ele>62.65</ele>
      </trkpt>
      <trkpt lat="42.66393416561186" lon="2.8327856305986643">
        <ele>62.48</ele>
      </trkpt>
      <trkpt lat="42.66368865966797" lon="2.8328847885131836">
        <ele>62.42</ele>
      </trkpt>
      <trkpt lat="42.66349562443793" lon="2.8330135345458984">
        <ele>62.36</ele>
      </trkpt>
      <trkpt lat="42.66347408294678" lon="2.833099365234375">
        <ele>62.32</ele>
      </trkpt>
      <trkpt lat="42.66347408294678" lon="2.83322811126709">
        <ele>62.29</ele>
      </trkpt>
      <trkpt lat="42.66345262527466" lon="2.833271026611328">
        <ele>62.26</ele>
      </trkpt>
      <trkpt lat="42.6632381323725" lon="2.833399772644043">
        <ele>62.24</ele>
      </trkpt>
      <trkpt lat="42.66317375935614" lon="2.833421230316162">
        <ele>62.22</ele>
      </trkpt>
      <trkpt lat="42.663023471832275" lon="2.8334641456604004">
        <ele>62.24</ele>
      </trkpt>
      <trkpt lat="42.662851978093386" lon="2.833399772644043">
        <ele>62.24</ele>
      </trkpt>
      <trkpt lat="42.66268014907837" lon="2.8333353996276855">
        <ele>62.26</ele>
      </trkpt>
      <trkpt lat="42.6624299492687" lon="2.8334497287869453">
        <ele>62.23</ele>
      </trkpt>
      <trkpt lat="42.66217983327806" lon="2.833564057946205">
        <ele>62.18</ele>
      </trkpt>
      <trkpt lat="42.6619291305542" lon="2.833678722381592">
        <ele>62.25</ele>
      </trkpt>
      <trkpt lat="42.66188629902899" lon="2.833743095397949">
        <ele>62.33</ele>
      </trkpt>
      <trkpt lat="42.66184329986572" lon="2.833850383758545">
        <ele>62.42</ele>
      </trkpt>
      <trkpt lat="42.66175755299628" lon="2.8339147567749023">
        <ele>62.54</ele>
      </trkpt>
      <trkpt lat="42.66169317997992" lon="2.8339147567749023">
        <ele>62.66</ele>
      </trkpt>
      <trkpt lat="42.661521434783936" lon="2.833850383758545">
        <ele>62.8</ele>
      </trkpt>
      <trkpt lat="42.66134977340698" lon="2.833893299102783">
        <ele>62.9</ele>
      </trkpt>
      <trkpt lat="42.66128548420966" lon="2.8339791297912598">
        <ele>63.03</ele>
      </trkpt>
      <trkpt lat="42.66119965352118" lon="2.834150791168213">
        <ele>63.16</ele>
      </trkpt>
      <trkpt lat="42.66115665435791" lon="2.8342151641845703">
        <ele>63.29</ele>
      </trkpt>
      <trkpt lat="42.66102799214423" lon="2.8342795372009277">
        <ele>63.47</ele>
      </trkpt>
      <trkpt lat="42.66079195775092" lon="2.834172248840332">
        <ele>63.71</ele>
      </trkpt>
      <trkpt lat="42.660791873931885" lon="2.834172248840332">
        <ele>63.89</ele>
      </trkpt>
      <trkpt lat="42.660770416259766" lon="2.834150791168213">
        <ele>64.08</ele>
      </trkpt>
      <trkpt lat="42.6605130918324" lon="2.834257911890745">
        <ele>64.29</ele>
      </trkpt>
      <trkpt lat="42.660255851224065" lon="2.834365116432309">
        <ele>64.52</ele>
      </trkpt>
      <trkpt lat="42.65999861061573" lon="2.834472320973873">
        <ele>64.73</ele>
      </trkpt>
      <trkpt lat="42.659741370007396" lon="2.834579525515437">
        <ele>64.88</ele>
      </trkpt>
      <trkpt lat="42.65948412939906" lon="2.834686730057001">
        <ele>65.02</ele>
      </trkpt>
      <trkpt lat="42.65922546386719" lon="2.834794521331787">
        <ele>65.12</ele>
      </trkpt>
      <trkpt lat="42.65903251245618" lon="2.834826624020934">
        <ele>65.22</ele>
      </trkpt>
      <trkpt lat="42.65883922576904" lon="2.8348588943481445">
        <ele>65.34</ele>
      </trkpt>
      <trkpt lat="42.658646358177066" lon="2.834848165512085">
        <ele>65.48</ele>
      </trkpt>
      <trkpt lat="42.65845307148993" lon="2.8348374366760254">
        <ele>65.58</ele>
      </trkpt>
      <trkpt lat="42.65825995244086" lon="2.834794521331787">
        <ele>65.68</ele>
      </trkpt>
      <trkpt lat="42.6580023765564" lon="2.8347086906433105">
        <ele>65.79</ele>
      </trkpt>
      <trkpt lat="42.657830798998475" lon="2.8347301483154297">
        <ele>65.87</ele>
      </trkpt>
      <trkpt lat="42.65772342681885" lon="2.834751605987549">
        <ele>65.89</ele>
      </trkpt>
      <trkpt lat="42.65768059529364" lon="2.8346657752990723">
        <ele>65.91</ele>
      </trkpt>
      <trkpt lat="42.65765913762152" lon="2.834601402282715">
        <ele>65.9</ele>
      </trkpt>
      <trkpt lat="42.65765913762152" lon="2.8345584869384766">
        <ele>65.87</ele>
      </trkpt>
      <trkpt lat="42.65738018788397" lon="2.8343653678894043">
        <ele>65.83</ele>
      </trkpt>
      <trkpt lat="42.65738010406494" lon="2.8343653678894043">
        <ele>65.78</ele>
      </trkpt>
      <trkpt lat="42.657101321965456" lon="2.8341830614954233">
        <ele>65.68</ele>
      </trkpt>
      <trkpt lat="42.656822288408875" lon="2.834000587463379">
        <ele>65.51</ele>
      </trkpt>
      <trkpt lat="42.6565863378346" lon="2.8338461089879274">
        <ele>65.37</ele>
      </trkpt>
      <trkpt lat="42.65635047107935" lon="2.8336917143315077">
        <ele>65.27</ele>
      </trkpt>
      <trkpt lat="42.65611452050507" lon="2.833537319675088">
        <ele>65.21</ele>
      </trkpt>
      <trkpt lat="42.655878653749824" lon="2.833382925018668">
        <ele>65.2</ele>
      </trkpt>
      <trkpt lat="42.65564211644232" lon="2.83322811126709">
        <ele>65.15</ele>
      </trkpt>
      <trkpt lat="42.655556285753846" lon="2.8331637382507324">
        <ele>65.11</ele>
      </trkpt>
      <trkpt lat="42.655556201934814" lon="2.8331637382507324">
        <ele>65.08</ele>
      </trkpt>
      <trkpt lat="42.655320251360536" lon="2.833000710234046">
        <ele>65.06</ele>
      </trkpt>
      <trkpt lat="42.65508430078626" lon="2.8328376822173595">
        <ele>65.1</ele>
      </trkpt>
      <trkpt lat="42.65484843403101" lon="2.832674738019705">
        <ele>65.14</ele>
      </trkpt>
      <trkpt lat="42.65461248345673" lon="2.8325117100030184">
        <ele>65.23</ele>
      </trkpt>
      <trkpt lat="42.65437602996826" lon="2.832348346710205">
        <ele>65.26</ele>
      </trkpt>
      <trkpt lat="42.654354656115174" lon="2.8322196006774902">
        <ele>65.25</ele>
      </trkpt>
      <trkpt lat="42.65437611378729" lon="2.832198143005371">
        <ele>65.26</ele>
      </trkpt>
      <trkpt lat="42.65444048680365" lon="2.8321337699890137">
        <ele>65.25</ele>
      </trkpt>
      <trkpt lat="42.65463360585272" lon="2.8318333625793457">
        <ele>65.19</ele>
      </trkpt>
      <trkpt lat="42.65467643737793" lon="2.8317689895629883">
        <ele>65.21</ele>
      </trkpt>
      <trkpt lat="42.654612148180604" lon="2.831704616546631">
        <ele>65.25</ele>
      </trkpt>
      <trkpt lat="42.65446194447577" lon="2.831597328186035">
        <ele>65.3</ele>
      </trkpt>
      <trkpt lat="42.65446186065674" lon="2.831597328186035">
        <ele>65.37</ele>
      </trkpt>
      <trkpt lat="42.654301011934876" lon="2.8314900398254395">
        <ele>65.45</ele>
      </trkpt>
      <trkpt lat="42.65413999557495" lon="2.8313827514648438">
        <ele>65.56</ele>
      </trkpt>
      <trkpt lat="42.654054248705506" lon="2.831404209136963">
        <ele>65.66</ele>
      </trkpt>
      <trkpt lat="42.65386096201837" lon="2.831640327349305">
        <ele>65.76</ele>
      </trkpt>
      <trkpt lat="42.65366792678833" lon="2.831876277923584">
        <ele>65.92</ele>
      </trkpt>
      <trkpt lat="42.653467766940594" lon="2.8317404072731733">
        <ele>66.07</ele>
      </trkpt>
      <trkpt lat="42.65326760709286" lon="2.8316046204417944">
        <ele>66.24</ele>
      </trkpt>
      <trkpt lat="42.653067195788026" lon="2.8314685821533203">
        <ele>66.41</ele>
      </trkpt>
      <trkpt lat="42.652852702885866" lon="2.831329107284546">
        <ele>66.66</ele>
      </trkpt>
      <trkpt lat="42.65263804234564" lon="2.8311896324157715">
        <ele>66.9</ele>
      </trkpt>
      <trkpt lat="42.65245565213263" lon="2.831050157546997">
        <ele>67.14</ele>
      </trkpt>
      <trkpt lat="42.65227326191962" lon="2.8309106826782227">
        <ele>67.38</ele>
      </trkpt>
      <trkpt lat="42.65218743123114" lon="2.8308463096618652">
        <ele>67.55</ele>
      </trkpt>
      <trkpt lat="42.65210151672363" lon="2.830803394317627">
        <ele>67.72</ele>
      </trkpt>
      <trkpt lat="42.652101600542665" lon="2.830803394317627">
        <ele>67.89</ele>
      </trkpt>
      <trkpt lat="42.651887107640505" lon="2.8306603990495205">
        <ele>68.07</ele>
      </trkpt>
      <trkpt lat="42.651672614738345" lon="2.830517403781414">
        <ele>68.21</ele>
      </trkpt>
      <trkpt lat="42.65145787037909" lon="2.830374240875244">
        <ele>68.32</ele>
      </trkpt>
      <trkpt lat="42.651372039690614" lon="2.8302884101867676">
        <ele>68.51</ele>
      </trkpt>
      <trkpt lat="42.65117883682251" lon="2.8300737496465445">
        <ele>68.7</ele>
      </trkpt>
      <trkpt lat="42.65098571777344" lon="2.8298592567443848">
        <ele>68.94</ele>
      </trkpt>
      <trkpt lat="42.65098580159247" lon="2.8298592567443848">
        <ele>69.22</ele>
      </trkpt>
      <trkpt lat="42.650814056396484" lon="2.8296446800231934">
        <ele>69.55</ele>
      </trkpt>
      <trkpt lat="42.65059931203723" lon="2.8293440211564302">
        <ele>69.91</ele>
      </trkpt>
      <trkpt lat="42.650384567677975" lon="2.829043446108699">
        <ele>70.33</ele>
      </trkpt>
      <trkpt lat="42.65016990713775" lon="2.8287428710609674">
        <ele>70.77</ele>
      </trkpt>
      <trkpt lat="42.6499551627785" lon="2.8284422121942043">
        <ele>71.2</ele>
      </trkpt>
      <trkpt lat="42.649740502238274" lon="2.828141637146473">
        <ele>71.73</ele>
      </trkpt>
      <trkpt lat="42.649526596069336" lon="2.8278422355651855">
        <ele>72.25</ele>
      </trkpt>
      <trkpt lat="42.649397598579526" lon="2.8274983260780573">
        <ele>72.84</ele>
      </trkpt>
      <trkpt lat="42.64926868490875" lon="2.827154416590929">
        <ele>73.51</ele>
      </trkpt>
      <trkpt lat="42.64913977123797" lon="2.8268105071038008">
        <ele>74.18</ele>
      </trkpt>
      <trkpt lat="42.64901077374816" lon="2.8264666814357042">
        <ele>74.83</ele>
      </trkpt>
      <trkpt lat="42.64888294972479" lon="2.8261256217956543">
        <ele>75.48</ele>
      </trkpt>
      <trkpt lat="42.64875085093081" lon="2.8257647808641195">
        <ele>76.24</ele>
      </trkpt>
      <trkpt lat="42.64861883595586" lon="2.8254040237516165">
        <ele>77.0</ele>
      </trkpt>
      <trkpt lat="42.64848682098091" lon="2.8250431828200817">
        <ele>77.67</ele>
      </trkpt>
      <trkpt lat="42.648354806005955" lon="2.8246824257075787">
        <ele>78.38</ele>
      </trkpt>
      <trkpt lat="42.648222791031" lon="2.824321584776044">
        <ele>79.01</ele>
      </trkpt>
      <trkpt lat="42.64809069223702" lon="2.823960827663541">
        <ele>79.61</ele>
      </trkpt>
      <trkpt lat="42.64795867726207" lon="2.823600070551038">
        <ele>80.27</ele>
      </trkpt>
      <trkpt lat="42.647826662287116" lon="2.823239229619503">
        <ele>80.98</ele>
      </trkpt>
      <trkpt lat="42.647694647312164" lon="2.822878472507">
        <ele>81.59</ele>
      </trkpt>
      <trkpt lat="42.64756263233721" lon="2.822517715394497">
        <ele>82.24</ele>
      </trkpt>
      <trkpt lat="42.64743061736226" lon="2.822156874462962">
        <ele>82.94</ele>
      </trkpt>
      <trkpt lat="42.64729851856828" lon="2.821796117350459">
        <ele>83.52</ele>
      </trkpt>
      <trkpt lat="42.647166503593326" lon="2.821435360237956">
        <ele>84.03</ele>
      </trkpt>
      <trkpt lat="42.647037506103516" lon="2.8210830688476562">
        <ele>84.51</ele>
      </trkpt>
      <trkpt lat="42.64688713476062" lon="2.8207894507795572">
        <ele>85.05</ele>
      </trkpt>
      <trkpt lat="42.64673676341772" lon="2.820495832711458">
        <ele>85.56</ele>
      </trkpt>
      <trkpt lat="42.646586978808045" lon="2.8202033042907715">
        <ele>85.99</ele>
      </trkpt>
      <trkpt lat="42.64642579481006" lon="2.819924019277096">
        <ele>86.32</ele>
      </trkpt>
      <trkpt lat="42.64626502990723" lon="2.819645404815674">
        <ele>86.61</ele>
      </trkpt>
      <trkpt lat="42.64606973156333" lon="2.8193486016243696">
        <ele>86.96</ele>
      </trkpt>
      <trkpt lat="42.645874517038465" lon="2.819051882252097">
        <ele>87.39</ele>
      </trkpt>
      <trkpt lat="42.6456793025136" lon="2.8187551628798246">
        <ele>87.78</ele>
      </trkpt>
      <trkpt lat="42.645484087988734" lon="2.8184583596885204">
        <ele>88.08</ele>
      </trkpt>
      <trkpt lat="42.64528887346387" lon="2.818161640316248">
        <ele>88.39</ele>
      </trkpt>
      <trkpt lat="42.645093658939004" lon="2.8178649209439754">
        <ele>88.7</ele>
      </trkpt>
      <trkpt lat="42.64489844441414" lon="2.817568201571703">
        <ele>88.99</ele>
      </trkpt>
      <trkpt lat="42.644703229889274" lon="2.8172713983803988">
        <ele>89.29</ele>
      </trkpt>
      <trkpt lat="42.64450801536441" lon="2.8169746790081263">
        <ele>89.57</ele>
      </trkpt>
      <trkpt lat="42.64431280083954" lon="2.8166779596358538">
        <ele>89.76</ele>
      </trkpt>
      <trkpt lat="42.64411926269531" lon="2.8163838386535645">
        <ele>90.0</ele>
      </trkpt>
      <trkpt lat="42.6439902652055" lon="2.816061470657587">
        <ele>90.28</ele>
      </trkpt>
      <trkpt lat="42.643861351534724" lon="2.8157391026616096">
        <ele>90.51</ele>
      </trkpt>
      <trkpt lat="42.64373302459717" lon="2.815418243408203">
        <ele>90.69</ele>
      </trkpt>
      <trkpt lat="42.643561363220215" lon="2.815096378326416">
        <ele>90.89</ele>
      </trkpt>
      <trkpt lat="42.64341107569635" lon="2.8149030916392803">
        <ele>91.05</ele>
      </trkpt>
      <trkpt lat="42.64326095581055" lon="2.8147101402282715">
        <ele>91.19</ele>
      </trkpt>
      <trkpt lat="42.64300354756415" lon="2.81449556350708">
        <ele>91.3</ele>
      </trkpt>
      <trkpt lat="42.64273909851909" lon="2.814366901293397">
        <ele>91.4</ele>
      </trkpt>
      <trkpt lat="42.642474649474025" lon="2.814238239079714">
        <ele>91.54</ele>
      </trkpt>
      <trkpt lat="42.64221020042896" lon="2.8141095768660307">
        <ele>91.6</ele>
      </trkpt>
      <trkpt lat="42.6419457513839" lon="2.8139809984713793">
        <ele>91.6</ele>
      </trkpt>
      <trkpt lat="42.64168138615787" lon="2.813852336257696">
        <ele>91.65</ele>
      </trkpt>
      <trkpt lat="42.64141693711281" lon="2.813723674044013">
        <ele>91.69</ele>
      </trkpt>
      <trkpt lat="42.641152488067746" lon="2.81359501183033">
        <ele>91.66</ele>
      </trkpt>
      <trkpt lat="42.640888039022684" lon="2.8134664334356785">
        <ele>91.63</ele>
      </trkpt>
      <trkpt lat="42.64062166213989" lon="2.8133368492126465">
        <ele>91.63</ele>
      </trkpt>
      <trkpt lat="42.64038562774658" lon="2.8131351806223392">
        <ele>91.72</ele>
      </trkpt>
      <trkpt lat="42.6401496771723" lon="2.812933512032032">
        <ele>91.71</ele>
      </trkpt>
      <trkpt lat="42.63991364277899" lon="2.8127318434417248">
        <ele>91.58</ele>
      </trkpt>
      <trkpt lat="42.639677692204714" lon="2.8125301748514175">
        <ele>91.4</ele>
      </trkpt>
      <trkpt lat="42.63944149017334" lon="2.812328338623047">
        <ele>91.26</ele>
      </trkpt>
      <trkpt lat="42.639197492972016" lon="2.812151312828064">
        <ele>91.17</ele>
      </trkpt>
      <trkpt lat="42.63895349577069" lon="2.8119743708521128">
        <ele>91.19</ele>
      </trkpt>
      <trkpt lat="42.63870949856937" lon="2.8117974288761616">
        <ele>91.18</ele>
      </trkpt>
      <trkpt lat="42.63846558518708" lon="2.8116204869002104">
        <ele>91.16</ele>
      </trkpt>
      <trkpt lat="42.638221587985754" lon="2.811443544924259">
        <ele>91.15</ele>
      </trkpt>
      <trkpt lat="42.63797759078443" lon="2.811266602948308">
        <ele>91.15</ele>
      </trkpt>
      <trkpt lat="42.63773367740214" lon="2.811089660972357">
        <ele>91.16</ele>
      </trkpt>
      <trkpt lat="42.6374888420105" lon="2.8109121322631836">
        <ele>91.15</ele>
      </trkpt>
      <trkpt lat="42.637290274724364" lon="2.81067056581378">
        <ele>91.11</ele>
      </trkpt>
      <trkpt lat="42.63709170743823" lon="2.810429083183408">
        <ele>91.21</ele>
      </trkpt>
      <trkpt lat="42.6368931401521" lon="2.8101876005530357">
        <ele>91.27</ele>
      </trkpt>
      <trkpt lat="42.63669490814209" lon="2.8099465370178223">
        <ele>91.3</ele>
      </trkpt>
      <trkpt lat="42.636512434110045" lon="2.8097533341497183">
        <ele>91.36</ele>
      </trkpt>
      <trkpt lat="42.636330127716064" lon="2.8095602989196777">
        <ele>91.39</ele>
      </trkpt>
      <trkpt lat="42.6360849570483" lon="2.809370281174779">
        <ele>91.37</ele>
      </trkpt>
      <trkpt lat="42.63583978638053" lon="2.80918026342988">
        <ele>91.35</ele>
      </trkpt>
      <trkpt lat="42.635594699531794" lon="2.808990329504013">
        <ele>91.42</ele>
      </trkpt>
      <trkpt lat="42.635349528864026" lon="2.8088003117591143">
        <ele>91.44</ele>
      </trkpt>
      <trkpt lat="42.63510435819626" lon="2.8086102940142155">
        <ele>91.49</ele>
      </trkpt>
      <trkpt lat="42.63485927134752" lon="2.8084203600883484">
        <ele>91.6</ele>
      </trkpt>
      <trkpt lat="42.63461351394653" lon="2.808229923248291">
        <ele>91.66</ele>
      </trkpt>
      <trkpt lat="42.634613597765565" lon="2.808229923248291">
        <ele>91.71</ele>
      </trkpt>
      <trkpt lat="42.63435618951917" lon="2.8084121458232403">
        <ele>91.66</ele>
      </trkpt>
      <trkpt lat="42.63409878127277" lon="2.8085944522172213">
        <ele>91.64</ele>
      </trkpt>
      <trkpt lat="42.63384137302637" lon="2.8087767586112022">
        <ele>91.74</ele>
      </trkpt>
      <trkpt lat="42.633584048599005" lon="2.808959065005183">
        <ele>91.92</ele>
      </trkpt>
      <trkpt lat="42.63332664035261" lon="2.809141371399164">
        <ele>92.1</ele>
      </trkpt>
      <trkpt lat="42.633068561553955" lon="2.809324264526367">
        <ele>92.29</ele>
      </trkpt>
      <trkpt lat="42.632864797487855" lon="2.8094421979039907">
        <ele>92.55</ele>
      </trkpt>
      <trkpt lat="42.63266086578369" lon="2.8095602989196777">
        <ele>92.84</ele>
      </trkpt>
      <trkpt lat="42.632387448102236" lon="2.8096835128962994">
        <ele>93.16</ele>
      </trkpt>
      <trkpt lat="42.63211411423981" lon="2.8098068106919527">
        <ele>93.53</ele>
      </trkpt>
      <trkpt lat="42.63184078037739" lon="2.809930108487606">
        <ele>93.94</ele>
      </trkpt>
      <trkpt lat="42.631566524505615" lon="2.810053825378418">
        <ele>94.36</ele>
      </trkpt>
      <trkpt lat="42.631309032440186" lon="2.810225486755371">
        <ele>94.9</ele>
      </trkpt>
      <trkpt lat="42.631094455718994" lon="2.8104099724441767">
        <ele>95.5</ele>
      </trkpt>
      <trkpt lat="42.630879962816834" lon="2.8105944581329823">
        <ele>96.12</ele>
      </trkpt>
      <trkpt lat="42.63066538609564" lon="2.810778943821788">
        <ele>96.71</ele>
      </trkpt>
      <trkpt lat="42.63045089319348" lon="2.8109634295105934">
        <ele>97.39</ele>
      </trkpt>
      <trkpt lat="42.63023614883423" lon="2.811148166656494">
        <ele>98.16</ele>
      </trkpt>
      <trkpt lat="42.62998745776713" lon="2.811251012608409">
        <ele>98.93</ele>
      </trkpt>
      <trkpt lat="42.62973876670003" lon="2.8113539423793554">
        <ele>99.58</ele>
      </trkpt>
      <trkpt lat="42.62949015945196" lon="2.81145678833127">
        <ele>100.24</ele>
      </trkpt>
      <trkpt lat="42.62924146838486" lon="2.8115597181022167">
        <ele>100.9</ele>
      </trkpt>
      <trkpt lat="42.62899168767035" lon="2.8116631507873535">
        <ele>101.45</ele>
      </trkpt>
      <trkpt lat="42.628755904734135" lon="2.811738168820739">
        <ele>102.0</ele>
      </trkpt>
      <trkpt lat="42.62851961888373" lon="2.8118133544921875">
        <ele>102.53</ele>
      </trkpt>
      <trkpt lat="42.628347873687744" lon="2.811899185180664">
        <ele>103.06</ele>
      </trkpt>
      <trkpt lat="42.628111839294434" lon="2.8121136780828238">
        <ele>103.56</ele>
      </trkpt>
      <trkpt lat="42.62787580490112" lon="2.812328338623047">
        <ele>104.07</ele>
      </trkpt>
      <trkpt lat="42.62772551737726" lon="2.812478542327881">
        <ele>104.56</ele>
      </trkpt>
      <trkpt lat="42.627575397491455" lon="2.812628746032715">
        <ele>105.01</ele>
      </trkpt>
      <trkpt lat="42.62742527760565" lon="2.8127574920654297">
        <ele>105.44</ele>
      </trkpt>
      <trkpt lat="42.62731798924506" lon="2.8128862380981445">
        <ele>105.8</ele>
      </trkpt>
      <trkpt lat="42.62727507390082" lon="2.812929153442383">
        <ele>106.07</ele>
      </trkpt>
      <trkpt lat="42.627114057540894" lon="2.813122272491455">
        <ele>106.28</ele>
      </trkpt>
      <trkpt lat="42.62695320881903" lon="2.8133153915405273">
        <ele>106.43</ele>
      </trkpt>
      <trkpt lat="42.62683141976595" lon="2.8135660104453564">
        <ele>106.5</ele>
      </trkpt>
      <trkpt lat="42.62670963071287" lon="2.8138166293501854">
        <ele>106.46</ele>
      </trkpt>
      <trkpt lat="42.626588344573975" lon="2.8140664100646973">
        <ele>106.34</ele>
      </trkpt>
      <trkpt lat="42.626588428393006" lon="2.8140664100646973">
        <ele>106.25</ele>
      </trkpt>
      <trkpt lat="42.62654551304877" lon="2.814152240753174">
        <ele>106.07</ele>
      </trkpt>
      <trkpt lat="42.6265025138855" lon="2.8142595291137695">
        <ele>105.84</ele>
      </trkpt>
      <trkpt lat="42.62622364796698" lon="2.8141307830810547">
        <ele>105.64</ele>
      </trkpt>
      <trkpt lat="42.62618073262274" lon="2.8140878677368164">
        <ele>105.39</ele>
      </trkpt>
      <trkpt lat="42.626116359606385" lon="2.8140664100646973">
        <ele>105.09</ele>
      </trkpt>
      <trkpt lat="42.625923408195376" lon="2.8139805793762207">
        <ele>104.75</ele>
      </trkpt>
      <trkpt lat="42.62573012150824" lon="2.813894748687744">
        <ele>104.41</ele>
      </trkpt>
      <trkpt lat="42.625601375475526" lon="2.813873291015625">
        <ele>104.04</ele>
      </trkpt>
      <trkpt lat="42.625386798754334" lon="2.8138089179992676">
        <ele>103.63</ele>
      </trkpt>
      <trkpt lat="42.62527942657471" lon="2.81374454498291">
        <ele>103.24</ele>
      </trkpt>
      <trkpt lat="42.62504347600043" lon="2.8135299682617188">
        <ele>102.86</ele>
      </trkpt>
      <trkpt lat="42.62484314851463" lon="2.8133153077214956">
        <ele>102.4</ele>
      </trkpt>
      <trkpt lat="42.62464282102883" lon="2.8131007310003042">
        <ele>101.95</ele>
      </trkpt>
      <trkpt lat="42.62444257736206" lon="2.8128862380981445">
        <ele>101.51</ele>
      </trkpt>
      <trkpt lat="42.62424962595105" lon="2.8127896785736084">
        <ele>101.1</ele>
      </trkpt>
      <trkpt lat="42.62405642308295" lon="2.8126931190490723">
        <ele>100.77</ele>
      </trkpt>
      <trkpt lat="42.62399205006659" lon="2.812671661376953">
        <ele>100.48</ele>
      </trkpt>
      <trkpt lat="42.6237774733454" lon="2.8125643730163574">
        <ele>100.25</ele>
      </trkpt>
      <trkpt lat="42.62371301651001" lon="2.8125429153442383">
        <ele>100.03</ele>
      </trkpt>
      <trkpt lat="42.62354135513306" lon="2.812371253967285">
        <ele>99.84</ele>
      </trkpt>
      <trkpt lat="42.62354135513306" lon="2.812328338623047">
        <ele>99.71</ele>
      </trkpt>
      <trkpt lat="42.62349852360785" lon="2.8122639656066895">
        <ele>99.6</ele>
      </trkpt>
      <trkpt lat="42.623391235247254" lon="2.8122425079345703">
        <ele>99.51</ele>
      </trkpt>
      <trkpt lat="42.6233696937561" lon="2.8122639656066895">
        <ele>99.49</ele>
      </trkpt>
      <trkpt lat="42.62319803237915" lon="2.812199592590332">
        <ele>99.49</ele>
      </trkpt>
      <trkpt lat="42.62296208180487" lon="2.8120565973222256">
        <ele>99.55</ele>
      </trkpt>
      <trkpt lat="42.622726215049624" lon="2.811913602054119">
        <ele>99.71</ele>
      </trkpt>
      <trkpt lat="42.62248992919922" lon="2.811770439147949">
        <ele>99.92</ele>
      </trkpt>
      <trkpt lat="42.622268395498395" lon="2.811677483841777">
        <ele>100.1</ele>
      </trkpt>
      <trkpt lat="42.6220469456166" lon="2.811584612354636">
        <ele>100.3</ele>
      </trkpt>
      <trkpt lat="42.62182482518256" lon="2.8114914894104004">
        <ele>100.6</ele>
      </trkpt>
      <trkpt lat="42.62156758457422" lon="2.8114111069589853">
        <ele>100.96</ele>
      </trkpt>
      <trkpt lat="42.62131034396589" lon="2.8113307245075703">
        <ele>101.36</ele>
      </trkpt>
      <trkpt lat="42.62105310335755" lon="2.811250342056155">
        <ele>101.74</ele>
      </trkpt>
      <trkpt lat="42.62079477310181" lon="2.8111696243286133">
        <ele>102.07</ele>
      </trkpt>
      <trkpt lat="42.620516158640385" lon="2.8111159801483154">
        <ele>102.33</ele>
      </trkpt>
      <trkpt lat="42.62023695744574" lon="2.8110623359680176">
        <ele>102.65</ele>
      </trkpt>
      <trkpt lat="42.619944009929895" lon="2.8110408782958984">
        <ele>102.94</ele>
      </trkpt>
      <trkpt lat="42.61965106241405" lon="2.8110194206237793">
        <ele>103.15</ele>
      </trkpt>
      <trkpt lat="42.619357109069824" lon="2.81099796295166">
        <ele>103.41</ele>
      </trkpt>
      <trkpt lat="42.61911068111658" lon="2.811030065640807">
        <ele>103.69</ele>
      </trkpt>
      <trkpt lat="42.618863666430116" lon="2.8110623359680176">
        <ele>103.91</ele>
      </trkpt>
      <trkpt lat="42.61879920959473" lon="2.8110837936401367">
        <ele>104.06</ele>
      </trkpt>
      <trkpt lat="42.61854188516736" lon="2.8112195804715157">
        <ele>104.16</ele>
      </trkpt>
      <trkpt lat="42.618284560739994" lon="2.8113553673028946">
        <ele>104.27</ele>
      </trkpt>
      <trkpt lat="42.61802673339844" lon="2.8114914894104004">
        <ele>104.35</ele>
      </trkpt>
      <trkpt lat="42.61784224770963" lon="2.811534069478512">
        <ele>104.34</ele>
      </trkpt>
      <trkpt lat="42.61774778366089" lon="2.811555862426758">
        <ele>104.29</ele>
      </trkpt>
      <trkpt lat="42.61746883392334" lon="2.8115129470825195">
        <ele>104.22</ele>
      </trkpt>
      <trkpt lat="42.61727596633136" lon="2.8114593029022217">
        <ele>104.07</ele>
      </trkpt>
      <trkpt lat="42.61708267964423" lon="2.811405658721924">
        <ele>103.81</ele>
      </trkpt>
      <trkpt lat="42.616921830922365" lon="2.811352014541626">
        <ele>103.51</ele>
      </trkpt>
      <trkpt lat="42.61676073074341" lon="2.811298370361328">
        <ele>103.19</ele>
      </trkpt>
      <trkpt lat="42.61673927307129" lon="2.8112125396728516">
        <ele>102.85</ele>
      </trkpt>
      <trkpt lat="42.61669635772705" lon="2.8111696243286133">
        <ele>102.47</ele>
      </trkpt>
      <trkpt lat="42.61663198471069" lon="2.8111696243286133">
        <ele>102.05</ele>
      </trkpt>
      <trkpt lat="42.616567611694336" lon="2.81125545501709">
        <ele>101.58</ele>
      </trkpt>
      <trkpt lat="42.61634247377515" lon="2.8111375216394663">
        <ele>101.07</ele>
      </trkpt>
      <trkpt lat="42.616117000579834" lon="2.8110194206237793">
        <ele>100.5</ele>
      </trkpt>
      <trkpt lat="42.61596688069403" lon="2.810922861099243">
        <ele>99.91</ele>
      </trkpt>
      <trkpt lat="42.6158166769892" lon="2.810826301574707">
        <ele>99.28</ele>
      </trkpt>
      <trkpt lat="42.615816593170166" lon="2.810826301574707">
        <ele>98.63</ele>
      </trkpt>
      <trkpt lat="42.61568793095648" lon="2.8107833862304688">
        <ele>97.94</ele>
      </trkpt>
      <trkpt lat="42.61564493179321" lon="2.8107619285583496">
        <ele>97.25</ele>
      </trkpt>
      <trkpt lat="42.61541954241693" lon="2.8110302332788706">
        <ele>96.44</ele>
      </trkpt>
      <trkpt lat="42.61519440449774" lon="2.811298370361328">
        <ele>95.6</ele>
      </trkpt>
      <trkpt lat="42.61505484580994" lon="2.811448574066162">
        <ele>94.84</ele>
      </trkpt>
      <trkpt lat="42.614915454760194" lon="2.811598777770996">
        <ele>94.08</ele>
      </trkpt>
      <trkpt lat="42.61474370956421" lon="2.8118133544921875">
        <ele>93.31</ele>
      </trkpt>
      <trkpt lat="42.614700878039" lon="2.811877727508545">
        <ele>92.64</ele>
      </trkpt>
      <trkpt lat="42.61457213200629" lon="2.812027931213379">
        <ele>91.97</ele>
      </trkpt>
      <trkpt lat="42.61450775898993" lon="2.8120923042297363">
        <ele>91.35</ele>
      </trkpt>
      <trkpt lat="42.614379012957215" lon="2.812221050262451">
        <ele>90.73</ele>
      </trkpt>
      <trkpt lat="42.61427164077759" lon="2.812328338623047">
        <ele>90.2</ele>
      </trkpt>
      <trkpt lat="42.61422880925238" lon="2.8123927116394043">
        <ele>89.72</ele>
      </trkpt>
      <trkpt lat="42.61416435241699" lon="2.812328338623047">
        <ele>89.36</ele>
      </trkpt>
      <trkpt lat="42.614099979400635" lon="2.8122425079345703">
        <ele>89.04</ele>
      </trkpt>
      <trkpt lat="42.61397131718695" lon="2.812027931213379">
        <ele>88.77</ele>
      </trkpt>
      <trkpt lat="42.61384257115424" lon="2.8117918968200684">
        <ele>88.59</ele>
      </trkpt>
      <trkpt lat="42.61371382512152" lon="2.811598777770996">
        <ele>88.42</ele>
      </trkpt>
      <trkpt lat="42.613531183451414" lon="2.811276577413082">
        <ele>88.3</ele>
      </trkpt>
      <trkpt lat="42.6133490446955" lon="2.810955047607422">
        <ele>88.24</ele>
      </trkpt>
      <trkpt lat="42.61322029866278" lon="2.8107404708862305">
        <ele>88.25</ele>
      </trkpt>
      <trkpt lat="42.613070011138916" lon="2.810482978820801">
        <ele>88.32</ele>
      </trkpt>
      <trkpt lat="42.6130485534668" lon="2.8102684020996094">
        <ele>88.47</ele>
      </trkpt>
      <trkpt lat="42.61309155263007" lon="2.8099679946899414">
        <ele>88.69</ele>
      </trkpt>
      <trkpt lat="42.613112926483154" lon="2.8098177909851074">
        <ele>88.94</ele>
      </trkpt>
      <trkpt lat="42.613091468811035" lon="2.8096461296081543">
        <ele>89.24</ele>
      </trkpt>
      <trkpt lat="42.61298418045044" lon="2.8093886375427246">
        <ele>89.64</ele>
      </trkpt>
      <trkpt lat="42.61278393678367" lon="2.8092098515480757">
        <ele>90.15</ele>
      </trkpt>
      <trkpt lat="42.6125836931169" lon="2.8090310655534267">
        <ele>90.76</ele>
      </trkpt>
      <trkpt lat="42.6123833656311" lon="2.808852195739746">
        <ele>91.38</ele>
      </trkpt>
      <trkpt lat="42.612383449450135" lon="2.808852195739746">
        <ele>91.85</ele>
      </trkpt>
      <trkpt lat="42.612168872728944" lon="2.808659076690674">
        <ele>92.45</ele>
      </trkpt>
      <trkpt lat="42.612125957384706" lon="2.8086376190185547">
        <ele>92.91</ele>
      </trkpt>
      <trkpt lat="42.61208304204047" lon="2.8085947036743164">
        <ele>93.36</ele>
      </trkpt>
      <trkpt lat="42.61194356717169" lon="2.808476686477661">
        <ele>93.81</ele>
      </trkpt>
      <trkpt lat="42.61180409230292" lon="2.808358669281006">
        <ele>94.2</ele>
      </trkpt>
      <trkpt lat="42.61176117695868" lon="2.8083372116088867">
        <ele>94.54</ele>
      </trkpt>
      <trkpt lat="42.611653888598084" lon="2.808208465576172">
        <ele>94.83</ele>
      </trkpt>
      <trkpt lat="42.61146076954901" lon="2.8081440925598145">
        <ele>95.09</ele>
      </trkpt>
      <trkpt lat="42.61128910817206" lon="2.808101177215576">
        <ele>95.29</ele>
      </trkpt>
      <trkpt lat="42.61118181981146" lon="2.8079938888549805">
        <ele>95.43</ele>
      </trkpt>
      <trkpt lat="42.61109598912299" lon="2.807950973510742">
        <ele>95.56</ele>
      </trkpt>
      <trkpt lat="42.61109598912299" lon="2.807929515838623">
        <ele>95.68</ele>
      </trkpt>
      <trkpt lat="42.61098861694336" lon="2.8078222274780273">
        <ele>95.75</ele>
      </trkpt>
      <trkpt lat="42.61070975102484" lon="2.807779312133789">
        <ele>95.86</ele>
      </trkpt>
      <trkpt lat="42.61066675186157" lon="2.807736396789551">
        <ele>95.93</ele>
      </trkpt>
      <trkpt lat="42.610602378845215" lon="2.807736396789551">
        <ele>96.01</ele>
      </trkpt>
      <trkpt lat="42.610387885943055" lon="2.8078651428222656">
        <ele>96.12</ele>
      </trkpt>
      <trkpt lat="42.610366428270936" lon="2.8078222274780273">
        <ele>96.19</ele>
      </trkpt>
      <trkpt lat="42.61030197143555" lon="2.8078436851501465">
        <ele>96.28</ele>
      </trkpt>
      <trkpt lat="42.610108852386475" lon="2.8076934814453125">
        <ele>96.38</ele>
      </trkpt>
      <trkpt lat="42.61004456318915" lon="2.807586193084717">
        <ele>96.51</ele>
      </trkpt>
      <trkpt lat="42.60993727482855" lon="2.807307243347168">
        <ele>96.69</ele>
      </trkpt>
      <trkpt lat="42.60985144414008" lon="2.8071141242980957">
        <ele>96.91</ele>
      </trkpt>
      <trkpt lat="42.60974415577948" lon="2.806856632232666">
        <ele>97.17</ele>
      </trkpt>
      <trkpt lat="42.609658325091004" lon="2.806577682495117">
        <ele>97.47</ele>
      </trkpt>
      <trkpt lat="42.60955103673041" lon="2.806277275085449">
        <ele>97.78</ele>
      </trkpt>
      <trkpt lat="42.609422290697694" lon="2.8060197830200195">
        <ele>98.16</ele>
      </trkpt>
      <trkpt lat="42.60942220687866" lon="2.8060197830200195">
        <ele>98.61</ele>
      </trkpt>
      <trkpt lat="42.609422290697694" lon="2.8060197830200195">
        <ele>98.16</ele>
      </trkpt>
      <trkpt lat="42.609271919354796" lon="2.8058157674968243">
        <ele>99.66</ele>
      </trkpt>
      <trkpt lat="42.609121799468994" lon="2.805612087249756">
        <ele>100.28</ele>
      </trkpt>
      <trkpt lat="42.608912670984864" lon="2.805456519126892">
        <ele>101.03</ele>
      </trkpt>
      <trkpt lat="42.608703542500734" lon="2.80530103482306">
        <ele>101.84</ele>
      </trkpt>
      <trkpt lat="42.608494414016604" lon="2.805145550519228">
        <ele>102.71</ele>
      </trkpt>
      <trkpt lat="42.60828495025635" lon="2.804989814758301">
        <ele>103.66</ele>
      </trkpt>
      <trkpt lat="42.60803198441863" lon="2.8049298003315926">
        <ele>104.71</ele>
      </trkpt>
      <trkpt lat="42.607779102399945" lon="2.8048697859048843">
        <ele>105.76</ele>
      </trkpt>
      <trkpt lat="42.60752622038126" lon="2.804809771478176">
        <ele>106.82</ele>
      </trkpt>
      <trkpt lat="42.60727325454354" lon="2.804749757051468">
        <ele>107.9</ele>
      </trkpt>
      <trkpt lat="42.60701894760132" lon="2.804689407348633">
        <ele>108.94</ele>
      </trkpt>
      <trkpt lat="42.6068471185863" lon="2.804367123171687">
        <ele>109.92</ele>
      </trkpt>
      <trkpt lat="42.606675289571285" lon="2.804044922813773">
        <ele>110.88</ele>
      </trkpt>
      <trkpt lat="42.60650404728949" lon="2.8037238121032715">
        <ele>111.83</ele>
      </trkpt>
      <trkpt lat="42.60648258961737" lon="2.803659439086914">
        <ele>112.76</ele>
      </trkpt>
      <trkpt lat="42.6063965074718" lon="2.8033261746168137">
        <ele>113.7</ele>
      </trkpt>
      <trkpt lat="42.60631050914526" lon="2.8029929101467133">
        <ele>114.58</ele>
      </trkpt>
      <trkpt lat="42.60622451081872" lon="2.802659645676613">
        <ele>115.46</ele>
      </trkpt>
      <trkpt lat="42.606139183044434" lon="2.8023290634155273">
        <ele>116.34</ele>
      </trkpt>
      <trkpt lat="42.606074810028076" lon="2.8021788597106934">
        <ele>117.1</ele>
      </trkpt>
      <trkpt lat="42.605881690979004" lon="2.8019964694976807">
        <ele>117.81</ele>
      </trkpt>
      <trkpt lat="42.60568857192993" lon="2.801814079284668">
        <ele>118.45</ele>
      </trkpt>
      <trkpt lat="42.60568865574896" lon="2.801814079284668">
        <ele>118.93</ele>
      </trkpt>
      <trkpt lat="42.605488328263164" lon="2.8016280848532915">
        <ele>119.37</ele>
      </trkpt>
      <trkpt lat="42.605288084596395" lon="2.8014421742409468">
        <ele>119.7</ele>
      </trkpt>
      <trkpt lat="42.605087757110596" lon="2.8012561798095703">
        <ele>119.9</ele>
      </trkpt>
      <trkpt lat="42.60490184649825" lon="2.8011059761047363">
        <ele>120.04</ele>
      </trkpt>
      <trkpt lat="42.604715935885906" lon="2.800955856218934">
        <ele>120.1</ele>
      </trkpt>
      <trkpt lat="42.6045298576355" lon="2.8008055686950684">
        <ele>120.12</ele>
      </trkpt>
      <trkpt lat="42.60425820015371" lon="2.800662573426962">
        <ele>120.1</ele>
      </trkpt>
      <trkpt lat="42.60398662649095" lon="2.800519661977887">
        <ele>120.0</ele>
      </trkpt>
      <trkpt lat="42.60371446609497" lon="2.8003764152526855">
        <ele>119.84</ele>
      </trkpt>
      <trkpt lat="42.60354280471802" lon="2.800290584564209">
        <ele>119.62</ele>
      </trkpt>
      <trkpt lat="42.6033070217818" lon="2.8002315759658813">
        <ele>119.34</ele>
      </trkpt>
      <trkpt lat="42.60307123884559" lon="2.8001726511865854">
        <ele>118.97</ele>
      </trkpt>
      <trkpt lat="42.60283545590937" lon="2.8001137264072895">
        <ele>118.56</ele>
      </trkpt>
      <trkpt lat="42.602598667144775" lon="2.8000545501708984">
        <ele>118.19</ele>
      </trkpt>
      <trkpt lat="42.60234670713544" lon="2.7999205235391855">
        <ele>117.77</ele>
      </trkpt>
      <trkpt lat="42.6020947471261" lon="2.7997864969074726">
        <ele>117.25</ele>
      </trkpt>
      <trkpt lat="42.6018428709358" lon="2.7996524702757597">
        <ele>116.68</ele>
      </trkpt>
      <trkpt lat="42.601590156555176" lon="2.79951810836792">
        <ele>116.14</ele>
      </trkpt>
      <trkpt lat="42.601382955908775" lon="2.7994537353515625">
        <ele>115.62</ele>
      </trkpt>
      <trkpt lat="42.601175755262375" lon="2.799389446154237">
        <ele>115.1</ele>
      </trkpt>
      <trkpt lat="42.60096796788275" lon="2.7993249893188477">
        <ele>114.56</ele>
      </trkpt>
      <trkpt lat="42.6006892696023" lon="2.79926598072052">
        <ele>113.99</ele>
      </trkpt>
      <trkpt lat="42.60041065514088" lon="2.799207055941224">
        <ele>113.41</ele>
      </trkpt>
      <trkpt lat="42.600132040679455" lon="2.799148131161928">
        <ele>112.89</ele>
      </trkpt>
      <trkpt lat="42.59985216893256" lon="2.799088954925537">
        <ele>112.39</ele>
      </trkpt>
      <trkpt lat="42.599586294963956" lon="2.798960292711854">
        <ele>111.85</ele>
      </trkpt>
      <trkpt lat="42.599320420995355" lon="2.798831630498171">
        <ele>111.33</ele>
      </trkpt>
      <trkpt lat="42.59905454702675" lon="2.7987029682844877">
        <ele>110.83</ele>
      </trkpt>
      <trkpt lat="42.598788756877184" lon="2.7985743898898363">
        <ele>110.37</ele>
      </trkpt>
      <trkpt lat="42.59852179326117" lon="2.798445224761963">
        <ele>109.93</ele>
      </trkpt>
      <trkpt lat="42.59843587875366" lon="2.7984023094177246">
        <ele>109.51</ele>
      </trkpt>
      <trkpt lat="42.598435962572694" lon="2.7984023094177246">
        <ele>109.13</ele>
      </trkpt>
      <trkpt lat="42.59816422127187" lon="2.798209274187684">
        <ele>108.76</ele>
      </trkpt>
      <trkpt lat="42.59789256379008" lon="2.7980162389576435">
        <ele>108.44</ele>
      </trkpt>
      <trkpt lat="42.597620487213135" lon="2.797822952270508">
        <ele>108.16</ele>
      </trkpt>
      <trkpt lat="42.59747548028827" lon="2.7975651249289513">
        <ele>107.91</ele>
      </trkpt>
      <trkpt lat="42.5973304733634" lon="2.7973073814064264">
        <ele>107.66</ele>
      </trkpt>
      <trkpt lat="42.59718546643853" lon="2.7970496378839016">
        <ele>107.51</ele>
      </trkpt>
      <trkpt lat="42.59704113006592" lon="2.796792984008789">
        <ele>107.4</ele>
      </trkpt>
      <trkpt lat="42.59691230021417" lon="2.796631967648864">
        <ele>107.34</ele>
      </trkpt>
      <trkpt lat="42.59678363800049" lon="2.796471118927002">
        <ele>107.33</ele>
      </trkpt>
      <trkpt lat="42.59660476818681" lon="2.7962922491133213">
        <ele>107.36</ele>
      </trkpt>
      <trkpt lat="42.59642598219216" lon="2.7961134631186724">
        <ele>107.46</ele>
      </trkpt>
      <trkpt lat="42.59624719619751" lon="2.7959346771240234">
        <ele>107.66</ele>
      </trkpt>
      <trkpt lat="42.59598970413208" lon="2.795741558074951">
        <ele>108.01</ele>
      </trkpt>
      <trkpt lat="42.59570027701557" lon="2.795591438189149">
        <ele>108.45</ele>
      </trkpt>
      <trkpt lat="42.595410430803895" lon="2.795441150665283">
        <ele>108.88</ele>
      </trkpt>
      <trkpt lat="42.59517456404865" lon="2.795360768213868">
        <ele>109.31</ele>
      </trkpt>
      <trkpt lat="42.59493878111243" lon="2.795280385762453">
        <ele>109.82</ele>
      </trkpt>
      <trkpt lat="42.59470299817622" lon="2.795200003311038">
        <ele>110.46</ele>
      </trkpt>
      <trkpt lat="42.59446620941162" lon="2.795119285583496">
        <ele>111.18</ele>
      </trkpt>
      <trkpt lat="42.59418139234185" lon="2.795051895081997">
        <ele>111.88</ele>
      </trkpt>
      <trkpt lat="42.593896659091115" lon="2.7949845045804977">
        <ele>112.76</ele>
      </trkpt>
      <trkpt lat="42.59361192584038" lon="2.7949171978980303">
        <ele>113.75</ele>
      </trkpt>
      <trkpt lat="42.59332719258964" lon="2.794849807396531">
        <ele>114.81</ele>
      </trkpt>
      <trkpt lat="42.5930424593389" lon="2.794782416895032">
        <ele>115.85</ele>
      </trkpt>
      <trkpt lat="42.592757642269135" lon="2.7947151102125645">
        <ele>116.91</ele>
      </trkpt>
      <trkpt lat="42.59247064590454" lon="2.794647216796875">
        <ele>118.02</ele>
      </trkpt>
      <trkpt lat="42.59219169616699" lon="2.7945613861083984">
        <ele>119.14</ele>
      </trkpt>
      <trkpt lat="42.5919771194458" lon="2.7944111824035645">
        <ele>120.25</ele>
      </trkpt>
      <trkpt lat="42.59184845723212" lon="2.7942824363708496">
        <ele>121.27</ele>
      </trkpt>
      <trkpt lat="42.59162834845483" lon="2.794014047831297">
        <ele>122.26</ele>
      </trkpt>
      <trkpt lat="42.59140832349658" lon="2.793745743110776">
        <ele>123.12</ele>
      </trkpt>
      <trkpt lat="42.59118829853833" lon="2.793477438390255">
        <ele>123.9</ele>
      </trkpt>
      <trkpt lat="42.5909686088562" lon="2.7932095527648926">
        <ele>124.7</ele>
      </trkpt>
      <trkpt lat="42.59096869267523" lon="2.7932095527648926">
        <ele>125.52</ele>
      </trkpt>
      <trkpt lat="42.59086140431464" lon="2.7930593490600586">
        <ele>126.28</ele>
      </trkpt>
      <trkpt lat="42.59064665995538" lon="2.7928016893565655">
        <ele>127.08</ele>
      </trkpt>
      <trkpt lat="42.59043199941516" lon="2.792544113472104">
        <ele>127.84</ele>
      </trkpt>
      <trkpt lat="42.590217338874936" lon="2.7922865375876427">
        <ele>128.48</ele>
      </trkpt>
      <trkpt lat="42.59000267833471" lon="2.7920289617031813">
        <ele>129.09</ele>
      </trkpt>
      <trkpt lat="42.58978843688965" lon="2.79177188873291">
        <ele>129.69</ele>
      </trkpt>
      <trkpt lat="42.58956857956946" lon="2.7916378621011972">
        <ele>130.24</ele>
      </trkpt>
      <trkpt lat="42.5893488060683" lon="2.7915038354694843">
        <ele>130.73</ele>
      </trkpt>
      <trkpt lat="42.58912903256714" lon="2.7913698088377714">
        <ele>131.14</ele>
      </trkpt>
      <trkpt lat="42.588908756151795" lon="2.7912354469299316">
        <ele>131.46</ele>
      </trkpt>
      <trkpt lat="42.58871555328369" lon="2.791106700897217">
        <ele>131.72</ele>
      </trkpt>
      <trkpt lat="42.58858680725098" lon="2.790956497192383">
        <ele>131.86</ele>
      </trkpt>
      <trkpt lat="42.58843643590808" lon="2.7907094825059175">
        <ele>131.86</ele>
      </trkpt>
      <trkpt lat="42.58828648366034" lon="2.7904629707336426">
        <ele>131.71</ele>
      </trkpt>
      <trkpt lat="42.588150361552835" lon="2.7901908103376627">
        <ele>131.47</ele>
      </trkpt>
      <trkpt lat="42.58801432326436" lon="2.789918649941683">
        <ele>131.13</ele>
      </trkpt>
      <trkpt lat="42.58787878789008" lon="2.7896475791931152">
        <ele>130.66</ele>
      </trkpt>
      <trkpt lat="42.58774995803833" lon="2.7894115447998047">
        <ele>130.09</ele>
      </trkpt>
      <trkpt lat="42.58770687505603" lon="2.789196465164423">
        <ele>129.43</ele>
      </trkpt>
      <trkpt lat="42.58766412734985" lon="2.788982391357422">
        <ele>128.67</ele>
      </trkpt>
      <trkpt lat="42.587642669677734" lon="2.7886176109313965">
        <ele>127.89</ele>
      </trkpt>
      <trkpt lat="42.58765222504735" lon="2.788235228508711">
        <ele>126.99</ele>
      </trkpt>
      <trkpt lat="42.587661780416965" lon="2.7878528460860252">
        <ele>126.04</ele>
      </trkpt>
      <trkpt lat="42.58767133578658" lon="2.7874704636633396">
        <ele>125.03</ele>
      </trkpt>
      <trkpt lat="42.5876808911562" lon="2.787088081240654">
        <ele>123.9</ele>
      </trkpt>
      <trkpt lat="42.58769044652581" lon="2.7867056988179684">
        <ele>122.92</ele>
      </trkpt>
      <trkpt lat="42.58770000189543" lon="2.7863233163952827">
        <ele>121.99</ele>
      </trkpt>
      <trkpt lat="42.58770955726504" lon="2.785940933972597">
        <ele>120.95</ele>
      </trkpt>
      <trkpt lat="42.58771911263466" lon="2.7855585515499115">
        <ele>119.99</ele>
      </trkpt>
      <trkpt lat="42.58772850036621" lon="2.785184383392334">
        <ele>119.15</ele>
      </trkpt>
      <trkpt lat="42.58768558502197" lon="2.784905433654785">
        <ele>118.42</ele>
      </trkpt>
      <trkpt lat="42.58759841322899" lon="2.7845678105950356">
        <ele>117.77</ele>
      </trkpt>
      <trkpt lat="42.58759841322899" lon="2.784567726776004">
        <ele>117.21</ele>
      </trkpt>
      <trkpt lat="42.58751400746405" lon="2.784240245819092">
        <ele>116.81</ele>
      </trkpt>
      <trkpt lat="42.587406719103456" lon="2.7839183807373047">
        <ele>116.48</ele>
      </trkpt>
      <trkpt lat="42.587299179285765" lon="2.7836389280855656">
        <ele>116.23</ele>
      </trkpt>
      <trkpt lat="42.58719205856323" lon="2.783360481262207">
        <ele>116.06</ele>
      </trkpt>
      <trkpt lat="42.587030958384275" lon="2.783102737739682">
        <ele>115.97</ele>
      </trkpt>
      <trkpt lat="42.58687027730048" lon="2.7828454971313477">
        <ele>115.98</ele>
      </trkpt>
      <trkpt lat="42.58667690679431" lon="2.782555567100644">
        <ele>116.0</ele>
      </trkpt>
      <trkpt lat="42.5864839553833" lon="2.782266139984131">
        <ele>116.01</ele>
      </trkpt>
      <trkpt lat="42.58639804087579" lon="2.7820726856589317">
        <ele>116.12</ele>
      </trkpt>
      <trkpt lat="42.58631237782538" lon="2.7818799018859863">
        <ele>116.32</ele>
      </trkpt>
      <trkpt lat="42.58624800480902" lon="2.7819228172302246">
        <ele>116.6</ele>
      </trkpt>
      <trkpt lat="42.586183631792665" lon="2.781965732574463">
        <ele>116.96</ele>
      </trkpt>
      <trkpt lat="42.58601197041571" lon="2.782008647918701">
        <ele>117.41</ele>
      </trkpt>
      <trkpt lat="42.585797645151615" lon="2.7820514794439077">
        <ele>117.95</ele>
      </trkpt>
      <trkpt lat="42.58558281697333" lon="2.7820944786071777">
        <ele>118.53</ele>
      </trkpt>
      <trkpt lat="42.585298754274845" lon="2.7821265812963247">
        <ele>119.26</ele>
      </trkpt>
      <trkpt lat="42.58501477539539" lon="2.7821587678045034">
        <ele>120.12</ele>
      </trkpt>
      <trkpt lat="42.58473079651594" lon="2.7821908704936504">
        <ele>121.05</ele>
      </trkpt>
      <trkpt lat="42.58444547653198" lon="2.7822232246398926">
        <ele>122.08</ele>
      </trkpt>
      <trkpt lat="42.584188068285584" lon="2.7821803092956543">
        <ele>123.13</ele>
      </trkpt>
      <trkpt lat="42.584102153778076" lon="2.782137393951416">
        <ele>124.13</ele>
      </trkpt>
      <trkpt lat="42.58399486541748" lon="2.781987190246582">
        <ele>125.14</ele>
      </trkpt>
      <trkpt lat="42.58389813825488" lon="2.7817830070853233">
        <ele>126.11</ele>
      </trkpt>
      <trkpt lat="42.58380174636841" lon="2.7815794944763184">
        <ele>127.11</ele>
      </trkpt>
      <trkpt lat="42.58380183018744" lon="2.7815794944763184">
        <ele>128.13</ele>
      </trkpt>
      <trkpt lat="42.58367300033569" lon="2.781364917755127">
        <ele>129.21</ele>
      </trkpt>
      <trkpt lat="42.58352288044989" lon="2.7812576293945312">
        <ele>130.35</ele>
      </trkpt>
      <trkpt lat="42.58337267674506" lon="2.781193256378174">
        <ele>131.47</ele>
      </trkpt>
      <trkpt lat="42.58322238922119" lon="2.7811074256896973">
        <ele>132.57</ele>
      </trkpt>
      <trkpt lat="42.5830078125" lon="2.780935764312744">
        <ele>133.68</ele>
      </trkpt>
      <trkpt lat="42.58279323577881" lon="2.780764102935791">
        <ele>134.68</ele>
      </trkpt>
      <trkpt lat="42.582621574401855" lon="2.7804207801818848">
        <ele>135.58</ele>
      </trkpt>
      <trkpt lat="42.58262165822089" lon="2.7804207801818848">
        <ele>136.43</ele>
      </trkpt>
      <trkpt lat="42.58249274455011" lon="2.780162952840328">
        <ele>137.28</ele>
      </trkpt>
      <trkpt lat="42.58236416615546" lon="2.7799057960510254">
        <ele>138.11</ele>
      </trkpt>
      <trkpt lat="42.58217096328735" lon="2.7796053886413574">
        <ele>138.93</ele>
      </trkpt>
      <trkpt lat="42.582171047106385" lon="2.7796053886413574">
        <ele>139.6</ele>
      </trkpt>
      <trkpt lat="42.58202084340155" lon="2.7794766426086426">
        <ele>140.25</ele>
      </trkpt>
      <trkpt lat="42.58178472518921" lon="2.779390811920166">
        <ele>140.81</ele>
      </trkpt>
      <trkpt lat="42.58157039992511" lon="2.7794336434453726">
        <ele>141.3</ele>
      </trkpt>
      <trkpt lat="42.58135607466102" lon="2.779476474970579">
        <ele>141.82</ele>
      </trkpt>
      <trkpt lat="42.58114107884467" lon="2.779519557952881">
        <ele>142.29</ele>
      </trkpt>
      <trkpt lat="42.58085165172815" lon="2.779573118314147">
        <ele>142.7</ele>
      </trkpt>
      <trkpt lat="42.58056163787842" lon="2.7796268463134766">
        <ele>143.07</ele>
      </trkpt>
      <trkpt lat="42.580332811921835" lon="2.7794695179909468">
        <ele>143.54</ele>
      </trkpt>
      <trkpt lat="42.580104069784284" lon="2.7793122734874487">
        <ele>143.91</ele>
      </trkpt>
      <trkpt lat="42.579874992370605" lon="2.7791547775268555">
        <ele>144.29</ele>
      </trkpt>
      <trkpt lat="42.5797248724848" lon="2.7790474891662598">
        <ele>144.63</ele>
      </trkpt>
      <trkpt lat="42.57953175343573" lon="2.7788758277893066">
        <ele>144.91</ele>
      </trkpt>
      <trkpt lat="42.579403007403016" lon="2.77878999710083">
        <ele>145.12</ele>
      </trkpt>
      <trkpt lat="42.579131266102195" lon="2.7785754203796387">
        <ele>145.29</ele>
      </trkpt>
      <trkpt lat="42.57885952480137" lon="2.778360927477479">
        <ele>145.49</ele>
      </trkpt>
      <trkpt lat="42.57858761586249" lon="2.778146266937256">
        <ele>145.63</ele>
      </trkpt>
      <trkpt lat="42.57845878601074" lon="2.7780604362487793">
        <ele>145.79</ele>
      </trkpt>
      <trkpt lat="42.578394412994385" lon="2.7779531478881836">
        <ele>145.94</ele>
      </trkpt>
      <trkpt lat="42.57835158146918" lon="2.777845859527588">
        <ele>146.08</ele>
      </trkpt>
      <trkpt lat="42.57824420928955" lon="2.777845859527588">
        <ele>146.15</ele>
      </trkpt>
      <trkpt lat="42.578044049441814" lon="2.777738571166992">
        <ele>146.27</ele>
      </trkpt>
      <trkpt lat="42.57784397341311" lon="2.777631366625428">
        <ele>146.37</ele>
      </trkpt>
      <trkpt lat="42.577643394470215" lon="2.777523994445801">
        <ele>146.38</ele>
      </trkpt>
      <trkpt lat="42.57764347828925" lon="2.777523994445801">
        <ele>146.44</ele>
      </trkpt>
      <trkpt lat="42.577357571572065" lon="2.7774239145219326">
        <ele>146.4</ele>
      </trkpt>
      <trkpt lat="42.577071748673916" lon="2.777323918417096">
        <ele>146.44</ele>
      </trkpt>
      <trkpt lat="42.57678508758545" lon="2.777223587036133">
        <ele>146.54</ele>
      </trkpt>
      <trkpt lat="42.576656341552734" lon="2.777094841003418">
        <ele>146.7</ele>
      </trkpt>
      <trkpt lat="42.57648476399481" lon="2.7768802642822266">
        <ele>146.86</ele>
      </trkpt>
      <trkpt lat="42.5765061378479" lon="2.77679443359375">
        <ele>147.05</ele>
      </trkpt>
      <trkpt lat="42.57650622166693" lon="2.7766871452331543">
        <ele>147.26</ele>
      </trkpt>
      <trkpt lat="42.576420307159424" lon="2.776644229888916">
        <ele>147.52</ele>
      </trkpt>
      <trkpt lat="42.57633447647095" lon="2.7766871452331543">
        <ele>147.81</ele>
      </trkpt>
      <trkpt lat="42.576098358258605" lon="2.776451027020812">
        <ele>148.14</ele>
      </trkpt>
      <trkpt lat="42.575862407684326" lon="2.776215076446533">
        <ele>148.65</ele>
      </trkpt>
      <trkpt lat="42.57586249150336" lon="2.776215076446533">
        <ele>149.04</ele>
      </trkpt>
      <trkpt lat="42.57562645711005" lon="2.7760139107704163">
        <ele>149.65</ele>
      </trkpt>
      <trkpt lat="42.57539050653577" lon="2.775812828913331">
        <ele>150.14</ele>
      </trkpt>
      <trkpt lat="42.57515447214246" lon="2.775611663237214">
        <ele>150.6</ele>
      </trkpt>
      <trkpt lat="42.57491852156818" lon="2.775410581380129">
        <ele>151.1</ele>
      </trkpt>
      <trkpt lat="42.57468248717487" lon="2.775209415704012">
        <ele>151.66</ele>
      </trkpt>
      <trkpt lat="42.57444653660059" lon="2.7750083338469267">
        <ele>152.25</ele>
      </trkpt>
      <trkpt lat="42.57421050220728" lon="2.7748071681708097">
        <ele>152.73</ele>
      </trkpt>
      <trkpt lat="42.57397413253784" lon="2.7746057510375977">
        <ele>153.23</ele>
      </trkpt>
      <trkpt lat="42.573834573850036" lon="2.7744661923497915">
        <ele>153.79</ele>
      </trkpt>
      <trkpt lat="42.57369518280029" lon="2.774326801300049">
        <ele>154.42</ele>
      </trkpt>
      <trkpt lat="42.573523353785276" lon="2.774047600105405">
        <ele>155.13</ele>
      </trkpt>
      <trkpt lat="42.57335194386542" lon="2.773768901824951">
        <ele>155.79</ele>
      </trkpt>
      <trkpt lat="42.57315061055124" lon="2.7734601963311434">
        <ele>156.3</ele>
      </trkpt>
      <trkpt lat="42.57294927723706" lon="2.7731514908373356">
        <ele>156.88</ele>
      </trkpt>
      <trkpt lat="42.57274794392288" lon="2.772842785343528">
        <ele>157.53</ele>
      </trkpt>
      <trkpt lat="42.5725466106087" lon="2.77253407984972">
        <ele>158.26</ele>
      </trkpt>
      <trkpt lat="42.57234527729452" lon="2.772225374355912">
        <ele>158.98</ele>
      </trkpt>
      <trkpt lat="42.572143943980336" lon="2.7719166688621044">
        <ele>159.62</ele>
      </trkpt>
      <trkpt lat="42.571942610666156" lon="2.7716079633682966">
        <ele>160.26</ele>
      </trkpt>
      <trkpt lat="42.57174253463745" lon="2.77130126953125">
        <ele>160.91</ele>
      </trkpt>
      <trkpt lat="42.5715172290802" lon="2.7711081504821777">
        <ele>161.6</ele>
      </trkpt>
      <trkpt lat="42.57129200734198" lon="2.770915115252137">
        <ele>162.3</ele>
      </trkpt>
      <trkpt lat="42.57106670178473" lon="2.770721996203065">
        <ele>162.93</ele>
      </trkpt>
      <trkpt lat="42.57084131240845" lon="2.770528793334961">
        <ele>163.53</ele>
      </trkpt>
      <trkpt lat="42.570669734850526" lon="2.7703142166137695">
        <ele>164.08</ele>
      </trkpt>
      <trkpt lat="42.57056227885187" lon="2.770142387598753">
        <ele>164.61</ele>
      </trkpt>
      <trkpt lat="42.5704550743103" lon="2.7699708938598633">
        <ele>165.12</ele>
      </trkpt>
      <trkpt lat="42.57031559944153" lon="2.7698421478271484">
        <ele>165.62</ele>
      </trkpt>
      <trkpt lat="42.570176124572754" lon="2.7697134017944336">
        <ele>166.15</ele>
      </trkpt>
      <trkpt lat="42.57002592086792" lon="2.769649028778076">
        <ele>166.71</ele>
      </trkpt>
      <trkpt lat="42.569768680259585" lon="2.7695953845977783">
        <ele>167.32</ele>
      </trkpt>
      <trkpt lat="42.56951093673706" lon="2.7695417404174805">
        <ele>167.93</ele>
      </trkpt>
      <trkpt lat="42.56923223845661" lon="2.7694702427834272">
        <ele>168.56</ele>
      </trkpt>
      <trkpt lat="42.568953623995185" lon="2.7693988289684057">
        <ele>169.17</ele>
      </trkpt>
      <trkpt lat="42.568674087524414" lon="2.769327163696289">
        <ele>169.73</ele>
      </trkpt>
      <trkpt lat="42.56848096847534" lon="2.769327163696289">
        <ele>170.29</ele>
      </trkpt>
      <trkpt lat="42.5681808963418" lon="2.769364630803466">
        <ele>170.8</ele>
      </trkpt>
      <trkpt lat="42.56788082420826" lon="2.7694020979106426">
        <ele>171.29</ele>
      </trkpt>
      <trkpt lat="42.56758083589375" lon="2.769439648836851">
        <ele>171.83</ele>
      </trkpt>
      <trkpt lat="42.56727933883667" lon="2.769477367401123">
        <ele>172.37</ele>
      </trkpt>
      <trkpt lat="42.566988402977586" lon="2.7693762816488743">
        <ele>172.98</ele>
      </trkpt>
      <trkpt lat="42.5666974671185" lon="2.7692751958966255">
        <ele>173.56</ele>
      </trkpt>
      <trkpt lat="42.56640661507845" lon="2.7691741939634085">
        <ele>174.11</ele>
      </trkpt>
      <trkpt lat="42.566115679219365" lon="2.7690731082111597">
        <ele>174.72</ele>
      </trkpt>
      <trkpt lat="42.56582474336028" lon="2.768972022458911">
        <ele>175.43</ele>
      </trkpt>
      <trkpt lat="42.56553389132023" lon="2.768871020525694">
        <ele>176.1</ele>
      </trkpt>
      <trkpt lat="42.56524085998535" lon="2.7687692642211914">
        <ele>176.72</ele>
      </trkpt>
      <trkpt lat="42.56524094380438" lon="2.7687692642211914">
        <ele>177.45</ele>
      </trkpt>
      <trkpt lat="42.564956126734614" lon="2.768665077164769">
        <ele>178.22</ele>
      </trkpt>
      <trkpt lat="42.564671309664845" lon="2.7685609739273787">
        <ele>179.18</ele>
      </trkpt>
      <trkpt lat="42.56438649259508" lon="2.768456870689988">
        <ele>180.19</ele>
      </trkpt>
      <trkpt lat="42.56410167552531" lon="2.7683527674525976">
        <ele>181.16</ele>
      </trkpt>
      <trkpt lat="42.56381694227457" lon="2.768248664215207">
        <ele>182.16</ele>
      </trkpt>
      <trkpt lat="42.5635321252048" lon="2.768144477158785">
        <ele>183.16</ele>
      </trkpt>
      <trkpt lat="42.56324529647827" lon="2.7680397033691406">
        <ele>184.2</ele>
      </trkpt>
      <trkpt lat="42.56307363510132" lon="2.7678465843200684">
        <ele>185.27</ele>
      </trkpt>
      <trkpt lat="42.56289744749665" lon="2.7675393875688314">
        <ele>186.32</ele>
      </trkpt>
      <trkpt lat="42.56272134371102" lon="2.7672321908175945">
        <ele>187.38</ele>
      </trkpt>
      <trkpt lat="42.562545239925385" lon="2.7669250778853893">
        <ele>188.5</ele>
      </trkpt>
      <trkpt lat="42.56236913613975" lon="2.7666178811341524">
        <ele>189.61</ele>
      </trkpt>
      <trkpt lat="42.562193032354116" lon="2.766310768201947">
        <ele>190.75</ele>
      </trkpt>
      <trkpt lat="42.56201684474945" lon="2.7660035714507103">
        <ele>191.94</ele>
      </trkpt>
      <trkpt lat="42.56184074096382" lon="2.765696458518505">
        <ele>193.14</ele>
      </trkpt>
      <trkpt lat="42.56166463717818" lon="2.765389261767268">
        <ele>194.42</ele>
      </trkpt>
      <trkpt lat="42.56148853339255" lon="2.765082148835063">
        <ele>195.71</ele>
      </trkpt>
      <trkpt lat="42.56131418980658" lon="2.7647781372070312">
        <ele>197.02</ele>
      </trkpt>
      <trkpt lat="42.561156610026956" lon="2.764506060630083">
        <ele>198.35</ele>
      </trkpt>
      <trkpt lat="42.56099903024733" lon="2.764233984053135">
        <ele>199.64</ele>
      </trkpt>
      <trkpt lat="42.56084203720093" lon="2.763962745666504">
        <ele>200.89</ele>
      </trkpt>
      <trkpt lat="42.560691833496094" lon="2.763791084289551">
        <ele>202.17</ele>
      </trkpt>
      <trkpt lat="42.56056317128241" lon="2.7637267112731934">
        <ele>203.46</ele>
      </trkpt>
      <trkpt lat="42.56034851074219" lon="2.7637267112731934">
        <ele>204.82</ele>
      </trkpt>
      <trkpt lat="42.56006964482367" lon="2.763919662684202">
        <ele>206.2</ele>
      </trkpt>
      <trkpt lat="42.55979061126709" lon="2.764112949371338">
        <ele>207.62</ele>
      </trkpt>
      <trkpt lat="42.559683322906494" lon="2.764134407043457">
        <ele>208.95</ele>
      </trkpt>
      <trkpt lat="42.55953311920166" lon="2.7640271186828613">
        <ele>210.28</ele>
      </trkpt>
      <trkpt lat="42.559404373168945" lon="2.76381254196167">
        <ele>211.67</ele>
      </trkpt>
      <trkpt lat="42.559361290186644" lon="2.7635329216718674">
        <ele>213.04</ele>
      </trkpt>
      <trkpt lat="42.55931854248047" lon="2.7632546424865723">
        <ele>214.38</ele>
      </trkpt>
      <trkpt lat="42.55926473066211" lon="2.7629750221967697">
        <ele>215.66</ele>
      </trkpt>
      <trkpt lat="42.55921125411987" lon="2.7626967430114746">
        <ele>216.85</ele>
      </trkpt>
      <trkpt lat="42.55908250808716" lon="2.7625250816345215">
        <ele>218.05</ele>
      </trkpt>
      <trkpt lat="42.558889389038086" lon="2.762439250946045">
        <ele>219.29</ele>
      </trkpt>
      <trkpt lat="42.558674812316895" lon="2.762417793273926">
        <ele>220.5</ele>
      </trkpt>
      <trkpt lat="42.558395862579346" lon="2.762482166290283">
        <ele>221.82</ele>
      </trkpt>
      <trkpt lat="42.55811716429889" lon="2.7625678293406963">
        <ele>223.01</ele>
      </trkpt>
      <trkpt lat="42.55783854983747" lon="2.762653576210141">
        <ele>224.16</ele>
      </trkpt>
      <trkpt lat="42.557559851557016" lon="2.762739323079586">
        <ele>225.39</ele>
      </trkpt>
      <trkpt lat="42.55728006362915" lon="2.7628254890441895">
        <ele>226.6</ele>
      </trkpt>
      <trkpt lat="42.55711929872632" lon="2.762782573699951">
        <ele>227.76</ele>
      </trkpt>
      <trkpt lat="42.55695819854736" lon="2.762739658355713">
        <ele>228.9</ele>
      </trkpt>
      <trkpt lat="42.55682945251465" lon="2.7626538276672363">
        <ele>230.04</ele>
      </trkpt>
      <trkpt lat="42.55672216415405" lon="2.7625036239624023">
        <ele>231.18</ele>
      </trkpt>
      <trkpt lat="42.556550251320004" lon="2.762192152440548">
        <ele>232.32</ele>
      </trkpt>
      <trkpt lat="42.55637842230499" lon="2.7618806809186935">
        <ele>233.44</ele>
      </trkpt>
      <trkpt lat="42.55620659328997" lon="2.761569209396839">
        <ele>234.59</ele>
      </trkpt>
      <trkpt lat="42.55603551864624" lon="2.761259078979492">
        <ele>235.73</ele>
      </trkpt>
      <trkpt lat="42.555906772613525" lon="2.761108875274658">
        <ele>236.85</ele>
      </trkpt>
      <trkpt lat="42.55568163469434" lon="2.761001670733094">
        <ele>238.07</ele>
      </trkpt>
      <trkpt lat="42.555456245318055" lon="2.760894298553467">
        <ele>239.33</ele>
      </trkpt>
      <trkpt lat="42.55528450012207" lon="2.760744094848633">
        <ele>240.55</ele>
      </trkpt>
      <trkpt lat="42.55522012710571" lon="2.7605295181274414">
        <ele>241.64</ele>
      </trkpt>
      <trkpt lat="42.55522012710571" lon="2.7603578567504883">
        <ele>242.72</ele>
      </trkpt>
      <trkpt lat="42.55530604161322" lon="2.7600568626075983">
        <ele>243.79</ele>
      </trkpt>
      <trkpt lat="42.555391788482666" lon="2.7597570419311523">
        <ele>244.85</ele>
      </trkpt>
      <trkpt lat="42.555391788482666" lon="2.759542465209961">
        <ele>245.86</ele>
      </trkpt>
      <trkpt lat="42.55534887313843" lon="2.759370803833008">
        <ele>246.88</ele>
      </trkpt>
      <trkpt lat="42.555177211761475" lon="2.7591347694396973">
        <ele>247.9</ele>
      </trkpt>
      <trkpt lat="42.554941177368164" lon="2.7590274810791016">
        <ele>248.9</ele>
      </trkpt>
      <trkpt lat="42.55466968752444" lon="2.7589774411171675">
        <ele>249.91</ele>
      </trkpt>
      <trkpt lat="42.55439819768071" lon="2.7589274011552334">
        <ele>251.04</ele>
      </trkpt>
      <trkpt lat="42.55412578582764" lon="2.7588772773742676">
        <ele>252.14</ele>
      </trkpt>
      <trkpt lat="42.55399703979492" lon="2.7587485313415527">
        <ele>253.09</ele>
      </trkpt>
      <trkpt lat="42.55384683609009" lon="2.7584481239318848">
        <ele>253.91</ele>
      </trkpt>
      <trkpt lat="42.55371809005737" lon="2.75831937789917">
        <ele>254.88</ele>
      </trkpt>
      <trkpt lat="42.55361080169678" lon="2.7582550048828125">
        <ele>255.88</ele>
      </trkpt>
      <trkpt lat="42.55331039428711" lon="2.7582550048828125">
        <ele>257.07</ele>
      </trkpt>
      <trkpt lat="42.55331047810614" lon="2.7582550048828125">
        <ele>258.0</ele>
      </trkpt>
      <trkpt lat="42.553181648254395" lon="2.758212089538574">
        <ele>259.0</ele>
      </trkpt>
      <trkpt lat="42.5530207157135" lon="2.7580726146698">
        <ele>259.92</ele>
      </trkpt>
      <trkpt lat="42.55285978317261" lon="2.7579331398010254">
        <ele>260.79</ele>
      </trkpt>
      <trkpt lat="42.55270957946777" lon="2.757868766784668">
        <ele>261.73</ele>
      </trkpt>
      <trkpt lat="42.5525164604187" lon="2.757890224456787">
        <ele>262.77</ele>
      </trkpt>
      <trkpt lat="42.55232334136963" lon="2.7581262588500977">
        <ele>263.95</ele>
      </trkpt>
      <trkpt lat="42.552151679992676" lon="2.7582550048828125">
        <ele>265.0</ele>
      </trkpt>
      <trkpt lat="42.55202293395996" lon="2.758169174194336">
        <ele>265.96</ele>
      </trkpt>
      <trkpt lat="42.55198001861572" lon="2.7580618858337402">
        <ele>266.8</ele>
      </trkpt>
      <trkpt lat="42.55198001861572" lon="2.757718563079834">
        <ele>267.54</ele>
      </trkpt>
      <trkpt lat="42.551908269524574" lon="2.7573099453002214">
        <ele>268.34</ele>
      </trkpt>
      <trkpt lat="42.55183660425246" lon="2.756901327520609">
        <ele>269.05</ele>
      </trkpt>
      <trkpt lat="42.55176544189453" lon="2.756495475769043">
        <ele>269.73</ele>
      </trkpt>
      <trkpt lat="42.55159378051758" lon="2.7563023567199707">
        <ele>270.41</ele>
      </trkpt>
      <trkpt lat="42.551422119140625" lon="2.7562379837036133">
        <ele>271.12</ele>
      </trkpt>
      <trkpt lat="42.55127191543579" lon="2.7563023567199707">
        <ele>271.95</ele>
      </trkpt>
      <trkpt lat="42.551107378676534" lon="2.7564811427146196">
        <ele>272.96</ele>
      </trkpt>
      <trkpt lat="42.550942841917276" lon="2.7566600125283003">
        <ele>273.83</ele>
      </trkpt>
      <trkpt lat="42.55077838897705" lon="2.756838798522949">
        <ele>274.71</ele>
      </trkpt>
      <trkpt lat="42.55060689523816" lon="2.756838798522949">
        <ele>275.43</ele>
      </trkpt>
      <trkpt lat="42.550435066223145" lon="2.756838798522949">
        <ele>276.28</ele>
      </trkpt>
      <trkpt lat="42.55024194717407" lon="2.7567100524902344">
        <ele>277.05</ele>
      </trkpt>
      <trkpt lat="42.550199031829834" lon="2.7565383911132812">
        <ele>277.62</ele>
      </trkpt>
      <trkpt lat="42.550177574157715" lon="2.7562808990478516">
        <ele>278.07</ele>
      </trkpt>
      <trkpt lat="42.55011320114136" lon="2.7561306953430176">
        <ele>278.65</ele>
      </trkpt>
      <trkpt lat="42.54996299743652" lon="2.75606632232666">
        <ele>279.28</ele>
      </trkpt>
      <trkpt lat="42.549705505371094" lon="2.7561521530151367">
        <ele>280.0</ele>
      </trkpt>
      <trkpt lat="42.54951959475875" lon="2.756302272900939">
        <ele>280.64</ele>
      </trkpt>
      <trkpt lat="42.549333684146404" lon="2.7564523927867413">
        <ele>281.33</ele>
      </trkpt>
      <trkpt lat="42.549147605895996" lon="2.7566027641296387">
        <ele>281.98</ele>
      </trkpt>
      <trkpt lat="42.54901885986328" lon="2.756624221801758">
        <ele>282.61</ele>
      </trkpt>
      <trkpt lat="42.54891165532172" lon="2.7565813064575195">
        <ele>283.18</ele>
      </trkpt>
      <trkpt lat="42.54886865615845" lon="2.7565598487854004">
        <ele>283.79</ele>
      </trkpt>
      <trkpt lat="42.54878282546997" lon="2.7564096450805664">
        <ele>284.43</ele>
      </trkpt>
      <trkpt lat="42.5487398263067" lon="2.756087025627494">
        <ele>285.04</ele>
      </trkpt>
      <trkpt lat="42.54869682714343" lon="2.7557644061744213">
        <ele>285.69</ele>
      </trkpt>
      <trkpt lat="42.54865382798016" lon="2.7554417867213488">
        <ele>286.32</ele>
      </trkpt>
      <trkpt lat="42.54861124791205" lon="2.755122184753418">
        <ele>287.03</ele>
      </trkpt>
      <trkpt lat="42.5485897064209" lon="2.754896292462945">
        <ele>287.79</ele>
      </trkpt>
      <trkpt lat="42.54856833256781" lon="2.754671573638916">
        <ele>288.63</ele>
      </trkpt>
      <trkpt lat="42.548536816611886" lon="2.754443921148777">
        <ele>289.57</ele>
      </trkpt>
      <trkpt lat="42.54848996177316" lon="2.754104118794203">
        <ele>290.56</ele>
      </trkpt>
      <trkpt lat="42.54844310693443" lon="2.7537644002586603">
        <ele>291.62</ele>
      </trkpt>
      <trkpt lat="42.54839667119086" lon="2.753427028656006">
        <ele>292.69</ele>
      </trkpt>
      <trkpt lat="42.54839667119086" lon="2.7533411979675293">
        <ele>293.85</ele>
      </trkpt>
      <trkpt lat="42.548364317044616" lon="2.752997037023306">
        <ele>295.19</ele>
      </trkpt>
      <trkpt lat="42.54833221435547" lon="2.752654552459717">
        <ele>296.54</ele>
      </trkpt>
      <trkpt lat="42.548339338973165" lon="2.7522530592978">
        <ele>297.91</ele>
      </trkpt>
      <trkpt lat="42.54834654740989" lon="2.7518515661358833">
        <ele>299.29</ele>
      </trkpt>
      <trkpt lat="42.54835367202759" lon="2.751452922821045">
        <ele>300.69</ele>
      </trkpt>
      <trkpt lat="42.548396587371826" lon="2.7510666847229004">
        <ele>302.05</ele>
      </trkpt>
      <trkpt lat="42.5484824180603" lon="2.7506589889526367">
        <ele>303.39</ele>
      </trkpt>
      <trkpt lat="42.5484824180603" lon="2.750401496887207">
        <ele>304.74</ele>
      </trkpt>
      <trkpt lat="42.54837512969971" lon="2.750101089477539">
        <ele>306.27</ele>
      </trkpt>
      <trkpt lat="42.54835367202759" lon="2.7498435974121094">
        <ele>307.69</ele>
      </trkpt>
      <trkpt lat="42.548396587371826" lon="2.7496933937072754">
        <ele>308.99</ele>
      </trkpt>
      <trkpt lat="42.548460960388184" lon="2.7495431900024414">
        <ele>310.24</ele>
      </trkpt>
      <trkpt lat="42.5485897064209" lon="2.7493929862976074">
        <ele>311.38</ele>
      </trkpt>
      <trkpt lat="42.548696994781494" lon="2.749350070953369">
        <ele>312.41</ele>
      </trkpt>
      <trkpt lat="42.54882574081421" lon="2.7493715286254883">
        <ele>313.36</ele>
      </trkpt>
      <trkpt lat="42.54906177520752" lon="2.749607563018799">
        <ele>314.2</ele>
      </trkpt>
      <trkpt lat="42.549190521240234" lon="2.7496719360351562">
        <ele>315.1</ele>
      </trkpt>
      <trkpt lat="42.54931926727295" lon="2.749629020690918">
        <ele>315.95</ele>
      </trkpt>
      <trkpt lat="42.549426555633545" lon="2.7493929862976074">
        <ele>316.74</ele>
      </trkpt>
      <trkpt lat="42.549448013305664" lon="2.7492427825927734">
        <ele>317.41</ele>
      </trkpt>
      <trkpt lat="42.549426555633545" lon="2.7489852905273438">
        <ele>318.05</ele>
      </trkpt>
      <trkpt lat="42.54925489425659" lon="2.749156951904297">
        <ele>318.72</ele>
      </trkpt>
      <trkpt lat="42.54910469055176" lon="2.7492213249206543">
        <ele>319.19</ele>
      </trkpt>
      <trkpt lat="42.54886865615845" lon="2.7489852905273438">
        <ele>319.69</ele>
      </trkpt>
      <trkpt lat="42.54871845245361" lon="2.7489209175109863">
        <ele>320.17</ele>
      </trkpt>
      <trkpt lat="42.54856824874878" lon="2.7489638328552246">
        <ele>320.51</ele>
      </trkpt>
      <trkpt lat="42.54843941889703" lon="2.7491355780512094">
        <ele>320.66</ele>
      </trkpt>
      <trkpt lat="42.54831084050238" lon="2.749307155609131">
        <ele>320.72</ele>
      </trkpt>
      <trkpt lat="42.54822492599487" lon="2.7494359016418457">
        <ele>320.68</ele>
      </trkpt>
      <trkpt lat="42.547999704256654" lon="2.7495859377086163">
        <ele>320.63</ele>
      </trkpt>
      <trkpt lat="42.54777431488037" lon="2.7497363090515137">
        <ele>320.63</ele>
      </trkpt>
      <trkpt lat="42.54758823662996" lon="2.749950885772705">
        <ele>320.52</ele>
      </trkpt>
      <trkpt lat="42.54740224219859" lon="2.750165546312928">
        <ele>320.32</ele>
      </trkpt>
      <trkpt lat="42.54721641540527" lon="2.750380039215088">
        <ele>320.05</ele>
      </trkpt>
      <trkpt lat="42.547216499224305" lon="2.750380039215088">
        <ele>319.72</ele>
      </trkpt>
      <trkpt lat="42.547152042388916" lon="2.7504658699035645">
        <ele>319.32</ele>
      </trkpt>
      <trkpt lat="42.547066044062376" lon="2.7506484277546406">
        <ele>318.81</ele>
      </trkpt>
      <trkpt lat="42.54698038101196" lon="2.75083065032959">
        <ele>318.24</ele>
      </trkpt>
      <trkpt lat="42.54678005352616" lon="2.7510380186140537">
        <ele>317.67</ele>
      </trkpt>
      <trkpt lat="42.546579809859395" lon="2.7512454707175493">
        <ele>317.16</ele>
      </trkpt>
      <trkpt lat="42.54637956619263" lon="2.751452922821045">
        <ele>316.74</ele>
      </trkpt>
      <trkpt lat="42.54629373550415" lon="2.7515602111816406">
        <ele>316.27</ele>
      </trkpt>
      <trkpt lat="42.54619340412319" lon="2.7519327867776155">
        <ele>315.74</ele>
      </trkpt>
      <trkpt lat="42.546093072742224" lon="2.752305446192622">
        <ele>315.22</ele>
      </trkpt>
      <trkpt lat="42.54599332809448" lon="2.752676010131836">
        <ele>314.55</ele>
      </trkpt>
      <trkpt lat="42.545875143259764" lon="2.752880025655031">
        <ele>314.07</ele>
      </trkpt>
      <trkpt lat="42.54575729370117" lon="2.7530837059020996">
        <ele>313.52</ele>
      </trkpt>
      <trkpt lat="42.545650005340576" lon="2.753148078918457">
        <ele>313.11</ele>
      </trkpt>
      <trkpt lat="42.54552125930786" lon="2.753126621246338">
        <ele>312.74</ele>
      </trkpt>
      <trkpt lat="42.545413970947266" lon="2.752976417541504">
        <ele>312.45</ele>
      </trkpt>
      <trkpt lat="42.54532814025879" lon="2.752804756164551">
        <ele>312.27</ele>
      </trkpt>
      <trkpt lat="42.54529939033091" lon="2.7523960545659065">
        <ele>312.37</ele>
      </trkpt>
      <trkpt lat="42.545270724222064" lon="2.751987436786294">
        <ele>312.43</ele>
      </trkpt>
      <trkpt lat="42.54524230957031" lon="2.7515816688537598">
        <ele>312.62</ele>
      </trkpt>
      <trkpt lat="42.545199394226074" lon="2.751474380493164">
        <ele>312.67</ele>
      </trkpt>
      <trkpt lat="42.5451135635376" lon="2.7513885498046875">
        <ele>312.65</ele>
      </trkpt>
      <trkpt lat="42.545006275177" lon="2.751431465148926">
        <ele>312.54</ele>
      </trkpt>
      <trkpt lat="42.54483461380005" lon="2.751603126525879">
        <ele>312.16</ele>
      </trkpt>
      <trkpt lat="42.544662952423096" lon="2.751646041870117">
        <ele>311.89</ele>
      </trkpt>
      <trkpt lat="42.5445556640625" lon="2.7515816688537598">
        <ele>311.82</ele>
      </trkpt>
      <trkpt lat="42.54451274871826" lon="2.7514100074768066">
        <ele>311.89</ele>
      </trkpt>
      <trkpt lat="42.54451274871826" lon="2.751173386350274">
        <ele>311.99</ele>
      </trkpt>
      <trkpt lat="42.54451274871826" lon="2.7509379386901855">
        <ele>312.05</ele>
      </trkpt>
      <trkpt lat="42.54446983337402" lon="2.75083065032959">
        <ele>311.99</ele>
      </trkpt>
      <trkpt lat="42.54429817199707" lon="2.750701904296875">
        <ele>311.91</ele>
      </trkpt>
      <trkpt lat="42.54412651062012" lon="2.7506589889526367">
        <ele>311.76</ele>
      </trkpt>
      <trkpt lat="42.54401922225952" lon="2.750723361968994">
        <ele>311.53</ele>
      </trkpt>
      <trkpt lat="42.543954849243164" lon="2.75083065032959">
        <ele>311.27</ele>
      </trkpt>
      <trkpt lat="42.543965578079224" lon="2.7511532697826624">
        <ele>310.74</ele>
      </trkpt>
      <trkpt lat="42.54397630691528" lon="2.751474380493164">
        <ele>310.28</ele>
      </trkpt>
      <trkpt lat="42.54389743320644" lon="2.7517681661993265">
        <ele>309.91</ele>
      </trkpt>
      <trkpt lat="42.54381864331663" lon="2.752061951905489">
        <ele>309.42</ele>
      </trkpt>
      <trkpt lat="42.54374027252197" lon="2.752354145050049">
        <ele>308.94</ele>
      </trkpt>
      <trkpt lat="42.543697357177734" lon="2.7525901794433594">
        <ele>308.46</ele>
      </trkpt>
      <trkpt lat="42.543708086013794" lon="2.7529665268957615">
        <ele>307.86</ele>
      </trkpt>
      <trkpt lat="42.54371881484985" lon="2.7533411979675293">
        <ele>307.07</ele>
      </trkpt>
      <trkpt lat="42.543675899505615" lon="2.753469944000244">
        <ele>306.52</ele>
      </trkpt>
      <trkpt lat="42.54359006881714" lon="2.7535343170166016">
        <ele>306.04</ele>
      </trkpt>
      <trkpt lat="42.54328966140747" lon="2.7535343170166016">
        <ele>305.71</ele>
      </trkpt>
      <trkpt lat="42.543182373046875" lon="2.75357723236084">
        <ele>305.17</ele>
      </trkpt>
      <trkpt lat="42.54318245686591" lon="2.75357723236084">
        <ele>304.67</ele>
      </trkpt>
      <trkpt lat="42.54301071166992" lon="2.7536416053771973">
        <ele>304.09</ele>
      </trkpt>
      <trkpt lat="42.54274274222553" lon="2.753705894574523">
        <ele>303.5</ele>
      </trkpt>
      <trkpt lat="42.54247426986694" lon="2.753770351409912">
        <ele>302.86</ele>
      </trkpt>
      <trkpt lat="42.54238843917847" lon="2.7537059783935547">
        <ele>302.38</ele>
      </trkpt>
      <trkpt lat="42.54232406616211" lon="2.75357723236084">
        <ele>301.89</ele>
      </trkpt>
      <trkpt lat="42.54234552383423" lon="2.7534055709838867">
        <ele>301.49</ele>
      </trkpt>
      <trkpt lat="42.542431354522705" lon="2.7531909942626953">
        <ele>301.09</ele>
      </trkpt>
      <trkpt lat="42.54256018437445" lon="2.7529761660844088">
        <ele>300.75</ele>
      </trkpt>
      <trkpt lat="42.542688846588135" lon="2.7527618408203125">
        <ele>300.54</ele>
      </trkpt>
      <trkpt lat="42.54275321960449" lon="2.7524828910827637">
        <ele>300.27</ele>
      </trkpt>
      <trkpt lat="42.54275321960449" lon="2.752354145050049">
        <ele>299.94</ele>
      </trkpt>
      <trkpt lat="42.54273176193237" lon="2.752246856689453">
        <ele>299.63</ele>
      </trkpt>
      <trkpt lat="42.5426459312439" lon="2.7521395683288574">
        <ele>299.32</ele>
      </trkpt>
      <trkpt lat="42.54249572753906" lon="2.7521610260009766">
        <ele>298.82</ele>
      </trkpt>
      <trkpt lat="42.54229187965393" lon="2.7523433323949575">
        <ele>298.18</ele>
      </trkpt>
      <trkpt lat="42.5420880317688" lon="2.752525806427002">
        <ele>297.58</ele>
      </trkpt>
      <trkpt lat="42.54190580919385" lon="2.752557909116149">
        <ele>297.15</ele>
      </trkpt>
      <trkpt lat="42.54172325134277" lon="2.7525901794433594">
        <ele>296.73</ele>
      </trkpt>
      <trkpt lat="42.54157304763794" lon="2.752654552459717">
        <ele>296.29</ele>
      </trkpt>
      <trkpt lat="42.54135134629905" lon="2.752826130017638">
        <ele>295.68</ele>
      </trkpt>
      <trkpt lat="42.5411297287792" lon="2.7529977075755596">
        <ele>294.96</ele>
      </trkpt>
      <trkpt lat="42.540907859802246" lon="2.753169536590576">
        <ele>294.25</ele>
      </trkpt>
      <trkpt lat="42.54077911376953" lon="2.7532124519348145">
        <ele>293.72</ele>
      </trkpt>
      <trkpt lat="42.540671825408936" lon="2.753169536590576">
        <ele>293.29</ele>
      </trkpt>
      <trkpt lat="42.54050016403198" lon="2.7529335021972656">
        <ele>293.03</ele>
      </trkpt>
      <trkpt lat="42.54039287567139" lon="2.7529120445251465">
        <ele>292.5</ele>
      </trkpt>
      <trkpt lat="42.54030704498291" lon="2.7529549598693848">
        <ele>291.93</ele>
      </trkpt>
      <trkpt lat="42.54026412963867" lon="2.753019332885742">
        <ele>291.33</ele>
      </trkpt>
      <trkpt lat="42.540264213457704" lon="2.753019332885742">
        <ele>290.75</ele>
      </trkpt>
      <trkpt lat="42.54024267196655" lon="2.7531909942626953">
        <ele>290.08</ele>
      </trkpt>
      <trkpt lat="42.54025340080261" lon="2.7534598018974066">
        <ele>289.38</ele>
      </trkpt>
      <trkpt lat="42.54026412963867" lon="2.753727436065674">
        <ele>288.7</ele>
      </trkpt>
      <trkpt lat="42.54023185931146" lon="2.7541145123541355">
        <ele>287.96</ele>
      </trkpt>
      <trkpt lat="42.540199756622314" lon="2.754499912261963">
        <ele>287.14</ele>
      </trkpt>
      <trkpt lat="42.540171006694436" lon="2.7548081148415804">
        <ele>286.43</ele>
      </trkpt>
      <trkpt lat="42.54014234058559" lon="2.7551164012402296">
        <ele>285.82</ele>
      </trkpt>
      <trkpt lat="42.54011392593384" lon="2.755422592163086">
        <ele>285.22</ele>
      </trkpt>
      <trkpt lat="42.540070842951536" lon="2.7556698583066463">
        <ele>284.55</ele>
      </trkpt>
      <trkpt lat="42.54002809524536" lon="2.755916118621826">
        <ele>283.86</ele>
      </trkpt>
      <trkpt lat="42.54002809524536" lon="2.7562808990478516">
        <ele>283.06</ele>
      </trkpt>
      <trkpt lat="42.54004955291748" lon="2.7566027641296387">
        <ele>282.34</ele>
      </trkpt>
      <trkpt lat="42.54011392593384" lon="2.756924629211426">
        <ele>281.71</ele>
      </trkpt>
      <trkpt lat="42.540199840441346" lon="2.757117999717593">
        <ele>280.99</ele>
      </trkpt>
      <trkpt lat="42.54028558731079" lon="2.7573108673095703">
        <ele>280.29</ele>
      </trkpt>
      <trkpt lat="42.54036077298224" lon="2.7575042378157377">
        <ele>279.59</ele>
      </trkpt>
      <trkpt lat="42.540435791015625" lon="2.757697105407715">
        <ele>278.89</ele>
      </trkpt>
      <trkpt lat="42.540457248687744" lon="2.7579760551452637">
        <ele>278.18</ele>
      </trkpt>
      <trkpt lat="42.540424978360534" lon="2.7582771331071854">
        <ele>277.49</ele>
      </trkpt>
      <trkpt lat="42.54039287567139" lon="2.7585768699645996">
        <ele>276.72</ele>
      </trkpt>
      <trkpt lat="42.54026412963867" lon="2.7588772773742676">
        <ele>275.96</ele>
      </trkpt>
      <trkpt lat="42.540156841278076" lon="2.7590274810791016">
        <ele>275.21</ele>
      </trkpt>
      <trkpt lat="42.54015692509711" lon="2.7590274810791016">
        <ele>274.53</ele>
      </trkpt>
      <trkpt lat="42.54009255208075" lon="2.75907039642334">
        <ele>273.84</ele>
      </trkpt>
      <trkpt lat="42.539963722229004" lon="2.75907039642334">
        <ele>273.19</ele>
      </trkpt>
      <trkpt lat="42.53981351852417" lon="2.7590060234069824">
        <ele>272.43</ele>
      </trkpt>
      <trkpt lat="42.53968460485339" lon="2.7588127367198467">
        <ele>271.76</ele>
      </trkpt>
      <trkpt lat="42.53955602645874" lon="2.758619785308838">
        <ele>271.11</ele>
      </trkpt>
      <trkpt lat="42.539427280426025" lon="2.7585554122924805">
        <ele>270.39</ele>
      </trkpt>
      <trkpt lat="42.53925561904907" lon="2.7585983276367188">
        <ele>269.67</ele>
      </trkpt>
      <trkpt lat="42.53912687301636" lon="2.7586841583251953">
        <ele>268.89</ele>
      </trkpt>
      <trkpt lat="42.53897666931152" lon="2.7588558197021484">
        <ele>268.05</ele>
      </trkpt>
      <trkpt lat="42.538847755640745" lon="2.7590598352253437">
        <ele>267.13</ele>
      </trkpt>
      <trkpt lat="42.538719177246094" lon="2.759263515472412">
        <ele>266.26</ele>
      </trkpt>
      <trkpt lat="42.538600992411375" lon="2.7595320716500282">
        <ele>265.4</ele>
      </trkpt>
      <trkpt lat="42.53848314285278" lon="2.7597999572753906">
        <ele>264.56</ele>
      </trkpt>
      <trkpt lat="42.53829002380371" lon="2.759864330291748">
        <ele>263.91</ele>
      </trkpt>
      <trkpt lat="42.53811844624579" lon="2.759789228439331">
        <ele>263.22</ele>
      </trkpt>
      <trkpt lat="42.537946701049805" lon="2.759714126586914">
        <ele>262.49</ele>
      </trkpt>
      <trkpt lat="42.53781787119806" lon="2.7595638390630484">
        <ele>261.82</ele>
      </trkpt>
      <trkpt lat="42.537689208984375" lon="2.759413719177246">
        <ele>261.17</ele>
      </trkpt>
      <trkpt lat="42.53764629364014" lon="2.759220600128174">
        <ele>260.58</ele>
      </trkpt>
      <trkpt lat="42.53764629364014" lon="2.75907039642334">
        <ele>260.04</ele>
      </trkpt>
      <trkpt lat="42.53773212432861" lon="2.7587485313415527">
        <ele>259.6</ele>
      </trkpt>
      <trkpt lat="42.537710666656494" lon="2.758641242980957">
        <ele>259.03</ele>
      </trkpt>
      <trkpt lat="42.53762491978705" lon="2.7585768699645996">
        <ele>258.43</ele>
      </trkpt>
      <trkpt lat="42.53751754760742" lon="2.7585768699645996">
        <ele>257.74</ele>
      </trkpt>
      <trkpt lat="42.537453174591064" lon="2.758662700653076">
        <ele>256.94</ele>
      </trkpt>
      <trkpt lat="42.537324177101254" lon="2.7590280678123236">
        <ele>255.96</ele>
      </trkpt>
      <trkpt lat="42.537195179611444" lon="2.759393434971571">
        <ele>255.04</ele>
      </trkpt>
      <trkpt lat="42.53706693649292" lon="2.7597570419311523">
        <ele>254.09</ele>
      </trkpt>
      <trkpt lat="42.53702402114868" lon="2.7599501609802246">
        <ele>253.16</ele>
      </trkpt>
      <trkpt lat="42.53707774914801" lon="2.760218884795904">
        <ele>252.12</ele>
      </trkpt>
      <trkpt lat="42.53713130950928" lon="2.760486602783203">
        <ele>251.15</ele>
      </trkpt>
      <trkpt lat="42.53728159703314" lon="2.7607514709234238">
        <ele>250.04</ele>
      </trkpt>
      <trkpt lat="42.53743196837604" lon="2.761016422882676">
        <ele>248.92</ele>
      </trkpt>
      <trkpt lat="42.53758192062378" lon="2.7612805366516113">
        <ele>247.72</ele>
      </trkpt>
      <trkpt lat="42.53768929280341" lon="2.7615060936659575">
        <ele>246.51</ele>
      </trkpt>
      <trkpt lat="42.53779649734497" lon="2.7617311477661133">
        <ele>245.28</ele>
      </trkpt>
      <trkpt lat="42.53781795501709" lon="2.7618813514709473">
        <ele>244.09</ele>
      </trkpt>
      <trkpt lat="42.53779649734497" lon="2.7620530128479004">
        <ele>242.98</ele>
      </trkpt>
      <trkpt lat="42.537598852068186" lon="2.7623794041574">
        <ele>241.9</ele>
      </trkpt>
      <trkpt lat="42.53740129061043" lon="2.7627058792859316">
        <ele>240.77</ele>
      </trkpt>
      <trkpt lat="42.53720372915268" lon="2.763032354414463">
        <ele>239.59</ele>
      </trkpt>
      <trkpt lat="42.537006083875895" lon="2.7633588295429945">
        <ele>238.47</ele>
      </trkpt>
      <trkpt lat="42.53680944442749" lon="2.763683795928955">
        <ele>237.29</ele>
      </trkpt>
      <trkpt lat="42.53663778305054" lon="2.7638983726501465">
        <ele>236.1</ele>
      </trkpt>
      <trkpt lat="42.5364875793457" lon="2.764005661010742">
        <ele>234.91</ele>
      </trkpt>
      <trkpt lat="42.53624106757343" lon="2.7640270348638296">
        <ele>233.85</ele>
      </trkpt>
      <trkpt lat="42.53599405288696" lon="2.7640485763549805">
        <ele>232.82</ele>
      </trkpt>
      <trkpt lat="42.535908222198486" lon="2.764112949371338">
        <ele>231.79</ele>
      </trkpt>
      <trkpt lat="42.53582239151001" lon="2.7643275260925293">
        <ele>230.71</ele>
      </trkpt>
      <trkpt lat="42.53587611950934" lon="2.7646393328905106">
        <ele>229.61</ele>
      </trkpt>
      <trkpt lat="42.535929679870605" lon="2.7649497985839844">
        <ele>228.62</ele>
      </trkpt>
      <trkpt lat="42.535929679870605" lon="2.765228748321533">
        <ele>227.66</ele>
      </trkpt>
      <trkpt lat="42.535908222198486" lon="2.7654004096984863">
        <ele>226.75</ele>
      </trkpt>
      <trkpt lat="42.53590830601752" lon="2.7654004096984863">
        <ele>225.92</ele>
      </trkpt>
      <trkpt lat="42.53584384918213" lon="2.765507698059082">
        <ele>225.14</ele>
      </trkpt>
      <trkpt lat="42.53567227162421" lon="2.7655720710754395">
        <ele>224.28</ele>
      </trkpt>
      <trkpt lat="42.5355863571167" lon="2.7655720710754395">
        <ele>223.49</ele>
      </trkpt>
      <trkpt lat="42.53552198410034" lon="2.765529155731201">
        <ele>222.72</ele>
      </trkpt>
      <trkpt lat="42.53552206791937" lon="2.765529155731201">
        <ele>222.0</ele>
      </trkpt>
      <trkpt lat="42.535457611083984" lon="2.765486240386963">
        <ele>221.25</ele>
      </trkpt>
      <trkpt lat="42.535328613594174" lon="2.7651207894086838">
        <ele>220.57</ele>
      </trkpt>
      <trkpt lat="42.535200119018555" lon="2.764756679534912">
        <ele>219.89</ele>
      </trkpt>
      <trkpt lat="42.53507137298584" lon="2.764585018157959">
        <ele>219.14</ele>
      </trkpt>
      <trkpt lat="42.534964084625244" lon="2.7644991874694824">
        <ele>218.36</ele>
      </trkpt>
      <trkpt lat="42.53479242324829" lon="2.7644777297973633">
        <ele>217.45</ele>
      </trkpt>
      <trkpt lat="42.534728050231934" lon="2.764413356781006">
        <ele>216.69</ele>
      </trkpt>
      <trkpt lat="42.53464221954346" lon="2.7643275260925293">
        <ele>215.91</ele>
      </trkpt>
      <trkpt lat="42.5345778465271" lon="2.7640271186828613">
        <ele>215.38</ele>
      </trkpt>
      <trkpt lat="42.53449201583862" lon="2.7639198303222656">
        <ele>214.67</ele>
      </trkpt>
      <trkpt lat="42.53427769057453" lon="2.7638769149780273">
        <ele>213.68</ele>
      </trkpt>
      <trkpt lat="42.53406286239624" lon="2.763833999633789">
        <ele>212.66</ele>
      </trkpt>
      <trkpt lat="42.533934116363525" lon="2.763791084289551">
        <ele>211.8</ele>
      </trkpt>
      <trkpt lat="42.53374099731445" lon="2.763662338256836">
        <ele>210.9</ele>
      </trkpt>
      <trkpt lat="42.53365516662598" lon="2.7634692192077637">
        <ele>210.12</ele>
      </trkpt>
      <trkpt lat="42.53363370895386" lon="2.7633190155029297">
        <ele>209.37</ele>
      </trkpt>
      <trkpt lat="42.533676624298096" lon="2.7630186080932617">
        <ele>208.68</ele>
      </trkpt>
      <trkpt lat="42.5338161829859" lon="2.762803863734007">
        <ele>208.02</ele>
      </trkpt>
      <trkpt lat="42.533955574035645" lon="2.762589454650879">
        <ele>207.24</ele>
      </trkpt>
      <trkpt lat="42.533955574035645" lon="2.762417793273926">
        <ele>206.46</ele>
      </trkpt>
      <trkpt lat="42.533912658691406" lon="2.76231050491333">
        <ele>205.56</ele>
      </trkpt>
      <trkpt lat="42.53382682800293" lon="2.76231050491333">
        <ele>204.53</ele>
      </trkpt>
      <trkpt lat="42.533665895462036" lon="2.7624606247991323">
        <ele>203.27</ele>
      </trkpt>
      <trkpt lat="42.53350496292114" lon="2.762610912322998">
        <ele>201.95</ele>
      </trkpt>
      <trkpt lat="42.533226013183594" lon="2.762782573699951">
        <ele>200.61</ele>
      </trkpt>
      <trkpt lat="42.532979249954224" lon="2.76301852427423">
        <ele>199.21</ele>
      </trkpt>
      <trkpt lat="42.53273248672485" lon="2.7632546424865723">
        <ele>197.61</ele>
      </trkpt>
      <trkpt lat="42.532528806477785" lon="2.763318931683898">
        <ele>196.13</ele>
      </trkpt>
      <trkpt lat="42.53232479095459" lon="2.763383388519287">
        <ele>194.72</ele>
      </trkpt>
      <trkpt lat="42.53232487477362" lon="2.763383388519287">
        <ele>193.35</ele>
      </trkpt>
      <trkpt lat="42.532239044085145" lon="2.7634048461914062">
        <ele>191.96</ele>
      </trkpt>
      <trkpt lat="42.53215321339667" lon="2.7634692192077637">
        <ele>190.49</ele>
      </trkpt>
      <trkpt lat="42.53202438354492" lon="2.763490676879883">
        <ele>189.01</ele>
      </trkpt>
      <trkpt lat="42.531960010528564" lon="2.7634477615356445">
        <ele>187.62</ele>
      </trkpt>
      <trkpt lat="42.53183126449585" lon="2.7632761001586914">
        <ele>186.11</ele>
      </trkpt>
      <trkpt lat="42.531723976135254" lon="2.763211727142334">
        <ele>184.63</ele>
      </trkpt>
      <trkpt lat="42.53161668777466" lon="2.763211727142334">
        <ele>183.21</ele>
      </trkpt>
      <trkpt lat="42.53150939941406" lon="2.7632975578308105">
        <ele>181.85</ele>
      </trkpt>
      <trkpt lat="42.53135919570923" lon="2.763640880584717">
        <ele>180.55</ele>
      </trkpt>
      <trkpt lat="42.531166076660156" lon="2.763833999633789">
        <ele>179.21</ele>
      </trkpt>
      <trkpt lat="42.5309944152832" lon="2.7638983726501465">
        <ele>177.93</ele>
      </trkpt>
      <trkpt lat="42.53084421157837" lon="2.7639198303222656">
        <ele>176.7</ele>
      </trkpt>
      <trkpt lat="42.53060817718506" lon="2.7638769149780273">
        <ele>175.62</ele>
      </trkpt>
      <trkpt lat="42.53050088882446" lon="2.7639198303222656">
        <ele>174.62</ele>
      </trkpt>
      <trkpt lat="42.530415058135986" lon="2.7640271186828613">
        <ele>173.64</ele>
      </trkpt>
      <trkpt lat="42.53032922744751" lon="2.7643489837646484">
        <ele>172.68</ele>
      </trkpt>
      <trkpt lat="42.53028631210327" lon="2.7644777297973633">
        <ele>171.84</ele>
      </trkpt>
      <trkpt lat="42.530222022905946" lon="2.7645421028137207">
        <ele>171.01</ele>
      </trkpt>
      <trkpt lat="42.53013610839844" lon="2.7645421028137207">
        <ele>170.21</ele>
      </trkpt>
      <trkpt lat="42.53002882003784" lon="2.7644991874694824">
        <ele>169.44</ele>
      </trkpt>
      <trkpt lat="42.52981432713568" lon="2.7643275260925293">
        <ele>168.6</ele>
      </trkpt>
      <trkpt lat="42.52966412343085" lon="2.7642416954040527">
        <ele>167.83</ele>
      </trkpt>
      <trkpt lat="42.52955683507025" lon="2.7641773223876953">
        <ele>167.13</ele>
      </trkpt>
      <trkpt lat="42.52929934300482" lon="2.763984203338623">
        <ele>166.45</ele>
      </trkpt>
      <trkpt lat="42.52910622395575" lon="2.7639412879943848">
        <ele>165.82</ele>
      </trkpt>
      <trkpt lat="42.52899885177612" lon="2.764005661010742">
        <ele>165.22</ele>
      </trkpt>
      <trkpt lat="42.52880573272705" lon="2.764263153076172">
        <ele>164.62</ele>
      </trkpt>
      <trkpt lat="42.52880581654608" lon="2.764263153076172">
        <ele>164.02</ele>
      </trkpt>
      <trkpt lat="42.528762901201844" lon="2.7643489837646484">
        <ele>163.4</ele>
      </trkpt>
      <trkpt lat="42.52874135971069" lon="2.7646923065185547">
        <ele>162.81</ele>
      </trkpt>
      <trkpt lat="42.5286340713501" lon="2.764863967895508">
        <ele>162.24</ele>
      </trkpt>
      <trkpt lat="42.52854832448065" lon="2.7649283409118652">
        <ele>161.63</ele>
      </trkpt>
      <trkpt lat="42.528312373906374" lon="2.7650891058146954">
        <ele>160.97</ele>
      </trkpt>
      <trkpt lat="42.528076171875" lon="2.7652502059936523">
        <ele>160.24</ele>
      </trkpt>
      <trkpt lat="42.527968883514404" lon="2.765357494354248">
        <ele>159.61</ele>
      </trkpt>
      <trkpt lat="42.52790451049805" lon="2.765507698059082">
        <ele>159.05</ele>
      </trkpt>
      <trkpt lat="42.52781867980957" lon="2.76580810546875">
        <ele>158.45</ele>
      </trkpt>
      <trkpt lat="42.52778640948236" lon="2.7660769131034613">
        <ele>157.94</ele>
      </trkpt>
      <trkpt lat="42.527754390612245" lon="2.7663445472717285">
        <ele>157.47</ele>
      </trkpt>
      <trkpt lat="42.527711391448975" lon="2.766602039337158">
        <ele>156.98</ele>
      </trkpt>
      <trkpt lat="42.52756118774414" lon="2.7669453620910645">
        <ele>156.5</ele>
      </trkpt>
      <trkpt lat="42.52746446058154" lon="2.767224730923772">
        <ele>156.19</ele>
      </trkpt>
      <trkpt lat="42.52736806869507" lon="2.767503261566162">
        <ele>155.98</ele>
      </trkpt>
      <trkpt lat="42.52736806869507" lon="2.76780366897583">
        <ele>155.78</ele>
      </trkpt>
      <trkpt lat="42.5273681525141" lon="2.76780366897583">
        <ele>155.67</ele>
      </trkpt>
      <trkpt lat="42.52728223800659" lon="2.768104076385498">
        <ele>155.59</ele>
      </trkpt>
      <trkpt lat="42.527217864990234" lon="2.7681899070739746">
        <ele>155.61</ele>
      </trkpt>
      <trkpt lat="42.527217948809266" lon="2.7681899070739746">
        <ele>155.72</ele>
      </trkpt>
      <trkpt lat="42.52702474594116" lon="2.7683186531066895">
        <ele>155.99</ele>
      </trkpt>
      <trkpt lat="42.527024829760194" lon="2.7683186531066895">
        <ele>156.24</ele>
      </trkpt>
      <trkpt lat="42.526938915252686" lon="2.7684473991394043">
        <ele>156.58</ele>
      </trkpt>
      <trkpt lat="42.52685308456421" lon="2.7685976028442383">
        <ele>157.0</ele>
      </trkpt>
      <trkpt lat="42.526795668527484" lon="2.7689129300415516">
        <ele>157.35</ele>
      </trkpt>
      <trkpt lat="42.52673833630979" lon="2.7692283410578966">
        <ele>157.84</ele>
      </trkpt>
      <trkpt lat="42.526681423187256" lon="2.7695417404174805">
        <ele>158.45</ele>
      </trkpt>
      <trkpt lat="42.52657413482666" lon="2.7698206901550293">
        <ele>159.2</ele>
      </trkpt>
      <trkpt lat="42.5264130346477" lon="2.7701213490217924">
        <ele>160.03</ele>
      </trkpt>
      <trkpt lat="42.526252353563905" lon="2.7704215049743652">
        <ele>160.8</ele>
      </trkpt>
      <trkpt lat="42.526144813746214" lon="2.770797684788704">
        <ele>161.39</ele>
      </trkpt>
      <trkpt lat="42.52603769302368" lon="2.771172523498535">
        <ele>162.26</ele>
      </trkpt>
      <trkpt lat="42.52595169469714" lon="2.7713550813496113">
        <ele>163.16</ele>
      </trkpt>
      <trkpt lat="42.52586603164673" lon="2.7715373039245605">
        <ele>164.01</ele>
      </trkpt>
      <trkpt lat="42.52578020095825" lon="2.771623134613037">
        <ele>164.83</ele>
      </trkpt>
      <trkpt lat="42.525672912597656" lon="2.7716875076293945">
        <ele>165.67</ele>
      </trkpt>
      <trkpt lat="42.52543721348047" lon="2.771676778793335">
        <ele>166.67</ele>
      </trkpt>
      <trkpt lat="42.52520092763007" lon="2.7716660499572754">
        <ele>167.56</ele>
      </trkpt>
      <trkpt lat="42.52513647079468" lon="2.7717089653015137">
        <ele>168.25</ele>
      </trkpt>
      <trkpt lat="42.52507209777832" lon="2.771880626678467">
        <ele>168.88</ele>
      </trkpt>
      <trkpt lat="42.52509355545044" lon="2.772030830383301">
        <ele>169.42</ele>
      </trkpt>
      <trkpt lat="42.5251579284668" lon="2.7721810340881348">
        <ele>169.84</ele>
      </trkpt>
      <trkpt lat="42.52524375915527" lon="2.7724170684814453">
        <ele>170.16</ele>
      </trkpt>
      <trkpt lat="42.525265300646424" lon="2.772653102874756">
        <ele>170.45</ele>
      </trkpt>
      <trkpt lat="42.525200843811035" lon="2.772996425628662">
        <ele>170.77</ele>
      </trkpt>
      <trkpt lat="42.52507193014026" lon="2.773211169987917">
        <ele>171.11</ele>
      </trkpt>
      <trkpt lat="42.524943351745605" lon="2.773425579071045">
        <ele>171.33</ele>
      </trkpt>
      <trkpt lat="42.524728775024414" lon="2.773618698120117">
        <ele>171.54</ele>
      </trkpt>
      <trkpt lat="42.52457857131958" lon="2.7736830711364746">
        <ele>171.75</ele>
      </trkpt>
      <trkpt lat="42.52427816390991" lon="2.7736401557922363">
        <ele>172.17</ele>
      </trkpt>
      <trkpt lat="42.524235332384706" lon="2.7736616134643555">
        <ele>172.28</ele>
      </trkpt>
      <trkpt lat="42.524170875549316" lon="2.7737045288085938">
        <ele>172.33</ele>
      </trkpt>
      <trkpt lat="42.52412796020508" lon="2.7738547325134277">
        <ele>172.25</ele>
      </trkpt>
      <trkpt lat="42.52420314587653" lon="2.774091186001897">
        <ele>172.0</ele>
      </trkpt>
      <trkpt lat="42.52427816390991" lon="2.774326801300049">
        <ele>171.73</ele>
      </trkpt>
      <trkpt lat="42.52427816390991" lon="2.7744555473327637">
        <ele>171.53</ele>
      </trkpt>
      <trkpt lat="42.52425670623779" lon="2.7746057510375977">
        <ele>171.25</ele>
      </trkpt>
      <trkpt lat="42.52407431602478" lon="2.7748095989227295">
        <ele>171.1</ele>
      </trkpt>
      <trkpt lat="42.5238920096308" lon="2.7750134468078613">
        <ele>170.82</ele>
      </trkpt>
      <trkpt lat="42.52367743290961" lon="2.7751636505126953">
        <ele>170.51</ele>
      </trkpt>
      <trkpt lat="42.52357006072998" lon="2.775249481201172">
        <ele>170.11</ele>
      </trkpt>
      <trkpt lat="42.52333402633667" lon="2.7754855155944824">
        <ele>169.71</ele>
      </trkpt>
      <trkpt lat="42.523226737976074" lon="2.775700092315674">
        <ele>169.02</ele>
      </trkpt>
      <trkpt lat="42.523183822631836" lon="2.7759790420532227">
        <ele>168.18</ele>
      </trkpt>
      <trkpt lat="42.523205280303955" lon="2.776365280151367">
        <ele>167.2</ele>
      </trkpt>
      <trkpt lat="42.523248279467225" lon="2.776622772216797">
        <ele>166.19</ele>
      </trkpt>
      <trkpt lat="42.52324819564819" lon="2.77679443359375">
        <ele>165.2</ele>
      </trkpt>
      <trkpt lat="42.523226737976074" lon="2.776966094970703">
        <ele>164.13</ele>
      </trkpt>
      <trkpt lat="42.52309799194336" lon="2.7771377563476562">
        <ele>163.14</ele>
      </trkpt>
      <trkpt lat="42.52290495671332" lon="2.777277147397399">
        <ele>162.09</ele>
      </trkpt>
      <trkpt lat="42.522711753845215" lon="2.777416706085205">
        <ele>160.88</ele>
      </trkpt>
      <trkpt lat="42.52260446548462" lon="2.777566909790039">
        <ele>159.61</ele>
      </trkpt>
      <trkpt lat="42.52251863479614" lon="2.777738571166992">
        <ele>158.35</ele>
      </trkpt>
      <trkpt lat="42.52251863479614" lon="2.7779531478881836">
        <ele>157.02</ele>
      </trkpt>
      <trkpt lat="42.52258309163153" lon="2.778243413195014">
        <ele>155.62</ele>
      </trkpt>
      <trkpt lat="42.52264738082886" lon="2.7785325050354004">
        <ele>154.19</ele>
      </trkpt>
      <trkpt lat="42.52264738082886" lon="2.7787041664123535">
        <ele>152.96</ele>
      </trkpt>
      <trkpt lat="42.52260446548462" lon="2.7788329124450684">
        <ele>151.85</ele>
      </trkpt>
      <trkpt lat="42.52251863479614" lon="2.778961658477783">
        <ele>150.8</ele>
      </trkpt>
      <trkpt lat="42.52235786989331" lon="2.7789509296417236">
        <ele>149.79</ele>
      </trkpt>
      <trkpt lat="42.522196769714355" lon="2.778940200805664">
        <ele>148.79</ele>
      </trkpt>
      <trkpt lat="42.521960735321045" lon="2.779068946838379">
        <ele>147.66</ele>
      </trkpt>
      <trkpt lat="42.52181053161621" lon="2.779240608215332">
        <ele>146.57</ele>
      </trkpt>
      <trkpt lat="42.52174615859985" lon="2.779390811920166">
        <ele>145.62</ele>
      </trkpt>
      <trkpt lat="42.5217246171087" lon="2.7796380780637264">
        <ele>144.79</ele>
      </trkpt>
      <trkpt lat="42.521703243255615" lon="2.7798843383789062">
        <ele>144.06</ele>
      </trkpt>
      <trkpt lat="42.521735429763794" lon="2.7801961451768875">
        <ele>143.42</ele>
      </trkpt>
      <trkpt lat="42.52176761627197" lon="2.7805066108703613">
        <ele>142.74</ele>
      </trkpt>
      <trkpt lat="42.52176761627197" lon="2.7806997299194336">
        <ele>142.04</ele>
      </trkpt>
      <trkpt lat="42.521703243255615" lon="2.7808713912963867">
        <ele>141.41</ele>
      </trkpt>
      <trkpt lat="42.521595787256956" lon="2.781075406819582">
        <ele>140.73</ele>
      </trkpt>
      <trkpt lat="42.521488666534424" lon="2.7812790870666504">
        <ele>140.02</ele>
      </trkpt>
      <trkpt lat="42.521295296028256" lon="2.781595839187503">
        <ele>139.24</ele>
      </trkpt>
      <trkpt lat="42.52110200934112" lon="2.7819125913083553">
        <ele>138.43</ele>
      </trkpt>
      <trkpt lat="42.520908722653985" lon="2.7822294272482395">
        <ele>137.64</ele>
      </trkpt>
      <trkpt lat="42.520716190338135" lon="2.7825450897216797">
        <ele>136.79</ele>
      </trkpt>
      <trkpt lat="42.52060890197754" lon="2.7828025817871094">
        <ele>135.82</ele>
      </trkpt>
      <trkpt lat="42.520551485940814" lon="2.7831179089844227">
        <ele>134.73</ele>
      </trkpt>
      <trkpt lat="42.52049415372312" lon="2.7834333200007677">
        <ele>133.72</ele>
      </trkpt>
      <trkpt lat="42.520437240600586" lon="2.7837467193603516">
        <ele>132.65</ele>
      </trkpt>
      <trkpt lat="42.520415699109435" lon="2.7839832566678524">
        <ele>131.54</ele>
      </trkpt>
      <trkpt lat="42.52039432525635" lon="2.7842187881469727">
        <ele>130.35</ele>
      </trkpt>
      <trkpt lat="42.52039432525635" lon="2.784611312672496">
        <ele>129.11</ele>
      </trkpt>
      <trkpt lat="42.52039432525635" lon="2.785003837198019">
        <ele>127.89</ele>
      </trkpt>
      <trkpt lat="42.52039432525635" lon="2.785396361723542">
        <ele>126.79</ele>
      </trkpt>
      <trkpt lat="42.52039432525635" lon="2.78578519821167">
        <ele>125.62</ele>
      </trkpt>
      <trkpt lat="42.52035140991211" lon="2.785978317260742">
        <ele>124.56</ele>
      </trkpt>
      <trkpt lat="42.52028703689575" lon="2.786107063293457">
        <ele>123.53</ele>
      </trkpt>
      <trkpt lat="42.520222663879395" lon="2.7861714363098145">
        <ele>122.6</ele>
      </trkpt>
      <trkpt lat="42.520222747698426" lon="2.7861714363098145">
        <ele>121.71</ele>
      </trkpt>
      <trkpt lat="42.51993323676288" lon="2.7863322012126446">
        <ele>120.89</ele>
      </trkpt>
      <trkpt lat="42.519643725827336" lon="2.7864930499345064">
        <ele>120.03</ele>
      </trkpt>
      <trkpt lat="42.51935429871082" lon="2.7866538148373365">
        <ele>119.09</ele>
      </trkpt>
      <trkpt lat="42.51906394958496" lon="2.7868151664733887">
        <ele>118.25</ele>
      </trkpt>
      <trkpt lat="42.5189567450434" lon="2.786836624145508">
        <ele>117.63</ele>
      </trkpt>
      <trkpt lat="42.51869950443506" lon="2.7868579979985952">
        <ele>117.16</ele>
      </trkpt>
      <trkpt lat="42.51844234764576" lon="2.7868794556707144">
        <ele>116.72</ele>
      </trkpt>
      <trkpt lat="42.518185107037425" lon="2.7869009133428335">
        <ele>116.33</ele>
      </trkpt>
      <trkpt lat="42.51792669296265" lon="2.7869224548339844">
        <ele>115.96</ele>
      </trkpt>
      <trkpt lat="42.51786231994629" lon="2.7869224548339844">
        <ele>115.68</ele>
      </trkpt>
      <trkpt lat="42.51755512319505" lon="2.786915246397257">
        <ele>115.48</ele>
      </trkpt>
      <trkpt lat="42.51724801026285" lon="2.786908121779561">
        <ele>115.26</ele>
      </trkpt>
      <trkpt lat="42.5169397238642" lon="2.7869009971618652">
        <ele>115.14</ele>
      </trkpt>
      <trkpt lat="42.516643926501274" lon="2.786896638572216">
        <ele>114.92</ele>
      </trkpt>
      <trkpt lat="42.51634821295738" lon="2.7868923638015985">
        <ele>114.77</ele>
      </trkpt>
      <trkpt lat="42.51605249941349" lon="2.786888089030981">
        <ele>114.71</ele>
      </trkpt>
      <trkpt lat="42.51575670205057" lon="2.7868838142603636">
        <ele>114.64</ele>
      </trkpt>
      <trkpt lat="42.51545914448798" lon="2.786879539489746">
        <ele>114.64</ele>
      </trkpt>
      <trkpt lat="42.51537322998047" lon="2.786858081817627">
        <ele>114.66</ele>
      </trkpt>
      <trkpt lat="42.51511573791504" lon="2.786858081817627">
        <ele>114.71</ele>
      </trkpt>
      <trkpt lat="42.51518019475043" lon="2.786729335784912">
        <ele>114.75</ele>
      </trkpt>
      <trkpt lat="42.51515865325928" lon="2.786579132080078">
        <ele>114.78</ele>
      </trkpt>
      <trkpt lat="42.51504055224359" lon="2.7864073030650616">
        <ele>114.85</ele>
      </trkpt>
      <trkpt lat="42.51492261886597" lon="2.786235809326172">
        <ele>114.95</ele>
      </trkpt>
      <trkpt lat="42.51480795443058" lon="2.785985106602311">
        <ele>115.08</ele>
      </trkpt>
      <trkpt lat="42.514693373814225" lon="2.7857344038784504">
        <ele>115.21</ele>
      </trkpt>
      <trkpt lat="42.51457929611206" lon="2.785484790802002">
        <ele>115.32</ele>
      </trkpt>
      <trkpt lat="42.51457929611206" lon="2.785463333129883">
        <ele>115.44</ele>
      </trkpt>
      <trkpt lat="42.5144718401134" lon="2.7852125465869904">
        <ele>115.55</ele>
      </trkpt>
      <trkpt lat="42.51436438411474" lon="2.7849618438631296">
        <ele>115.69</ele>
      </trkpt>
      <trkpt lat="42.51425743103027" lon="2.784712314605713">
        <ele>115.84</ele>
      </trkpt>
      <trkpt lat="42.51411309465766" lon="2.7843838278204203">
        <ele>115.99</ele>
      </trkpt>
      <trkpt lat="42.51396884210408" lon="2.7840553410351276">
        <ele>116.17</ele>
      </trkpt>
      <trkpt lat="42.513824589550495" lon="2.783726854249835">
        <ele>116.35</ele>
      </trkpt>
      <trkpt lat="42.51368033699691" lon="2.783398451283574">
        <ele>116.53</ele>
      </trkpt>
      <trkpt lat="42.51353608444333" lon="2.7830699644982815">
        <ele>116.73</ele>
      </trkpt>
      <trkpt lat="42.51339183188975" lon="2.782741477712989">
        <ele>117.01</ele>
      </trkpt>
      <trkpt lat="42.513249004259706" lon="2.782416343688965">
        <ele>117.33</ele>
      </trkpt>
      <trkpt lat="42.51329183578491" lon="2.782266139984131">
        <ele>117.63</ele>
      </trkpt>
      <trkpt lat="42.51354203559458" lon="2.782080229371786">
        <ele>117.97</ele>
      </trkpt>
      <trkpt lat="42.51379223540425" lon="2.7818943187594414">
        <ele>118.3</ele>
      </trkpt>
      <trkpt lat="42.51404285430908" lon="2.781708240509033">
        <ele>118.59</ele>
      </trkpt>
      <trkpt lat="42.51406439580023" lon="2.781643867492676">
        <ele>118.92</ele>
      </trkpt>
      <trkpt lat="42.51402139663696" lon="2.7814078330993652">
        <ele>119.26</ele>
      </trkpt>
      <trkpt lat="42.51404285430908" lon="2.7811288833618164">
        <ele>119.68</ele>
      </trkpt>
      <trkpt lat="42.51412885263562" lon="2.7807848062366247">
        <ele>120.22</ele>
      </trkpt>
      <trkpt lat="42.514214515686035" lon="2.780442237854004">
        <ele>120.73</ele>
      </trkpt>
      <trkpt lat="42.51430043019354" lon="2.780163288116455">
        <ele>121.14</ele>
      </trkpt>
      <trkpt lat="42.51432180404663" lon="2.7800345420837402">
        <ele>121.53</ele>
      </trkpt>
      <trkpt lat="42.51430034637451" lon="2.779862880706787">
        <ele>121.95</ele>
      </trkpt>
      <trkpt lat="42.51416279934347" lon="2.779510337859392">
        <ele>122.39</ele>
      </trkpt>
      <trkpt lat="42.51402525231242" lon="2.779157878831029">
        <ele>122.79</ele>
      </trkpt>
      <trkpt lat="42.51388770528138" lon="2.7788054198026657">
        <ele>123.11</ele>
      </trkpt>
      <trkpt lat="42.51375015825033" lon="2.7784529607743025">
        <ele>123.54</ele>
      </trkpt>
      <trkpt lat="42.51361378468573" lon="2.7781033515930176">
        <ele>124.01</ele>
      </trkpt>
      <trkpt lat="42.51365661621094" lon="2.777996063232422">
        <ele>124.4</ele>
      </trkpt>
      <trkpt lat="42.513931039720774" lon="2.7778373938053846">
        <ele>124.91</ele>
      </trkpt>
      <trkpt lat="42.51420554704964" lon="2.7776787243783474">
        <ele>125.37</ele>
      </trkpt>
      <trkpt lat="42.51447997055948" lon="2.7775199711322784">
        <ele>125.83</ele>
      </trkpt>
      <trkpt lat="42.514754477888346" lon="2.777361301705241">
        <ele>126.29</ele>
      </trkpt>
      <trkpt lat="42.515029991045594" lon="2.7772021293640137">
        <ele>126.67</ele>
      </trkpt>
      <trkpt lat="42.51505136489868" lon="2.7771377563476562">
        <ele>127.01</ele>
      </trkpt>
      <trkpt lat="42.51502990722656" lon="2.7770090103149414">
        <ele>127.32</ele>
      </trkpt>
      <trkpt lat="42.51496536657214" lon="2.776686390861869">
        <ele>127.56</ele>
      </trkpt>
      <trkpt lat="42.51490090973675" lon="2.776363855227828">
        <ele>127.79</ele>
      </trkpt>
      <trkpt lat="42.51483636908233" lon="2.776041319593787">
        <ele>128.01</ele>
      </trkpt>
      <trkpt lat="42.514772498980165" lon="2.775721549987793">
        <ele>128.19</ele>
      </trkpt>
      <trkpt lat="42.51469714567065" lon="2.775399014353752">
        <ele>128.25</ele>
      </trkpt>
      <trkpt lat="42.5146222114563" lon="2.7750778198242188">
        <ele>128.35</ele>
      </trkpt>
      <trkpt lat="42.51464366912842" lon="2.774949073791504">
        <ele>128.43</ele>
      </trkpt>
      <trkpt lat="42.51466512680054" lon="2.7747559547424316">
        <ele>128.5</ele>
      </trkpt>
      <trkpt lat="42.51464366912842" lon="2.774648666381836">
        <ele>128.49</ele>
      </trkpt>
      <trkpt lat="42.514504194259644" lon="2.7745413780212402">
        <ele>128.42</ele>
      </trkpt>
      <trkpt lat="42.51436471939087" lon="2.7744340896606445">
        <ele>128.35</ele>
      </trkpt>
      <trkpt lat="42.514214515686035" lon="2.774198055267334">
        <ele>128.27</ele>
      </trkpt>
      <trkpt lat="42.51407839357853" lon="2.7739545609802008">
        <ele>128.15</ele>
      </trkpt>
      <trkpt lat="42.513942355290055" lon="2.7737111505120993">
        <ele>128.02</ele>
      </trkpt>
      <trkpt lat="42.51380681991577" lon="2.773468494415283">
        <ele>127.93</ele>
      </trkpt>
      <trkpt lat="42.51368855126202" lon="2.7730815019458532">
        <ele>127.84</ele>
      </trkpt>
      <trkpt lat="42.51357086934149" lon="2.772696018218994">
        <ele>127.64</ele>
      </trkpt>
      <trkpt lat="42.51354924403131" lon="2.7723948564380407">
        <ele>127.46</ele>
      </trkpt>
      <trkpt lat="42.51352787017822" lon="2.772095203399658">
        <ele>127.33</ele>
      </trkpt>
      <trkpt lat="42.513463497161865" lon="2.772030830383301">
        <ele>127.27</ele>
      </trkpt>
      <trkpt lat="42.51337766647339" lon="2.7719879150390625">
        <ele>127.26</ele>
      </trkpt>
      <trkpt lat="42.51333475112915" lon="2.771902084350586">
        <ele>127.28</ele>
      </trkpt>
      <trkpt lat="42.513248920440674" lon="2.771580219268799">
        <ele>127.36</ele>
      </trkpt>
      <trkpt lat="42.51327037811279" lon="2.7713656425476074">
        <ele>127.46</ele>
      </trkpt>
      <trkpt lat="42.51315210945904" lon="2.7710001915693283">
        <ele>127.71</ele>
      </trkpt>
      <trkpt lat="42.51303434371948" lon="2.7706360816955566">
        <ele>127.91</ele>
      </trkpt>
      <trkpt lat="42.51292705535889" lon="2.7704644203186035">
        <ele>128.05</ele>
      </trkpt>
      <trkpt lat="42.51282672397792" lon="2.7702065091580153">
        <ele>128.23</ele>
      </trkpt>
      <trkpt lat="42.51272639259696" lon="2.769948597997427">
        <ele>128.51</ele>
      </trkpt>
      <trkpt lat="42.51262664794922" lon="2.7696919441223145">
        <ele>128.79</ele>
      </trkpt>
      <trkpt lat="42.51262673176825" lon="2.7696919441223145">
        <ele>128.99</ele>
      </trkpt>
      <trkpt lat="42.51247627660632" lon="2.7693983260542154">
        <ele>129.18</ele>
      </trkpt>
      <trkpt lat="42.512325905263424" lon="2.7691047079861164">
        <ele>129.34</ele>
      </trkpt>
      <trkpt lat="42.51217603683472" lon="2.7688121795654297">
        <ele>129.58</ele>
      </trkpt>
      <trkpt lat="42.51203287392855" lon="2.768597435206175">
        <ele>129.78</ele>
      </trkpt>
      <trkpt lat="42.51188971102238" lon="2.76838269084692">
        <ele>129.97</ele>
      </trkpt>
      <trkpt lat="42.511746883392334" lon="2.7681684494018555">
        <ele>130.15</ele>
      </trkpt>
      <trkpt lat="42.51155368052423" lon="2.767964517697692">
        <ele>130.28</ele>
      </trkpt>
      <trkpt lat="42.51136056147516" lon="2.76776066981256">
        <ele>130.38</ele>
      </trkpt>
      <trkpt lat="42.511167442426085" lon="2.7675568219274282">
        <ele>130.44</ele>
      </trkpt>
      <trkpt lat="42.510974407196045" lon="2.767353057861328">
        <ele>130.52</ele>
      </trkpt>
      <trkpt lat="42.51076519489288" lon="2.767176032066345">
        <ele>130.55</ele>
      </trkpt>
      <trkpt lat="42.51055606640875" lon="2.766999090090394">
        <ele>130.55</ele>
      </trkpt>
      <trkpt lat="42.51034685410559" lon="2.766822064295411">
        <ele>130.63</ele>
      </trkpt>
      <trkpt lat="42.5101375579834" lon="2.7666449546813965">
        <ele>130.66</ele>
      </trkpt>
      <trkpt lat="42.51009472645819" lon="2.766537666320801">
        <ele>130.68</ele>
      </trkpt>
      <trkpt lat="42.510051811113954" lon="2.766430377960205">
        <ele>130.71</ele>
      </trkpt>
      <trkpt lat="42.50996572896838" lon="2.766193924471736">
        <ele>130.73</ele>
      </trkpt>
      <trkpt lat="42.50988006591797" lon="2.765958309173584">
        <ele>130.7</ele>
      </trkpt>
      <trkpt lat="42.5097868591547" lon="2.765556899830699">
        <ele>130.74</ele>
      </trkpt>
      <trkpt lat="42.509693652391434" lon="2.7651555743068457">
        <ele>130.83</ele>
      </trkpt>
      <trkpt lat="42.50960111618042" lon="2.764756679534912">
        <ele>130.98</ele>
      </trkpt>
      <trkpt lat="42.509493827819824" lon="2.764434814453125">
        <ele>131.12</ele>
      </trkpt>
      <trkpt lat="42.509386371821165" lon="2.764230715110898">
        <ele>131.23</ele>
      </trkpt>
      <trkpt lat="42.50927925109863" lon="2.7640271186828613">
        <ele>131.33</ele>
      </trkpt>
      <trkpt lat="42.509279334917665" lon="2.7640271186828613">
        <ele>131.42</ele>
      </trkpt>
      <trkpt lat="42.509093172848225" lon="2.7637407928705215">
        <ele>131.53</ele>
      </trkpt>
      <trkpt lat="42.50890709459782" lon="2.7634544670581818">
        <ele>131.59</ele>
      </trkpt>
      <trkpt lat="42.50872143544257" lon="2.7631688117980957">
        <ele>131.63</ele>
      </trkpt>
      <trkpt lat="42.50854960642755" lon="2.7629397343844175">
        <ele>131.73</ele>
      </trkpt>
      <trkpt lat="42.508377861231565" lon="2.762710740789771">
        <ele>131.87</ele>
      </trkpt>
      <trkpt lat="42.508206367492676" lon="2.762482166290283">
        <ele>132.05</ele>
      </trkpt>
      <trkpt lat="42.50810972414911" lon="2.762288795784116">
        <ele>132.23</ele>
      </trkpt>
      <trkpt lat="42.508013332262635" lon="2.7620959281921387">
        <ele>132.44</ele>
      </trkpt>
      <trkpt lat="42.5078736897558" lon="2.7618919126689434">
        <ele>132.65</ele>
      </trkpt>
      <trkpt lat="42.507734298706055" lon="2.761688232421875">
        <ele>132.85</ele>
      </trkpt>
      <trkpt lat="42.50754117965698" lon="2.761516571044922">
        <ele>133.06</ele>
      </trkpt>
      <trkpt lat="42.50736960209906" lon="2.7613985538482666">
        <ele>133.24</ele>
      </trkpt>
      <trkpt lat="42.50719794072211" lon="2.7612805366516113">
        <ele>133.41</ele>
      </trkpt>
      <trkpt lat="42.506961822509766" lon="2.7611303329467773">
        <ele>133.53</ele>
      </trkpt>
      <trkpt lat="42.506747245788574" lon="2.760937213897705">
        <ele>133.7</ele>
      </trkpt>
      <trkpt lat="42.50657566823065" lon="2.7606582641601562">
        <ele>133.95</ele>
      </trkpt>
      <trkpt lat="42.506425213068724" lon="2.7603681664913893">
        <ele>134.18</ele>
      </trkpt>
      <trkpt lat="42.50627517700195" lon="2.7600789070129395">
        <ele>134.34</ele>
      </trkpt>
      <trkpt lat="42.506081806495786" lon="2.7597567066550255">
        <ele>134.56</ele>
      </trkpt>
      <trkpt lat="42.50588893890381" lon="2.7594351768493652">
        <ele>134.72</ele>
      </trkpt>
      <trkpt lat="42.505674194544554" lon="2.759156059473753">
        <ele>134.9</ele>
      </trkpt>
      <trkpt lat="42.50545953400433" lon="2.7588769420981407">
        <ele>135.09</ele>
      </trkpt>
      <trkpt lat="42.505245208740234" lon="2.7585983276367188">
        <ele>135.34</ele>
      </trkpt>
      <trkpt lat="42.505080504342914" lon="2.7583477925509214">
        <ele>135.64</ele>
      </trkpt>
      <trkpt lat="42.504915883764625" lon="2.758097257465124">
        <ele>135.98</ele>
      </trkpt>
      <trkpt lat="42.504751682281494" lon="2.757847309112549">
        <ele>136.27</ele>
      </trkpt>
      <trkpt lat="42.504751766100526" lon="2.757847309112549">
        <ele>136.58</ele>
      </trkpt>
      <trkpt lat="42.50457993708551" lon="2.757568107917905">
        <ele>136.96</ele>
      </trkpt>
      <trkpt lat="42.50440810807049" lon="2.757288906723261">
        <ele>137.3</ele>
      </trkpt>
      <trkpt lat="42.50423678196967" lon="2.7570104598999023">
        <ele>137.71</ele>
      </trkpt>
      <trkpt lat="42.504215240478516" lon="2.756967544555664">
        <ele>138.08</ele>
      </trkpt>
      <trkpt lat="42.50421532429755" lon="2.756967544555664">
        <ele>138.46</ele>
      </trkpt>
      <trkpt lat="42.50406503677368" lon="2.7566885948181152">
        <ele>138.87</ele>
      </trkpt>
      <trkpt lat="42.503928830847144" lon="2.756308810785413">
        <ele>139.23</ele>
      </trkpt>
      <trkpt lat="42.50379270873964" lon="2.755929110571742">
        <ele>139.65</ele>
      </trkpt>
      <trkpt lat="42.50365734100342" lon="2.755551338195801">
        <ele>140.12</ele>
      </trkpt>
      <trkpt lat="42.50349615700543" lon="2.755218241363764">
        <ele>140.64</ele>
      </trkpt>
      <trkpt lat="42.50333547592163" lon="2.7548861503601074">
        <ele>141.07</ele>
      </trkpt>
      <trkpt lat="42.50322801992297" lon="2.754531428217888">
        <ele>141.47</ele>
      </trkpt>
      <trkpt lat="42.50312098301947" lon="2.754178047180176">
        <ele>141.87</ele>
      </trkpt>
      <trkpt lat="42.50309952534735" lon="2.754027843475342">
        <ele>142.28</ele>
      </trkpt>
      <trkpt lat="42.50294194556773" lon="2.7536840178072453">
        <ele>142.72</ele>
      </trkpt>
      <trkpt lat="42.5027843657881" lon="2.7533401921391487">
        <ele>143.07</ele>
      </trkpt>
      <trkpt lat="42.50262745656073" lon="2.752997875213623">
        <ele>143.41</ele>
      </trkpt>
      <trkpt lat="42.50246266834438" lon="2.752704257145524">
        <ele>143.74</ele>
      </trkpt>
      <trkpt lat="42.50229796394706" lon="2.7524107228964567">
        <ele>144.08</ele>
      </trkpt>
      <trkpt lat="42.50213384628296" lon="2.7521181106567383">
        <ele>144.37</ele>
      </trkpt>
      <trkpt lat="42.501929830759764" lon="2.751817451789975">
        <ele>144.61</ele>
      </trkpt>
      <trkpt lat="42.501726150512695" lon="2.7515172958374023">
        <ele>144.88</ele>
      </trkpt>
      <trkpt lat="42.501629423350096" lon="2.7512916550040245">
        <ele>145.17</ele>
      </trkpt>
      <trkpt lat="42.501533115282655" lon="2.7510666847229004">
        <ele>145.42</ele>
      </trkpt>
      <trkpt lat="42.50142574310303" lon="2.7508091926574707">
        <ele>145.65</ele>
      </trkpt>
      <trkpt lat="42.50137553550303" lon="2.750508114695549">
        <ele>145.92</ele>
      </trkpt>
      <trkpt lat="42.50132532790303" lon="2.7502070367336273">
        <ele>146.15</ele>
      </trkpt>
      <trkpt lat="42.50127553939819" lon="2.749907970428467">
        <ele>146.36</ele>
      </trkpt>
      <trkpt lat="42.50118970870972" lon="2.749607563018799">
        <ele>146.55</ele>
      </trkpt>
      <trkpt lat="42.50100706703961" lon="2.7492960914969444">
        <ele>146.75</ele>
      </trkpt>
      <trkpt lat="42.50082492828369" lon="2.7489852905273438">
        <ele>146.91</ele>
      </trkpt>
      <trkpt lat="42.50065301544964" lon="2.7486738190054893">
        <ele>147.09</ele>
      </trkpt>
      <trkpt lat="42.50048118643463" lon="2.748362347483635">
        <ele>147.26</ele>
      </trkpt>
      <trkpt lat="42.50030935741961" lon="2.7480508759617805">
        <ele>147.46</ele>
      </trkpt>
      <trkpt lat="42.50013828277588" lon="2.7477407455444336">
        <ele>147.69</ele>
      </trkpt>
      <trkpt lat="42.49995564110577" lon="2.747429274022579">
        <ele>147.82</ele>
      </trkpt>
      <trkpt lat="42.49977350234985" lon="2.7471184730529785">
        <ele>147.93</ele>
      </trkpt>
      <trkpt lat="42.49964475631714" lon="2.7469682693481445">
        <ele>148.03</ele>
      </trkpt>
      <trkpt lat="42.499516010284424" lon="2.746903896331787">
        <ele>148.09</ele>
      </trkpt>
      <trkpt lat="42.49936580657959" lon="2.746903896331787">
        <ele>148.11</ele>
      </trkpt>
      <trkpt lat="42.49917285516858" lon="2.746935999020934">
        <ele>148.12</ele>
      </trkpt>
      <trkpt lat="42.498979568481445" lon="2.7469682693481445">
        <ele>148.16</ele>
      </trkpt>
      <trkpt lat="42.49885082244873" lon="2.746903896331787">
        <ele>148.15</ele>
      </trkpt>
      <trkpt lat="42.49863624572754" lon="2.7466678619384766">
        <ele>148.12</ele>
      </trkpt>
      <trkpt lat="42.49863632954657" lon="2.7466678619384766">
        <ele>147.99</ele>
      </trkpt>
      <trkpt lat="42.4984432104975" lon="2.7465176582336426">
        <ele>147.83</ele>
      </trkpt>
      <trkpt lat="42.498250007629395" lon="2.7463674545288086">
        <ele>147.62</ele>
      </trkpt>
      <trkpt lat="42.49816417694092" lon="2.7460670471191406">
        <ele>147.34</ele>
      </trkpt>
      <trkpt lat="42.49808890745044" lon="2.74578751064837">
        <ele>147.01</ele>
      </trkpt>
      <trkpt lat="42.498013973236084" lon="2.745509147644043">
        <ele>146.69</ele>
      </trkpt>
      <trkpt lat="42.497917246073484" lon="2.745272694155574">
        <ele>146.33</ele>
      </trkpt>
      <trkpt lat="42.49782093800604" lon="2.745037078857422">
        <ele>145.89</ele>
      </trkpt>
      <trkpt lat="42.49782085418701" lon="2.745037078857422">
        <ele>145.41</ele>
      </trkpt>
      <trkpt lat="42.497638212516904" lon="2.744714878499508">
        <ele>144.89</ele>
      </trkpt>
      <trkpt lat="42.497456073760986" lon="2.7443933486938477">
        <ele>144.34</ele>
      </trkpt>
      <trkpt lat="42.49725574627519" lon="2.7441572304815054">
        <ele>143.77</ele>
      </trkpt>
      <trkpt lat="42.49705541878939" lon="2.743921112269163">
        <ele>143.14</ele>
      </trkpt>
      <trkpt lat="42.49685534276068" lon="2.743685245513916">
        <ele>142.43</ele>
      </trkpt>
      <trkpt lat="42.49679088592529" lon="2.7437281608581543">
        <ele>141.84</ele>
      </trkpt>
      <trkpt lat="42.496619056910276" lon="2.74397861212492">
        <ele>141.27</ele>
      </trkpt>
      <trkpt lat="42.49644731171429" lon="2.744229147210717">
        <ele>140.83</ele>
      </trkpt>
      <trkpt lat="42.496275901794434" lon="2.744479179382324">
        <ele>140.28</ele>
      </trkpt>
      <trkpt lat="42.496093763038516" lon="2.744511282071471">
        <ele>139.81</ele>
      </trkpt>
      <trkpt lat="42.49591120518744" lon="2.7445435523986816">
        <ele>139.28</ele>
      </trkpt>
      <trkpt lat="42.49580383300781" lon="2.7443289756774902">
        <ele>138.96</ele>
      </trkpt>
      <trkpt lat="42.495739459991455" lon="2.7442431449890137">
        <ele>139.02</ele>
      </trkpt>
      <trkpt lat="42.49558908864856" lon="2.7439781930297613">
        <ele>139.32</ele>
      </trkpt>
      <trkpt lat="42.49543871730566" lon="2.743713241070509">
        <ele>140.13</ele>
      </trkpt>
      <trkpt lat="42.49528884887695" lon="2.7434492111206055">
        <ele>141.06</ele>
      </trkpt>
      <trkpt lat="42.49516018666327" lon="2.743256092071533">
        <ele>141.71</ele>
      </trkpt>
      <trkpt lat="42.49505273066461" lon="2.743041180074215">
        <ele>142.33</ele>
      </trkpt>
      <trkpt lat="42.49494560994208" lon="2.7428269386291504">
        <ele>142.91</ele>
      </trkpt>
      <trkpt lat="42.494752407073975" lon="2.7425479888916016">
        <ele>143.52</ele>
      </trkpt>
      <trkpt lat="42.49460220336914" lon="2.74233341217041">
        <ele>144.2</ele>
      </trkpt>
      <trkpt lat="42.49453783035278" lon="2.742161750793457">
        <ele>144.89</ele>
      </trkpt>
      <trkpt lat="42.494516456499696" lon="2.7420759201049805">
        <ele>145.61</ele>
      </trkpt>
      <trkpt lat="42.49445208348334" lon="2.742011547088623">
        <ele>146.36</ele>
      </trkpt>
      <trkpt lat="42.49434479512274" lon="2.7420544624328613">
        <ele>147.12</ele>
      </trkpt>
      <trkpt lat="42.49430179595947" lon="2.7421188354492188">
        <ele>147.88</ele>
      </trkpt>
      <trkpt lat="42.49404430389404" lon="2.7420973777770996">
        <ele>148.66</ele>
      </trkpt>
      <trkpt lat="42.49378697946668" lon="2.742218831554055">
        <ele>149.49</ele>
      </trkpt>
      <trkpt lat="42.49352973885834" lon="2.742340285331011">
        <ele>150.36</ele>
      </trkpt>
      <trkpt lat="42.493271827697754" lon="2.742462158203125">
        <ele>151.17</ele>
      </trkpt>
      <trkpt lat="42.49312162399292" lon="2.7424192428588867">
        <ele>151.93</ele>
      </trkpt>
      <trkpt lat="42.49307879246771" lon="2.742311954498291">
        <ele>152.63</ele>
      </trkpt>
      <trkpt lat="42.493057334795594" lon="2.742290496826172">
        <ele>153.25</ele>
      </trkpt>
      <trkpt lat="42.493014335632324" lon="2.742290496826172">
        <ele>153.84</ele>
      </trkpt>
      <trkpt lat="42.492950046435" lon="2.7423763275146484">
        <ele>154.37</ele>
      </trkpt>
      <trkpt lat="42.49292850494385" lon="2.742440700531006">
        <ele>154.89</ele>
      </trkpt>
      <trkpt lat="42.492971420288086" lon="2.7425265312194824">
        <ele>155.39</ele>
      </trkpt>
      <trkpt lat="42.492806715890765" lon="2.742769857868552">
        <ele>155.92</ele>
      </trkpt>
      <trkpt lat="42.492642095312476" lon="2.743013184517622">
        <ele>156.39</ele>
      </trkpt>
      <trkpt lat="42.492477893829346" lon="2.743256092071533">
        <ele>156.86</ele>
      </trkpt>
      <trkpt lat="42.49224747531116" lon="2.7433257456868887">
        <ele>157.29</ele>
      </trkpt>
      <trkpt lat="42.492017056792974" lon="2.743395399302244">
        <ele>157.68</ele>
      </trkpt>
      <trkpt lat="42.49178663827479" lon="2.7434650529175997">
        <ele>158.05</ele>
      </trkpt>
      <trkpt lat="42.49155521392822" lon="2.743535041809082">
        <ele>158.37</ele>
      </trkpt>
      <trkpt lat="42.491355054080486" lon="2.7436350379139185">
        <ele>158.57</ele>
      </trkpt>
      <trkpt lat="42.49115497805178" lon="2.7437351178377867">
        <ele>158.78</ele>
      </trkpt>
      <trkpt lat="42.49095439910889" lon="2.74383544921875">
        <ele>158.93</ele>
      </trkpt>
      <trkpt lat="42.49080419540405" lon="2.743985652923584">
        <ele>159.05</ele>
      </trkpt>
      <trkpt lat="42.490739822387695" lon="2.744114398956299">
        <ele>159.15</ele>
      </trkpt>
      <trkpt lat="42.49061090871692" lon="2.7443721424788237">
        <ele>159.3</ele>
      </trkpt>
      <trkpt lat="42.490482330322266" lon="2.744629383087158">
        <ele>159.48</ele>
      </trkpt>
      <trkpt lat="42.49043949879706" lon="2.7446937561035156">
        <ele>159.63</ele>
      </trkpt>
      <trkpt lat="42.490267753601074" lon="2.7450156211853027">
        <ele>159.82</ele>
      </trkpt>
      <trkpt lat="42.490267837420106" lon="2.7450156211853027">
        <ele>159.88</ele>
      </trkpt>
      <trkpt lat="42.490246295928955" lon="2.745037078857422">
        <ele>159.93</ele>
      </trkpt>
      <trkpt lat="42.49024637974799" lon="2.745037078857422">
        <ele>159.94</ele>
      </trkpt>
      <trkpt lat="42.490124590694904" lon="2.7452949061989784">
        <ele>159.98</ele>
      </trkpt>
      <trkpt lat="42.49000280164182" lon="2.745552733540535">
        <ele>159.95</ele>
      </trkpt>
      <trkpt lat="42.48988159932196" lon="2.745809555053711">
        <ele>159.79</ele>
      </trkpt>
      <trkpt lat="42.48975285328925" lon="2.746109962463379">
        <ele>159.53</ele>
      </trkpt>
      <trkpt lat="42.48966693878174" lon="2.7463459968566895">
        <ele>159.21</ele>
      </trkpt>
      <trkpt lat="42.48960256576538" lon="2.7463459968566895">
        <ele>159.06</ele>
      </trkpt>
      <trkpt lat="42.48945244587958" lon="2.746453285217285">
        <ele>158.87</ele>
      </trkpt>
      <trkpt lat="42.48934507369995" lon="2.7465176582336426">
        <ele>158.87</ele>
      </trkpt>
      <trkpt lat="42.489120019599795" lon="2.7464747428894043">
        <ele>158.9</ele>
      </trkpt>
      <trkpt lat="42.48889454640448" lon="2.746431827545166">
        <ele>158.89</ele>
      </trkpt>
      <trkpt lat="42.488765800371766" lon="2.746410369873047">
        <ele>158.89</ele>
      </trkpt>
      <trkpt lat="42.48872288502753" lon="2.746410369873047">
        <ele>158.88</ele>
      </trkpt>
      <trkpt lat="42.4886155128479" lon="2.7463889122009277">
        <ele>158.9</ele>
      </trkpt>
      <trkpt lat="42.48859405517578" lon="2.7465391159057617">
        <ele>158.88</ele>
      </trkpt>
      <trkpt lat="42.48835802078247" lon="2.7464962005615234">
        <ele>158.84</ele>
      </trkpt>
      <trkpt lat="42.488154424354434" lon="2.746485471725464">
        <ele>159.0</ele>
      </trkpt>
      <trkpt lat="42.48795032501221" lon="2.7464747428894043">
        <ele>159.11</ele>
      </trkpt>
      <trkpt lat="42.48790925368667" lon="2.74645010009408">
        <ele>159.12</ele>
      </trkpt>
    </trkseg>
  </trk>
</gpx>
