<?xml version="1.0" encoding="UTF-8"?>
<gpx creator="StravaGPX" version="1.1" xmlns="http://www.topografix.com/GPX/1/1" xmlns:xsi="http://www.w3.org/2001/XMLSchema-instance" xsi:schemaLocation="http://www.topografix.com/GPX/1/1 http://www.topografix.com/GPX/1/1/gpx.xsd http://www.garmin.com/xmlschemas/GpxExtensions/v3 http://www.garmin.com/xmlschemas/GpxExtensionsv3.xsd http://www.garmin.com/xmlschemas/TrackPointExtension/v1 http://www.garmin.com/xmlschemas/TrackPointExtensionv1.xsd" xmlns:gpxtpx="http://www.garmin.com/xmlschemas/TrackPointExtension/v1" xmlns:gpxx="http://www.garmin.com/xmlschemas/GpxExtensions/v3">
 <metadata>
 </metadata>
 <trk>
  <name>Trail de saint Nicolas de Véroce - première  🥇 😬</name>
  <type>running</type>
  <trkseg>
   <trkpt lat="45.8925100" lon="6.7111870">
    <ele>806.8</ele>
   </trkpt>
   <trkpt lat="45.8925100" lon="6.7111870">
    <ele>806.6</ele>
   </trkpt>
   <trkpt lat="45.8925100" lon="6.7111870">
    <ele>806.4</ele>
   </trkpt>
   <trkpt lat="45.8924830" lon="6.7111820">
    <ele>806.8</ele>
   </trkpt>
   <trkpt lat="45.8924640" lon="6.7111790">
    <ele>807.6</ele>
   </trkpt>
   <trkpt lat="45.8924550" lon="6.7111770">
    <ele>808.0</ele>
   </trkpt>
   <trkpt lat="45.8924550" lon="6.7111770">
    <ele>808.6</ele>
   </trkpt>
   <trkpt lat="45.8924550" lon="6.7111770">
    <ele>808.6</ele>
   </trkpt>
   <trkpt lat="45.8924410" lon="6.7111630">
    <ele>808.8</ele>
   </trkpt>
   <trkpt lat="45.8923680" lon="6.7111310">
    <ele>809.2</ele>
   </trkpt>
   <trkpt lat="45.8922980" lon="6.7112300">
    <ele>809.6</ele>
   </trkpt>
   <trkpt lat="45.8922700" lon="6.7112460">
    <ele>809.6</ele>
   </trkpt>
   <trkpt lat="45.8922090" lon="6.7112740">
    <ele>809.6</ele>
   </trkpt>
   <trkpt lat="45.8921870" lon="6.7113080">
    <ele>810.2</ele>
   </trkpt>
   <trkpt lat="45.8921850" lon="6.7113130">
    <ele>810.2</ele>
   </trkpt>
   <trkpt lat="45.8921460" lon="6.7113480">
    <ele>810.4</ele>
   </trkpt>
   <trkpt lat="45.8920820" lon="6.7114070">
    <ele>810.2</ele>
   </trkpt>
   <trkpt lat="45.8920440" lon="6.7114740">
    <ele>810.2</ele>
   </trkpt>
   <trkpt lat="45.8920350" lon="6.7115210">
    <ele>810.2</ele>
   </trkpt>
   <trkpt lat="45.8919960" lon="6.7117310">
    <ele>811.0</ele>
   </trkpt>
   <trkpt lat="45.8919680" lon="6.7118230">
    <ele>810.8</ele>
   </trkpt>
   <trkpt lat="45.8919470" lon="6.7119120">
    <ele>810.6</ele>
   </trkpt>
   <trkpt lat="45.8919390" lon="6.7120060">
    <ele>810.0</ele>
   </trkpt>
   <trkpt lat="45.8919090" lon="6.7120820">
    <ele>808.8</ele>
   </trkpt>
   <trkpt lat="45.8918950" lon="6.7121370">
    <ele>808.2</ele>
   </trkpt>
   <trkpt lat="45.8918600" lon="6.7122560">
    <ele>807.4</ele>
   </trkpt>
   <trkpt lat="45.8918180" lon="6.7123930">
    <ele>805.8</ele>
   </trkpt>
   <trkpt lat="45.8917670" lon="6.7125630">
    <ele>804.6</ele>
   </trkpt>
   <trkpt lat="45.8917220" lon="6.7126940">
    <ele>804.2</ele>
   </trkpt>
   <trkpt lat="45.8917100" lon="6.7128120">
    <ele>804.0</ele>
   </trkpt>
   <trkpt lat="45.8917030" lon="6.7128330">
    <ele>804.0</ele>
   </trkpt>
   <trkpt lat="45.8916590" lon="6.7128320">
    <ele>804.0</ele>
   </trkpt>
   <trkpt lat="45.8916310" lon="6.7128140">
    <ele>804.0</ele>
   </trkpt>
   <trkpt lat="45.8916010" lon="6.7127090">
    <ele>804.0</ele>
   </trkpt>
   <trkpt lat="45.8916410" lon="6.7124570">
    <ele>805.8</ele>
   </trkpt>
   <trkpt lat="45.8916430" lon="6.7123630">
    <ele>806.2</ele>
   </trkpt>
   <trkpt lat="45.8916270" lon="6.7122940">
    <ele>806.6</ele>
   </trkpt>
   <trkpt lat="45.8915800" lon="6.7122480">
    <ele>806.8</ele>
   </trkpt>
   <trkpt lat="45.8913900" lon="6.7121480">
    <ele>808.2</ele>
   </trkpt>
   <trkpt lat="45.8913230" lon="6.7121390">
    <ele>809.0</ele>
   </trkpt>
   <trkpt lat="45.8912910" lon="6.7121440">
    <ele>809.4</ele>
   </trkpt>
   <trkpt lat="45.8911500" lon="6.7121930">
    <ele>809.6</ele>
   </trkpt>
   <trkpt lat="45.8909580" lon="6.7123260">
    <ele>808.8</ele>
   </trkpt>
   <trkpt lat="45.8908320" lon="6.7123890">
    <ele>808.8</ele>
   </trkpt>
   <trkpt lat="45.8908010" lon="6.7124330">
    <ele>808.8</ele>
   </trkpt>
   <trkpt lat="45.8906670" lon="6.7125760">
    <ele>809.0</ele>
   </trkpt>
   <trkpt lat="45.8905200" lon="6.7125960">
    <ele>809.8</ele>
   </trkpt>
   <trkpt lat="45.8904780" lon="6.7125820">
    <ele>810.4</ele>
   </trkpt>
   <trkpt lat="45.8903790" lon="6.7126010">
    <ele>811.6</ele>
   </trkpt>
   <trkpt lat="45.8902480" lon="6.7127520">
    <ele>812.8</ele>
   </trkpt>
   <trkpt lat="45.8902650" lon="6.7128100">
    <ele>813.2</ele>
   </trkpt>
   <trkpt lat="45.8902860" lon="6.7128530">
    <ele>813.4</ele>
   </trkpt>
   <trkpt lat="45.8902960" lon="6.7128980">
    <ele>813.8</ele>
   </trkpt>
   <trkpt lat="45.8902800" lon="6.7129300">
    <ele>814.0</ele>
   </trkpt>
   <trkpt lat="45.8902650" lon="6.7129490">
    <ele>814.2</ele>
   </trkpt>
   <trkpt lat="45.8901490" lon="6.7130450">
    <ele>815.0</ele>
   </trkpt>
   <trkpt lat="45.8900910" lon="6.7130690">
    <ele>815.4</ele>
   </trkpt>
   <trkpt lat="45.8900770" lon="6.7130800">
    <ele>815.4</ele>
   </trkpt>
   <trkpt lat="45.8900460" lon="6.7131050">
    <ele>816.0</ele>
   </trkpt>
   <trkpt lat="45.8899450" lon="6.7131540">
    <ele>817.2</ele>
   </trkpt>
   <trkpt lat="45.8897690" lon="6.7131720">
    <ele>818.2</ele>
   </trkpt>
   <trkpt lat="45.8895620" lon="6.7132200">
    <ele>818.6</ele>
   </trkpt>
   <trkpt lat="45.8894140" lon="6.7132230">
    <ele>818.0</ele>
   </trkpt>
   <trkpt lat="45.8893540" lon="6.7132450">
    <ele>818.0</ele>
   </trkpt>
   <trkpt lat="45.8891570" lon="6.7132230">
    <ele>817.8</ele>
   </trkpt>
   <trkpt lat="45.8891070" lon="6.7132050">
    <ele>817.6</ele>
   </trkpt>
   <trkpt lat="45.8889030" lon="6.7131180">
    <ele>817.4</ele>
   </trkpt>
   <trkpt lat="45.8888230" lon="6.7130970">
    <ele>817.2</ele>
   </trkpt>
   <trkpt lat="45.8887790" lon="6.7130770">
    <ele>817.2</ele>
   </trkpt>
   <trkpt lat="45.8886620" lon="6.7130280">
    <ele>817.0</ele>
   </trkpt>
   <trkpt lat="45.8885470" lon="6.7129770">
    <ele>816.8</ele>
   </trkpt>
   <trkpt lat="45.8883620" lon="6.7129350">
    <ele>816.8</ele>
   </trkpt>
   <trkpt lat="45.8882800" lon="6.7129090">
    <ele>816.8</ele>
   </trkpt>
   <trkpt lat="45.8880890" lon="6.7128670">
    <ele>816.6</ele>
   </trkpt>
   <trkpt lat="45.8880550" lon="6.7128620">
    <ele>816.4</ele>
   </trkpt>
   <trkpt lat="45.8880150" lon="6.7128630">
    <ele>816.2</ele>
   </trkpt>
   <trkpt lat="45.8878200" lon="6.7128780">
    <ele>816.4</ele>
   </trkpt>
   <trkpt lat="45.8877580" lon="6.7129120">
    <ele>816.8</ele>
   </trkpt>
   <trkpt lat="45.8876460" lon="6.7129940">
    <ele>818.4</ele>
   </trkpt>
   <trkpt lat="45.8876230" lon="6.7130110">
    <ele>818.6</ele>
   </trkpt>
   <trkpt lat="45.8875400" lon="6.7131100">
    <ele>819.8</ele>
   </trkpt>
   <trkpt lat="45.8874730" lon="6.7131720">
    <ele>820.8</ele>
   </trkpt>
   <trkpt lat="45.8873060" lon="6.7132080">
    <ele>822.0</ele>
   </trkpt>
   <trkpt lat="45.8872820" lon="6.7132190">
    <ele>822.4</ele>
   </trkpt>
   <trkpt lat="45.8872210" lon="6.7132300">
    <ele>823.4</ele>
   </trkpt>
   <trkpt lat="45.8871240" lon="6.7131870">
    <ele>824.2</ele>
   </trkpt>
   <trkpt lat="45.8870700" lon="6.7131980">
    <ele>824.4</ele>
   </trkpt>
   <trkpt lat="45.8869780" lon="6.7132600">
    <ele>825.2</ele>
   </trkpt>
   <trkpt lat="45.8869510" lon="6.7132740">
    <ele>825.6</ele>
   </trkpt>
   <trkpt lat="45.8868790" lon="6.7133770">
    <ele>826.6</ele>
   </trkpt>
   <trkpt lat="45.8868650" lon="6.7134040">
    <ele>826.8</ele>
   </trkpt>
   <trkpt lat="45.8867910" lon="6.7135120">
    <ele>827.8</ele>
   </trkpt>
   <trkpt lat="45.8867280" lon="6.7135430">
    <ele>829.0</ele>
   </trkpt>
   <trkpt lat="45.8867020" lon="6.7135560">
    <ele>829.2</ele>
   </trkpt>
   <trkpt lat="45.8866540" lon="6.7136000">
    <ele>830.0</ele>
   </trkpt>
   <trkpt lat="45.8866300" lon="6.7136310">
    <ele>830.4</ele>
   </trkpt>
   <trkpt lat="45.8866060" lon="6.7136850">
    <ele>831.4</ele>
   </trkpt>
   <trkpt lat="45.8865540" lon="6.7138010">
    <ele>832.8</ele>
   </trkpt>
   <trkpt lat="45.8865430" lon="6.7138270">
    <ele>833.2</ele>
   </trkpt>
   <trkpt lat="45.8865280" lon="6.7138990">
    <ele>834.2</ele>
   </trkpt>
   <trkpt lat="45.8865120" lon="6.7139170">
    <ele>835.2</ele>
   </trkpt>
   <trkpt lat="45.8865120" lon="6.7139030">
    <ele>836.0</ele>
   </trkpt>
   <trkpt lat="45.8864670" lon="6.7138540">
    <ele>836.8</ele>
   </trkpt>
   <trkpt lat="45.8864160" lon="6.7138470">
    <ele>837.2</ele>
   </trkpt>
   <trkpt lat="45.8863440" lon="6.7138680">
    <ele>838.4</ele>
   </trkpt>
   <trkpt lat="45.8863240" lon="6.7138790">
    <ele>838.4</ele>
   </trkpt>
   <trkpt lat="45.8862130" lon="6.7139680">
    <ele>839.4</ele>
   </trkpt>
   <trkpt lat="45.8861790" lon="6.7139590">
    <ele>839.6</ele>
   </trkpt>
   <trkpt lat="45.8860150" lon="6.7139890">
    <ele>840.2</ele>
   </trkpt>
   <trkpt lat="45.8859120" lon="6.7140520">
    <ele>840.4</ele>
   </trkpt>
   <trkpt lat="45.8858860" lon="6.7140710">
    <ele>840.6</ele>
   </trkpt>
   <trkpt lat="45.8857950" lon="6.7141450">
    <ele>840.6</ele>
   </trkpt>
   <trkpt lat="45.8856270" lon="6.7140700">
    <ele>840.2</ele>
   </trkpt>
   <trkpt lat="45.8855140" lon="6.7139430">
    <ele>840.0</ele>
   </trkpt>
   <trkpt lat="45.8854430" lon="6.7138480">
    <ele>839.4</ele>
   </trkpt>
   <trkpt lat="45.8852930" lon="6.7136450">
    <ele>838.8</ele>
   </trkpt>
   <trkpt lat="45.8852340" lon="6.7135440">
    <ele>839.4</ele>
   </trkpt>
   <trkpt lat="45.8851380" lon="6.7133240">
    <ele>840.0</ele>
   </trkpt>
   <trkpt lat="45.8850110" lon="6.7130960">
    <ele>840.2</ele>
   </trkpt>
   <trkpt lat="45.8849810" lon="6.7130580">
    <ele>840.2</ele>
   </trkpt>
   <trkpt lat="45.8848200" lon="6.7128790">
    <ele>840.2</ele>
   </trkpt>
   <trkpt lat="45.8847510" lon="6.7128350">
    <ele>840.4</ele>
   </trkpt>
   <trkpt lat="45.8847140" lon="6.7128300">
    <ele>840.8</ele>
   </trkpt>
   <trkpt lat="45.8845480" lon="6.7128690">
    <ele>841.6</ele>
   </trkpt>
   <trkpt lat="45.8843920" lon="6.7128020">
    <ele>842.2</ele>
   </trkpt>
   <trkpt lat="45.8842240" lon="6.7126320">
    <ele>842.4</ele>
   </trkpt>
   <trkpt lat="45.8841620" lon="6.7125830">
    <ele>842.6</ele>
   </trkpt>
   <trkpt lat="45.8839670" lon="6.7124840">
    <ele>843.0</ele>
   </trkpt>
   <trkpt lat="45.8839030" lon="6.7124440">
    <ele>843.0</ele>
   </trkpt>
   <trkpt lat="45.8837080" lon="6.7123560">
    <ele>843.4</ele>
   </trkpt>
   <trkpt lat="45.8836450" lon="6.7123670">
    <ele>843.6</ele>
   </trkpt>
   <trkpt lat="45.8834390" lon="6.7124270">
    <ele>843.8</ele>
   </trkpt>
   <trkpt lat="45.8833670" lon="6.7124560">
    <ele>844.2</ele>
   </trkpt>
   <trkpt lat="45.8832730" lon="6.7124770">
    <ele>844.8</ele>
   </trkpt>
   <trkpt lat="45.8831720" lon="6.7124340">
    <ele>845.0</ele>
   </trkpt>
   <trkpt lat="45.8830140" lon="6.7122580">
    <ele>845.0</ele>
   </trkpt>
   <trkpt lat="45.8829150" lon="6.7120350">
    <ele>845.2</ele>
   </trkpt>
   <trkpt lat="45.8828680" lon="6.7119710">
    <ele>845.2</ele>
   </trkpt>
   <trkpt lat="45.8827000" lon="6.7118210">
    <ele>845.2</ele>
   </trkpt>
   <trkpt lat="45.8826710" lon="6.7118050">
    <ele>845.4</ele>
   </trkpt>
   <trkpt lat="45.8826430" lon="6.7117850">
    <ele>845.8</ele>
   </trkpt>
   <trkpt lat="45.8824740" lon="6.7116770">
    <ele>846.6</ele>
   </trkpt>
   <trkpt lat="45.8823850" lon="6.7116650">
    <ele>846.8</ele>
   </trkpt>
   <trkpt lat="45.8822960" lon="6.7116630">
    <ele>847.2</ele>
   </trkpt>
   <trkpt lat="45.8821840" lon="6.7116640">
    <ele>847.6</ele>
   </trkpt>
   <trkpt lat="45.8820870" lon="6.7117020">
    <ele>847.8</ele>
   </trkpt>
   <trkpt lat="45.8820480" lon="6.7117140">
    <ele>847.8</ele>
   </trkpt>
   <trkpt lat="45.8818760" lon="6.7118150">
    <ele>846.8</ele>
   </trkpt>
   <trkpt lat="45.8818260" lon="6.7118510">
    <ele>845.8</ele>
   </trkpt>
   <trkpt lat="45.8817310" lon="6.7119380">
    <ele>844.4</ele>
   </trkpt>
   <trkpt lat="45.8817000" lon="6.7119860">
    <ele>843.4</ele>
   </trkpt>
   <trkpt lat="45.8816310" lon="6.7120620">
    <ele>841.6</ele>
   </trkpt>
   <trkpt lat="45.8815660" lon="6.7120990">
    <ele>840.0</ele>
   </trkpt>
   <trkpt lat="45.8814770" lon="6.7121360">
    <ele>838.6</ele>
   </trkpt>
   <trkpt lat="45.8813840" lon="6.7121830">
    <ele>837.0</ele>
   </trkpt>
   <trkpt lat="45.8812700" lon="6.7122340">
    <ele>835.8</ele>
   </trkpt>
   <trkpt lat="45.8811800" lon="6.7122960">
    <ele>834.2</ele>
   </trkpt>
   <trkpt lat="45.8811370" lon="6.7123240">
    <ele>833.8</ele>
   </trkpt>
   <trkpt lat="45.8810940" lon="6.7123590">
    <ele>833.2</ele>
   </trkpt>
   <trkpt lat="45.8810450" lon="6.7123840">
    <ele>832.2</ele>
   </trkpt>
   <trkpt lat="45.8809540" lon="6.7124510">
    <ele>830.4</ele>
   </trkpt>
   <trkpt lat="45.8808670" lon="6.7124920">
    <ele>829.4</ele>
   </trkpt>
   <trkpt lat="45.8808170" lon="6.7125130">
    <ele>828.8</ele>
   </trkpt>
   <trkpt lat="45.8807210" lon="6.7125400">
    <ele>828.2</ele>
   </trkpt>
   <trkpt lat="45.8805450" lon="6.7125990">
    <ele>828.2</ele>
   </trkpt>
   <trkpt lat="45.8805020" lon="6.7126060">
    <ele>828.2</ele>
   </trkpt>
   <trkpt lat="45.8804370" lon="6.7126030">
    <ele>828.0</ele>
   </trkpt>
   <trkpt lat="45.8804290" lon="6.7126030">
    <ele>828.0</ele>
   </trkpt>
   <trkpt lat="45.8804270" lon="6.7125810">
    <ele>827.8</ele>
   </trkpt>
   <trkpt lat="45.8804180" lon="6.7125020">
    <ele>827.8</ele>
   </trkpt>
   <trkpt lat="45.8803990" lon="6.7122580">
    <ele>829.4</ele>
   </trkpt>
   <trkpt lat="45.8803950" lon="6.7121520">
    <ele>829.8</ele>
   </trkpt>
   <trkpt lat="45.8803780" lon="6.7120910">
    <ele>830.4</ele>
   </trkpt>
   <trkpt lat="45.8803630" lon="6.7120770">
    <ele>831.0</ele>
   </trkpt>
   <trkpt lat="45.8803210" lon="6.7120450">
    <ele>831.6</ele>
   </trkpt>
   <trkpt lat="45.8802570" lon="6.7119970">
    <ele>833.0</ele>
   </trkpt>
   <trkpt lat="45.8802320" lon="6.7119780">
    <ele>833.4</ele>
   </trkpt>
   <trkpt lat="45.8801890" lon="6.7119500">
    <ele>834.2</ele>
   </trkpt>
   <trkpt lat="45.8801150" lon="6.7119080">
    <ele>835.2</ele>
   </trkpt>
   <trkpt lat="45.8800290" lon="6.7118750">
    <ele>836.0</ele>
   </trkpt>
   <trkpt lat="45.8799740" lon="6.7118580">
    <ele>836.4</ele>
   </trkpt>
   <trkpt lat="45.8798570" lon="6.7118760">
    <ele>837.6</ele>
   </trkpt>
   <trkpt lat="45.8798280" lon="6.7118870">
    <ele>837.8</ele>
   </trkpt>
   <trkpt lat="45.8797710" lon="6.7119000">
    <ele>838.6</ele>
   </trkpt>
   <trkpt lat="45.8796660" lon="6.7119390">
    <ele>840.0</ele>
   </trkpt>
   <trkpt lat="45.8795800" lon="6.7119790">
    <ele>841.4</ele>
   </trkpt>
   <trkpt lat="45.8795170" lon="6.7121190">
    <ele>841.6</ele>
   </trkpt>
   <trkpt lat="45.8794170" lon="6.7123450">
    <ele>841.4</ele>
   </trkpt>
   <trkpt lat="45.8792980" lon="6.7125690">
    <ele>842.4</ele>
   </trkpt>
   <trkpt lat="45.8792630" lon="6.7125820">
    <ele>842.6</ele>
   </trkpt>
   <trkpt lat="45.8791670" lon="6.7126370">
    <ele>843.8</ele>
   </trkpt>
   <trkpt lat="45.8791520" lon="6.7126440">
    <ele>844.4</ele>
   </trkpt>
   <trkpt lat="45.8790930" lon="6.7126760">
    <ele>845.4</ele>
   </trkpt>
   <trkpt lat="45.8790730" lon="6.7127010">
    <ele>846.4</ele>
   </trkpt>
   <trkpt lat="45.8790490" lon="6.7127120">
    <ele>846.8</ele>
   </trkpt>
   <trkpt lat="45.8789420" lon="6.7128030">
    <ele>847.6</ele>
   </trkpt>
   <trkpt lat="45.8788860" lon="6.7128380">
    <ele>847.8</ele>
   </trkpt>
   <trkpt lat="45.8788140" lon="6.7128980">
    <ele>848.2</ele>
   </trkpt>
   <trkpt lat="45.8787350" lon="6.7129850">
    <ele>849.0</ele>
   </trkpt>
   <trkpt lat="45.8787050" lon="6.7130110">
    <ele>849.0</ele>
   </trkpt>
   <trkpt lat="45.8786170" lon="6.7131110">
    <ele>850.0</ele>
   </trkpt>
   <trkpt lat="45.8785900" lon="6.7131350">
    <ele>850.2</ele>
   </trkpt>
   <trkpt lat="45.8784090" lon="6.7132830">
    <ele>850.0</ele>
   </trkpt>
   <trkpt lat="45.8782480" lon="6.7134420">
    <ele>849.8</ele>
   </trkpt>
   <trkpt lat="45.8780790" lon="6.7135690">
    <ele>848.8</ele>
   </trkpt>
   <trkpt lat="45.8780140" lon="6.7136300">
    <ele>848.2</ele>
   </trkpt>
   <trkpt lat="45.8779680" lon="6.7136850">
    <ele>847.6</ele>
   </trkpt>
   <trkpt lat="45.8778240" lon="6.7139040">
    <ele>848.0</ele>
   </trkpt>
   <trkpt lat="45.8777830" lon="6.7140450">
    <ele>848.8</ele>
   </trkpt>
   <trkpt lat="45.8777320" lon="6.7141330">
    <ele>849.4</ele>
   </trkpt>
   <trkpt lat="45.8776910" lon="6.7141910">
    <ele>849.8</ele>
   </trkpt>
   <trkpt lat="45.8776610" lon="6.7142380">
    <ele>850.0</ele>
   </trkpt>
   <trkpt lat="45.8775560" lon="6.7143930">
    <ele>849.2</ele>
   </trkpt>
   <trkpt lat="45.8775380" lon="6.7144350">
    <ele>848.2</ele>
   </trkpt>
   <trkpt lat="45.8775170" lon="6.7145360">
    <ele>847.0</ele>
   </trkpt>
   <trkpt lat="45.8774940" lon="6.7146520">
    <ele>846.0</ele>
   </trkpt>
   <trkpt lat="45.8774930" lon="6.7147170">
    <ele>844.8</ele>
   </trkpt>
   <trkpt lat="45.8774550" lon="6.7147970">
    <ele>843.8</ele>
   </trkpt>
   <trkpt lat="45.8774250" lon="6.7148370">
    <ele>843.6</ele>
   </trkpt>
   <trkpt lat="45.8773030" lon="6.7149420">
    <ele>844.0</ele>
   </trkpt>
   <trkpt lat="45.8771390" lon="6.7149580">
    <ele>844.8</ele>
   </trkpt>
   <trkpt lat="45.8771120" lon="6.7149730">
    <ele>845.0</ele>
   </trkpt>
   <trkpt lat="45.8770220" lon="6.7149820">
    <ele>846.0</ele>
   </trkpt>
   <trkpt lat="45.8769480" lon="6.7150090">
    <ele>846.6</ele>
   </trkpt>
   <trkpt lat="45.8768850" lon="6.7150380">
    <ele>847.0</ele>
   </trkpt>
   <trkpt lat="45.8767250" lon="6.7150870">
    <ele>848.0</ele>
   </trkpt>
   <trkpt lat="45.8765440" lon="6.7150780">
    <ele>848.8</ele>
   </trkpt>
   <trkpt lat="45.8765220" lon="6.7150820">
    <ele>849.0</ele>
   </trkpt>
   <trkpt lat="45.8764950" lon="6.7150820">
    <ele>849.0</ele>
   </trkpt>
   <trkpt lat="45.8763640" lon="6.7150680">
    <ele>849.0</ele>
   </trkpt>
   <trkpt lat="45.8761930" lon="6.7150570">
    <ele>849.4</ele>
   </trkpt>
   <trkpt lat="45.8761640" lon="6.7150650">
    <ele>849.6</ele>
   </trkpt>
   <trkpt lat="45.8761400" lon="6.7150660">
    <ele>850.2</ele>
   </trkpt>
   <trkpt lat="45.8760640" lon="6.7150420">
    <ele>851.2</ele>
   </trkpt>
   <trkpt lat="45.8760420" lon="6.7150370">
    <ele>851.4</ele>
   </trkpt>
   <trkpt lat="45.8759960" lon="6.7150290">
    <ele>852.2</ele>
   </trkpt>
   <trkpt lat="45.8759090" lon="6.7150230">
    <ele>853.6</ele>
   </trkpt>
   <trkpt lat="45.8758910" lon="6.7150160">
    <ele>854.0</ele>
   </trkpt>
   <trkpt lat="45.8758650" lon="6.7149940">
    <ele>855.0</ele>
   </trkpt>
   <trkpt lat="45.8758270" lon="6.7149480">
    <ele>856.4</ele>
   </trkpt>
   <trkpt lat="45.8758030" lon="6.7149010">
    <ele>857.6</ele>
   </trkpt>
   <trkpt lat="45.8757390" lon="6.7148650">
    <ele>858.6</ele>
   </trkpt>
   <trkpt lat="45.8756480" lon="6.7149330">
    <ele>858.8</ele>
   </trkpt>
   <trkpt lat="45.8755530" lon="6.7150820">
    <ele>859.6</ele>
   </trkpt>
   <trkpt lat="45.8755280" lon="6.7151060">
    <ele>859.8</ele>
   </trkpt>
   <trkpt lat="45.8754290" lon="6.7151770">
    <ele>860.8</ele>
   </trkpt>
   <trkpt lat="45.8753960" lon="6.7151940">
    <ele>861.0</ele>
   </trkpt>
   <trkpt lat="45.8752540" lon="6.7153040">
    <ele>861.8</ele>
   </trkpt>
   <trkpt lat="45.8752370" lon="6.7153320">
    <ele>862.0</ele>
   </trkpt>
   <trkpt lat="45.8751510" lon="6.7154420">
    <ele>863.4</ele>
   </trkpt>
   <trkpt lat="45.8751250" lon="6.7154660">
    <ele>863.6</ele>
   </trkpt>
   <trkpt lat="45.8750300" lon="6.7155250">
    <ele>864.4</ele>
   </trkpt>
   <trkpt lat="45.8750000" lon="6.7155530">
    <ele>864.6</ele>
   </trkpt>
   <trkpt lat="45.8748620" lon="6.7157730">
    <ele>864.8</ele>
   </trkpt>
   <trkpt lat="45.8748350" lon="6.7158090">
    <ele>864.8</ele>
   </trkpt>
   <trkpt lat="45.8747100" lon="6.7160200">
    <ele>865.6</ele>
   </trkpt>
   <trkpt lat="45.8746930" lon="6.7160540">
    <ele>865.8</ele>
   </trkpt>
   <trkpt lat="45.8746420" lon="6.7161230">
    <ele>866.8</ele>
   </trkpt>
   <trkpt lat="45.8746090" lon="6.7161720">
    <ele>867.8</ele>
   </trkpt>
   <trkpt lat="45.8745680" lon="6.7161880">
    <ele>869.0</ele>
   </trkpt>
   <trkpt lat="45.8745280" lon="6.7162030">
    <ele>869.2</ele>
   </trkpt>
   <trkpt lat="45.8744870" lon="6.7162300">
    <ele>870.2</ele>
   </trkpt>
   <trkpt lat="45.8744190" lon="6.7162850">
    <ele>871.6</ele>
   </trkpt>
   <trkpt lat="45.8743230" lon="6.7163720">
    <ele>872.6</ele>
   </trkpt>
   <trkpt lat="45.8741930" lon="6.7164660">
    <ele>873.6</ele>
   </trkpt>
   <trkpt lat="45.8741600" lon="6.7164800">
    <ele>873.8</ele>
   </trkpt>
   <trkpt lat="45.8740490" lon="6.7165800">
    <ele>873.6</ele>
   </trkpt>
   <trkpt lat="45.8740340" lon="6.7166000">
    <ele>873.6</ele>
   </trkpt>
   <trkpt lat="45.8740140" lon="6.7166140">
    <ele>873.4</ele>
   </trkpt>
   <trkpt lat="45.8739030" lon="6.7166490">
    <ele>873.4</ele>
   </trkpt>
   <trkpt lat="45.8738850" lon="6.7166670">
    <ele>873.4</ele>
   </trkpt>
   <trkpt lat="45.8738590" lon="6.7166790">
    <ele>873.4</ele>
   </trkpt>
   <trkpt lat="45.8738270" lon="6.7166950">
    <ele>873.4</ele>
   </trkpt>
   <trkpt lat="45.8737190" lon="6.7168100">
    <ele>873.6</ele>
   </trkpt>
   <trkpt lat="45.8736100" lon="6.7169310">
    <ele>875.0</ele>
   </trkpt>
   <trkpt lat="45.8735840" lon="6.7169610">
    <ele>875.2</ele>
   </trkpt>
   <trkpt lat="45.8734950" lon="6.7170230">
    <ele>876.2</ele>
   </trkpt>
   <trkpt lat="45.8734550" lon="6.7170740">
    <ele>876.8</ele>
   </trkpt>
   <trkpt lat="45.8734430" lon="6.7170990">
    <ele>877.2</ele>
   </trkpt>
   <trkpt lat="45.8733880" lon="6.7172000">
    <ele>878.4</ele>
   </trkpt>
   <trkpt lat="45.8733380" lon="6.7172690">
    <ele>879.4</ele>
   </trkpt>
   <trkpt lat="45.8732820" lon="6.7173250">
    <ele>880.6</ele>
   </trkpt>
   <trkpt lat="45.8732760" lon="6.7173480">
    <ele>881.0</ele>
   </trkpt>
   <trkpt lat="45.8732620" lon="6.7173670">
    <ele>881.6</ele>
   </trkpt>
   <trkpt lat="45.8732120" lon="6.7174610">
    <ele>882.6</ele>
   </trkpt>
   <trkpt lat="45.8731300" lon="6.7175480">
    <ele>884.2</ele>
   </trkpt>
   <trkpt lat="45.8730900" lon="6.7176030">
    <ele>885.2</ele>
   </trkpt>
   <trkpt lat="45.8730720" lon="6.7176210">
    <ele>885.6</ele>
   </trkpt>
   <trkpt lat="45.8730380" lon="6.7176850">
    <ele>886.8</ele>
   </trkpt>
   <trkpt lat="45.8730160" lon="6.7177620">
    <ele>887.8</ele>
   </trkpt>
   <trkpt lat="45.8730050" lon="6.7177860">
    <ele>888.2</ele>
   </trkpt>
   <trkpt lat="45.8729920" lon="6.7178400">
    <ele>889.0</ele>
   </trkpt>
   <trkpt lat="45.8729550" lon="6.7179240">
    <ele>890.2</ele>
   </trkpt>
   <trkpt lat="45.8729320" lon="6.7180280">
    <ele>891.2</ele>
   </trkpt>
   <trkpt lat="45.8729120" lon="6.7180520">
    <ele>891.6</ele>
   </trkpt>
   <trkpt lat="45.8728930" lon="6.7180980">
    <ele>892.6</ele>
   </trkpt>
   <trkpt lat="45.8728670" lon="6.7181380">
    <ele>893.2</ele>
   </trkpt>
   <trkpt lat="45.8728290" lon="6.7182010">
    <ele>893.8</ele>
   </trkpt>
   <trkpt lat="45.8728260" lon="6.7182530">
    <ele>894.4</ele>
   </trkpt>
   <trkpt lat="45.8728210" lon="6.7182580">
    <ele>894.6</ele>
   </trkpt>
   <trkpt lat="45.8728060" lon="6.7182910">
    <ele>894.8</ele>
   </trkpt>
   <trkpt lat="45.8728050" lon="6.7183030">
    <ele>895.0</ele>
   </trkpt>
   <trkpt lat="45.8727930" lon="6.7183100">
    <ele>895.0</ele>
   </trkpt>
   <trkpt lat="45.8727460" lon="6.7183420">
    <ele>896.0</ele>
   </trkpt>
   <trkpt lat="45.8727060" lon="6.7183510">
    <ele>896.8</ele>
   </trkpt>
   <trkpt lat="45.8727010" lon="6.7183660">
    <ele>897.0</ele>
   </trkpt>
   <trkpt lat="45.8726890" lon="6.7183780">
    <ele>897.4</ele>
   </trkpt>
   <trkpt lat="45.8726460" lon="6.7184010">
    <ele>897.8</ele>
   </trkpt>
   <trkpt lat="45.8725840" lon="6.7184190">
    <ele>898.4</ele>
   </trkpt>
   <trkpt lat="45.8725290" lon="6.7184430">
    <ele>899.4</ele>
   </trkpt>
   <trkpt lat="45.8725120" lon="6.7184610">
    <ele>899.6</ele>
   </trkpt>
   <trkpt lat="45.8724370" lon="6.7184960">
    <ele>900.4</ele>
   </trkpt>
   <trkpt lat="45.8724290" lon="6.7185080">
    <ele>900.8</ele>
   </trkpt>
   <trkpt lat="45.8723970" lon="6.7185520">
    <ele>902.0</ele>
   </trkpt>
   <trkpt lat="45.8723670" lon="6.7185940">
    <ele>903.2</ele>
   </trkpt>
   <trkpt lat="45.8723640" lon="6.7185970">
    <ele>903.2</ele>
   </trkpt>
   <trkpt lat="45.8723330" lon="6.7186150">
    <ele>903.8</ele>
   </trkpt>
   <trkpt lat="45.8723200" lon="6.7186280">
    <ele>904.2</ele>
   </trkpt>
   <trkpt lat="45.8722990" lon="6.7186770">
    <ele>905.0</ele>
   </trkpt>
   <trkpt lat="45.8722780" lon="6.7186960">
    <ele>905.6</ele>
   </trkpt>
   <trkpt lat="45.8722730" lon="6.7186810">
    <ele>906.2</ele>
   </trkpt>
   <trkpt lat="45.8722720" lon="6.7186350">
    <ele>906.6</ele>
   </trkpt>
   <trkpt lat="45.8722670" lon="6.7185940">
    <ele>907.4</ele>
   </trkpt>
   <trkpt lat="45.8722720" lon="6.7185680">
    <ele>908.0</ele>
   </trkpt>
   <trkpt lat="45.8722730" lon="6.7185070">
    <ele>909.2</ele>
   </trkpt>
   <trkpt lat="45.8722660" lon="6.7184600">
    <ele>910.6</ele>
   </trkpt>
   <trkpt lat="45.8722110" lon="6.7184750">
    <ele>911.6</ele>
   </trkpt>
   <trkpt lat="45.8721960" lon="6.7184860">
    <ele>912.0</ele>
   </trkpt>
   <trkpt lat="45.8721710" lon="6.7184890">
    <ele>912.6</ele>
   </trkpt>
   <trkpt lat="45.8721290" lon="6.7184960">
    <ele>913.6</ele>
   </trkpt>
   <trkpt lat="45.8721230" lon="6.7184930">
    <ele>914.0</ele>
   </trkpt>
   <trkpt lat="45.8720780" lon="6.7184980">
    <ele>915.0</ele>
   </trkpt>
   <trkpt lat="45.8720430" lon="6.7185050">
    <ele>916.2</ele>
   </trkpt>
   <trkpt lat="45.8720270" lon="6.7185160">
    <ele>917.4</ele>
   </trkpt>
   <trkpt lat="45.8719790" lon="6.7185230">
    <ele>918.2</ele>
   </trkpt>
   <trkpt lat="45.8719670" lon="6.7185450">
    <ele>918.6</ele>
   </trkpt>
   <trkpt lat="45.8719270" lon="6.7185810">
    <ele>919.6</ele>
   </trkpt>
   <trkpt lat="45.8718950" lon="6.7186100">
    <ele>920.6</ele>
   </trkpt>
   <trkpt lat="45.8718680" lon="6.7186260">
    <ele>921.0</ele>
   </trkpt>
   <trkpt lat="45.8718090" lon="6.7186430">
    <ele>922.2</ele>
   </trkpt>
   <trkpt lat="45.8717880" lon="6.7186490">
    <ele>922.8</ele>
   </trkpt>
   <trkpt lat="45.8717590" lon="6.7186750">
    <ele>923.6</ele>
   </trkpt>
   <trkpt lat="45.8717370" lon="6.7186920">
    <ele>924.8</ele>
   </trkpt>
   <trkpt lat="45.8717560" lon="6.7186670">
    <ele>926.0</ele>
   </trkpt>
   <trkpt lat="45.8717640" lon="6.7186490">
    <ele>926.2</ele>
   </trkpt>
   <trkpt lat="45.8717900" lon="6.7186230">
    <ele>927.0</ele>
   </trkpt>
   <trkpt lat="45.8717970" lon="6.7185970">
    <ele>927.2</ele>
   </trkpt>
   <trkpt lat="45.8718110" lon="6.7185560">
    <ele>928.0</ele>
   </trkpt>
   <trkpt lat="45.8718240" lon="6.7185330">
    <ele>928.2</ele>
   </trkpt>
   <trkpt lat="45.8718340" lon="6.7185100">
    <ele>928.4</ele>
   </trkpt>
   <trkpt lat="45.8718250" lon="6.7184920">
    <ele>928.6</ele>
   </trkpt>
   <trkpt lat="45.8718100" lon="6.7184620">
    <ele>929.6</ele>
   </trkpt>
   <trkpt lat="45.8718170" lon="6.7184500">
    <ele>930.0</ele>
   </trkpt>
   <trkpt lat="45.8718230" lon="6.7184420">
    <ele>930.2</ele>
   </trkpt>
   <trkpt lat="45.8718300" lon="6.7184260">
    <ele>930.6</ele>
   </trkpt>
   <trkpt lat="45.8718370" lon="6.7184050">
    <ele>930.8</ele>
   </trkpt>
   <trkpt lat="45.8718330" lon="6.7183840">
    <ele>931.4</ele>
   </trkpt>
   <trkpt lat="45.8718390" lon="6.7183640">
    <ele>931.6</ele>
   </trkpt>
   <trkpt lat="45.8718340" lon="6.7183240">
    <ele>932.2</ele>
   </trkpt>
   <trkpt lat="45.8718510" lon="6.7182690">
    <ele>932.8</ele>
   </trkpt>
   <trkpt lat="45.8718420" lon="6.7181200">
    <ele>934.0</ele>
   </trkpt>
   <trkpt lat="45.8718490" lon="6.7179890">
    <ele>935.2</ele>
   </trkpt>
   <trkpt lat="45.8718510" lon="6.7179660">
    <ele>935.8</ele>
   </trkpt>
   <trkpt lat="45.8718560" lon="6.7179120">
    <ele>936.4</ele>
   </trkpt>
   <trkpt lat="45.8718460" lon="6.7178030">
    <ele>937.6</ele>
   </trkpt>
   <trkpt lat="45.8718320" lon="6.7177720">
    <ele>938.2</ele>
   </trkpt>
   <trkpt lat="45.8718030" lon="6.7177880">
    <ele>938.8</ele>
   </trkpt>
   <trkpt lat="45.8717940" lon="6.7178290">
    <ele>940.0</ele>
   </trkpt>
   <trkpt lat="45.8717420" lon="6.7178710">
    <ele>941.0</ele>
   </trkpt>
   <trkpt lat="45.8717090" lon="6.7179210">
    <ele>941.2</ele>
   </trkpt>
   <trkpt lat="45.8716770" lon="6.7179510">
    <ele>941.2</ele>
   </trkpt>
   <trkpt lat="45.8716170" lon="6.7180230">
    <ele>941.6</ele>
   </trkpt>
   <trkpt lat="45.8715350" lon="6.7180840">
    <ele>941.8</ele>
   </trkpt>
   <trkpt lat="45.8714400" lon="6.7182240">
    <ele>941.8</ele>
   </trkpt>
   <trkpt lat="45.8713680" lon="6.7183060">
    <ele>942.2</ele>
   </trkpt>
   <trkpt lat="45.8713590" lon="6.7183230">
    <ele>942.4</ele>
   </trkpt>
   <trkpt lat="45.8713330" lon="6.7183350">
    <ele>943.2</ele>
   </trkpt>
   <trkpt lat="45.8713350" lon="6.7183350">
    <ele>943.6</ele>
   </trkpt>
   <trkpt lat="45.8713390" lon="6.7183450">
    <ele>944.2</ele>
   </trkpt>
   <trkpt lat="45.8713430" lon="6.7183560">
    <ele>944.6</ele>
   </trkpt>
   <trkpt lat="45.8713150" lon="6.7184090">
    <ele>945.6</ele>
   </trkpt>
   <trkpt lat="45.8713050" lon="6.7184270">
    <ele>945.8</ele>
   </trkpt>
   <trkpt lat="45.8712350" lon="6.7184870">
    <ele>946.6</ele>
   </trkpt>
   <trkpt lat="45.8712070" lon="6.7185090">
    <ele>946.8</ele>
   </trkpt>
   <trkpt lat="45.8711450" lon="6.7185700">
    <ele>947.8</ele>
   </trkpt>
   <trkpt lat="45.8711360" lon="6.7185870">
    <ele>948.2</ele>
   </trkpt>
   <trkpt lat="45.8710910" lon="6.7186580">
    <ele>949.6</ele>
   </trkpt>
   <trkpt lat="45.8711060" lon="6.7187040">
    <ele>950.8</ele>
   </trkpt>
   <trkpt lat="45.8710900" lon="6.7187380">
    <ele>951.8</ele>
   </trkpt>
   <trkpt lat="45.8710790" lon="6.7187530">
    <ele>952.2</ele>
   </trkpt>
   <trkpt lat="45.8710730" lon="6.7187820">
    <ele>953.0</ele>
   </trkpt>
   <trkpt lat="45.8710570" lon="6.7188190">
    <ele>954.0</ele>
   </trkpt>
   <trkpt lat="45.8710380" lon="6.7188760">
    <ele>955.0</ele>
   </trkpt>
   <trkpt lat="45.8710220" lon="6.7189580">
    <ele>956.0</ele>
   </trkpt>
   <trkpt lat="45.8709950" lon="6.7189850">
    <ele>956.6</ele>
   </trkpt>
   <trkpt lat="45.8709400" lon="6.7190360">
    <ele>957.2</ele>
   </trkpt>
   <trkpt lat="45.8708970" lon="6.7190550">
    <ele>957.2</ele>
   </trkpt>
   <trkpt lat="45.8708690" lon="6.7191300">
    <ele>957.6</ele>
   </trkpt>
   <trkpt lat="45.8708490" lon="6.7191660">
    <ele>958.0</ele>
   </trkpt>
   <trkpt lat="45.8708370" lon="6.7191670">
    <ele>958.2</ele>
   </trkpt>
   <trkpt lat="45.8707570" lon="6.7191890">
    <ele>958.4</ele>
   </trkpt>
   <trkpt lat="45.8706880" lon="6.7192340">
    <ele>958.4</ele>
   </trkpt>
   <trkpt lat="45.8705460" lon="6.7193290">
    <ele>958.2</ele>
   </trkpt>
   <trkpt lat="45.8703900" lon="6.7194530">
    <ele>958.2</ele>
   </trkpt>
   <trkpt lat="45.8702590" lon="6.7196650">
    <ele>957.6</ele>
   </trkpt>
   <trkpt lat="45.8700840" lon="6.7198130">
    <ele>958.4</ele>
   </trkpt>
   <trkpt lat="45.8700360" lon="6.7198670">
    <ele>958.8</ele>
   </trkpt>
   <trkpt lat="45.8699990" lon="6.7199570">
    <ele>959.0</ele>
   </trkpt>
   <trkpt lat="45.8699220" lon="6.7200340">
    <ele>958.6</ele>
   </trkpt>
   <trkpt lat="45.8698830" lon="6.7200530">
    <ele>958.2</ele>
   </trkpt>
   <trkpt lat="45.8697880" lon="6.7201020">
    <ele>957.4</ele>
   </trkpt>
   <trkpt lat="45.8696820" lon="6.7201700">
    <ele>955.8</ele>
   </trkpt>
   <trkpt lat="45.8696480" lon="6.7201970">
    <ele>954.4</ele>
   </trkpt>
   <trkpt lat="45.8696190" lon="6.7202390">
    <ele>953.2</ele>
   </trkpt>
   <trkpt lat="45.8695860" lon="6.7202830">
    <ele>952.2</ele>
   </trkpt>
   <trkpt lat="45.8695510" lon="6.7203240">
    <ele>950.8</ele>
   </trkpt>
   <trkpt lat="45.8695220" lon="6.7203650">
    <ele>949.2</ele>
   </trkpt>
   <trkpt lat="45.8694980" lon="6.7204110">
    <ele>948.2</ele>
   </trkpt>
   <trkpt lat="45.8694750" lon="6.7204550">
    <ele>947.2</ele>
   </trkpt>
   <trkpt lat="45.8694620" lon="6.7205010">
    <ele>946.2</ele>
   </trkpt>
   <trkpt lat="45.8694430" lon="6.7205410">
    <ele>945.2</ele>
   </trkpt>
   <trkpt lat="45.8693850" lon="6.7206040">
    <ele>943.6</ele>
   </trkpt>
   <trkpt lat="45.8693430" lon="6.7206270">
    <ele>943.0</ele>
   </trkpt>
   <trkpt lat="45.8693090" lon="6.7206530">
    <ele>942.4</ele>
   </trkpt>
   <trkpt lat="45.8692460" lon="6.7207090">
    <ele>941.2</ele>
   </trkpt>
   <trkpt lat="45.8692250" lon="6.7207260">
    <ele>941.0</ele>
   </trkpt>
   <trkpt lat="45.8692140" lon="6.7207210">
    <ele>940.8</ele>
   </trkpt>
   <trkpt lat="45.8691540" lon="6.7207140">
    <ele>941.8</ele>
   </trkpt>
   <trkpt lat="45.8691280" lon="6.7207310">
    <ele>942.2</ele>
   </trkpt>
   <trkpt lat="45.8690910" lon="6.7207540">
    <ele>943.4</ele>
   </trkpt>
   <trkpt lat="45.8690640" lon="6.7207680">
    <ele>944.2</ele>
   </trkpt>
   <trkpt lat="45.8690470" lon="6.7207760">
    <ele>944.4</ele>
   </trkpt>
   <trkpt lat="45.8690110" lon="6.7207840">
    <ele>945.0</ele>
   </trkpt>
   <trkpt lat="45.8689720" lon="6.7207690">
    <ele>945.6</ele>
   </trkpt>
   <trkpt lat="45.8689410" lon="6.7207670">
    <ele>946.2</ele>
   </trkpt>
   <trkpt lat="45.8689230" lon="6.7207560">
    <ele>946.6</ele>
   </trkpt>
   <trkpt lat="45.8688890" lon="6.7207310">
    <ele>948.0</ele>
   </trkpt>
   <trkpt lat="45.8688830" lon="6.7207340">
    <ele>948.4</ele>
   </trkpt>
   <trkpt lat="45.8688760" lon="6.7207350">
    <ele>948.8</ele>
   </trkpt>
   <trkpt lat="45.8688710" lon="6.7207220">
    <ele>949.0</ele>
   </trkpt>
   <trkpt lat="45.8688010" lon="6.7207380">
    <ele>950.0</ele>
   </trkpt>
   <trkpt lat="45.8687650" lon="6.7207550">
    <ele>950.4</ele>
   </trkpt>
   <trkpt lat="45.8686920" lon="6.7207720">
    <ele>950.6</ele>
   </trkpt>
   <trkpt lat="45.8686230" lon="6.7207950">
    <ele>951.6</ele>
   </trkpt>
   <trkpt lat="45.8686360" lon="6.7208010">
    <ele>952.4</ele>
   </trkpt>
   <trkpt lat="45.8686260" lon="6.7207980">
    <ele>952.8</ele>
   </trkpt>
   <trkpt lat="45.8686110" lon="6.7207960">
    <ele>953.0</ele>
   </trkpt>
   <trkpt lat="45.8685760" lon="6.7207970">
    <ele>954.2</ele>
   </trkpt>
   <trkpt lat="45.8685680" lon="6.7207970">
    <ele>954.6</ele>
   </trkpt>
   <trkpt lat="45.8685620" lon="6.7207970">
    <ele>954.8</ele>
   </trkpt>
   <trkpt lat="45.8685550" lon="6.7207930">
    <ele>955.6</ele>
   </trkpt>
   <trkpt lat="45.8685280" lon="6.7207850">
    <ele>956.6</ele>
   </trkpt>
   <trkpt lat="45.8685220" lon="6.7207820">
    <ele>956.6</ele>
   </trkpt>
   <trkpt lat="45.8685170" lon="6.7207680">
    <ele>957.2</ele>
   </trkpt>
   <trkpt lat="45.8685150" lon="6.7207620">
    <ele>957.8</ele>
   </trkpt>
   <trkpt lat="45.8684880" lon="6.7207570">
    <ele>958.6</ele>
   </trkpt>
   <trkpt lat="45.8684750" lon="6.7207550">
    <ele>959.0</ele>
   </trkpt>
   <trkpt lat="45.8684540" lon="6.7207610">
    <ele>960.2</ele>
   </trkpt>
   <trkpt lat="45.8684460" lon="6.7207620">
    <ele>960.6</ele>
   </trkpt>
   <trkpt lat="45.8684220" lon="6.7207440">
    <ele>961.0</ele>
   </trkpt>
   <trkpt lat="45.8684110" lon="6.7207230">
    <ele>961.6</ele>
   </trkpt>
   <trkpt lat="45.8683960" lon="6.7206800">
    <ele>962.8</ele>
   </trkpt>
   <trkpt lat="45.8683870" lon="6.7206770">
    <ele>963.2</ele>
   </trkpt>
   <trkpt lat="45.8683620" lon="6.7206720">
    <ele>963.8</ele>
   </trkpt>
   <trkpt lat="45.8682980" lon="6.7206360">
    <ele>964.8</ele>
   </trkpt>
   <trkpt lat="45.8682810" lon="6.7206280">
    <ele>965.0</ele>
   </trkpt>
   <trkpt lat="45.8682570" lon="6.7206060">
    <ele>965.8</ele>
   </trkpt>
   <trkpt lat="45.8682430" lon="6.7206040">
    <ele>966.2</ele>
   </trkpt>
   <trkpt lat="45.8682330" lon="6.7206070">
    <ele>966.4</ele>
   </trkpt>
   <trkpt lat="45.8681970" lon="6.7206150">
    <ele>967.2</ele>
   </trkpt>
   <trkpt lat="45.8681670" lon="6.7206030">
    <ele>968.4</ele>
   </trkpt>
   <trkpt lat="45.8681500" lon="6.7206060">
    <ele>968.6</ele>
   </trkpt>
   <trkpt lat="45.8681170" lon="6.7206000">
    <ele>969.4</ele>
   </trkpt>
   <trkpt lat="45.8680960" lon="6.7205860">
    <ele>969.8</ele>
   </trkpt>
   <trkpt lat="45.8680580" lon="6.7206040">
    <ele>970.4</ele>
   </trkpt>
   <trkpt lat="45.8680380" lon="6.7206040">
    <ele>970.6</ele>
   </trkpt>
   <trkpt lat="45.8680150" lon="6.7206040">
    <ele>970.8</ele>
   </trkpt>
   <trkpt lat="45.8679900" lon="6.7206170">
    <ele>972.0</ele>
   </trkpt>
   <trkpt lat="45.8679510" lon="6.7206270">
    <ele>972.6</ele>
   </trkpt>
   <trkpt lat="45.8679240" lon="6.7206380">
    <ele>973.0</ele>
   </trkpt>
   <trkpt lat="45.8679030" lon="6.7206400">
    <ele>973.4</ele>
   </trkpt>
   <trkpt lat="45.8678710" lon="6.7206550">
    <ele>974.2</ele>
   </trkpt>
   <trkpt lat="45.8678610" lon="6.7206490">
    <ele>974.8</ele>
   </trkpt>
   <trkpt lat="45.8678420" lon="6.7206460">
    <ele>975.4</ele>
   </trkpt>
   <trkpt lat="45.8677700" lon="6.7206570">
    <ele>975.8</ele>
   </trkpt>
   <trkpt lat="45.8677090" lon="6.7206500">
    <ele>976.6</ele>
   </trkpt>
   <trkpt lat="45.8676850" lon="6.7206400">
    <ele>978.0</ele>
   </trkpt>
   <trkpt lat="45.8676810" lon="6.7206410">
    <ele>978.4</ele>
   </trkpt>
   <trkpt lat="45.8676550" lon="6.7206330">
    <ele>979.2</ele>
   </trkpt>
   <trkpt lat="45.8676070" lon="6.7206110">
    <ele>979.6</ele>
   </trkpt>
   <trkpt lat="45.8675690" lon="6.7206140">
    <ele>980.4</ele>
   </trkpt>
   <trkpt lat="45.8675600" lon="6.7206140">
    <ele>980.8</ele>
   </trkpt>
   <trkpt lat="45.8674650" lon="6.7206270">
    <ele>981.6</ele>
   </trkpt>
   <trkpt lat="45.8673810" lon="6.7206460">
    <ele>982.2</ele>
   </trkpt>
   <trkpt lat="45.8673830" lon="6.7206500">
    <ele>982.4</ele>
   </trkpt>
   <trkpt lat="45.8673770" lon="6.7206560">
    <ele>983.0</ele>
   </trkpt>
   <trkpt lat="45.8673920" lon="6.7206540">
    <ele>983.4</ele>
   </trkpt>
   <trkpt lat="45.8673860" lon="6.7206460">
    <ele>984.0</ele>
   </trkpt>
   <trkpt lat="45.8673710" lon="6.7206470">
    <ele>984.4</ele>
   </trkpt>
   <trkpt lat="45.8673140" lon="6.7206380">
    <ele>985.2</ele>
   </trkpt>
   <trkpt lat="45.8672800" lon="6.7206440">
    <ele>985.6</ele>
   </trkpt>
   <trkpt lat="45.8672540" lon="6.7206490">
    <ele>986.4</ele>
   </trkpt>
   <trkpt lat="45.8672470" lon="6.7206440">
    <ele>986.8</ele>
   </trkpt>
   <trkpt lat="45.8671850" lon="6.7206350">
    <ele>987.8</ele>
   </trkpt>
   <trkpt lat="45.8671170" lon="6.7206330">
    <ele>988.4</ele>
   </trkpt>
   <trkpt lat="45.8670790" lon="6.7206400">
    <ele>988.8</ele>
   </trkpt>
   <trkpt lat="45.8670020" lon="6.7206530">
    <ele>990.0</ele>
   </trkpt>
   <trkpt lat="45.8669220" lon="6.7206320">
    <ele>991.0</ele>
   </trkpt>
   <trkpt lat="45.8669140" lon="6.7206410">
    <ele>991.4</ele>
   </trkpt>
   <trkpt lat="45.8669200" lon="6.7206490">
    <ele>991.6</ele>
   </trkpt>
   <trkpt lat="45.8669240" lon="6.7206600">
    <ele>992.2</ele>
   </trkpt>
   <trkpt lat="45.8669100" lon="6.7207010">
    <ele>993.2</ele>
   </trkpt>
   <trkpt lat="45.8669050" lon="6.7207080">
    <ele>993.8</ele>
   </trkpt>
   <trkpt lat="45.8668920" lon="6.7207250">
    <ele>994.8</ele>
   </trkpt>
   <trkpt lat="45.8668910" lon="6.7207270">
    <ele>996.0</ele>
   </trkpt>
   <trkpt lat="45.8668360" lon="6.7207200">
    <ele>997.2</ele>
   </trkpt>
   <trkpt lat="45.8667990" lon="6.7206760">
    <ele>998.4</ele>
   </trkpt>
   <trkpt lat="45.8667860" lon="6.7206590">
    <ele>999.2</ele>
   </trkpt>
   <trkpt lat="45.8667820" lon="6.7206500">
    <ele>999.8</ele>
   </trkpt>
   <trkpt lat="45.8667430" lon="6.7206150">
    <ele>1001.2</ele>
   </trkpt>
   <trkpt lat="45.8667360" lon="6.7206070">
    <ele>1001.4</ele>
   </trkpt>
   <trkpt lat="45.8667150" lon="6.7205870">
    <ele>1002.2</ele>
   </trkpt>
   <trkpt lat="45.8667080" lon="6.7205750">
    <ele>1002.6</ele>
   </trkpt>
   <trkpt lat="45.8666990" lon="6.7205740">
    <ele>1003.0</ele>
   </trkpt>
   <trkpt lat="45.8666910" lon="6.7205700">
    <ele>1003.2</ele>
   </trkpt>
   <trkpt lat="45.8666830" lon="6.7205560">
    <ele>1003.6</ele>
   </trkpt>
   <trkpt lat="45.8666450" lon="6.7205470">
    <ele>1005.0</ele>
   </trkpt>
   <trkpt lat="45.8666030" lon="6.7205370">
    <ele>1006.0</ele>
   </trkpt>
   <trkpt lat="45.8665870" lon="6.7205250">
    <ele>1006.4</ele>
   </trkpt>
   <trkpt lat="45.8665750" lon="6.7204910">
    <ele>1007.2</ele>
   </trkpt>
   <trkpt lat="45.8665690" lon="6.7204720">
    <ele>1007.6</ele>
   </trkpt>
   <trkpt lat="45.8665720" lon="6.7204650">
    <ele>1008.4</ele>
   </trkpt>
   <trkpt lat="45.8665900" lon="6.7204510">
    <ele>1009.6</ele>
   </trkpt>
   <trkpt lat="45.8665980" lon="6.7204530">
    <ele>1010.2</ele>
   </trkpt>
   <trkpt lat="45.8666040" lon="6.7204560">
    <ele>1011.0</ele>
   </trkpt>
   <trkpt lat="45.8666080" lon="6.7204350">
    <ele>1011.2</ele>
   </trkpt>
   <trkpt lat="45.8666080" lon="6.7204230">
    <ele>1011.8</ele>
   </trkpt>
   <trkpt lat="45.8666140" lon="6.7204130">
    <ele>1012.0</ele>
   </trkpt>
   <trkpt lat="45.8666230" lon="6.7204060">
    <ele>1013.0</ele>
   </trkpt>
   <trkpt lat="45.8666490" lon="6.7203740">
    <ele>1014.2</ele>
   </trkpt>
   <trkpt lat="45.8666500" lon="6.7203660">
    <ele>1014.6</ele>
   </trkpt>
   <trkpt lat="45.8666660" lon="6.7203480">
    <ele>1015.4</ele>
   </trkpt>
   <trkpt lat="45.8666770" lon="6.7203260">
    <ele>1016.6</ele>
   </trkpt>
   <trkpt lat="45.8667030" lon="6.7203150">
    <ele>1016.8</ele>
   </trkpt>
   <trkpt lat="45.8667560" lon="6.7202830">
    <ele>1017.6</ele>
   </trkpt>
   <trkpt lat="45.8667710" lon="6.7202660">
    <ele>1017.8</ele>
   </trkpt>
   <trkpt lat="45.8668070" lon="6.7202450">
    <ele>1018.6</ele>
   </trkpt>
   <trkpt lat="45.8668320" lon="6.7202090">
    <ele>1020.0</ele>
   </trkpt>
   <trkpt lat="45.8668410" lon="6.7202000">
    <ele>1020.8</ele>
   </trkpt>
   <trkpt lat="45.8668470" lon="6.7201950">
    <ele>1021.2</ele>
   </trkpt>
   <trkpt lat="45.8668690" lon="6.7201800">
    <ele>1021.8</ele>
   </trkpt>
   <trkpt lat="45.8668830" lon="6.7201670">
    <ele>1022.6</ele>
   </trkpt>
   <trkpt lat="45.8669210" lon="6.7201380">
    <ele>1024.0</ele>
   </trkpt>
   <trkpt lat="45.8669290" lon="6.7201000">
    <ele>1024.8</ele>
   </trkpt>
   <trkpt lat="45.8669300" lon="6.7200820">
    <ele>1025.0</ele>
   </trkpt>
   <trkpt lat="45.8669410" lon="6.7200640">
    <ele>1025.2</ele>
   </trkpt>
   <trkpt lat="45.8669700" lon="6.7200430">
    <ele>1026.0</ele>
   </trkpt>
   <trkpt lat="45.8669840" lon="6.7200380">
    <ele>1026.4</ele>
   </trkpt>
   <trkpt lat="45.8669990" lon="6.7200250">
    <ele>1026.6</ele>
   </trkpt>
   <trkpt lat="45.8670310" lon="6.7200000">
    <ele>1027.6</ele>
   </trkpt>
   <trkpt lat="45.8670590" lon="6.7199640">
    <ele>1028.6</ele>
   </trkpt>
   <trkpt lat="45.8670600" lon="6.7199480">
    <ele>1028.8</ele>
   </trkpt>
   <trkpt lat="45.8670340" lon="6.7198830">
    <ele>1029.6</ele>
   </trkpt>
   <trkpt lat="45.8670210" lon="6.7198820">
    <ele>1030.0</ele>
   </trkpt>
   <trkpt lat="45.8669980" lon="6.7198600">
    <ele>1031.2</ele>
   </trkpt>
   <trkpt lat="45.8669140" lon="6.7198390">
    <ele>1032.4</ele>
   </trkpt>
   <trkpt lat="45.8668300" lon="6.7198630">
    <ele>1033.2</ele>
   </trkpt>
   <trkpt lat="45.8668050" lon="6.7198830">
    <ele>1033.6</ele>
   </trkpt>
   <trkpt lat="45.8667740" lon="6.7198840">
    <ele>1033.8</ele>
   </trkpt>
   <trkpt lat="45.8666710" lon="6.7199400">
    <ele>1034.6</ele>
   </trkpt>
   <trkpt lat="45.8666510" lon="6.7199440">
    <ele>1035.0</ele>
   </trkpt>
   <trkpt lat="45.8665980" lon="6.7199750">
    <ele>1035.4</ele>
   </trkpt>
   <trkpt lat="45.8665600" lon="6.7199860">
    <ele>1035.8</ele>
   </trkpt>
   <trkpt lat="45.8664740" lon="6.7199790">
    <ele>1036.8</ele>
   </trkpt>
   <trkpt lat="45.8664390" lon="6.7199750">
    <ele>1037.2</ele>
   </trkpt>
   <trkpt lat="45.8663750" lon="6.7199710">
    <ele>1038.8</ele>
   </trkpt>
   <trkpt lat="45.8663320" lon="6.7199570">
    <ele>1039.8</ele>
   </trkpt>
   <trkpt lat="45.8662670" lon="6.7199420">
    <ele>1041.0</ele>
   </trkpt>
   <trkpt lat="45.8662430" lon="6.7199210">
    <ele>1041.4</ele>
   </trkpt>
   <trkpt lat="45.8661990" lon="6.7199260">
    <ele>1042.4</ele>
   </trkpt>
   <trkpt lat="45.8661360" lon="6.7199140">
    <ele>1043.0</ele>
   </trkpt>
   <trkpt lat="45.8660530" lon="6.7199050">
    <ele>1043.6</ele>
   </trkpt>
   <trkpt lat="45.8659430" lon="6.7199050">
    <ele>1044.8</ele>
   </trkpt>
   <trkpt lat="45.8659070" lon="6.7198910">
    <ele>1045.0</ele>
   </trkpt>
   <trkpt lat="45.8658610" lon="6.7198940">
    <ele>1045.8</ele>
   </trkpt>
   <trkpt lat="45.8657790" lon="6.7199120">
    <ele>1047.2</ele>
   </trkpt>
   <trkpt lat="45.8656370" lon="6.7199410">
    <ele>1048.4</ele>
   </trkpt>
   <trkpt lat="45.8655810" lon="6.7199580">
    <ele>1049.2</ele>
   </trkpt>
   <trkpt lat="45.8655460" lon="6.7199460">
    <ele>1049.8</ele>
   </trkpt>
   <trkpt lat="45.8654990" lon="6.7199410">
    <ele>1051.0</ele>
   </trkpt>
   <trkpt lat="45.8654590" lon="6.7199240">
    <ele>1051.6</ele>
   </trkpt>
   <trkpt lat="45.8654060" lon="6.7199180">
    <ele>1052.4</ele>
   </trkpt>
   <trkpt lat="45.8653820" lon="6.7199220">
    <ele>1052.6</ele>
   </trkpt>
   <trkpt lat="45.8653180" lon="6.7199640">
    <ele>1053.8</ele>
   </trkpt>
   <trkpt lat="45.8652910" lon="6.7199740">
    <ele>1054.4</ele>
   </trkpt>
   <trkpt lat="45.8652770" lon="6.7199760">
    <ele>1054.8</ele>
   </trkpt>
   <trkpt lat="45.8652300" lon="6.7199840">
    <ele>1056.0</ele>
   </trkpt>
   <trkpt lat="45.8651900" lon="6.7200030">
    <ele>1057.2</ele>
   </trkpt>
   <trkpt lat="45.8651450" lon="6.7200210">
    <ele>1058.0</ele>
   </trkpt>
   <trkpt lat="45.8651370" lon="6.7200220">
    <ele>1058.6</ele>
   </trkpt>
   <trkpt lat="45.8651120" lon="6.7200340">
    <ele>1059.8</ele>
   </trkpt>
   <trkpt lat="45.8650800" lon="6.7200500">
    <ele>1060.4</ele>
   </trkpt>
   <trkpt lat="45.8650380" lon="6.7200870">
    <ele>1061.0</ele>
   </trkpt>
   <trkpt lat="45.8649950" lon="6.7201920">
    <ele>1061.2</ele>
   </trkpt>
   <trkpt lat="45.8648530" lon="6.7204110">
    <ele>1059.6</ele>
   </trkpt>
   <trkpt lat="45.8647210" lon="6.7206160">
    <ele>1058.8</ele>
   </trkpt>
   <trkpt lat="45.8647040" lon="6.7206510">
    <ele>1058.6</ele>
   </trkpt>
   <trkpt lat="45.8646720" lon="6.7207420">
    <ele>1057.8</ele>
   </trkpt>
   <trkpt lat="45.8646580" lon="6.7207860">
    <ele>1057.2</ele>
   </trkpt>
   <trkpt lat="45.8646380" lon="6.7208090">
    <ele>1057.0</ele>
   </trkpt>
   <trkpt lat="45.8646110" lon="6.7208140">
    <ele>1056.8</ele>
   </trkpt>
   <trkpt lat="45.8645170" lon="6.7208090">
    <ele>1057.2</ele>
   </trkpt>
   <trkpt lat="45.8644320" lon="6.7208590">
    <ele>1058.8</ele>
   </trkpt>
   <trkpt lat="45.8643720" lon="6.7209140">
    <ele>1059.4</ele>
   </trkpt>
   <trkpt lat="45.8643470" lon="6.7209460">
    <ele>1059.8</ele>
   </trkpt>
   <trkpt lat="45.8643220" lon="6.7209670">
    <ele>1059.8</ele>
   </trkpt>
   <trkpt lat="45.8643030" lon="6.7210000">
    <ele>1060.0</ele>
   </trkpt>
   <trkpt lat="45.8642670" lon="6.7210050">
    <ele>1060.0</ele>
   </trkpt>
   <trkpt lat="45.8641930" lon="6.7210220">
    <ele>1060.0</ele>
   </trkpt>
   <trkpt lat="45.8640240" lon="6.7210720">
    <ele>1059.6</ele>
   </trkpt>
   <trkpt lat="45.8638710" lon="6.7212100">
    <ele>1058.6</ele>
   </trkpt>
   <trkpt lat="45.8638410" lon="6.7212690">
    <ele>1057.6</ele>
   </trkpt>
   <trkpt lat="45.8638110" lon="6.7213180">
    <ele>1057.0</ele>
   </trkpt>
   <trkpt lat="45.8637710" lon="6.7213480">
    <ele>1056.6</ele>
   </trkpt>
   <trkpt lat="45.8636900" lon="6.7214120">
    <ele>1056.0</ele>
   </trkpt>
   <trkpt lat="45.8636560" lon="6.7214580">
    <ele>1055.8</ele>
   </trkpt>
   <trkpt lat="45.8635600" lon="6.7215570">
    <ele>1054.6</ele>
   </trkpt>
   <trkpt lat="45.8635280" lon="6.7215530">
    <ele>1054.4</ele>
   </trkpt>
   <trkpt lat="45.8633660" lon="6.7214890">
    <ele>1056.2</ele>
   </trkpt>
   <trkpt lat="45.8632870" lon="6.7214380">
    <ele>1057.2</ele>
   </trkpt>
   <trkpt lat="45.8632530" lon="6.7214020">
    <ele>1057.6</ele>
   </trkpt>
   <trkpt lat="45.8632180" lon="6.7213680">
    <ele>1058.2</ele>
   </trkpt>
   <trkpt lat="45.8631450" lon="6.7213580">
    <ele>1059.2</ele>
   </trkpt>
   <trkpt lat="45.8631120" lon="6.7213300">
    <ele>1060.0</ele>
   </trkpt>
   <trkpt lat="45.8631020" lon="6.7213320">
    <ele>1060.0</ele>
   </trkpt>
   <trkpt lat="45.8631030" lon="6.7213370">
    <ele>1060.4</ele>
   </trkpt>
   <trkpt lat="45.8631010" lon="6.7213230">
    <ele>1061.2</ele>
   </trkpt>
   <trkpt lat="45.8630980" lon="6.7213100">
    <ele>1061.4</ele>
   </trkpt>
   <trkpt lat="45.8630850" lon="6.7213010">
    <ele>1062.0</ele>
   </trkpt>
   <trkpt lat="45.8630790" lon="6.7213000">
    <ele>1062.8</ele>
   </trkpt>
   <trkpt lat="45.8630730" lon="6.7212940">
    <ele>1063.2</ele>
   </trkpt>
   <trkpt lat="45.8630510" lon="6.7212640">
    <ele>1064.0</ele>
   </trkpt>
   <trkpt lat="45.8630190" lon="6.7212340">
    <ele>1065.0</ele>
   </trkpt>
   <trkpt lat="45.8629850" lon="6.7211920">
    <ele>1066.0</ele>
   </trkpt>
   <trkpt lat="45.8629640" lon="6.7211830">
    <ele>1067.4</ele>
   </trkpt>
   <trkpt lat="45.8629550" lon="6.7211760">
    <ele>1067.8</ele>
   </trkpt>
   <trkpt lat="45.8629260" lon="6.7211560">
    <ele>1068.4</ele>
   </trkpt>
   <trkpt lat="45.8629060" lon="6.7211530">
    <ele>1069.6</ele>
   </trkpt>
   <trkpt lat="45.8628800" lon="6.7211320">
    <ele>1071.4</ele>
   </trkpt>
   <trkpt lat="45.8628440" lon="6.7211220">
    <ele>1072.4</ele>
   </trkpt>
   <trkpt lat="45.8628210" lon="6.7210940">
    <ele>1073.8</ele>
   </trkpt>
   <trkpt lat="45.8628090" lon="6.7210880">
    <ele>1074.4</ele>
   </trkpt>
   <trkpt lat="45.8627890" lon="6.7210740">
    <ele>1074.8</ele>
   </trkpt>
   <trkpt lat="45.8627350" lon="6.7210300">
    <ele>1076.0</ele>
   </trkpt>
   <trkpt lat="45.8627120" lon="6.7210170">
    <ele>1076.0</ele>
   </trkpt>
   <trkpt lat="45.8626770" lon="6.7209870">
    <ele>1077.2</ele>
   </trkpt>
   <trkpt lat="45.8626430" lon="6.7209640">
    <ele>1078.2</ele>
   </trkpt>
   <trkpt lat="45.8626070" lon="6.7209410">
    <ele>1079.4</ele>
   </trkpt>
   <trkpt lat="45.8625610" lon="6.7208900">
    <ele>1080.6</ele>
   </trkpt>
   <trkpt lat="45.8625430" lon="6.7208900">
    <ele>1081.0</ele>
   </trkpt>
   <trkpt lat="45.8625220" lon="6.7208920">
    <ele>1081.8</ele>
   </trkpt>
   <trkpt lat="45.8624630" lon="6.7208820">
    <ele>1082.8</ele>
   </trkpt>
   <trkpt lat="45.8624340" lon="6.7208640">
    <ele>1084.2</ele>
   </trkpt>
   <trkpt lat="45.8624250" lon="6.7208730">
    <ele>1084.6</ele>
   </trkpt>
   <trkpt lat="45.8623930" lon="6.7208630">
    <ele>1085.4</ele>
   </trkpt>
   <trkpt lat="45.8623530" lon="6.7208420">
    <ele>1086.8</ele>
   </trkpt>
   <trkpt lat="45.8623300" lon="6.7208290">
    <ele>1087.6</ele>
   </trkpt>
   <trkpt lat="45.8623170" lon="6.7208150">
    <ele>1088.4</ele>
   </trkpt>
   <trkpt lat="45.8622980" lon="6.7208060">
    <ele>1089.4</ele>
   </trkpt>
   <trkpt lat="45.8622910" lon="6.7208090">
    <ele>1089.8</ele>
   </trkpt>
   <trkpt lat="45.8622540" lon="6.7208150">
    <ele>1090.8</ele>
   </trkpt>
   <trkpt lat="45.8622240" lon="6.7208110">
    <ele>1091.8</ele>
   </trkpt>
   <trkpt lat="45.8621730" lon="6.7207980">
    <ele>1093.4</ele>
   </trkpt>
   <trkpt lat="45.8621440" lon="6.7208080">
    <ele>1094.4</ele>
   </trkpt>
   <trkpt lat="45.8621170" lon="6.7208080">
    <ele>1095.4</ele>
   </trkpt>
   <trkpt lat="45.8620540" lon="6.7208270">
    <ele>1096.4</ele>
   </trkpt>
   <trkpt lat="45.8620060" lon="6.7208590">
    <ele>1097.6</ele>
   </trkpt>
   <trkpt lat="45.8619750" lon="6.7208810">
    <ele>1099.0</ele>
   </trkpt>
   <trkpt lat="45.8619620" lon="6.7208890">
    <ele>1099.4</ele>
   </trkpt>
   <trkpt lat="45.8619300" lon="6.7209030">
    <ele>1100.2</ele>
   </trkpt>
   <trkpt lat="45.8618810" lon="6.7209180">
    <ele>1101.4</ele>
   </trkpt>
   <trkpt lat="45.8618520" lon="6.7209230">
    <ele>1102.2</ele>
   </trkpt>
   <trkpt lat="45.8618480" lon="6.7209200">
    <ele>1102.8</ele>
   </trkpt>
   <trkpt lat="45.8618370" lon="6.7209190">
    <ele>1104.2</ele>
   </trkpt>
   <trkpt lat="45.8618240" lon="6.7209210">
    <ele>1104.6</ele>
   </trkpt>
   <trkpt lat="45.8617780" lon="6.7209360">
    <ele>1105.4</ele>
   </trkpt>
   <trkpt lat="45.8617480" lon="6.7209480">
    <ele>1105.8</ele>
   </trkpt>
   <trkpt lat="45.8616580" lon="6.7209410">
    <ele>1106.8</ele>
   </trkpt>
   <trkpt lat="45.8615610" lon="6.7209600">
    <ele>1107.2</ele>
   </trkpt>
   <trkpt lat="45.8615260" lon="6.7209250">
    <ele>1108.0</ele>
   </trkpt>
   <trkpt lat="45.8615080" lon="6.7208950">
    <ele>1108.4</ele>
   </trkpt>
   <trkpt lat="45.8614980" lon="6.7208830">
    <ele>1108.6</ele>
   </trkpt>
   <trkpt lat="45.8614730" lon="6.7208530">
    <ele>1109.2</ele>
   </trkpt>
   <trkpt lat="45.8614400" lon="6.7207770">
    <ele>1110.2</ele>
   </trkpt>
   <trkpt lat="45.8614350" lon="6.7207440">
    <ele>1110.2</ele>
   </trkpt>
   <trkpt lat="45.8614210" lon="6.7206770">
    <ele>1111.4</ele>
   </trkpt>
   <trkpt lat="45.8613990" lon="6.7206030">
    <ele>1112.8</ele>
   </trkpt>
   <trkpt lat="45.8613930" lon="6.7205840">
    <ele>1113.2</ele>
   </trkpt>
   <trkpt lat="45.8613810" lon="6.7205640">
    <ele>1114.0</ele>
   </trkpt>
   <trkpt lat="45.8613800" lon="6.7205130">
    <ele>1115.2</ele>
   </trkpt>
   <trkpt lat="45.8613830" lon="6.7204640">
    <ele>1116.4</ele>
   </trkpt>
   <trkpt lat="45.8613950" lon="6.7204460">
    <ele>1117.0</ele>
   </trkpt>
   <trkpt lat="45.8614320" lon="6.7204010">
    <ele>1118.0</ele>
   </trkpt>
   <trkpt lat="45.8615050" lon="6.7203210">
    <ele>1119.2</ele>
   </trkpt>
   <trkpt lat="45.8615290" lon="6.7202920">
    <ele>1119.4</ele>
   </trkpt>
   <trkpt lat="45.8616390" lon="6.7201970">
    <ele>1120.2</ele>
   </trkpt>
   <trkpt lat="45.8616790" lon="6.7201650">
    <ele>1121.0</ele>
   </trkpt>
   <trkpt lat="45.8617380" lon="6.7201220">
    <ele>1121.4</ele>
   </trkpt>
   <trkpt lat="45.8618810" lon="6.7200380">
    <ele>1122.4</ele>
   </trkpt>
   <trkpt lat="45.8619030" lon="6.7200120">
    <ele>1122.6</ele>
   </trkpt>
   <trkpt lat="45.8619300" lon="6.7200100">
    <ele>1123.0</ele>
   </trkpt>
   <trkpt lat="45.8619960" lon="6.7199770">
    <ele>1124.0</ele>
   </trkpt>
   <trkpt lat="45.8620180" lon="6.7199580">
    <ele>1124.6</ele>
   </trkpt>
   <trkpt lat="45.8620510" lon="6.7199360">
    <ele>1125.2</ele>
   </trkpt>
   <trkpt lat="45.8620650" lon="6.7199140">
    <ele>1125.6</ele>
   </trkpt>
   <trkpt lat="45.8620620" lon="6.7198870">
    <ele>1126.0</ele>
   </trkpt>
   <trkpt lat="45.8620400" lon="6.7198800">
    <ele>1126.4</ele>
   </trkpt>
   <trkpt lat="45.8619320" lon="6.7198570">
    <ele>1127.6</ele>
   </trkpt>
   <trkpt lat="45.8619010" lon="6.7198540">
    <ele>1127.8</ele>
   </trkpt>
   <trkpt lat="45.8618290" lon="6.7198690">
    <ele>1128.8</ele>
   </trkpt>
   <trkpt lat="45.8617590" lon="6.7198250">
    <ele>1129.8</ele>
   </trkpt>
   <trkpt lat="45.8617630" lon="6.7198080">
    <ele>1130.0</ele>
   </trkpt>
   <trkpt lat="45.8617760" lon="6.7198000">
    <ele>1130.4</ele>
   </trkpt>
   <trkpt lat="45.8618220" lon="6.7197770">
    <ele>1130.8</ele>
   </trkpt>
   <trkpt lat="45.8618420" lon="6.7197650">
    <ele>1131.4</ele>
   </trkpt>
   <trkpt lat="45.8619240" lon="6.7196800">
    <ele>1132.6</ele>
   </trkpt>
   <trkpt lat="45.8619360" lon="6.7196510">
    <ele>1133.4</ele>
   </trkpt>
   <trkpt lat="45.8619420" lon="6.7196330">
    <ele>1133.8</ele>
   </trkpt>
   <trkpt lat="45.8619710" lon="6.7195790">
    <ele>1134.6</ele>
   </trkpt>
   <trkpt lat="45.8619860" lon="6.7195670">
    <ele>1135.0</ele>
   </trkpt>
   <trkpt lat="45.8620330" lon="6.7195170">
    <ele>1136.2</ele>
   </trkpt>
   <trkpt lat="45.8620780" lon="6.7194500">
    <ele>1137.2</ele>
   </trkpt>
   <trkpt lat="45.8621190" lon="6.7194110">
    <ele>1138.2</ele>
   </trkpt>
   <trkpt lat="45.8621350" lon="6.7193950">
    <ele>1138.4</ele>
   </trkpt>
   <trkpt lat="45.8621580" lon="6.7193550">
    <ele>1139.2</ele>
   </trkpt>
   <trkpt lat="45.8621840" lon="6.7193190">
    <ele>1139.6</ele>
   </trkpt>
   <trkpt lat="45.8621880" lon="6.7193000">
    <ele>1139.8</ele>
   </trkpt>
   <trkpt lat="45.8621950" lon="6.7192580">
    <ele>1140.2</ele>
   </trkpt>
   <trkpt lat="45.8621940" lon="6.7192350">
    <ele>1141.0</ele>
   </trkpt>
   <trkpt lat="45.8622060" lon="6.7192080">
    <ele>1141.4</ele>
   </trkpt>
   <trkpt lat="45.8622400" lon="6.7191660">
    <ele>1142.0</ele>
   </trkpt>
   <trkpt lat="45.8623320" lon="6.7190390">
    <ele>1143.2</ele>
   </trkpt>
   <trkpt lat="45.8623680" lon="6.7190080">
    <ele>1144.0</ele>
   </trkpt>
   <trkpt lat="45.8623880" lon="6.7189860">
    <ele>1144.2</ele>
   </trkpt>
   <trkpt lat="45.8624450" lon="6.7189130">
    <ele>1145.6</ele>
   </trkpt>
   <trkpt lat="45.8624690" lon="6.7188830">
    <ele>1146.2</ele>
   </trkpt>
   <trkpt lat="45.8624920" lon="6.7188500">
    <ele>1146.6</ele>
   </trkpt>
   <trkpt lat="45.8625160" lon="6.7188260">
    <ele>1147.2</ele>
   </trkpt>
   <trkpt lat="45.8625330" lon="6.7188200">
    <ele>1147.8</ele>
   </trkpt>
   <trkpt lat="45.8625860" lon="6.7187770">
    <ele>1148.6</ele>
   </trkpt>
   <trkpt lat="45.8626100" lon="6.7187670">
    <ele>1149.0</ele>
   </trkpt>
   <trkpt lat="45.8626600" lon="6.7187520">
    <ele>1150.2</ele>
   </trkpt>
   <trkpt lat="45.8627270" lon="6.7187030">
    <ele>1151.4</ele>
   </trkpt>
   <trkpt lat="45.8627480" lon="6.7186980">
    <ele>1151.8</ele>
   </trkpt>
   <trkpt lat="45.8627830" lon="6.7186990">
    <ele>1152.6</ele>
   </trkpt>
   <trkpt lat="45.8627860" lon="6.7187090">
    <ele>1152.8</ele>
   </trkpt>
   <trkpt lat="45.8627930" lon="6.7187090">
    <ele>1153.2</ele>
   </trkpt>
   <trkpt lat="45.8628070" lon="6.7186870">
    <ele>1153.6</ele>
   </trkpt>
   <trkpt lat="45.8628110" lon="6.7186780">
    <ele>1154.8</ele>
   </trkpt>
   <trkpt lat="45.8628850" lon="6.7186150">
    <ele>1156.0</ele>
   </trkpt>
   <trkpt lat="45.8629930" lon="6.7185760">
    <ele>1157.4</ele>
   </trkpt>
   <trkpt lat="45.8630060" lon="6.7185650">
    <ele>1157.8</ele>
   </trkpt>
   <trkpt lat="45.8630170" lon="6.7185540">
    <ele>1158.4</ele>
   </trkpt>
   <trkpt lat="45.8630940" lon="6.7185220">
    <ele>1159.4</ele>
   </trkpt>
   <trkpt lat="45.8631110" lon="6.7185270">
    <ele>1159.6</ele>
   </trkpt>
   <trkpt lat="45.8631570" lon="6.7185420">
    <ele>1160.6</ele>
   </trkpt>
   <trkpt lat="45.8632230" lon="6.7185320">
    <ele>1161.2</ele>
   </trkpt>
   <trkpt lat="45.8632360" lon="6.7185260">
    <ele>1161.6</ele>
   </trkpt>
   <trkpt lat="45.8632940" lon="6.7185030">
    <ele>1163.0</ele>
   </trkpt>
   <trkpt lat="45.8633190" lon="6.7184970">
    <ele>1163.4</ele>
   </trkpt>
   <trkpt lat="45.8633560" lon="6.7184880">
    <ele>1164.2</ele>
   </trkpt>
   <trkpt lat="45.8634060" lon="6.7184450">
    <ele>1165.0</ele>
   </trkpt>
   <trkpt lat="45.8634110" lon="6.7184220">
    <ele>1165.4</ele>
   </trkpt>
   <trkpt lat="45.8634210" lon="6.7183680">
    <ele>1165.6</ele>
   </trkpt>
   <trkpt lat="45.8634220" lon="6.7183150">
    <ele>1166.2</ele>
   </trkpt>
   <trkpt lat="45.8634180" lon="6.7182810">
    <ele>1166.8</ele>
   </trkpt>
   <trkpt lat="45.8633680" lon="6.7181560">
    <ele>1168.0</ele>
   </trkpt>
   <trkpt lat="45.8633470" lon="6.7180220">
    <ele>1169.2</ele>
   </trkpt>
   <trkpt lat="45.8633400" lon="6.7179930">
    <ele>1169.4</ele>
   </trkpt>
   <trkpt lat="45.8632740" lon="6.7179070">
    <ele>1170.2</ele>
   </trkpt>
   <trkpt lat="45.8631540" lon="6.7178650">
    <ele>1171.2</ele>
   </trkpt>
   <trkpt lat="45.8631220" lon="6.7178460">
    <ele>1171.8</ele>
   </trkpt>
   <trkpt lat="45.8631090" lon="6.7178170">
    <ele>1172.6</ele>
   </trkpt>
   <trkpt lat="45.8630740" lon="6.7177940">
    <ele>1173.8</ele>
   </trkpt>
   <trkpt lat="45.8630350" lon="6.7177710">
    <ele>1174.2</ele>
   </trkpt>
   <trkpt lat="45.8629440" lon="6.7177460">
    <ele>1174.8</ele>
   </trkpt>
   <trkpt lat="45.8628360" lon="6.7177080">
    <ele>1175.6</ele>
   </trkpt>
   <trkpt lat="45.8628070" lon="6.7176960">
    <ele>1176.0</ele>
   </trkpt>
   <trkpt lat="45.8626340" lon="6.7176440">
    <ele>1177.0</ele>
   </trkpt>
   <trkpt lat="45.8625410" lon="6.7176220">
    <ele>1177.4</ele>
   </trkpt>
   <trkpt lat="45.8624560" lon="6.7175980">
    <ele>1178.0</ele>
   </trkpt>
   <trkpt lat="45.8623040" lon="6.7176110">
    <ele>1179.0</ele>
   </trkpt>
   <trkpt lat="45.8622760" lon="6.7176140">
    <ele>1179.2</ele>
   </trkpt>
   <trkpt lat="45.8622090" lon="6.7175830">
    <ele>1179.8</ele>
   </trkpt>
   <trkpt lat="45.8622080" lon="6.7175560">
    <ele>1180.0</ele>
   </trkpt>
   <trkpt lat="45.8622400" lon="6.7175020">
    <ele>1180.4</ele>
   </trkpt>
   <trkpt lat="45.8622600" lon="6.7174720">
    <ele>1180.8</ele>
   </trkpt>
   <trkpt lat="45.8623480" lon="6.7173330">
    <ele>1182.0</ele>
   </trkpt>
   <trkpt lat="45.8623790" lon="6.7172820">
    <ele>1183.2</ele>
   </trkpt>
   <trkpt lat="45.8623940" lon="6.7172570">
    <ele>1183.6</ele>
   </trkpt>
   <trkpt lat="45.8624430" lon="6.7171870">
    <ele>1184.2</ele>
   </trkpt>
   <trkpt lat="45.8625050" lon="6.7171170">
    <ele>1185.4</ele>
   </trkpt>
   <trkpt lat="45.8625450" lon="6.7170610">
    <ele>1185.8</ele>
   </trkpt>
   <trkpt lat="45.8625870" lon="6.7170140">
    <ele>1186.0</ele>
   </trkpt>
   <trkpt lat="45.8626900" lon="6.7169310">
    <ele>1186.2</ele>
   </trkpt>
   <trkpt lat="45.8628830" lon="6.7169000">
    <ele>1185.2</ele>
   </trkpt>
   <trkpt lat="45.8630670" lon="6.7168310">
    <ele>1184.2</ele>
   </trkpt>
   <trkpt lat="45.8631060" lon="6.7167980">
    <ele>1184.0</ele>
   </trkpt>
   <trkpt lat="45.8632400" lon="6.7166560">
    <ele>1183.0</ele>
   </trkpt>
   <trkpt lat="45.8633050" lon="6.7165470">
    <ele>1182.6</ele>
   </trkpt>
   <trkpt lat="45.8634500" lon="6.7163220">
    <ele>1182.0</ele>
   </trkpt>
   <trkpt lat="45.8634860" lon="6.7162460">
    <ele>1181.8</ele>
   </trkpt>
   <trkpt lat="45.8636210" lon="6.7160600">
    <ele>1181.2</ele>
   </trkpt>
   <trkpt lat="45.8637340" lon="6.7159190">
    <ele>1180.6</ele>
   </trkpt>
   <trkpt lat="45.8637610" lon="6.7158790">
    <ele>1180.2</ele>
   </trkpt>
   <trkpt lat="45.8638280" lon="6.7157590">
    <ele>1179.2</ele>
   </trkpt>
   <trkpt lat="45.8639210" lon="6.7155900">
    <ele>1178.2</ele>
   </trkpt>
   <trkpt lat="45.8639410" lon="6.7155480">
    <ele>1178.2</ele>
   </trkpt>
   <trkpt lat="45.8640440" lon="6.7153330">
    <ele>1178.0</ele>
   </trkpt>
   <trkpt lat="45.8641150" lon="6.7152050">
    <ele>1178.0</ele>
   </trkpt>
   <trkpt lat="45.8642050" lon="6.7149990">
    <ele>1178.2</ele>
   </trkpt>
   <trkpt lat="45.8643300" lon="6.7147800">
    <ele>1177.4</ele>
   </trkpt>
   <trkpt lat="45.8643960" lon="6.7146530">
    <ele>1177.2</ele>
   </trkpt>
   <trkpt lat="45.8644820" lon="6.7145050">
    <ele>1176.8</ele>
   </trkpt>
   <trkpt lat="45.8645250" lon="6.7144510">
    <ele>1176.6</ele>
   </trkpt>
   <trkpt lat="45.8645920" lon="6.7143730">
    <ele>1176.0</ele>
   </trkpt>
   <trkpt lat="45.8646790" lon="6.7143380">
    <ele>1175.2</ele>
   </trkpt>
   <trkpt lat="45.8647280" lon="6.7143150">
    <ele>1174.8</ele>
   </trkpt>
   <trkpt lat="45.8648480" lon="6.7142130">
    <ele>1173.2</ele>
   </trkpt>
   <trkpt lat="45.8649080" lon="6.7141320">
    <ele>1172.6</ele>
   </trkpt>
   <trkpt lat="45.8649400" lon="6.7140840">
    <ele>1172.4</ele>
   </trkpt>
   <trkpt lat="45.8649690" lon="6.7140310">
    <ele>1172.0</ele>
   </trkpt>
   <trkpt lat="45.8650690" lon="6.7138780">
    <ele>1171.2</ele>
   </trkpt>
   <trkpt lat="45.8650990" lon="6.7138330">
    <ele>1171.0</ele>
   </trkpt>
   <trkpt lat="45.8651850" lon="6.7137040">
    <ele>1170.0</ele>
   </trkpt>
   <trkpt lat="45.8652090" lon="6.7136580">
    <ele>1169.8</ele>
   </trkpt>
   <trkpt lat="45.8652580" lon="6.7135690">
    <ele>1169.6</ele>
   </trkpt>
   <trkpt lat="45.8653220" lon="6.7134340">
    <ele>1169.0</ele>
   </trkpt>
   <trkpt lat="45.8653340" lon="6.7133850">
    <ele>1168.8</ele>
   </trkpt>
   <trkpt lat="45.8653200" lon="6.7133480">
    <ele>1168.8</ele>
   </trkpt>
   <trkpt lat="45.8652640" lon="6.7133110">
    <ele>1169.0</ele>
   </trkpt>
   <trkpt lat="45.8652270" lon="6.7132570">
    <ele>1169.6</ele>
   </trkpt>
   <trkpt lat="45.8652130" lon="6.7132350">
    <ele>1170.0</ele>
   </trkpt>
   <trkpt lat="45.8651320" lon="6.7131220">
    <ele>1170.8</ele>
   </trkpt>
   <trkpt lat="45.8651160" lon="6.7130420">
    <ele>1171.2</ele>
   </trkpt>
   <trkpt lat="45.8651240" lon="6.7129180">
    <ele>1171.6</ele>
   </trkpt>
   <trkpt lat="45.8651710" lon="6.7126470">
    <ele>1172.2</ele>
   </trkpt>
   <trkpt lat="45.8651920" lon="6.7123720">
    <ele>1172.2</ele>
   </trkpt>
   <trkpt lat="45.8651880" lon="6.7123300">
    <ele>1172.2</ele>
   </trkpt>
   <trkpt lat="45.8651710" lon="6.7120500">
    <ele>1173.0</ele>
   </trkpt>
   <trkpt lat="45.8651650" lon="6.7120100">
    <ele>1173.2</ele>
   </trkpt>
   <trkpt lat="45.8651640" lon="6.7119720">
    <ele>1173.4</ele>
   </trkpt>
   <trkpt lat="45.8651490" lon="6.7118440">
    <ele>1174.6</ele>
   </trkpt>
   <trkpt lat="45.8651350" lon="6.7117140">
    <ele>1175.8</ele>
   </trkpt>
   <trkpt lat="45.8650910" lon="6.7116400">
    <ele>1176.4</ele>
   </trkpt>
   <trkpt lat="45.8650850" lon="6.7116070">
    <ele>1177.0</ele>
   </trkpt>
   <trkpt lat="45.8650800" lon="6.7115910">
    <ele>1177.0</ele>
   </trkpt>
   <trkpt lat="45.8650830" lon="6.7115700">
    <ele>1177.2</ele>
   </trkpt>
   <trkpt lat="45.8650890" lon="6.7115300">
    <ele>1178.0</ele>
   </trkpt>
   <trkpt lat="45.8650990" lon="6.7114650">
    <ele>1179.0</ele>
   </trkpt>
   <trkpt lat="45.8650990" lon="6.7114440">
    <ele>1179.4</ele>
   </trkpt>
   <trkpt lat="45.8651030" lon="6.7114250">
    <ele>1179.8</ele>
   </trkpt>
   <trkpt lat="45.8651420" lon="6.7113450">
    <ele>1180.6</ele>
   </trkpt>
   <trkpt lat="45.8651540" lon="6.7112740">
    <ele>1181.8</ele>
   </trkpt>
   <trkpt lat="45.8651400" lon="6.7112450">
    <ele>1182.8</ele>
   </trkpt>
   <trkpt lat="45.8651470" lon="6.7112250">
    <ele>1183.0</ele>
   </trkpt>
   <trkpt lat="45.8651520" lon="6.7111990">
    <ele>1183.2</ele>
   </trkpt>
   <trkpt lat="45.8651530" lon="6.7111620">
    <ele>1183.6</ele>
   </trkpt>
   <trkpt lat="45.8651540" lon="6.7111480">
    <ele>1183.8</ele>
   </trkpt>
   <trkpt lat="45.8651540" lon="6.7111330">
    <ele>1184.0</ele>
   </trkpt>
   <trkpt lat="45.8651580" lon="6.7111210">
    <ele>1184.0</ele>
   </trkpt>
   <trkpt lat="45.8651570" lon="6.7111090">
    <ele>1184.2</ele>
   </trkpt>
   <trkpt lat="45.8651570" lon="6.7110760">
    <ele>1184.8</ele>
   </trkpt>
   <trkpt lat="45.8651660" lon="6.7110070">
    <ele>1185.2</ele>
   </trkpt>
   <trkpt lat="45.8651860" lon="6.7109110">
    <ele>1186.0</ele>
   </trkpt>
   <trkpt lat="45.8651960" lon="6.7108890">
    <ele>1186.2</ele>
   </trkpt>
   <trkpt lat="45.8652040" lon="6.7108140">
    <ele>1187.6</ele>
   </trkpt>
   <trkpt lat="45.8652020" lon="6.7107880">
    <ele>1188.0</ele>
   </trkpt>
   <trkpt lat="45.8651960" lon="6.7107140">
    <ele>1188.6</ele>
   </trkpt>
   <trkpt lat="45.8652080" lon="6.7106320">
    <ele>1189.4</ele>
   </trkpt>
   <trkpt lat="45.8652190" lon="6.7106080">
    <ele>1190.0</ele>
   </trkpt>
   <trkpt lat="45.8652400" lon="6.7105540">
    <ele>1191.2</ele>
   </trkpt>
   <trkpt lat="45.8652450" lon="6.7104730">
    <ele>1192.2</ele>
   </trkpt>
   <trkpt lat="45.8652440" lon="6.7104570">
    <ele>1192.8</ele>
   </trkpt>
   <trkpt lat="45.8652590" lon="6.7104300">
    <ele>1193.2</ele>
   </trkpt>
   <trkpt lat="45.8652520" lon="6.7104080">
    <ele>1193.4</ele>
   </trkpt>
   <trkpt lat="45.8652560" lon="6.7103780">
    <ele>1193.4</ele>
   </trkpt>
   <trkpt lat="45.8652470" lon="6.7103380">
    <ele>1193.6</ele>
   </trkpt>
   <trkpt lat="45.8652590" lon="6.7103190">
    <ele>1194.0</ele>
   </trkpt>
   <trkpt lat="45.8652660" lon="6.7102840">
    <ele>1194.4</ele>
   </trkpt>
   <trkpt lat="45.8652680" lon="6.7102730">
    <ele>1195.0</ele>
   </trkpt>
   <trkpt lat="45.8652750" lon="6.7102410">
    <ele>1196.4</ele>
   </trkpt>
   <trkpt lat="45.8652680" lon="6.7102070">
    <ele>1196.8</ele>
   </trkpt>
   <trkpt lat="45.8652690" lon="6.7101930">
    <ele>1197.0</ele>
   </trkpt>
   <trkpt lat="45.8652700" lon="6.7101520">
    <ele>1197.0</ele>
   </trkpt>
   <trkpt lat="45.8652580" lon="6.7101030">
    <ele>1197.6</ele>
   </trkpt>
   <trkpt lat="45.8652540" lon="6.7100820">
    <ele>1197.8</ele>
   </trkpt>
   <trkpt lat="45.8652460" lon="6.7100390">
    <ele>1198.8</ele>
   </trkpt>
   <trkpt lat="45.8652440" lon="6.7100060">
    <ele>1199.6</ele>
   </trkpt>
   <trkpt lat="45.8652370" lon="6.7099960">
    <ele>1200.0</ele>
   </trkpt>
   <trkpt lat="45.8652410" lon="6.7099380">
    <ele>1201.4</ele>
   </trkpt>
   <trkpt lat="45.8652480" lon="6.7099160">
    <ele>1202.0</ele>
   </trkpt>
   <trkpt lat="45.8652560" lon="6.7098930">
    <ele>1202.6</ele>
   </trkpt>
   <trkpt lat="45.8652620" lon="6.7098760">
    <ele>1203.0</ele>
   </trkpt>
   <trkpt lat="45.8652830" lon="6.7098540">
    <ele>1203.8</ele>
   </trkpt>
   <trkpt lat="45.8652980" lon="6.7098160">
    <ele>1205.2</ele>
   </trkpt>
   <trkpt lat="45.8653030" lon="6.7097730">
    <ele>1206.0</ele>
   </trkpt>
   <trkpt lat="45.8653100" lon="6.7097540">
    <ele>1206.4</ele>
   </trkpt>
   <trkpt lat="45.8653140" lon="6.7096700">
    <ele>1207.4</ele>
   </trkpt>
   <trkpt lat="45.8653090" lon="6.7096480">
    <ele>1207.6</ele>
   </trkpt>
   <trkpt lat="45.8653090" lon="6.7096220">
    <ele>1208.0</ele>
   </trkpt>
   <trkpt lat="45.8653070" lon="6.7096020">
    <ele>1208.4</ele>
   </trkpt>
   <trkpt lat="45.8653070" lon="6.7095630">
    <ele>1209.2</ele>
   </trkpt>
   <trkpt lat="45.8653030" lon="6.7095490">
    <ele>1209.6</ele>
   </trkpt>
   <trkpt lat="45.8652940" lon="6.7095380">
    <ele>1209.8</ele>
   </trkpt>
   <trkpt lat="45.8652760" lon="6.7094790">
    <ele>1210.8</ele>
   </trkpt>
   <trkpt lat="45.8652790" lon="6.7094340">
    <ele>1211.4</ele>
   </trkpt>
   <trkpt lat="45.8652870" lon="6.7094110">
    <ele>1211.8</ele>
   </trkpt>
   <trkpt lat="45.8652890" lon="6.7093900">
    <ele>1212.0</ele>
   </trkpt>
   <trkpt lat="45.8652870" lon="6.7093470">
    <ele>1212.8</ele>
   </trkpt>
   <trkpt lat="45.8652910" lon="6.7093250">
    <ele>1213.0</ele>
   </trkpt>
   <trkpt lat="45.8652970" lon="6.7093090">
    <ele>1213.2</ele>
   </trkpt>
   <trkpt lat="45.8652930" lon="6.7092630">
    <ele>1214.2</ele>
   </trkpt>
   <trkpt lat="45.8653150" lon="6.7092160">
    <ele>1215.4</ele>
   </trkpt>
   <trkpt lat="45.8653320" lon="6.7091620">
    <ele>1216.6</ele>
   </trkpt>
   <trkpt lat="45.8653280" lon="6.7091510">
    <ele>1216.8</ele>
   </trkpt>
   <trkpt lat="45.8653130" lon="6.7091280">
    <ele>1217.8</ele>
   </trkpt>
   <trkpt lat="45.8653390" lon="6.7090850">
    <ele>1218.4</ele>
   </trkpt>
   <trkpt lat="45.8653350" lon="6.7090560">
    <ele>1218.8</ele>
   </trkpt>
   <trkpt lat="45.8652990" lon="6.7089970">
    <ele>1220.2</ele>
   </trkpt>
   <trkpt lat="45.8652830" lon="6.7089770">
    <ele>1220.4</ele>
   </trkpt>
   <trkpt lat="45.8652740" lon="6.7089440">
    <ele>1221.2</ele>
   </trkpt>
   <trkpt lat="45.8652870" lon="6.7089200">
    <ele>1221.4</ele>
   </trkpt>
   <trkpt lat="45.8653040" lon="6.7088440">
    <ele>1222.8</ele>
   </trkpt>
   <trkpt lat="45.8653120" lon="6.7088160">
    <ele>1223.2</ele>
   </trkpt>
   <trkpt lat="45.8652960" lon="6.7087730">
    <ele>1223.8</ele>
   </trkpt>
   <trkpt lat="45.8653020" lon="6.7086870">
    <ele>1225.2</ele>
   </trkpt>
   <trkpt lat="45.8653150" lon="6.7086350">
    <ele>1226.0</ele>
   </trkpt>
   <trkpt lat="45.8653350" lon="6.7086050">
    <ele>1226.6</ele>
   </trkpt>
   <trkpt lat="45.8653960" lon="6.7084590">
    <ele>1227.8</ele>
   </trkpt>
   <trkpt lat="45.8654050" lon="6.7083850">
    <ele>1228.2</ele>
   </trkpt>
   <trkpt lat="45.8653920" lon="6.7082250">
    <ele>1228.8</ele>
   </trkpt>
   <trkpt lat="45.8653850" lon="6.7079780">
    <ele>1229.6</ele>
   </trkpt>
   <trkpt lat="45.8653770" lon="6.7078730">
    <ele>1229.8</ele>
   </trkpt>
   <trkpt lat="45.8653730" lon="6.7078340">
    <ele>1230.0</ele>
   </trkpt>
   <trkpt lat="45.8653410" lon="6.7077140">
    <ele>1230.4</ele>
   </trkpt>
   <trkpt lat="45.8653190" lon="6.7076380">
    <ele>1231.0</ele>
   </trkpt>
   <trkpt lat="45.8653030" lon="6.7075960">
    <ele>1231.4</ele>
   </trkpt>
   <trkpt lat="45.8652810" lon="6.7074930">
    <ele>1232.4</ele>
   </trkpt>
   <trkpt lat="45.8652350" lon="6.7074310">
    <ele>1233.4</ele>
   </trkpt>
   <trkpt lat="45.8651870" lon="6.7073560">
    <ele>1234.6</ele>
   </trkpt>
   <trkpt lat="45.8651510" lon="6.7073050">
    <ele>1235.6</ele>
   </trkpt>
   <trkpt lat="45.8651280" lon="6.7072730">
    <ele>1236.0</ele>
   </trkpt>
   <trkpt lat="45.8650840" lon="6.7072430">
    <ele>1236.8</ele>
   </trkpt>
   <trkpt lat="45.8650490" lon="6.7071880">
    <ele>1237.6</ele>
   </trkpt>
   <trkpt lat="45.8650410" lon="6.7071720">
    <ele>1237.8</ele>
   </trkpt>
   <trkpt lat="45.8649730" lon="6.7070840">
    <ele>1239.2</ele>
   </trkpt>
   <trkpt lat="45.8649560" lon="6.7070550">
    <ele>1240.0</ele>
   </trkpt>
   <trkpt lat="45.8649450" lon="6.7070410">
    <ele>1240.4</ele>
   </trkpt>
   <trkpt lat="45.8649160" lon="6.7069960">
    <ele>1241.6</ele>
   </trkpt>
   <trkpt lat="45.8649050" lon="6.7069840">
    <ele>1241.8</ele>
   </trkpt>
   <trkpt lat="45.8648940" lon="6.7069550">
    <ele>1242.4</ele>
   </trkpt>
   <trkpt lat="45.8648950" lon="6.7069440">
    <ele>1242.8</ele>
   </trkpt>
   <trkpt lat="45.8648830" lon="6.7069060">
    <ele>1243.8</ele>
   </trkpt>
   <trkpt lat="45.8648740" lon="6.7068810">
    <ele>1244.0</ele>
   </trkpt>
   <trkpt lat="45.8648550" lon="6.7067920">
    <ele>1245.2</ele>
   </trkpt>
   <trkpt lat="45.8648510" lon="6.7067330">
    <ele>1245.8</ele>
   </trkpt>
   <trkpt lat="45.8648400" lon="6.7067120">
    <ele>1245.8</ele>
   </trkpt>
   <trkpt lat="45.8648280" lon="6.7066970">
    <ele>1246.2</ele>
   </trkpt>
   <trkpt lat="45.8647920" lon="6.7066690">
    <ele>1246.6</ele>
   </trkpt>
   <trkpt lat="45.8647550" lon="6.7066380">
    <ele>1247.4</ele>
   </trkpt>
   <trkpt lat="45.8647350" lon="6.7065810">
    <ele>1248.6</ele>
   </trkpt>
   <trkpt lat="45.8647260" lon="6.7065670">
    <ele>1249.0</ele>
   </trkpt>
   <trkpt lat="45.8647180" lon="6.7065540">
    <ele>1249.2</ele>
   </trkpt>
   <trkpt lat="45.8647050" lon="6.7065330">
    <ele>1249.8</ele>
   </trkpt>
   <trkpt lat="45.8646520" lon="6.7064890">
    <ele>1250.8</ele>
   </trkpt>
   <trkpt lat="45.8646390" lon="6.7064770">
    <ele>1251.2</ele>
   </trkpt>
   <trkpt lat="45.8646170" lon="6.7064430">
    <ele>1252.0</ele>
   </trkpt>
   <trkpt lat="45.8645970" lon="6.7063960">
    <ele>1253.0</ele>
   </trkpt>
   <trkpt lat="45.8645870" lon="6.7063450">
    <ele>1253.4</ele>
   </trkpt>
   <trkpt lat="45.8645630" lon="6.7063030">
    <ele>1254.0</ele>
   </trkpt>
   <trkpt lat="45.8645330" lon="6.7062140">
    <ele>1255.6</ele>
   </trkpt>
   <trkpt lat="45.8645170" lon="6.7061720">
    <ele>1256.0</ele>
   </trkpt>
   <trkpt lat="45.8644870" lon="6.7061130">
    <ele>1256.6</ele>
   </trkpt>
   <trkpt lat="45.8644400" lon="6.7060210">
    <ele>1257.6</ele>
   </trkpt>
   <trkpt lat="45.8644310" lon="6.7059930">
    <ele>1257.6</ele>
   </trkpt>
   <trkpt lat="45.8643910" lon="6.7059020">
    <ele>1259.0</ele>
   </trkpt>
   <trkpt lat="45.8643370" lon="6.7058150">
    <ele>1259.4</ele>
   </trkpt>
   <trkpt lat="45.8642160" lon="6.7056400">
    <ele>1260.0</ele>
   </trkpt>
   <trkpt lat="45.8641520" lon="6.7054600">
    <ele>1261.2</ele>
   </trkpt>
   <trkpt lat="45.8640890" lon="6.7053150">
    <ele>1262.2</ele>
   </trkpt>
   <trkpt lat="45.8640010" lon="6.7051550">
    <ele>1262.6</ele>
   </trkpt>
   <trkpt lat="45.8639950" lon="6.7051270">
    <ele>1262.8</ele>
   </trkpt>
   <trkpt lat="45.8639630" lon="6.7050720">
    <ele>1263.0</ele>
   </trkpt>
   <trkpt lat="45.8639370" lon="6.7050400">
    <ele>1263.0</ele>
   </trkpt>
   <trkpt lat="45.8638470" lon="6.7049740">
    <ele>1263.4</ele>
   </trkpt>
   <trkpt lat="45.8637930" lon="6.7049430">
    <ele>1263.8</ele>
   </trkpt>
   <trkpt lat="45.8637320" lon="6.7048970">
    <ele>1264.8</ele>
   </trkpt>
   <trkpt lat="45.8637270" lon="6.7048920">
    <ele>1265.2</ele>
   </trkpt>
   <trkpt lat="45.8637120" lon="6.7048690">
    <ele>1266.0</ele>
   </trkpt>
   <trkpt lat="45.8636730" lon="6.7048110">
    <ele>1266.8</ele>
   </trkpt>
   <trkpt lat="45.8636560" lon="6.7048010">
    <ele>1267.2</ele>
   </trkpt>
   <trkpt lat="45.8635870" lon="6.7047690">
    <ele>1268.0</ele>
   </trkpt>
   <trkpt lat="45.8635720" lon="6.7047640">
    <ele>1268.4</ele>
   </trkpt>
   <trkpt lat="45.8635260" lon="6.7047730">
    <ele>1269.0</ele>
   </trkpt>
   <trkpt lat="45.8635060" lon="6.7047720">
    <ele>1269.4</ele>
   </trkpt>
   <trkpt lat="45.8634890" lon="6.7047690">
    <ele>1269.8</ele>
   </trkpt>
   <trkpt lat="45.8634780" lon="6.7047790">
    <ele>1270.2</ele>
   </trkpt>
   <trkpt lat="45.8634590" lon="6.7047920">
    <ele>1270.8</ele>
   </trkpt>
   <trkpt lat="45.8634470" lon="6.7047960">
    <ele>1271.2</ele>
   </trkpt>
   <trkpt lat="45.8634310" lon="6.7047990">
    <ele>1272.2</ele>
   </trkpt>
   <trkpt lat="45.8634120" lon="6.7048020">
    <ele>1272.8</ele>
   </trkpt>
   <trkpt lat="45.8633740" lon="6.7048070">
    <ele>1273.4</ele>
   </trkpt>
   <trkpt lat="45.8633090" lon="6.7048180">
    <ele>1274.4</ele>
   </trkpt>
   <trkpt lat="45.8632220" lon="6.7048290">
    <ele>1275.4</ele>
   </trkpt>
   <trkpt lat="45.8631650" lon="6.7048170">
    <ele>1275.6</ele>
   </trkpt>
   <trkpt lat="45.8631030" lon="6.7048000">
    <ele>1277.0</ele>
   </trkpt>
   <trkpt lat="45.8631030" lon="6.7048050">
    <ele>1278.0</ele>
   </trkpt>
   <trkpt lat="45.8630880" lon="6.7047870">
    <ele>1278.6</ele>
   </trkpt>
   <trkpt lat="45.8630900" lon="6.7047840">
    <ele>1279.2</ele>
   </trkpt>
   <trkpt lat="45.8630890" lon="6.7047750">
    <ele>1279.6</ele>
   </trkpt>
   <trkpt lat="45.8630400" lon="6.7047810">
    <ele>1280.6</ele>
   </trkpt>
   <trkpt lat="45.8629840" lon="6.7048020">
    <ele>1281.8</ele>
   </trkpt>
   <trkpt lat="45.8629710" lon="6.7048250">
    <ele>1283.2</ele>
   </trkpt>
   <trkpt lat="45.8629540" lon="6.7048230">
    <ele>1283.6</ele>
   </trkpt>
   <trkpt lat="45.8629130" lon="6.7048140">
    <ele>1284.4</ele>
   </trkpt>
   <trkpt lat="45.8628450" lon="6.7048210">
    <ele>1285.8</ele>
   </trkpt>
   <trkpt lat="45.8627910" lon="6.7047870">
    <ele>1287.2</ele>
   </trkpt>
   <trkpt lat="45.8627570" lon="6.7047680">
    <ele>1288.2</ele>
   </trkpt>
   <trkpt lat="45.8627400" lon="6.7047630">
    <ele>1288.4</ele>
   </trkpt>
   <trkpt lat="45.8626890" lon="6.7047420">
    <ele>1289.4</ele>
   </trkpt>
   <trkpt lat="45.8626380" lon="6.7047240">
    <ele>1290.8</ele>
   </trkpt>
   <trkpt lat="45.8626180" lon="6.7047080">
    <ele>1291.6</ele>
   </trkpt>
   <trkpt lat="45.8626110" lon="6.7047050">
    <ele>1291.8</ele>
   </trkpt>
   <trkpt lat="45.8625920" lon="6.7046780">
    <ele>1292.8</ele>
   </trkpt>
   <trkpt lat="45.8625770" lon="6.7046620">
    <ele>1293.0</ele>
   </trkpt>
   <trkpt lat="45.8625610" lon="6.7046480">
    <ele>1294.6</ele>
   </trkpt>
   <trkpt lat="45.8625620" lon="6.7046380">
    <ele>1294.8</ele>
   </trkpt>
   <trkpt lat="45.8625350" lon="6.7046210">
    <ele>1295.8</ele>
   </trkpt>
   <trkpt lat="45.8624820" lon="6.7045980">
    <ele>1296.2</ele>
   </trkpt>
   <trkpt lat="45.8624280" lon="6.7045540">
    <ele>1297.0</ele>
   </trkpt>
   <trkpt lat="45.8624230" lon="6.7045390">
    <ele>1297.4</ele>
   </trkpt>
   <trkpt lat="45.8624000" lon="6.7045100">
    <ele>1298.2</ele>
   </trkpt>
   <trkpt lat="45.8623860" lon="6.7044340">
    <ele>1299.2</ele>
   </trkpt>
   <trkpt lat="45.8623710" lon="6.7043740">
    <ele>1300.0</ele>
   </trkpt>
   <trkpt lat="45.8623680" lon="6.7043460">
    <ele>1300.2</ele>
   </trkpt>
   <trkpt lat="45.8622940" lon="6.7042710">
    <ele>1301.6</ele>
   </trkpt>
   <trkpt lat="45.8622150" lon="6.7042330">
    <ele>1302.4</ele>
   </trkpt>
   <trkpt lat="45.8621810" lon="6.7042150">
    <ele>1302.8</ele>
   </trkpt>
   <trkpt lat="45.8621200" lon="6.7041900">
    <ele>1303.8</ele>
   </trkpt>
   <trkpt lat="45.8621180" lon="6.7041790">
    <ele>1304.0</ele>
   </trkpt>
   <trkpt lat="45.8620280" lon="6.7041570">
    <ele>1305.0</ele>
   </trkpt>
   <trkpt lat="45.8620180" lon="6.7041410">
    <ele>1305.2</ele>
   </trkpt>
   <trkpt lat="45.8620100" lon="6.7041130">
    <ele>1305.8</ele>
   </trkpt>
   <trkpt lat="45.8619950" lon="6.7041150">
    <ele>1306.4</ele>
   </trkpt>
   <trkpt lat="45.8619580" lon="6.7041240">
    <ele>1307.6</ele>
   </trkpt>
   <trkpt lat="45.8619360" lon="6.7041260">
    <ele>1309.0</ele>
   </trkpt>
   <trkpt lat="45.8619400" lon="6.7041380">
    <ele>1309.4</ele>
   </trkpt>
   <trkpt lat="45.8619390" lon="6.7041440">
    <ele>1310.2</ele>
   </trkpt>
   <trkpt lat="45.8619060" lon="6.7041120">
    <ele>1311.2</ele>
   </trkpt>
   <trkpt lat="45.8618420" lon="6.7040550">
    <ele>1312.2</ele>
   </trkpt>
   <trkpt lat="45.8618400" lon="6.7040410">
    <ele>1312.4</ele>
   </trkpt>
   <trkpt lat="45.8618420" lon="6.7040270">
    <ele>1312.8</ele>
   </trkpt>
   <trkpt lat="45.8618330" lon="6.7039890">
    <ele>1313.4</ele>
   </trkpt>
   <trkpt lat="45.8618310" lon="6.7039690">
    <ele>1313.8</ele>
   </trkpt>
   <trkpt lat="45.8618200" lon="6.7039420">
    <ele>1314.2</ele>
   </trkpt>
   <trkpt lat="45.8617870" lon="6.7039230">
    <ele>1315.0</ele>
   </trkpt>
   <trkpt lat="45.8617270" lon="6.7038880">
    <ele>1316.0</ele>
   </trkpt>
   <trkpt lat="45.8616490" lon="6.7038680">
    <ele>1317.2</ele>
   </trkpt>
   <trkpt lat="45.8616130" lon="6.7038550">
    <ele>1318.2</ele>
   </trkpt>
   <trkpt lat="45.8615910" lon="6.7038500">
    <ele>1318.4</ele>
   </trkpt>
   <trkpt lat="45.8615450" lon="6.7038250">
    <ele>1320.0</ele>
   </trkpt>
   <trkpt lat="45.8614860" lon="6.7038180">
    <ele>1321.2</ele>
   </trkpt>
   <trkpt lat="45.8614700" lon="6.7038090">
    <ele>1321.6</ele>
   </trkpt>
   <trkpt lat="45.8614420" lon="6.7038020">
    <ele>1322.6</ele>
   </trkpt>
   <trkpt lat="45.8614430" lon="6.7037760">
    <ele>1323.2</ele>
   </trkpt>
   <trkpt lat="45.8614440" lon="6.7037530">
    <ele>1323.4</ele>
   </trkpt>
   <trkpt lat="45.8614370" lon="6.7037390">
    <ele>1323.6</ele>
   </trkpt>
   <trkpt lat="45.8614500" lon="6.7036930">
    <ele>1324.8</ele>
   </trkpt>
   <trkpt lat="45.8614510" lon="6.7036190">
    <ele>1325.8</ele>
   </trkpt>
   <trkpt lat="45.8614930" lon="6.7035530">
    <ele>1327.0</ele>
   </trkpt>
   <trkpt lat="45.8615090" lon="6.7035310">
    <ele>1327.6</ele>
   </trkpt>
   <trkpt lat="45.8615000" lon="6.7035160">
    <ele>1327.8</ele>
   </trkpt>
   <trkpt lat="45.8614920" lon="6.7035130">
    <ele>1328.0</ele>
   </trkpt>
   <trkpt lat="45.8614870" lon="6.7034940">
    <ele>1329.0</ele>
   </trkpt>
   <trkpt lat="45.8614960" lon="6.7034650">
    <ele>1329.2</ele>
   </trkpt>
   <trkpt lat="45.8615000" lon="6.7034230">
    <ele>1330.8</ele>
   </trkpt>
   <trkpt lat="45.8615140" lon="6.7034120">
    <ele>1331.4</ele>
   </trkpt>
   <trkpt lat="45.8615230" lon="6.7034050">
    <ele>1331.8</ele>
   </trkpt>
   <trkpt lat="45.8615270" lon="6.7033910">
    <ele>1332.4</ele>
   </trkpt>
   <trkpt lat="45.8615320" lon="6.7033460">
    <ele>1332.8</ele>
   </trkpt>
   <trkpt lat="45.8615330" lon="6.7033380">
    <ele>1333.0</ele>
   </trkpt>
   <trkpt lat="45.8615650" lon="6.7032800">
    <ele>1334.2</ele>
   </trkpt>
   <trkpt lat="45.8615830" lon="6.7032620">
    <ele>1334.8</ele>
   </trkpt>
   <trkpt lat="45.8615960" lon="6.7032510">
    <ele>1335.2</ele>
   </trkpt>
   <trkpt lat="45.8616420" lon="6.7032070">
    <ele>1337.0</ele>
   </trkpt>
   <trkpt lat="45.8616520" lon="6.7031430">
    <ele>1338.2</ele>
   </trkpt>
   <trkpt lat="45.8616580" lon="6.7030640">
    <ele>1339.2</ele>
   </trkpt>
   <trkpt lat="45.8616510" lon="6.7030420">
    <ele>1339.6</ele>
   </trkpt>
   <trkpt lat="45.8616190" lon="6.7029890">
    <ele>1340.6</ele>
   </trkpt>
   <trkpt lat="45.8615950" lon="6.7029620">
    <ele>1341.0</ele>
   </trkpt>
   <trkpt lat="45.8615540" lon="6.7029540">
    <ele>1341.2</ele>
   </trkpt>
   <trkpt lat="45.8614860" lon="6.7029370">
    <ele>1342.2</ele>
   </trkpt>
   <trkpt lat="45.8614740" lon="6.7029350">
    <ele>1342.4</ele>
   </trkpt>
   <trkpt lat="45.8614460" lon="6.7029360">
    <ele>1343.4</ele>
   </trkpt>
   <trkpt lat="45.8614090" lon="6.7029580">
    <ele>1344.2</ele>
   </trkpt>
   <trkpt lat="45.8613770" lon="6.7029740">
    <ele>1344.6</ele>
   </trkpt>
   <trkpt lat="45.8613310" lon="6.7029830">
    <ele>1345.6</ele>
   </trkpt>
   <trkpt lat="45.8613200" lon="6.7029770">
    <ele>1346.0</ele>
   </trkpt>
   <trkpt lat="45.8613070" lon="6.7029470">
    <ele>1346.4</ele>
   </trkpt>
   <trkpt lat="45.8612830" lon="6.7028690">
    <ele>1347.2</ele>
   </trkpt>
   <trkpt lat="45.8612270" lon="6.7027860">
    <ele>1348.4</ele>
   </trkpt>
   <trkpt lat="45.8611990" lon="6.7027560">
    <ele>1348.4</ele>
   </trkpt>
   <trkpt lat="45.8610330" lon="6.7025810">
    <ele>1349.2</ele>
   </trkpt>
   <trkpt lat="45.8609890" lon="6.7025190">
    <ele>1349.4</ele>
   </trkpt>
   <trkpt lat="45.8608960" lon="6.7023890">
    <ele>1349.6</ele>
   </trkpt>
   <trkpt lat="45.8607310" lon="6.7022610">
    <ele>1348.8</ele>
   </trkpt>
   <trkpt lat="45.8606650" lon="6.7021140">
    <ele>1348.2</ele>
   </trkpt>
   <trkpt lat="45.8606360" lon="6.7020800">
    <ele>1348.2</ele>
   </trkpt>
   <trkpt lat="45.8605710" lon="6.7019760">
    <ele>1348.4</ele>
   </trkpt>
   <trkpt lat="45.8605490" lon="6.7019150">
    <ele>1348.6</ele>
   </trkpt>
   <trkpt lat="45.8605380" lon="6.7018890">
    <ele>1348.8</ele>
   </trkpt>
   <trkpt lat="45.8604920" lon="6.7017970">
    <ele>1349.2</ele>
   </trkpt>
   <trkpt lat="45.8604820" lon="6.7017700">
    <ele>1349.4</ele>
   </trkpt>
   <trkpt lat="45.8604570" lon="6.7017440">
    <ele>1349.8</ele>
   </trkpt>
   <trkpt lat="45.8603870" lon="6.7017150">
    <ele>1350.4</ele>
   </trkpt>
   <trkpt lat="45.8603510" lon="6.7016930">
    <ele>1350.6</ele>
   </trkpt>
   <trkpt lat="45.8602870" lon="6.7016150">
    <ele>1351.2</ele>
   </trkpt>
   <trkpt lat="45.8602900" lon="6.7015750">
    <ele>1351.4</ele>
   </trkpt>
   <trkpt lat="45.8602560" lon="6.7015040">
    <ele>1351.4</ele>
   </trkpt>
   <trkpt lat="45.8601570" lon="6.7014290">
    <ele>1350.8</ele>
   </trkpt>
   <trkpt lat="45.8599830" lon="6.7012740">
    <ele>1351.2</ele>
   </trkpt>
   <trkpt lat="45.8599570" lon="6.7012450">
    <ele>1351.8</ele>
   </trkpt>
   <trkpt lat="45.8599030" lon="6.7011540">
    <ele>1352.8</ele>
   </trkpt>
   <trkpt lat="45.8598680" lon="6.7011340">
    <ele>1353.0</ele>
   </trkpt>
   <trkpt lat="45.8596960" lon="6.7009970">
    <ele>1353.4</ele>
   </trkpt>
   <trkpt lat="45.8596670" lon="6.7009750">
    <ele>1353.6</ele>
   </trkpt>
   <trkpt lat="45.8596080" lon="6.7009280">
    <ele>1353.8</ele>
   </trkpt>
   <trkpt lat="45.8595520" lon="6.7008830">
    <ele>1353.6</ele>
   </trkpt>
   <trkpt lat="45.8594840" lon="6.7008050">
    <ele>1352.8</ele>
   </trkpt>
   <trkpt lat="45.8594320" lon="6.7007470">
    <ele>1352.0</ele>
   </trkpt>
   <trkpt lat="45.8594100" lon="6.7007210">
    <ele>1351.6</ele>
   </trkpt>
   <trkpt lat="45.8593230" lon="6.7006720">
    <ele>1350.4</ele>
   </trkpt>
   <trkpt lat="45.8592560" lon="6.7006450">
    <ele>1349.2</ele>
   </trkpt>
   <trkpt lat="45.8592030" lon="6.7006370">
    <ele>1347.8</ele>
   </trkpt>
   <trkpt lat="45.8591880" lon="6.7005800">
    <ele>1347.0</ele>
   </trkpt>
   <trkpt lat="45.8591820" lon="6.7005440">
    <ele>1346.6</ele>
   </trkpt>
   <trkpt lat="45.8591300" lon="6.7004780">
    <ele>1345.4</ele>
   </trkpt>
   <trkpt lat="45.8590870" lon="6.7004400">
    <ele>1345.2</ele>
   </trkpt>
   <trkpt lat="45.8589500" lon="6.7003390">
    <ele>1344.4</ele>
   </trkpt>
   <trkpt lat="45.8589110" lon="6.7003000">
    <ele>1344.4</ele>
   </trkpt>
   <trkpt lat="45.8588410" lon="6.7001760">
    <ele>1344.0</ele>
   </trkpt>
   <trkpt lat="45.8588040" lon="6.7000860">
    <ele>1343.6</ele>
   </trkpt>
   <trkpt lat="45.8587830" lon="6.6999750">
    <ele>1343.4</ele>
   </trkpt>
   <trkpt lat="45.8588030" lon="6.6999130">
    <ele>1343.2</ele>
   </trkpt>
   <trkpt lat="45.8588250" lon="6.6998490">
    <ele>1342.6</ele>
   </trkpt>
   <trkpt lat="45.8588450" lon="6.6997890">
    <ele>1342.2</ele>
   </trkpt>
   <trkpt lat="45.8588670" lon="6.6997340">
    <ele>1341.4</ele>
   </trkpt>
   <trkpt lat="45.8588870" lon="6.6996830">
    <ele>1340.6</ele>
   </trkpt>
   <trkpt lat="45.8588930" lon="6.6996290">
    <ele>1340.0</ele>
   </trkpt>
   <trkpt lat="45.8588950" lon="6.6995770">
    <ele>1339.4</ele>
   </trkpt>
   <trkpt lat="45.8588760" lon="6.6994730">
    <ele>1338.0</ele>
   </trkpt>
   <trkpt lat="45.8588370" lon="6.6993650">
    <ele>1336.6</ele>
   </trkpt>
   <trkpt lat="45.8588080" lon="6.6993220">
    <ele>1336.0</ele>
   </trkpt>
   <trkpt lat="45.8587840" lon="6.6992760">
    <ele>1335.2</ele>
   </trkpt>
   <trkpt lat="45.8587480" lon="6.6991260">
    <ele>1334.2</ele>
   </trkpt>
   <trkpt lat="45.8587390" lon="6.6989760">
    <ele>1333.6</ele>
   </trkpt>
   <trkpt lat="45.8587630" lon="6.6989360">
    <ele>1333.6</ele>
   </trkpt>
   <trkpt lat="45.8588630" lon="6.6988270">
    <ele>1333.4</ele>
   </trkpt>
   <trkpt lat="45.8589660" lon="6.6985920">
    <ele>1335.4</ele>
   </trkpt>
   <trkpt lat="45.8589880" lon="6.6985350">
    <ele>1335.8</ele>
   </trkpt>
   <trkpt lat="45.8589960" lon="6.6984810">
    <ele>1335.8</ele>
   </trkpt>
   <trkpt lat="45.8590130" lon="6.6983170">
    <ele>1335.6</ele>
   </trkpt>
   <trkpt lat="45.8590350" lon="6.6982040">
    <ele>1334.6</ele>
   </trkpt>
   <trkpt lat="45.8590670" lon="6.6981610">
    <ele>1334.2</ele>
   </trkpt>
   <trkpt lat="45.8590940" lon="6.6981260">
    <ele>1334.2</ele>
   </trkpt>
   <trkpt lat="45.8591930" lon="6.6979930">
    <ele>1334.6</ele>
   </trkpt>
   <trkpt lat="45.8592400" lon="6.6979110">
    <ele>1335.4</ele>
   </trkpt>
   <trkpt lat="45.8592600" lon="6.6978790">
    <ele>1335.8</ele>
   </trkpt>
   <trkpt lat="45.8592790" lon="6.6978720">
    <ele>1336.2</ele>
   </trkpt>
   <trkpt lat="45.8593000" lon="6.6978690">
    <ele>1336.6</ele>
   </trkpt>
   <trkpt lat="45.8593770" lon="6.6978390">
    <ele>1337.8</ele>
   </trkpt>
   <trkpt lat="45.8594030" lon="6.6978290">
    <ele>1338.0</ele>
   </trkpt>
   <trkpt lat="45.8594540" lon="6.6977880">
    <ele>1338.8</ele>
   </trkpt>
   <trkpt lat="45.8594970" lon="6.6977520">
    <ele>1339.2</ele>
   </trkpt>
   <trkpt lat="45.8595680" lon="6.6976770">
    <ele>1339.8</ele>
   </trkpt>
   <trkpt lat="45.8596090" lon="6.6975670">
    <ele>1340.4</ele>
   </trkpt>
   <trkpt lat="45.8596460" lon="6.6974670">
    <ele>1340.8</ele>
   </trkpt>
   <trkpt lat="45.8596820" lon="6.6973360">
    <ele>1342.0</ele>
   </trkpt>
   <trkpt lat="45.8596930" lon="6.6973190">
    <ele>1342.2</ele>
   </trkpt>
   <trkpt lat="45.8597020" lon="6.6972750">
    <ele>1343.0</ele>
   </trkpt>
   <trkpt lat="45.8597090" lon="6.6971740">
    <ele>1344.2</ele>
   </trkpt>
   <trkpt lat="45.8597220" lon="6.6971500">
    <ele>1344.4</ele>
   </trkpt>
   <trkpt lat="45.8597460" lon="6.6970270">
    <ele>1345.4</ele>
   </trkpt>
   <trkpt lat="45.8597680" lon="6.6969450">
    <ele>1345.8</ele>
   </trkpt>
   <trkpt lat="45.8598150" lon="6.6968060">
    <ele>1346.4</ele>
   </trkpt>
   <trkpt lat="45.8598430" lon="6.6967580">
    <ele>1346.4</ele>
   </trkpt>
   <trkpt lat="45.8598870" lon="6.6965920">
    <ele>1346.8</ele>
   </trkpt>
   <trkpt lat="45.8599240" lon="6.6964420">
    <ele>1347.4</ele>
   </trkpt>
   <trkpt lat="45.8599840" lon="6.6962670">
    <ele>1348.4</ele>
   </trkpt>
   <trkpt lat="45.8599860" lon="6.6962180">
    <ele>1348.8</ele>
   </trkpt>
   <trkpt lat="45.8599850" lon="6.6961220">
    <ele>1349.6</ele>
   </trkpt>
   <trkpt lat="45.8599930" lon="6.6960880">
    <ele>1349.6</ele>
   </trkpt>
   <trkpt lat="45.8599990" lon="6.6960520">
    <ele>1349.8</ele>
   </trkpt>
   <trkpt lat="45.8600400" lon="6.6958800">
    <ele>1350.4</ele>
   </trkpt>
   <trkpt lat="45.8600410" lon="6.6958420">
    <ele>1350.4</ele>
   </trkpt>
   <trkpt lat="45.8600430" lon="6.6957980">
    <ele>1350.6</ele>
   </trkpt>
   <trkpt lat="45.8600500" lon="6.6956600">
    <ele>1351.6</ele>
   </trkpt>
   <trkpt lat="45.8600730" lon="6.6956270">
    <ele>1351.8</ele>
   </trkpt>
   <trkpt lat="45.8601030" lon="6.6954470">
    <ele>1352.2</ele>
   </trkpt>
   <trkpt lat="45.8601050" lon="6.6953360">
    <ele>1352.6</ele>
   </trkpt>
   <trkpt lat="45.8600920" lon="6.6952640">
    <ele>1353.8</ele>
   </trkpt>
   <trkpt lat="45.8600850" lon="6.6952380">
    <ele>1354.2</ele>
   </trkpt>
   <trkpt lat="45.8600620" lon="6.6951600">
    <ele>1354.8</ele>
   </trkpt>
   <trkpt lat="45.8600550" lon="6.6951360">
    <ele>1354.8</ele>
   </trkpt>
   <trkpt lat="45.8600280" lon="6.6950560">
    <ele>1355.8</ele>
   </trkpt>
   <trkpt lat="45.8600310" lon="6.6950370">
    <ele>1356.2</ele>
   </trkpt>
   <trkpt lat="45.8600360" lon="6.6950180">
    <ele>1356.4</ele>
   </trkpt>
   <trkpt lat="45.8600460" lon="6.6949760">
    <ele>1357.0</ele>
   </trkpt>
   <trkpt lat="45.8600400" lon="6.6948460">
    <ele>1358.4</ele>
   </trkpt>
   <trkpt lat="45.8600740" lon="6.6947460">
    <ele>1360.0</ele>
   </trkpt>
   <trkpt lat="45.8600980" lon="6.6946860">
    <ele>1360.6</ele>
   </trkpt>
   <trkpt lat="45.8601060" lon="6.6945890">
    <ele>1361.4</ele>
   </trkpt>
   <trkpt lat="45.8601120" lon="6.6944700">
    <ele>1362.4</ele>
   </trkpt>
   <trkpt lat="45.8601380" lon="6.6943940">
    <ele>1363.6</ele>
   </trkpt>
   <trkpt lat="45.8601870" lon="6.6943230">
    <ele>1364.6</ele>
   </trkpt>
   <trkpt lat="45.8602600" lon="6.6942550">
    <ele>1365.8</ele>
   </trkpt>
   <trkpt lat="45.8603680" lon="6.6941730">
    <ele>1367.0</ele>
   </trkpt>
   <trkpt lat="45.8603900" lon="6.6941540">
    <ele>1367.2</ele>
   </trkpt>
   <trkpt lat="45.8605250" lon="6.6939910">
    <ele>1367.6</ele>
   </trkpt>
   <trkpt lat="45.8605630" lon="6.6939360">
    <ele>1367.6</ele>
   </trkpt>
   <trkpt lat="45.8607270" lon="6.6937750">
    <ele>1367.8</ele>
   </trkpt>
   <trkpt lat="45.8607890" lon="6.6936180">
    <ele>1368.0</ele>
   </trkpt>
   <trkpt lat="45.8607980" lon="6.6935770">
    <ele>1368.0</ele>
   </trkpt>
   <trkpt lat="45.8607910" lon="6.6934630">
    <ele>1368.2</ele>
   </trkpt>
   <trkpt lat="45.8607820" lon="6.6934240">
    <ele>1368.4</ele>
   </trkpt>
   <trkpt lat="45.8607060" lon="6.6931850">
    <ele>1368.2</ele>
   </trkpt>
   <trkpt lat="45.8607000" lon="6.6930530">
    <ele>1369.0</ele>
   </trkpt>
   <trkpt lat="45.8606950" lon="6.6930120">
    <ele>1369.2</ele>
   </trkpt>
   <trkpt lat="45.8607010" lon="6.6928210">
    <ele>1369.2</ele>
   </trkpt>
   <trkpt lat="45.8606900" lon="6.6926890">
    <ele>1370.2</ele>
   </trkpt>
   <trkpt lat="45.8606920" lon="6.6926450">
    <ele>1370.2</ele>
   </trkpt>
   <trkpt lat="45.8606710" lon="6.6925220">
    <ele>1370.4</ele>
   </trkpt>
   <trkpt lat="45.8606550" lon="6.6925040">
    <ele>1370.4</ele>
   </trkpt>
   <trkpt lat="45.8606230" lon="6.6925670">
    <ele>1370.8</ele>
   </trkpt>
   <trkpt lat="45.8606190" lon="6.6926090">
    <ele>1371.4</ele>
   </trkpt>
   <trkpt lat="45.8606060" lon="6.6926930">
    <ele>1372.6</ele>
   </trkpt>
   <trkpt lat="45.8606020" lon="6.6927400">
    <ele>1373.2</ele>
   </trkpt>
   <trkpt lat="45.8605760" lon="6.6928080">
    <ele>1374.2</ele>
   </trkpt>
   <trkpt lat="45.8605060" lon="6.6929370">
    <ele>1375.0</ele>
   </trkpt>
   <trkpt lat="45.8604780" lon="6.6929610">
    <ele>1375.2</ele>
   </trkpt>
   <trkpt lat="45.8604580" lon="6.6930810">
    <ele>1376.4</ele>
   </trkpt>
   <trkpt lat="45.8604420" lon="6.6931430">
    <ele>1377.0</ele>
   </trkpt>
   <trkpt lat="45.8604320" lon="6.6932510">
    <ele>1377.6</ele>
   </trkpt>
   <trkpt lat="45.8604080" lon="6.6933380">
    <ele>1379.0</ele>
   </trkpt>
   <trkpt lat="45.8603940" lon="6.6933770">
    <ele>1379.8</ele>
   </trkpt>
   <trkpt lat="45.8603830" lon="6.6933890">
    <ele>1380.0</ele>
   </trkpt>
   <trkpt lat="45.8602640" lon="6.6933500">
    <ele>1380.6</ele>
   </trkpt>
   <trkpt lat="45.8602340" lon="6.6933160">
    <ele>1381.2</ele>
   </trkpt>
   <trkpt lat="45.8601760" lon="6.6932580">
    <ele>1382.0</ele>
   </trkpt>
   <trkpt lat="45.8601590" lon="6.6932430">
    <ele>1382.2</ele>
   </trkpt>
   <trkpt lat="45.8601010" lon="6.6931920">
    <ele>1383.2</ele>
   </trkpt>
   <trkpt lat="45.8600520" lon="6.6931170">
    <ele>1384.6</ele>
   </trkpt>
   <trkpt lat="45.8600400" lon="6.6930970">
    <ele>1385.0</ele>
   </trkpt>
   <trkpt lat="45.8599940" lon="6.6930430">
    <ele>1385.6</ele>
   </trkpt>
   <trkpt lat="45.8599660" lon="6.6930130">
    <ele>1386.2</ele>
   </trkpt>
   <trkpt lat="45.8599350" lon="6.6929850">
    <ele>1386.8</ele>
   </trkpt>
   <trkpt lat="45.8599070" lon="6.6929300">
    <ele>1387.8</ele>
   </trkpt>
   <trkpt lat="45.8598940" lon="6.6929110">
    <ele>1388.0</ele>
   </trkpt>
   <trkpt lat="45.8598820" lon="6.6928990">
    <ele>1388.4</ele>
   </trkpt>
   <trkpt lat="45.8598710" lon="6.6928780">
    <ele>1388.8</ele>
   </trkpt>
   <trkpt lat="45.8598730" lon="6.6928580">
    <ele>1389.0</ele>
   </trkpt>
   <trkpt lat="45.8598660" lon="6.6928410">
    <ele>1389.2</ele>
   </trkpt>
   <trkpt lat="45.8598590" lon="6.6927770">
    <ele>1390.0</ele>
   </trkpt>
   <trkpt lat="45.8598620" lon="6.6927180">
    <ele>1390.4</ele>
   </trkpt>
   <trkpt lat="45.8598620" lon="6.6926680">
    <ele>1390.8</ele>
   </trkpt>
   <trkpt lat="45.8598680" lon="6.6926420">
    <ele>1391.0</ele>
   </trkpt>
   <trkpt lat="45.8598880" lon="6.6924520">
    <ele>1392.2</ele>
   </trkpt>
   <trkpt lat="45.8598890" lon="6.6923950">
    <ele>1392.4</ele>
   </trkpt>
   <trkpt lat="45.8598900" lon="6.6923230">
    <ele>1393.4</ele>
   </trkpt>
   <trkpt lat="45.8598880" lon="6.6923110">
    <ele>1393.6</ele>
   </trkpt>
   <trkpt lat="45.8598620" lon="6.6922780">
    <ele>1394.0</ele>
   </trkpt>
   <trkpt lat="45.8598440" lon="6.6922660">
    <ele>1394.4</ele>
   </trkpt>
   <trkpt lat="45.8598280" lon="6.6922640">
    <ele>1394.8</ele>
   </trkpt>
   <trkpt lat="45.8597840" lon="6.6922840">
    <ele>1396.0</ele>
   </trkpt>
   <trkpt lat="45.8597690" lon="6.6922930">
    <ele>1396.4</ele>
   </trkpt>
   <trkpt lat="45.8597420" lon="6.6923180">
    <ele>1397.2</ele>
   </trkpt>
   <trkpt lat="45.8597290" lon="6.6923220">
    <ele>1397.6</ele>
   </trkpt>
   <trkpt lat="45.8597070" lon="6.6923220">
    <ele>1398.2</ele>
   </trkpt>
   <trkpt lat="45.8597000" lon="6.6923240">
    <ele>1398.6</ele>
   </trkpt>
   <trkpt lat="45.8596930" lon="6.6923230">
    <ele>1399.4</ele>
   </trkpt>
   <trkpt lat="45.8596760" lon="6.6923300">
    <ele>1400.0</ele>
   </trkpt>
   <trkpt lat="45.8596450" lon="6.6923050">
    <ele>1400.6</ele>
   </trkpt>
   <trkpt lat="45.8596480" lon="6.6922880">
    <ele>1401.0</ele>
   </trkpt>
   <trkpt lat="45.8596090" lon="6.6922490">
    <ele>1401.8</ele>
   </trkpt>
   <trkpt lat="45.8596090" lon="6.6922020">
    <ele>1402.6</ele>
   </trkpt>
   <trkpt lat="45.8596050" lon="6.6921760">
    <ele>1402.8</ele>
   </trkpt>
   <trkpt lat="45.8595780" lon="6.6921100">
    <ele>1403.4</ele>
   </trkpt>
   <trkpt lat="45.8595620" lon="6.6920940">
    <ele>1403.8</ele>
   </trkpt>
   <trkpt lat="45.8595370" lon="6.6920810">
    <ele>1404.4</ele>
   </trkpt>
   <trkpt lat="45.8595020" lon="6.6920640">
    <ele>1405.0</ele>
   </trkpt>
   <trkpt lat="45.8594610" lon="6.6920530">
    <ele>1406.0</ele>
   </trkpt>
   <trkpt lat="45.8593970" lon="6.6920430">
    <ele>1407.2</ele>
   </trkpt>
   <trkpt lat="45.8592860" lon="6.6920310">
    <ele>1408.8</ele>
   </trkpt>
   <trkpt lat="45.8592650" lon="6.6920300">
    <ele>1409.2</ele>
   </trkpt>
   <trkpt lat="45.8592310" lon="6.6920180">
    <ele>1410.2</ele>
   </trkpt>
   <trkpt lat="45.8591450" lon="6.6919900">
    <ele>1411.6</ele>
   </trkpt>
   <trkpt lat="45.8591000" lon="6.6919720">
    <ele>1413.0</ele>
   </trkpt>
   <trkpt lat="45.8590440" lon="6.6919790">
    <ele>1414.2</ele>
   </trkpt>
   <trkpt lat="45.8589920" lon="6.6920060">
    <ele>1415.2</ele>
   </trkpt>
   <trkpt lat="45.8589140" lon="6.6920690">
    <ele>1416.4</ele>
   </trkpt>
   <trkpt lat="45.8589010" lon="6.6921130">
    <ele>1417.4</ele>
   </trkpt>
   <trkpt lat="45.8588750" lon="6.6921530">
    <ele>1418.0</ele>
   </trkpt>
   <trkpt lat="45.8588570" lon="6.6921680">
    <ele>1418.2</ele>
   </trkpt>
   <trkpt lat="45.8588460" lon="6.6921840">
    <ele>1418.4</ele>
   </trkpt>
   <trkpt lat="45.8587820" lon="6.6922500">
    <ele>1419.6</ele>
   </trkpt>
   <trkpt lat="45.8587160" lon="6.6922890">
    <ele>1421.2</ele>
   </trkpt>
   <trkpt lat="45.8586300" lon="6.6923470">
    <ele>1422.2</ele>
   </trkpt>
   <trkpt lat="45.8585470" lon="6.6923970">
    <ele>1423.4</ele>
   </trkpt>
   <trkpt lat="45.8584270" lon="6.6924910">
    <ele>1424.6</ele>
   </trkpt>
   <trkpt lat="45.8583900" lon="6.6925130">
    <ele>1426.0</ele>
   </trkpt>
   <trkpt lat="45.8583590" lon="6.6925310">
    <ele>1427.2</ele>
   </trkpt>
   <trkpt lat="45.8583140" lon="6.6926380">
    <ele>1428.2</ele>
   </trkpt>
   <trkpt lat="45.8582960" lon="6.6926570">
    <ele>1428.8</ele>
   </trkpt>
   <trkpt lat="45.8582800" lon="6.6926630">
    <ele>1429.6</ele>
   </trkpt>
   <trkpt lat="45.8582890" lon="6.6926530">
    <ele>1430.0</ele>
   </trkpt>
   <trkpt lat="45.8583440" lon="6.6925110">
    <ele>1430.6</ele>
   </trkpt>
   <trkpt lat="45.8583310" lon="6.6923390">
    <ele>1431.2</ele>
   </trkpt>
   <trkpt lat="45.8583700" lon="6.6921830">
    <ele>1431.6</ele>
   </trkpt>
   <trkpt lat="45.8584120" lon="6.6920120">
    <ele>1431.8</ele>
   </trkpt>
   <trkpt lat="45.8584820" lon="6.6917290">
    <ele>1432.4</ele>
   </trkpt>
   <trkpt lat="45.8585300" lon="6.6914510">
    <ele>1432.2</ele>
   </trkpt>
   <trkpt lat="45.8585650" lon="6.6911490">
    <ele>1432.2</ele>
   </trkpt>
   <trkpt lat="45.8585990" lon="6.6910470">
    <ele>1432.0</ele>
   </trkpt>
   <trkpt lat="45.8585180" lon="6.6908000">
    <ele>1431.8</ele>
   </trkpt>
   <trkpt lat="45.8583970" lon="6.6905920">
    <ele>1430.6</ele>
   </trkpt>
   <trkpt lat="45.8583600" lon="6.6905490">
    <ele>1430.6</ele>
   </trkpt>
   <trkpt lat="45.8582110" lon="6.6903830">
    <ele>1431.0</ele>
   </trkpt>
   <trkpt lat="45.8581690" lon="6.6903030">
    <ele>1431.2</ele>
   </trkpt>
   <trkpt lat="45.8581650" lon="6.6902610">
    <ele>1431.2</ele>
   </trkpt>
   <trkpt lat="45.8581840" lon="6.6901900">
    <ele>1431.0</ele>
   </trkpt>
   <trkpt lat="45.8582060" lon="6.6901740">
    <ele>1431.0</ele>
   </trkpt>
   <trkpt lat="45.8582860" lon="6.6901620">
    <ele>1431.2</ele>
   </trkpt>
   <trkpt lat="45.8583400" lon="6.6901720">
    <ele>1432.0</ele>
   </trkpt>
   <trkpt lat="45.8584000" lon="6.6901780">
    <ele>1433.2</ele>
   </trkpt>
   <trkpt lat="45.8584120" lon="6.6901740">
    <ele>1433.8</ele>
   </trkpt>
   <trkpt lat="45.8584820" lon="6.6901720">
    <ele>1434.2</ele>
   </trkpt>
   <trkpt lat="45.8585080" lon="6.6901800">
    <ele>1434.4</ele>
   </trkpt>
   <trkpt lat="45.8585300" lon="6.6901710">
    <ele>1434.6</ele>
   </trkpt>
   <trkpt lat="45.8585880" lon="6.6901750">
    <ele>1435.0</ele>
   </trkpt>
   <trkpt lat="45.8586290" lon="6.6901810">
    <ele>1435.2</ele>
   </trkpt>
   <trkpt lat="45.8586670" lon="6.6901890">
    <ele>1435.4</ele>
   </trkpt>
   <trkpt lat="45.8587840" lon="6.6901820">
    <ele>1435.8</ele>
   </trkpt>
   <trkpt lat="45.8589510" lon="6.6900860">
    <ele>1436.2</ele>
   </trkpt>
   <trkpt lat="45.8591170" lon="6.6899310">
    <ele>1436.4</ele>
   </trkpt>
   <trkpt lat="45.8591480" lon="6.6899000">
    <ele>1436.6</ele>
   </trkpt>
   <trkpt lat="45.8593190" lon="6.6897560">
    <ele>1437.0</ele>
   </trkpt>
   <trkpt lat="45.8593750" lon="6.6897000">
    <ele>1436.8</ele>
   </trkpt>
   <trkpt lat="45.8594470" lon="6.6896500">
    <ele>1436.4</ele>
   </trkpt>
   <trkpt lat="45.8596070" lon="6.6895740">
    <ele>1435.6</ele>
   </trkpt>
   <trkpt lat="45.8597050" lon="6.6895100">
    <ele>1435.4</ele>
   </trkpt>
   <trkpt lat="45.8598180" lon="6.6893570">
    <ele>1435.0</ele>
   </trkpt>
   <trkpt lat="45.8599010" lon="6.6890910">
    <ele>1435.4</ele>
   </trkpt>
   <trkpt lat="45.8599780" lon="6.6888540">
    <ele>1435.8</ele>
   </trkpt>
   <trkpt lat="45.8600080" lon="6.6886210">
    <ele>1435.8</ele>
   </trkpt>
   <trkpt lat="45.8599910" lon="6.6883620">
    <ele>1436.0</ele>
   </trkpt>
   <trkpt lat="45.8600130" lon="6.6882880">
    <ele>1436.0</ele>
   </trkpt>
   <trkpt lat="45.8600530" lon="6.6882790">
    <ele>1436.2</ele>
   </trkpt>
   <trkpt lat="45.8601350" lon="6.6882860">
    <ele>1436.6</ele>
   </trkpt>
   <trkpt lat="45.8601910" lon="6.6882880">
    <ele>1437.2</ele>
   </trkpt>
   <trkpt lat="45.8602190" lon="6.6882850">
    <ele>1437.6</ele>
   </trkpt>
   <trkpt lat="45.8603350" lon="6.6882090">
    <ele>1438.8</ele>
   </trkpt>
   <trkpt lat="45.8603970" lon="6.6881390">
    <ele>1439.0</ele>
   </trkpt>
   <trkpt lat="45.8604600" lon="6.6880210">
    <ele>1440.0</ele>
   </trkpt>
   <trkpt lat="45.8605010" lon="6.6879510">
    <ele>1441.0</ele>
   </trkpt>
   <trkpt lat="45.8605230" lon="6.6879120">
    <ele>1441.4</ele>
   </trkpt>
   <trkpt lat="45.8605720" lon="6.6878240">
    <ele>1442.8</ele>
   </trkpt>
   <trkpt lat="45.8606050" lon="6.6878030">
    <ele>1443.4</ele>
   </trkpt>
   <trkpt lat="45.8606630" lon="6.6877480">
    <ele>1444.0</ele>
   </trkpt>
   <trkpt lat="45.8607540" lon="6.6876810">
    <ele>1445.0</ele>
   </trkpt>
   <trkpt lat="45.8607950" lon="6.6876670">
    <ele>1445.4</ele>
   </trkpt>
   <trkpt lat="45.8609070" lon="6.6875760">
    <ele>1445.8</ele>
   </trkpt>
   <trkpt lat="45.8609440" lon="6.6875400">
    <ele>1446.2</ele>
   </trkpt>
   <trkpt lat="45.8609930" lon="6.6874880">
    <ele>1446.6</ele>
   </trkpt>
   <trkpt lat="45.8610400" lon="6.6874350">
    <ele>1447.0</ele>
   </trkpt>
   <trkpt lat="45.8611290" lon="6.6873490">
    <ele>1447.4</ele>
   </trkpt>
   <trkpt lat="45.8611470" lon="6.6873070">
    <ele>1447.8</ele>
   </trkpt>
   <trkpt lat="45.8612520" lon="6.6871780">
    <ele>1448.4</ele>
   </trkpt>
   <trkpt lat="45.8612820" lon="6.6871760">
    <ele>1448.4</ele>
   </trkpt>
   <trkpt lat="45.8613970" lon="6.6871220">
    <ele>1449.4</ele>
   </trkpt>
   <trkpt lat="45.8614180" lon="6.6870950">
    <ele>1450.0</ele>
   </trkpt>
   <trkpt lat="45.8615300" lon="6.6870010">
    <ele>1451.0</ele>
   </trkpt>
   <trkpt lat="45.8616140" lon="6.6869340">
    <ele>1451.4</ele>
   </trkpt>
   <trkpt lat="45.8616280" lon="6.6869540">
    <ele>1451.0</ele>
   </trkpt>
   <trkpt lat="45.8616180" lon="6.6869520">
    <ele>1450.4</ele>
   </trkpt>
   <trkpt lat="45.8616070" lon="6.6869520">
    <ele>1450.0</ele>
   </trkpt>
   <trkpt lat="45.8616040" lon="6.6869370">
    <ele>1449.8</ele>
   </trkpt>
   <trkpt lat="45.8616020" lon="6.6869150">
    <ele>1449.8</ele>
   </trkpt>
   <trkpt lat="45.8616610" lon="6.6868460">
    <ele>1449.8</ele>
   </trkpt>
   <trkpt lat="45.8618600" lon="6.6867440">
    <ele>1450.4</ele>
   </trkpt>
   <trkpt lat="45.8620470" lon="6.6866050">
    <ele>1451.0</ele>
   </trkpt>
   <trkpt lat="45.8621520" lon="6.6864850">
    <ele>1452.2</ele>
   </trkpt>
   <trkpt lat="45.8622940" lon="6.6863690">
    <ele>1452.8</ele>
   </trkpt>
   <trkpt lat="45.8623830" lon="6.6862890">
    <ele>1453.2</ele>
   </trkpt>
   <trkpt lat="45.8624120" lon="6.6862660">
    <ele>1453.2</ele>
   </trkpt>
   <trkpt lat="45.8625960" lon="6.6861440">
    <ele>1454.4</ele>
   </trkpt>
   <trkpt lat="45.8626610" lon="6.6861080">
    <ele>1454.6</ele>
   </trkpt>
   <trkpt lat="45.8627650" lon="6.6860000">
    <ele>1455.4</ele>
   </trkpt>
   <trkpt lat="45.8627850" lon="6.6859690">
    <ele>1455.6</ele>
   </trkpt>
   <trkpt lat="45.8628790" lon="6.6858410">
    <ele>1456.8</ele>
   </trkpt>
   <trkpt lat="45.8629580" lon="6.6857680">
    <ele>1457.8</ele>
   </trkpt>
   <trkpt lat="45.8630310" lon="6.6856950">
    <ele>1459.0</ele>
   </trkpt>
   <trkpt lat="45.8630520" lon="6.6856130">
    <ele>1459.6</ele>
   </trkpt>
   <trkpt lat="45.8630500" lon="6.6855690">
    <ele>1459.6</ele>
   </trkpt>
   <trkpt lat="45.8630380" lon="6.6854370">
    <ele>1460.2</ele>
   </trkpt>
   <trkpt lat="45.8630250" lon="6.6852530">
    <ele>1460.8</ele>
   </trkpt>
   <trkpt lat="45.8629740" lon="6.6849730">
    <ele>1461.0</ele>
   </trkpt>
   <trkpt lat="45.8629650" lon="6.6849320">
    <ele>1461.0</ele>
   </trkpt>
   <trkpt lat="45.8629480" lon="6.6848530">
    <ele>1461.2</ele>
   </trkpt>
   <trkpt lat="45.8629230" lon="6.6847490">
    <ele>1461.6</ele>
   </trkpt>
   <trkpt lat="45.8629260" lon="6.6846230">
    <ele>1462.4</ele>
   </trkpt>
   <trkpt lat="45.8629290" lon="6.6845830">
    <ele>1462.8</ele>
   </trkpt>
   <trkpt lat="45.8629050" lon="6.6845110">
    <ele>1463.4</ele>
   </trkpt>
   <trkpt lat="45.8628920" lon="6.6843970">
    <ele>1463.8</ele>
   </trkpt>
   <trkpt lat="45.8628330" lon="6.6842470">
    <ele>1463.8</ele>
   </trkpt>
   <trkpt lat="45.8628000" lon="6.6841880">
    <ele>1464.4</ele>
   </trkpt>
   <trkpt lat="45.8627320" lon="6.6840970">
    <ele>1465.6</ele>
   </trkpt>
   <trkpt lat="45.8626860" lon="6.6840230">
    <ele>1466.8</ele>
   </trkpt>
   <trkpt lat="45.8626390" lon="6.6839610">
    <ele>1467.4</ele>
   </trkpt>
   <trkpt lat="45.8626040" lon="6.6839180">
    <ele>1467.8</ele>
   </trkpt>
   <trkpt lat="45.8625440" lon="6.6838770">
    <ele>1469.2</ele>
   </trkpt>
   <trkpt lat="45.8624730" lon="6.6838270">
    <ele>1470.0</ele>
   </trkpt>
   <trkpt lat="45.8624380" lon="6.6837850">
    <ele>1470.2</ele>
   </trkpt>
   <trkpt lat="45.8623850" lon="6.6837280">
    <ele>1470.6</ele>
   </trkpt>
   <trkpt lat="45.8622860" lon="6.6836220">
    <ele>1471.4</ele>
   </trkpt>
   <trkpt lat="45.8622790" lon="6.6835860">
    <ele>1471.6</ele>
   </trkpt>
   <trkpt lat="45.8621640" lon="6.6834220">
    <ele>1471.8</ele>
   </trkpt>
   <trkpt lat="45.8621070" lon="6.6833190">
    <ele>1472.4</ele>
   </trkpt>
   <trkpt lat="45.8620400" lon="6.6832880">
    <ele>1473.0</ele>
   </trkpt>
   <trkpt lat="45.8620030" lon="6.6832690">
    <ele>1473.6</ele>
   </trkpt>
   <trkpt lat="45.8619770" lon="6.6832600">
    <ele>1473.8</ele>
   </trkpt>
   <trkpt lat="45.8619410" lon="6.6832390">
    <ele>1474.6</ele>
   </trkpt>
   <trkpt lat="45.8619390" lon="6.6832220">
    <ele>1474.8</ele>
   </trkpt>
   <trkpt lat="45.8619160" lon="6.6831910">
    <ele>1475.4</ele>
   </trkpt>
   <trkpt lat="45.8618940" lon="6.6831770">
    <ele>1475.8</ele>
   </trkpt>
   <trkpt lat="45.8618180" lon="6.6830950">
    <ele>1477.4</ele>
   </trkpt>
   <trkpt lat="45.8617930" lon="6.6830490">
    <ele>1478.4</ele>
   </trkpt>
   <trkpt lat="45.8617350" lon="6.6830190">
    <ele>1479.2</ele>
   </trkpt>
   <trkpt lat="45.8617000" lon="6.6830110">
    <ele>1479.6</ele>
   </trkpt>
   <trkpt lat="45.8615890" lon="6.6829600">
    <ele>1480.2</ele>
   </trkpt>
   <trkpt lat="45.8615670" lon="6.6829530">
    <ele>1480.4</ele>
   </trkpt>
   <trkpt lat="45.8615530" lon="6.6829350">
    <ele>1480.8</ele>
   </trkpt>
   <trkpt lat="45.8614650" lon="6.6829110">
    <ele>1481.8</ele>
   </trkpt>
   <trkpt lat="45.8614600" lon="6.6829070">
    <ele>1481.8</ele>
   </trkpt>
   <trkpt lat="45.8614330" lon="6.6828720">
    <ele>1483.0</ele>
   </trkpt>
   <trkpt lat="45.8614150" lon="6.6828620">
    <ele>1483.2</ele>
   </trkpt>
   <trkpt lat="45.8614100" lon="6.6828440">
    <ele>1483.6</ele>
   </trkpt>
   <trkpt lat="45.8614080" lon="6.6828100">
    <ele>1484.4</ele>
   </trkpt>
   <trkpt lat="45.8613980" lon="6.6827850">
    <ele>1485.6</ele>
   </trkpt>
   <trkpt lat="45.8613770" lon="6.6827650">
    <ele>1486.0</ele>
   </trkpt>
   <trkpt lat="45.8613340" lon="6.6827220">
    <ele>1487.0</ele>
   </trkpt>
   <trkpt lat="45.8613400" lon="6.6826780">
    <ele>1487.6</ele>
   </trkpt>
   <trkpt lat="45.8613210" lon="6.6826570">
    <ele>1488.0</ele>
   </trkpt>
   <trkpt lat="45.8612870" lon="6.6826300">
    <ele>1489.0</ele>
   </trkpt>
   <trkpt lat="45.8612680" lon="6.6826150">
    <ele>1489.4</ele>
   </trkpt>
   <trkpt lat="45.8612320" lon="6.6825810">
    <ele>1490.2</ele>
   </trkpt>
   <trkpt lat="45.8612150" lon="6.6825730">
    <ele>1490.6</ele>
   </trkpt>
   <trkpt lat="45.8611760" lon="6.6825710">
    <ele>1490.8</ele>
   </trkpt>
   <trkpt lat="45.8609950" lon="6.6825520">
    <ele>1491.4</ele>
   </trkpt>
   <trkpt lat="45.8609520" lon="6.6825320">
    <ele>1491.6</ele>
   </trkpt>
   <trkpt lat="45.8609280" lon="6.6825320">
    <ele>1491.8</ele>
   </trkpt>
   <trkpt lat="45.8609060" lon="6.6825280">
    <ele>1492.4</ele>
   </trkpt>
   <trkpt lat="45.8608950" lon="6.6825240">
    <ele>1492.6</ele>
   </trkpt>
   <trkpt lat="45.8608900" lon="6.6825170">
    <ele>1493.0</ele>
   </trkpt>
   <trkpt lat="45.8608570" lon="6.6824810">
    <ele>1493.6</ele>
   </trkpt>
   <trkpt lat="45.8608520" lon="6.6824640">
    <ele>1493.8</ele>
   </trkpt>
   <trkpt lat="45.8608560" lon="6.6824520">
    <ele>1494.0</ele>
   </trkpt>
   <trkpt lat="45.8608500" lon="6.6824420">
    <ele>1494.2</ele>
   </trkpt>
   <trkpt lat="45.8607820" lon="6.6824130">
    <ele>1495.2</ele>
   </trkpt>
   <trkpt lat="45.8607590" lon="6.6824030">
    <ele>1495.4</ele>
   </trkpt>
   <trkpt lat="45.8607260" lon="6.6823670">
    <ele>1496.2</ele>
   </trkpt>
   <trkpt lat="45.8607160" lon="6.6823630">
    <ele>1497.0</ele>
   </trkpt>
   <trkpt lat="45.8607120" lon="6.6823620">
    <ele>1497.4</ele>
   </trkpt>
   <trkpt lat="45.8606830" lon="6.6823530">
    <ele>1498.6</ele>
   </trkpt>
   <trkpt lat="45.8606670" lon="6.6823460">
    <ele>1498.8</ele>
   </trkpt>
   <trkpt lat="45.8606270" lon="6.6823350">
    <ele>1499.6</ele>
   </trkpt>
   <trkpt lat="45.8605890" lon="6.6823020">
    <ele>1501.0</ele>
   </trkpt>
   <trkpt lat="45.8605760" lon="6.6822860">
    <ele>1501.8</ele>
   </trkpt>
   <trkpt lat="45.8605500" lon="6.6822730">
    <ele>1502.0</ele>
   </trkpt>
   <trkpt lat="45.8605220" lon="6.6822560">
    <ele>1502.6</ele>
   </trkpt>
   <trkpt lat="45.8604890" lon="6.6822350">
    <ele>1503.4</ele>
   </trkpt>
   <trkpt lat="45.8604590" lon="6.6822110">
    <ele>1503.8</ele>
   </trkpt>
   <trkpt lat="45.8604270" lon="6.6821740">
    <ele>1504.6</ele>
   </trkpt>
   <trkpt lat="45.8603710" lon="6.6821190">
    <ele>1505.8</ele>
   </trkpt>
   <trkpt lat="45.8603460" lon="6.6820720">
    <ele>1506.2</ele>
   </trkpt>
   <trkpt lat="45.8603260" lon="6.6820450">
    <ele>1506.8</ele>
   </trkpt>
   <trkpt lat="45.8602630" lon="6.6820290">
    <ele>1507.6</ele>
   </trkpt>
   <trkpt lat="45.8602480" lon="6.6820230">
    <ele>1508.0</ele>
   </trkpt>
   <trkpt lat="45.8602070" lon="6.6820030">
    <ele>1509.2</ele>
   </trkpt>
   <trkpt lat="45.8601480" lon="6.6819820">
    <ele>1510.2</ele>
   </trkpt>
   <trkpt lat="45.8601220" lon="6.6819640">
    <ele>1511.4</ele>
   </trkpt>
   <trkpt lat="45.8600970" lon="6.6819300">
    <ele>1512.6</ele>
   </trkpt>
   <trkpt lat="45.8600960" lon="6.6819180">
    <ele>1513.0</ele>
   </trkpt>
   <trkpt lat="45.8600540" lon="6.6818520">
    <ele>1514.0</ele>
   </trkpt>
   <trkpt lat="45.8600140" lon="6.6818260">
    <ele>1514.8</ele>
   </trkpt>
   <trkpt lat="45.8599990" lon="6.6818110">
    <ele>1515.2</ele>
   </trkpt>
   <trkpt lat="45.8599620" lon="6.6817880">
    <ele>1516.6</ele>
   </trkpt>
   <trkpt lat="45.8599470" lon="6.6817810">
    <ele>1517.0</ele>
   </trkpt>
   <trkpt lat="45.8598790" lon="6.6817510">
    <ele>1517.8</ele>
   </trkpt>
   <trkpt lat="45.8598530" lon="6.6817190">
    <ele>1518.6</ele>
   </trkpt>
   <trkpt lat="45.8598590" lon="6.6816760">
    <ele>1519.4</ele>
   </trkpt>
   <trkpt lat="45.8598640" lon="6.6816520">
    <ele>1520.0</ele>
   </trkpt>
   <trkpt lat="45.8598520" lon="6.6816430">
    <ele>1520.2</ele>
   </trkpt>
   <trkpt lat="45.8598130" lon="6.6816290">
    <ele>1520.6</ele>
   </trkpt>
   <trkpt lat="45.8597350" lon="6.6815780">
    <ele>1521.8</ele>
   </trkpt>
   <trkpt lat="45.8597070" lon="6.6815340">
    <ele>1522.4</ele>
   </trkpt>
   <trkpt lat="45.8596790" lon="6.6814870">
    <ele>1522.8</ele>
   </trkpt>
   <trkpt lat="45.8596080" lon="6.6814180">
    <ele>1524.2</ele>
   </trkpt>
   <trkpt lat="45.8595720" lon="6.6812640">
    <ele>1525.2</ele>
   </trkpt>
   <trkpt lat="45.8595650" lon="6.6812340">
    <ele>1525.8</ele>
   </trkpt>
   <trkpt lat="45.8595320" lon="6.6811680">
    <ele>1526.6</ele>
   </trkpt>
   <trkpt lat="45.8594330" lon="6.6810750">
    <ele>1527.4</ele>
   </trkpt>
   <trkpt lat="45.8594070" lon="6.6810820">
    <ele>1527.8</ele>
   </trkpt>
   <trkpt lat="45.8594030" lon="6.6810950">
    <ele>1528.8</ele>
   </trkpt>
   <trkpt lat="45.8593020" lon="6.6811410">
    <ele>1530.0</ele>
   </trkpt>
   <trkpt lat="45.8592810" lon="6.6811570">
    <ele>1530.4</ele>
   </trkpt>
   <trkpt lat="45.8592060" lon="6.6811780">
    <ele>1531.6</ele>
   </trkpt>
   <trkpt lat="45.8591810" lon="6.6812210">
    <ele>1532.4</ele>
   </trkpt>
   <trkpt lat="45.8591810" lon="6.6812210">
    <ele>1532.8</ele>
   </trkpt>
   <trkpt lat="45.8591700" lon="6.6812220">
    <ele>1533.2</ele>
   </trkpt>
   <trkpt lat="45.8591480" lon="6.6812420">
    <ele>1533.8</ele>
   </trkpt>
   <trkpt lat="45.8591380" lon="6.6812550">
    <ele>1534.2</ele>
   </trkpt>
   <trkpt lat="45.8591050" lon="6.6812680">
    <ele>1535.0</ele>
   </trkpt>
   <trkpt lat="45.8590500" lon="6.6813310">
    <ele>1536.0</ele>
   </trkpt>
   <trkpt lat="45.8590100" lon="6.6813690">
    <ele>1536.8</ele>
   </trkpt>
   <trkpt lat="45.8589510" lon="6.6813660">
    <ele>1537.4</ele>
   </trkpt>
   <trkpt lat="45.8588540" lon="6.6813170">
    <ele>1538.6</ele>
   </trkpt>
   <trkpt lat="45.8588380" lon="6.6813090">
    <ele>1539.0</ele>
   </trkpt>
   <trkpt lat="45.8588110" lon="6.6812940">
    <ele>1540.0</ele>
   </trkpt>
   <trkpt lat="45.8588000" lon="6.6812780">
    <ele>1541.0</ele>
   </trkpt>
   <trkpt lat="45.8587930" lon="6.6812570">
    <ele>1541.4</ele>
   </trkpt>
   <trkpt lat="45.8587730" lon="6.6812310">
    <ele>1542.2</ele>
   </trkpt>
   <trkpt lat="45.8587400" lon="6.6812300">
    <ele>1543.0</ele>
   </trkpt>
   <trkpt lat="45.8587220" lon="6.6812270">
    <ele>1543.2</ele>
   </trkpt>
   <trkpt lat="45.8586750" lon="6.6812100">
    <ele>1544.2</ele>
   </trkpt>
   <trkpt lat="45.8586510" lon="6.6812170">
    <ele>1544.6</ele>
   </trkpt>
   <trkpt lat="45.8586070" lon="6.6812140">
    <ele>1545.4</ele>
   </trkpt>
   <trkpt lat="45.8585480" lon="6.6811970">
    <ele>1546.2</ele>
   </trkpt>
   <trkpt lat="45.8585260" lon="6.6811970">
    <ele>1546.8</ele>
   </trkpt>
   <trkpt lat="45.8584240" lon="6.6812000">
    <ele>1547.4</ele>
   </trkpt>
   <trkpt lat="45.8584070" lon="6.6811990">
    <ele>1547.8</ele>
   </trkpt>
   <trkpt lat="45.8583760" lon="6.6811860">
    <ele>1549.0</ele>
   </trkpt>
   <trkpt lat="45.8583080" lon="6.6811790">
    <ele>1550.2</ele>
   </trkpt>
   <trkpt lat="45.8582940" lon="6.6811800">
    <ele>1550.6</ele>
   </trkpt>
   <trkpt lat="45.8582530" lon="6.6811670">
    <ele>1551.2</ele>
   </trkpt>
   <trkpt lat="45.8582170" lon="6.6811490">
    <ele>1552.6</ele>
   </trkpt>
   <trkpt lat="45.8582030" lon="6.6811410">
    <ele>1553.0</ele>
   </trkpt>
   <trkpt lat="45.8581840" lon="6.6811240">
    <ele>1553.8</ele>
   </trkpt>
   <trkpt lat="45.8581620" lon="6.6811160">
    <ele>1554.8</ele>
   </trkpt>
   <trkpt lat="45.8581060" lon="6.6811300">
    <ele>1556.0</ele>
   </trkpt>
   <trkpt lat="45.8580940" lon="6.6811450">
    <ele>1556.4</ele>
   </trkpt>
   <trkpt lat="45.8580680" lon="6.6811770">
    <ele>1557.2</ele>
   </trkpt>
   <trkpt lat="45.8580670" lon="6.6812230">
    <ele>1557.6</ele>
   </trkpt>
   <trkpt lat="45.8580750" lon="6.6812710">
    <ele>1558.4</ele>
   </trkpt>
   <trkpt lat="45.8580520" lon="6.6813500">
    <ele>1559.6</ele>
   </trkpt>
   <trkpt lat="45.8580410" lon="6.6814010">
    <ele>1560.2</ele>
   </trkpt>
   <trkpt lat="45.8580430" lon="6.6814520">
    <ele>1560.4</ele>
   </trkpt>
   <trkpt lat="45.8580460" lon="6.6814760">
    <ele>1560.6</ele>
   </trkpt>
   <trkpt lat="45.8580340" lon="6.6815370">
    <ele>1561.0</ele>
   </trkpt>
   <trkpt lat="45.8579840" lon="6.6817070">
    <ele>1561.8</ele>
   </trkpt>
   <trkpt lat="45.8579950" lon="6.6817800">
    <ele>1562.0</ele>
   </trkpt>
   <trkpt lat="45.8580270" lon="6.6819270">
    <ele>1563.0</ele>
   </trkpt>
   <trkpt lat="45.8580480" lon="6.6819990">
    <ele>1564.4</ele>
   </trkpt>
   <trkpt lat="45.8580530" lon="6.6820320">
    <ele>1564.8</ele>
   </trkpt>
   <trkpt lat="45.8580600" lon="6.6821040">
    <ele>1565.6</ele>
   </trkpt>
   <trkpt lat="45.8580330" lon="6.6823010">
    <ele>1565.8</ele>
   </trkpt>
   <trkpt lat="45.8579760" lon="6.6824610">
    <ele>1566.8</ele>
   </trkpt>
   <trkpt lat="45.8579550" lon="6.6825250">
    <ele>1567.0</ele>
   </trkpt>
   <trkpt lat="45.8578860" lon="6.6827010">
    <ele>1567.8</ele>
   </trkpt>
   <trkpt lat="45.8578410" lon="6.6828040">
    <ele>1568.6</ele>
   </trkpt>
   <trkpt lat="45.8578030" lon="6.6828970">
    <ele>1569.0</ele>
   </trkpt>
   <trkpt lat="45.8577530" lon="6.6829900">
    <ele>1570.0</ele>
   </trkpt>
   <trkpt lat="45.8577650" lon="6.6830070">
    <ele>1570.2</ele>
   </trkpt>
   <trkpt lat="45.8577550" lon="6.6831020">
    <ele>1571.2</ele>
   </trkpt>
   <trkpt lat="45.8577220" lon="6.6831640">
    <ele>1571.6</ele>
   </trkpt>
   <trkpt lat="45.8576930" lon="6.6832310">
    <ele>1572.4</ele>
   </trkpt>
   <trkpt lat="45.8576810" lon="6.6832500">
    <ele>1572.6</ele>
   </trkpt>
   <trkpt lat="45.8576600" lon="6.6832990">
    <ele>1573.0</ele>
   </trkpt>
   <trkpt lat="45.8576450" lon="6.6833570">
    <ele>1573.6</ele>
   </trkpt>
   <trkpt lat="45.8576040" lon="6.6834470">
    <ele>1575.0</ele>
   </trkpt>
   <trkpt lat="45.8575740" lon="6.6834970">
    <ele>1575.6</ele>
   </trkpt>
   <trkpt lat="45.8575570" lon="6.6835420">
    <ele>1576.4</ele>
   </trkpt>
   <trkpt lat="45.8575530" lon="6.6835630">
    <ele>1577.0</ele>
   </trkpt>
   <trkpt lat="45.8575360" lon="6.6835870">
    <ele>1577.4</ele>
   </trkpt>
   <trkpt lat="45.8575020" lon="6.6836330">
    <ele>1578.0</ele>
   </trkpt>
   <trkpt lat="45.8574870" lon="6.6836520">
    <ele>1578.4</ele>
   </trkpt>
   <trkpt lat="45.8574210" lon="6.6837440">
    <ele>1579.8</ele>
   </trkpt>
   <trkpt lat="45.8573760" lon="6.6838540">
    <ele>1580.8</ele>
   </trkpt>
   <trkpt lat="45.8572970" lon="6.6840050">
    <ele>1582.0</ele>
   </trkpt>
   <trkpt lat="45.8572710" lon="6.6840220">
    <ele>1582.2</ele>
   </trkpt>
   <trkpt lat="45.8571810" lon="6.6840510">
    <ele>1583.0</ele>
   </trkpt>
   <trkpt lat="45.8571520" lon="6.6839960">
    <ele>1583.4</ele>
   </trkpt>
   <trkpt lat="45.8571480" lon="6.6839870">
    <ele>1583.4</ele>
   </trkpt>
   <trkpt lat="45.8571410" lon="6.6839720">
    <ele>1583.4</ele>
   </trkpt>
   <trkpt lat="45.8570800" lon="6.6838930">
    <ele>1584.4</ele>
   </trkpt>
   <trkpt lat="45.8570590" lon="6.6838600">
    <ele>1584.6</ele>
   </trkpt>
   <trkpt lat="45.8570220" lon="6.6837870">
    <ele>1585.6</ele>
   </trkpt>
   <trkpt lat="45.8570090" lon="6.6837830">
    <ele>1586.0</ele>
   </trkpt>
   <trkpt lat="45.8569770" lon="6.6837640">
    <ele>1586.4</ele>
   </trkpt>
   <trkpt lat="45.8569650" lon="6.6837530">
    <ele>1586.6</ele>
   </trkpt>
   <trkpt lat="45.8569100" lon="6.6836790">
    <ele>1587.8</ele>
   </trkpt>
   <trkpt lat="45.8568980" lon="6.6836770">
    <ele>1588.0</ele>
   </trkpt>
   <trkpt lat="45.8568780" lon="6.6836720">
    <ele>1588.8</ele>
   </trkpt>
   <trkpt lat="45.8568040" lon="6.6836990">
    <ele>1590.0</ele>
   </trkpt>
   <trkpt lat="45.8567720" lon="6.6837210">
    <ele>1590.4</ele>
   </trkpt>
   <trkpt lat="45.8567590" lon="6.6837340">
    <ele>1591.0</ele>
   </trkpt>
   <trkpt lat="45.8567180" lon="6.6837650">
    <ele>1592.2</ele>
   </trkpt>
   <trkpt lat="45.8566700" lon="6.6838070">
    <ele>1593.4</ele>
   </trkpt>
   <trkpt lat="45.8566630" lon="6.6838220">
    <ele>1593.6</ele>
   </trkpt>
   <trkpt lat="45.8565530" lon="6.6838580">
    <ele>1594.6</ele>
   </trkpt>
   <trkpt lat="45.8565210" lon="6.6838790">
    <ele>1595.8</ele>
   </trkpt>
   <trkpt lat="45.8564860" lon="6.6838760">
    <ele>1596.4</ele>
   </trkpt>
   <trkpt lat="45.8564650" lon="6.6838690">
    <ele>1597.0</ele>
   </trkpt>
   <trkpt lat="45.8564400" lon="6.6838400">
    <ele>1598.2</ele>
   </trkpt>
   <trkpt lat="45.8564250" lon="6.6838110">
    <ele>1598.6</ele>
   </trkpt>
   <trkpt lat="45.8564040" lon="6.6837320">
    <ele>1599.2</ele>
   </trkpt>
   <trkpt lat="45.8563980" lon="6.6836630">
    <ele>1600.2</ele>
   </trkpt>
   <trkpt lat="45.8563940" lon="6.6836450">
    <ele>1600.4</ele>
   </trkpt>
   <trkpt lat="45.8563680" lon="6.6835440">
    <ele>1601.6</ele>
   </trkpt>
   <trkpt lat="45.8563540" lon="6.6834920">
    <ele>1602.6</ele>
   </trkpt>
   <trkpt lat="45.8563520" lon="6.6834750">
    <ele>1602.8</ele>
   </trkpt>
   <trkpt lat="45.8563260" lon="6.6834010">
    <ele>1604.0</ele>
   </trkpt>
   <trkpt lat="45.8563000" lon="6.6833830">
    <ele>1605.0</ele>
   </trkpt>
   <trkpt lat="45.8562880" lon="6.6833770">
    <ele>1605.6</ele>
   </trkpt>
   <trkpt lat="45.8562770" lon="6.6833730">
    <ele>1605.8</ele>
   </trkpt>
   <trkpt lat="45.8562340" lon="6.6833850">
    <ele>1606.6</ele>
   </trkpt>
   <trkpt lat="45.8562090" lon="6.6834160">
    <ele>1607.4</ele>
   </trkpt>
   <trkpt lat="45.8562040" lon="6.6834240">
    <ele>1607.6</ele>
   </trkpt>
   <trkpt lat="45.8561830" lon="6.6834620">
    <ele>1608.8</ele>
   </trkpt>
   <trkpt lat="45.8561750" lon="6.6834730">
    <ele>1609.0</ele>
   </trkpt>
   <trkpt lat="45.8561590" lon="6.6834940">
    <ele>1609.8</ele>
   </trkpt>
   <trkpt lat="45.8561490" lon="6.6835040">
    <ele>1610.0</ele>
   </trkpt>
   <trkpt lat="45.8561150" lon="6.6835450">
    <ele>1611.2</ele>
   </trkpt>
   <trkpt lat="45.8560630" lon="6.6835930">
    <ele>1612.2</ele>
   </trkpt>
   <trkpt lat="45.8559940" lon="6.6836310">
    <ele>1613.4</ele>
   </trkpt>
   <trkpt lat="45.8559270" lon="6.6836950">
    <ele>1614.8</ele>
   </trkpt>
   <trkpt lat="45.8559150" lon="6.6837070">
    <ele>1615.2</ele>
   </trkpt>
   <trkpt lat="45.8558680" lon="6.6837360">
    <ele>1616.0</ele>
   </trkpt>
   <trkpt lat="45.8558160" lon="6.6837580">
    <ele>1617.2</ele>
   </trkpt>
   <trkpt lat="45.8557920" lon="6.6837770">
    <ele>1618.4</ele>
   </trkpt>
   <trkpt lat="45.8557510" lon="6.6837980">
    <ele>1619.4</ele>
   </trkpt>
   <trkpt lat="45.8557390" lon="6.6838070">
    <ele>1619.8</ele>
   </trkpt>
   <trkpt lat="45.8557070" lon="6.6838310">
    <ele>1621.0</ele>
   </trkpt>
   <trkpt lat="45.8556630" lon="6.6838490">
    <ele>1622.0</ele>
   </trkpt>
   <trkpt lat="45.8556180" lon="6.6838620">
    <ele>1623.0</ele>
   </trkpt>
   <trkpt lat="45.8555640" lon="6.6838760">
    <ele>1624.2</ele>
   </trkpt>
   <trkpt lat="45.8555500" lon="6.6838830">
    <ele>1625.2</ele>
   </trkpt>
   <trkpt lat="45.8555450" lon="6.6838900">
    <ele>1625.4</ele>
   </trkpt>
   <trkpt lat="45.8555130" lon="6.6839020">
    <ele>1626.2</ele>
   </trkpt>
   <trkpt lat="45.8554520" lon="6.6839270">
    <ele>1627.4</ele>
   </trkpt>
   <trkpt lat="45.8554090" lon="6.6839490">
    <ele>1629.0</ele>
   </trkpt>
   <trkpt lat="45.8554000" lon="6.6839560">
    <ele>1629.4</ele>
   </trkpt>
   <trkpt lat="45.8553880" lon="6.6839640">
    <ele>1629.8</ele>
   </trkpt>
   <trkpt lat="45.8553750" lon="6.6839670">
    <ele>1630.0</ele>
   </trkpt>
   <trkpt lat="45.8553330" lon="6.6839810">
    <ele>1631.0</ele>
   </trkpt>
   <trkpt lat="45.8552930" lon="6.6840040">
    <ele>1632.2</ele>
   </trkpt>
   <trkpt lat="45.8552790" lon="6.6840090">
    <ele>1632.4</ele>
   </trkpt>
   <trkpt lat="45.8552390" lon="6.6840270">
    <ele>1633.2</ele>
   </trkpt>
   <trkpt lat="45.8552000" lon="6.6840610">
    <ele>1634.4</ele>
   </trkpt>
   <trkpt lat="45.8551910" lon="6.6840620">
    <ele>1634.6</ele>
   </trkpt>
   <trkpt lat="45.8551510" lon="6.6840700">
    <ele>1635.6</ele>
   </trkpt>
   <trkpt lat="45.8551060" lon="6.6840910">
    <ele>1636.6</ele>
   </trkpt>
   <trkpt lat="45.8550540" lon="6.6840910">
    <ele>1637.0</ele>
   </trkpt>
   <trkpt lat="45.8550140" lon="6.6840840">
    <ele>1637.8</ele>
   </trkpt>
   <trkpt lat="45.8549680" lon="6.6840770">
    <ele>1638.8</ele>
   </trkpt>
   <trkpt lat="45.8549320" lon="6.6840760">
    <ele>1639.4</ele>
   </trkpt>
   <trkpt lat="45.8549070" lon="6.6840700">
    <ele>1639.8</ele>
   </trkpt>
   <trkpt lat="45.8548380" lon="6.6840530">
    <ele>1641.2</ele>
   </trkpt>
   <trkpt lat="45.8547920" lon="6.6840150">
    <ele>1642.2</ele>
   </trkpt>
   <trkpt lat="45.8547820" lon="6.6840020">
    <ele>1642.6</ele>
   </trkpt>
   <trkpt lat="45.8547420" lon="6.6839530">
    <ele>1643.4</ele>
   </trkpt>
   <trkpt lat="45.8547240" lon="6.6838450">
    <ele>1644.4</ele>
   </trkpt>
   <trkpt lat="45.8547240" lon="6.6838140">
    <ele>1644.6</ele>
   </trkpt>
   <trkpt lat="45.8547590" lon="6.6836860">
    <ele>1646.0</ele>
   </trkpt>
   <trkpt lat="45.8547840" lon="6.6835960">
    <ele>1647.2</ele>
   </trkpt>
   <trkpt lat="45.8547950" lon="6.6835410">
    <ele>1648.2</ele>
   </trkpt>
   <trkpt lat="45.8548010" lon="6.6834860">
    <ele>1649.4</ele>
   </trkpt>
   <trkpt lat="45.8548050" lon="6.6834060">
    <ele>1650.6</ele>
   </trkpt>
   <trkpt lat="45.8548050" lon="6.6833540">
    <ele>1651.4</ele>
   </trkpt>
   <trkpt lat="45.8548020" lon="6.6833050">
    <ele>1651.8</ele>
   </trkpt>
   <trkpt lat="45.8548000" lon="6.6832600">
    <ele>1653.2</ele>
   </trkpt>
   <trkpt lat="45.8547860" lon="6.6831650">
    <ele>1654.8</ele>
   </trkpt>
   <trkpt lat="45.8547850" lon="6.6831410">
    <ele>1655.2</ele>
   </trkpt>
   <trkpt lat="45.8547850" lon="6.6831150">
    <ele>1655.8</ele>
   </trkpt>
   <trkpt lat="45.8547870" lon="6.6830600">
    <ele>1657.0</ele>
   </trkpt>
   <trkpt lat="45.8547950" lon="6.6829720">
    <ele>1658.4</ele>
   </trkpt>
   <trkpt lat="45.8547990" lon="6.6829270">
    <ele>1659.6</ele>
   </trkpt>
   <trkpt lat="45.8548020" lon="6.6828860">
    <ele>1661.0</ele>
   </trkpt>
   <trkpt lat="45.8548110" lon="6.6828090">
    <ele>1662.2</ele>
   </trkpt>
   <trkpt lat="45.8548160" lon="6.6827420">
    <ele>1663.2</ele>
   </trkpt>
   <trkpt lat="45.8548230" lon="6.6827010">
    <ele>1663.8</ele>
   </trkpt>
   <trkpt lat="45.8548320" lon="6.6826740">
    <ele>1664.4</ele>
   </trkpt>
   <trkpt lat="45.8548450" lon="6.6826270">
    <ele>1665.6</ele>
   </trkpt>
   <trkpt lat="45.8548600" lon="6.6825630">
    <ele>1666.2</ele>
   </trkpt>
   <trkpt lat="45.8548650" lon="6.6825420">
    <ele>1666.6</ele>
   </trkpt>
   <trkpt lat="45.8548890" lon="6.6824870">
    <ele>1667.8</ele>
   </trkpt>
   <trkpt lat="45.8549360" lon="6.6824140">
    <ele>1669.0</ele>
   </trkpt>
   <trkpt lat="45.8549600" lon="6.6823750">
    <ele>1669.4</ele>
   </trkpt>
   <trkpt lat="45.8549830" lon="6.6823350">
    <ele>1670.2</ele>
   </trkpt>
   <trkpt lat="45.8550080" lon="6.6822920">
    <ele>1671.4</ele>
   </trkpt>
   <trkpt lat="45.8550340" lon="6.6822240">
    <ele>1673.0</ele>
   </trkpt>
   <trkpt lat="45.8550620" lon="6.6821440">
    <ele>1674.2</ele>
   </trkpt>
   <trkpt lat="45.8550780" lon="6.6820850">
    <ele>1675.2</ele>
   </trkpt>
   <trkpt lat="45.8550850" lon="6.6819990">
    <ele>1677.2</ele>
   </trkpt>
   <trkpt lat="45.8550920" lon="6.6819470">
    <ele>1678.4</ele>
   </trkpt>
   <trkpt lat="45.8550940" lon="6.6819210">
    <ele>1678.8</ele>
   </trkpt>
   <trkpt lat="45.8550950" lon="6.6818670">
    <ele>1679.4</ele>
   </trkpt>
   <trkpt lat="45.8550950" lon="6.6817770">
    <ele>1680.6</ele>
   </trkpt>
   <trkpt lat="45.8550940" lon="6.6817230">
    <ele>1681.4</ele>
   </trkpt>
   <trkpt lat="45.8550920" lon="6.6816950">
    <ele>1681.6</ele>
   </trkpt>
   <trkpt lat="45.8550850" lon="6.6815700">
    <ele>1682.8</ele>
   </trkpt>
   <trkpt lat="45.8550750" lon="6.6815080">
    <ele>1683.2</ele>
   </trkpt>
   <trkpt lat="45.8550750" lon="6.6814810">
    <ele>1683.4</ele>
   </trkpt>
   <trkpt lat="45.8550750" lon="6.6814330">
    <ele>1684.0</ele>
   </trkpt>
   <trkpt lat="45.8550660" lon="6.6814150">
    <ele>1684.2</ele>
   </trkpt>
   <trkpt lat="45.8550420" lon="6.6813870">
    <ele>1684.4</ele>
   </trkpt>
   <trkpt lat="45.8550270" lon="6.6813500">
    <ele>1685.0</ele>
   </trkpt>
   <trkpt lat="45.8550060" lon="6.6813470">
    <ele>1685.8</ele>
   </trkpt>
   <trkpt lat="45.8549850" lon="6.6813440">
    <ele>1686.8</ele>
   </trkpt>
   <trkpt lat="45.8549460" lon="6.6813500">
    <ele>1687.8</ele>
   </trkpt>
   <trkpt lat="45.8549010" lon="6.6813690">
    <ele>1689.0</ele>
   </trkpt>
   <trkpt lat="45.8548700" lon="6.6813820">
    <ele>1690.0</ele>
   </trkpt>
   <trkpt lat="45.8548490" lon="6.6813830">
    <ele>1690.4</ele>
   </trkpt>
   <trkpt lat="45.8547600" lon="6.6814020">
    <ele>1691.6</ele>
   </trkpt>
   <trkpt lat="45.8546970" lon="6.6814110">
    <ele>1692.6</ele>
   </trkpt>
   <trkpt lat="45.8546430" lon="6.6814210">
    <ele>1694.2</ele>
   </trkpt>
   <trkpt lat="45.8546160" lon="6.6814260">
    <ele>1695.2</ele>
   </trkpt>
   <trkpt lat="45.8545690" lon="6.6814250">
    <ele>1696.6</ele>
   </trkpt>
   <trkpt lat="45.8545270" lon="6.6814050">
    <ele>1698.0</ele>
   </trkpt>
   <trkpt lat="45.8545110" lon="6.6813800">
    <ele>1698.4</ele>
   </trkpt>
   <trkpt lat="45.8544710" lon="6.6813310">
    <ele>1699.0</ele>
   </trkpt>
   <trkpt lat="45.8544160" lon="6.6812510">
    <ele>1700.0</ele>
   </trkpt>
   <trkpt lat="45.8544010" lon="6.6812320">
    <ele>1700.6</ele>
   </trkpt>
   <trkpt lat="45.8543660" lon="6.6812010">
    <ele>1701.4</ele>
   </trkpt>
   <trkpt lat="45.8543230" lon="6.6811740">
    <ele>1702.4</ele>
   </trkpt>
   <trkpt lat="45.8542690" lon="6.6811450">
    <ele>1703.6</ele>
   </trkpt>
   <trkpt lat="45.8542460" lon="6.6811380">
    <ele>1703.8</ele>
   </trkpt>
   <trkpt lat="45.8541720" lon="6.6811090">
    <ele>1705.0</ele>
   </trkpt>
   <trkpt lat="45.8541190" lon="6.6810960">
    <ele>1706.2</ele>
   </trkpt>
   <trkpt lat="45.8540440" lon="6.6810730">
    <ele>1707.0</ele>
   </trkpt>
   <trkpt lat="45.8540240" lon="6.6810620">
    <ele>1707.2</ele>
   </trkpt>
   <trkpt lat="45.8538700" lon="6.6809790">
    <ele>1708.0</ele>
   </trkpt>
   <trkpt lat="45.8537290" lon="6.6808830">
    <ele>1708.2</ele>
   </trkpt>
   <trkpt lat="45.8536500" lon="6.6808440">
    <ele>1709.0</ele>
   </trkpt>
   <trkpt lat="45.8536230" lon="6.6808310">
    <ele>1709.6</ele>
   </trkpt>
   <trkpt lat="45.8535770" lon="6.6807990">
    <ele>1710.6</ele>
   </trkpt>
   <trkpt lat="45.8535540" lon="6.6807770">
    <ele>1711.0</ele>
   </trkpt>
   <trkpt lat="45.8535180" lon="6.6807310">
    <ele>1711.6</ele>
   </trkpt>
   <trkpt lat="45.8535010" lon="6.6807110">
    <ele>1711.8</ele>
   </trkpt>
   <trkpt lat="45.8534440" lon="6.6806600">
    <ele>1713.2</ele>
   </trkpt>
   <trkpt lat="45.8533790" lon="6.6806000">
    <ele>1714.4</ele>
   </trkpt>
   <trkpt lat="45.8532820" lon="6.6805700">
    <ele>1715.6</ele>
   </trkpt>
   <trkpt lat="45.8532680" lon="6.6805650">
    <ele>1715.8</ele>
   </trkpt>
   <trkpt lat="45.8531870" lon="6.6805170">
    <ele>1716.8</ele>
   </trkpt>
   <trkpt lat="45.8531360" lon="6.6804790">
    <ele>1718.0</ele>
   </trkpt>
   <trkpt lat="45.8531200" lon="6.6804640">
    <ele>1718.4</ele>
   </trkpt>
   <trkpt lat="45.8530740" lon="6.6804280">
    <ele>1719.6</ele>
   </trkpt>
   <trkpt lat="45.8530420" lon="6.6804040">
    <ele>1721.2</ele>
   </trkpt>
   <trkpt lat="45.8529850" lon="6.6803580">
    <ele>1722.4</ele>
   </trkpt>
   <trkpt lat="45.8529670" lon="6.6803490">
    <ele>1723.0</ele>
   </trkpt>
   <trkpt lat="45.8529310" lon="6.6803260">
    <ele>1723.6</ele>
   </trkpt>
   <trkpt lat="45.8528710" lon="6.6802760">
    <ele>1724.6</ele>
   </trkpt>
   <trkpt lat="45.8528320" lon="6.6802300">
    <ele>1725.0</ele>
   </trkpt>
   <trkpt lat="45.8528000" lon="6.6802000">
    <ele>1725.8</ele>
   </trkpt>
   <trkpt lat="45.8527350" lon="6.6801300">
    <ele>1727.0</ele>
   </trkpt>
   <trkpt lat="45.8526720" lon="6.6800650">
    <ele>1727.8</ele>
   </trkpt>
   <trkpt lat="45.8526550" lon="6.6800500">
    <ele>1728.2</ele>
   </trkpt>
   <trkpt lat="45.8525850" lon="6.6799970">
    <ele>1729.4</ele>
   </trkpt>
   <trkpt lat="45.8525580" lon="6.6799650">
    <ele>1730.0</ele>
   </trkpt>
   <trkpt lat="45.8525350" lon="6.6799340">
    <ele>1730.2</ele>
   </trkpt>
   <trkpt lat="45.8525210" lon="6.6799180">
    <ele>1730.4</ele>
   </trkpt>
   <trkpt lat="45.8524760" lon="6.6798750">
    <ele>1731.6</ele>
   </trkpt>
   <trkpt lat="45.8524260" lon="6.6798160">
    <ele>1733.0</ele>
   </trkpt>
   <trkpt lat="45.8523940" lon="6.6797840">
    <ele>1733.6</ele>
   </trkpt>
   <trkpt lat="45.8523680" lon="6.6797520">
    <ele>1734.4</ele>
   </trkpt>
   <trkpt lat="45.8522740" lon="6.6796650">
    <ele>1735.4</ele>
   </trkpt>
   <trkpt lat="45.8522180" lon="6.6796300">
    <ele>1737.2</ele>
   </trkpt>
   <trkpt lat="45.8521530" lon="6.6795980">
    <ele>1738.2</ele>
   </trkpt>
   <trkpt lat="45.8520930" lon="6.6795480">
    <ele>1739.4</ele>
   </trkpt>
   <trkpt lat="45.8520790" lon="6.6795330">
    <ele>1739.6</ele>
   </trkpt>
   <trkpt lat="45.8520160" lon="6.6795110">
    <ele>1740.4</ele>
   </trkpt>
   <trkpt lat="45.8519560" lon="6.6795190">
    <ele>1741.4</ele>
   </trkpt>
   <trkpt lat="45.8519340" lon="6.6795250">
    <ele>1741.8</ele>
   </trkpt>
   <trkpt lat="45.8518670" lon="6.6795470">
    <ele>1743.0</ele>
   </trkpt>
   <trkpt lat="45.8518060" lon="6.6795680">
    <ele>1744.0</ele>
   </trkpt>
   <trkpt lat="45.8517640" lon="6.6795860">
    <ele>1744.6</ele>
   </trkpt>
   <trkpt lat="45.8517270" lon="6.6795980">
    <ele>1745.0</ele>
   </trkpt>
   <trkpt lat="45.8515850" lon="6.6795980">
    <ele>1746.2</ele>
   </trkpt>
   <trkpt lat="45.8515120" lon="6.6796000">
    <ele>1746.6</ele>
   </trkpt>
   <trkpt lat="45.8514540" lon="6.6796300">
    <ele>1747.4</ele>
   </trkpt>
   <trkpt lat="45.8514200" lon="6.6796650">
    <ele>1748.2</ele>
   </trkpt>
   <trkpt lat="45.8514000" lon="6.6796850">
    <ele>1749.0</ele>
   </trkpt>
   <trkpt lat="45.8513040" lon="6.6798100">
    <ele>1750.0</ele>
   </trkpt>
   <trkpt lat="45.8512650" lon="6.6798370">
    <ele>1750.0</ele>
   </trkpt>
   <trkpt lat="45.8511810" lon="6.6798440">
    <ele>1750.6</ele>
   </trkpt>
   <trkpt lat="45.8511570" lon="6.6798270">
    <ele>1751.2</ele>
   </trkpt>
   <trkpt lat="45.8511260" lon="6.6797860">
    <ele>1752.4</ele>
   </trkpt>
   <trkpt lat="45.8511190" lon="6.6797700">
    <ele>1752.6</ele>
   </trkpt>
   <trkpt lat="45.8510860" lon="6.6797070">
    <ele>1753.6</ele>
   </trkpt>
   <trkpt lat="45.8510550" lon="6.6796730">
    <ele>1754.0</ele>
   </trkpt>
   <trkpt lat="45.8510290" lon="6.6796320">
    <ele>1755.0</ele>
   </trkpt>
   <trkpt lat="45.8510050" lon="6.6796040">
    <ele>1756.0</ele>
   </trkpt>
   <trkpt lat="45.8509610" lon="6.6795950">
    <ele>1757.0</ele>
   </trkpt>
   <trkpt lat="45.8509460" lon="6.6795930">
    <ele>1757.2</ele>
   </trkpt>
   <trkpt lat="45.8508980" lon="6.6795960">
    <ele>1758.2</ele>
   </trkpt>
   <trkpt lat="45.8508430" lon="6.6796290">
    <ele>1759.6</ele>
   </trkpt>
   <trkpt lat="45.8508300" lon="6.6796370">
    <ele>1760.2</ele>
   </trkpt>
   <trkpt lat="45.8508180" lon="6.6796520">
    <ele>1760.6</ele>
   </trkpt>
   <trkpt lat="45.8507980" lon="6.6796720">
    <ele>1761.6</ele>
   </trkpt>
   <trkpt lat="45.8507440" lon="6.6797220">
    <ele>1762.8</ele>
   </trkpt>
   <trkpt lat="45.8507200" lon="6.6797270">
    <ele>1764.0</ele>
   </trkpt>
   <trkpt lat="45.8507080" lon="6.6797330">
    <ele>1764.4</ele>
   </trkpt>
   <trkpt lat="45.8506870" lon="6.6797510">
    <ele>1765.0</ele>
   </trkpt>
   <trkpt lat="45.8506460" lon="6.6797810">
    <ele>1766.2</ele>
   </trkpt>
   <trkpt lat="45.8506110" lon="6.6798230">
    <ele>1767.2</ele>
   </trkpt>
   <trkpt lat="45.8505520" lon="6.6798620">
    <ele>1768.4</ele>
   </trkpt>
   <trkpt lat="45.8504850" lon="6.6798810">
    <ele>1769.2</ele>
   </trkpt>
   <trkpt lat="45.8504700" lon="6.6798800">
    <ele>1769.4</ele>
   </trkpt>
   <trkpt lat="45.8504330" lon="6.6798870">
    <ele>1770.6</ele>
   </trkpt>
   <trkpt lat="45.8503670" lon="6.6798860">
    <ele>1771.6</ele>
   </trkpt>
   <trkpt lat="45.8503490" lon="6.6798840">
    <ele>1771.8</ele>
   </trkpt>
   <trkpt lat="45.8503210" lon="6.6798700">
    <ele>1772.4</ele>
   </trkpt>
   <trkpt lat="45.8502940" lon="6.6798560">
    <ele>1773.0</ele>
   </trkpt>
   <trkpt lat="45.8502680" lon="6.6798410">
    <ele>1773.6</ele>
   </trkpt>
   <trkpt lat="45.8502460" lon="6.6798270">
    <ele>1774.0</ele>
   </trkpt>
   <trkpt lat="45.8501890" lon="6.6797890">
    <ele>1775.2</ele>
   </trkpt>
   <trkpt lat="45.8501390" lon="6.6797620">
    <ele>1776.0</ele>
   </trkpt>
   <trkpt lat="45.8501200" lon="6.6797510">
    <ele>1776.2</ele>
   </trkpt>
   <trkpt lat="45.8500780" lon="6.6797310">
    <ele>1776.6</ele>
   </trkpt>
   <trkpt lat="45.8500180" lon="6.6797060">
    <ele>1777.2</ele>
   </trkpt>
   <trkpt lat="45.8499680" lon="6.6796910">
    <ele>1778.2</ele>
   </trkpt>
   <trkpt lat="45.8499520" lon="6.6796900">
    <ele>1778.4</ele>
   </trkpt>
   <trkpt lat="45.8499090" lon="6.6796710">
    <ele>1779.6</ele>
   </trkpt>
   <trkpt lat="45.8498650" lon="6.6796600">
    <ele>1780.6</ele>
   </trkpt>
   <trkpt lat="45.8498130" lon="6.6796440">
    <ele>1781.0</ele>
   </trkpt>
   <trkpt lat="45.8497600" lon="6.6796290">
    <ele>1781.8</ele>
   </trkpt>
   <trkpt lat="45.8496920" lon="6.6796150">
    <ele>1783.0</ele>
   </trkpt>
   <trkpt lat="45.8495930" lon="6.6795990">
    <ele>1784.0</ele>
   </trkpt>
   <trkpt lat="45.8495130" lon="6.6795900">
    <ele>1785.2</ele>
   </trkpt>
   <trkpt lat="45.8494540" lon="6.6795700">
    <ele>1786.4</ele>
   </trkpt>
   <trkpt lat="45.8494060" lon="6.6795520">
    <ele>1787.6</ele>
   </trkpt>
   <trkpt lat="45.8493590" lon="6.6795180">
    <ele>1788.6</ele>
   </trkpt>
   <trkpt lat="45.8493250" lon="6.6794610">
    <ele>1789.6</ele>
   </trkpt>
   <trkpt lat="45.8493170" lon="6.6794160">
    <ele>1790.8</ele>
   </trkpt>
   <trkpt lat="45.8493210" lon="6.6793450">
    <ele>1792.0</ele>
   </trkpt>
   <trkpt lat="45.8493360" lon="6.6793090">
    <ele>1793.2</ele>
   </trkpt>
   <trkpt lat="45.8493470" lon="6.6792940">
    <ele>1793.6</ele>
   </trkpt>
   <trkpt lat="45.8493770" lon="6.6792510">
    <ele>1794.4</ele>
   </trkpt>
   <trkpt lat="45.8494140" lon="6.6791930">
    <ele>1795.6</ele>
   </trkpt>
   <trkpt lat="45.8494390" lon="6.6791580">
    <ele>1796.8</ele>
   </trkpt>
   <trkpt lat="45.8494580" lon="6.6791380">
    <ele>1798.0</ele>
   </trkpt>
   <trkpt lat="45.8494940" lon="6.6791140">
    <ele>1799.2</ele>
   </trkpt>
   <trkpt lat="45.8495350" lon="6.6790800">
    <ele>1800.4</ele>
   </trkpt>
   <trkpt lat="45.8495770" lon="6.6790500">
    <ele>1801.6</ele>
   </trkpt>
   <trkpt lat="45.8495930" lon="6.6790360">
    <ele>1802.2</ele>
   </trkpt>
   <trkpt lat="45.8496470" lon="6.6789860">
    <ele>1803.2</ele>
   </trkpt>
   <trkpt lat="45.8496740" lon="6.6789570">
    <ele>1804.2</ele>
   </trkpt>
   <trkpt lat="45.8497030" lon="6.6789130">
    <ele>1805.4</ele>
   </trkpt>
   <trkpt lat="45.8497190" lon="6.6788720">
    <ele>1806.0</ele>
   </trkpt>
   <trkpt lat="45.8497470" lon="6.6788160">
    <ele>1806.6</ele>
   </trkpt>
   <trkpt lat="45.8497680" lon="6.6787800">
    <ele>1807.8</ele>
   </trkpt>
   <trkpt lat="45.8497750" lon="6.6787640">
    <ele>1808.0</ele>
   </trkpt>
   <trkpt lat="45.8497940" lon="6.6787240">
    <ele>1808.8</ele>
   </trkpt>
   <trkpt lat="45.8498400" lon="6.6786440">
    <ele>1810.2</ele>
   </trkpt>
   <trkpt lat="45.8498760" lon="6.6785880">
    <ele>1811.2</ele>
   </trkpt>
   <trkpt lat="45.8498830" lon="6.6785670">
    <ele>1811.4</ele>
   </trkpt>
   <trkpt lat="45.8499310" lon="6.6784900">
    <ele>1812.4</ele>
   </trkpt>
   <trkpt lat="45.8499740" lon="6.6784450">
    <ele>1813.4</ele>
   </trkpt>
   <trkpt lat="45.8499790" lon="6.6784260">
    <ele>1813.6</ele>
   </trkpt>
   <trkpt lat="45.8500230" lon="6.6783740">
    <ele>1814.8</ele>
   </trkpt>
   <trkpt lat="45.8500390" lon="6.6783400">
    <ele>1815.2</ele>
   </trkpt>
   <trkpt lat="45.8500550" lon="6.6783080">
    <ele>1816.0</ele>
   </trkpt>
   <trkpt lat="45.8500940" lon="6.6782420">
    <ele>1817.2</ele>
   </trkpt>
   <trkpt lat="45.8501340" lon="6.6781670">
    <ele>1818.8</ele>
   </trkpt>
   <trkpt lat="45.8501550" lon="6.6781250">
    <ele>1819.6</ele>
   </trkpt>
   <trkpt lat="45.8501650" lon="6.6781120">
    <ele>1819.8</ele>
   </trkpt>
   <trkpt lat="45.8501960" lon="6.6780440">
    <ele>1821.0</ele>
   </trkpt>
   <trkpt lat="45.8502420" lon="6.6779630">
    <ele>1822.2</ele>
   </trkpt>
   <trkpt lat="45.8502690" lon="6.6779240">
    <ele>1823.0</ele>
   </trkpt>
   <trkpt lat="45.8502790" lon="6.6779050">
    <ele>1823.8</ele>
   </trkpt>
   <trkpt lat="45.8503000" lon="6.6778480">
    <ele>1824.8</ele>
   </trkpt>
   <trkpt lat="45.8503140" lon="6.6778120">
    <ele>1826.0</ele>
   </trkpt>
   <trkpt lat="45.8503380" lon="6.6777850">
    <ele>1826.6</ele>
   </trkpt>
   <trkpt lat="45.8503510" lon="6.6777620">
    <ele>1827.0</ele>
   </trkpt>
   <trkpt lat="45.8503900" lon="6.6776890">
    <ele>1828.4</ele>
   </trkpt>
   <trkpt lat="45.8504030" lon="6.6776540">
    <ele>1829.4</ele>
   </trkpt>
   <trkpt lat="45.8504120" lon="6.6776390">
    <ele>1829.6</ele>
   </trkpt>
   <trkpt lat="45.8504630" lon="6.6775270">
    <ele>1830.8</ele>
   </trkpt>
   <trkpt lat="45.8505170" lon="6.6774340">
    <ele>1832.0</ele>
   </trkpt>
   <trkpt lat="45.8505550" lon="6.6773750">
    <ele>1832.8</ele>
   </trkpt>
   <trkpt lat="45.8505670" lon="6.6773560">
    <ele>1833.2</ele>
   </trkpt>
   <trkpt lat="45.8506170" lon="6.6772840">
    <ele>1834.4</ele>
   </trkpt>
   <trkpt lat="45.8506630" lon="6.6772000">
    <ele>1835.8</ele>
   </trkpt>
   <trkpt lat="45.8506730" lon="6.6771770">
    <ele>1836.0</ele>
   </trkpt>
   <trkpt lat="45.8507100" lon="6.6770800">
    <ele>1837.0</ele>
   </trkpt>
   <trkpt lat="45.8507420" lon="6.6769510">
    <ele>1838.4</ele>
   </trkpt>
   <trkpt lat="45.8507610" lon="6.6769090">
    <ele>1839.0</ele>
   </trkpt>
   <trkpt lat="45.8507900" lon="6.6768100">
    <ele>1839.6</ele>
   </trkpt>
   <trkpt lat="45.8507830" lon="6.6766530">
    <ele>1840.2</ele>
   </trkpt>
   <trkpt lat="45.8506940" lon="6.6765690">
    <ele>1840.6</ele>
   </trkpt>
   <trkpt lat="45.8506280" lon="6.6765710">
    <ele>1842.4</ele>
   </trkpt>
   <trkpt lat="45.8505670" lon="6.6766050">
    <ele>1843.4</ele>
   </trkpt>
   <trkpt lat="45.8505160" lon="6.6766550">
    <ele>1844.6</ele>
   </trkpt>
   <trkpt lat="45.8504860" lon="6.6766810">
    <ele>1845.8</ele>
   </trkpt>
   <trkpt lat="45.8504650" lon="6.6766940">
    <ele>1846.4</ele>
   </trkpt>
   <trkpt lat="45.8504260" lon="6.6767270">
    <ele>1847.0</ele>
   </trkpt>
   <trkpt lat="45.8503280" lon="6.6767670">
    <ele>1849.2</ele>
   </trkpt>
   <trkpt lat="45.8502870" lon="6.6767810">
    <ele>1850.6</ele>
   </trkpt>
   <trkpt lat="45.8502660" lon="6.6767860">
    <ele>1850.8</ele>
   </trkpt>
   <trkpt lat="45.8502280" lon="6.6767930">
    <ele>1851.6</ele>
   </trkpt>
   <trkpt lat="45.8501920" lon="6.6767950">
    <ele>1853.2</ele>
   </trkpt>
   <trkpt lat="45.8501350" lon="6.6768110">
    <ele>1854.2</ele>
   </trkpt>
   <trkpt lat="45.8500830" lon="6.6768230">
    <ele>1855.4</ele>
   </trkpt>
   <trkpt lat="45.8500490" lon="6.6768290">
    <ele>1856.4</ele>
   </trkpt>
   <trkpt lat="45.8500240" lon="6.6768320">
    <ele>1856.8</ele>
   </trkpt>
   <trkpt lat="45.8499690" lon="6.6768500">
    <ele>1857.6</ele>
   </trkpt>
   <trkpt lat="45.8499170" lon="6.6768510">
    <ele>1858.4</ele>
   </trkpt>
   <trkpt lat="45.8498830" lon="6.6768580">
    <ele>1858.8</ele>
   </trkpt>
   <trkpt lat="45.8498120" lon="6.6768670">
    <ele>1859.4</ele>
   </trkpt>
   <trkpt lat="45.8497270" lon="6.6768960">
    <ele>1860.0</ele>
   </trkpt>
   <trkpt lat="45.8496730" lon="6.6769150">
    <ele>1860.6</ele>
   </trkpt>
   <trkpt lat="45.8496410" lon="6.6769150">
    <ele>1861.2</ele>
   </trkpt>
   <trkpt lat="45.8495950" lon="6.6769450">
    <ele>1862.4</ele>
   </trkpt>
   <trkpt lat="45.8495360" lon="6.6769540">
    <ele>1862.8</ele>
   </trkpt>
   <trkpt lat="45.8494860" lon="6.6769700">
    <ele>1863.4</ele>
   </trkpt>
   <trkpt lat="45.8494130" lon="6.6769880">
    <ele>1864.6</ele>
   </trkpt>
   <trkpt lat="45.8493610" lon="6.6769900">
    <ele>1865.6</ele>
   </trkpt>
   <trkpt lat="45.8493020" lon="6.6770000">
    <ele>1866.8</ele>
   </trkpt>
   <trkpt lat="45.8492350" lon="6.6770030">
    <ele>1868.0</ele>
   </trkpt>
   <trkpt lat="45.8492270" lon="6.6770060">
    <ele>1868.6</ele>
   </trkpt>
   <trkpt lat="45.8492170" lon="6.6770090">
    <ele>1869.0</ele>
   </trkpt>
   <trkpt lat="45.8491670" lon="6.6770200">
    <ele>1870.2</ele>
   </trkpt>
   <trkpt lat="45.8491140" lon="6.6770220">
    <ele>1870.8</ele>
   </trkpt>
   <trkpt lat="45.8491000" lon="6.6770250">
    <ele>1871.4</ele>
   </trkpt>
   <trkpt lat="45.8490790" lon="6.6770290">
    <ele>1872.4</ele>
   </trkpt>
   <trkpt lat="45.8490280" lon="6.6770410">
    <ele>1873.6</ele>
   </trkpt>
   <trkpt lat="45.8490050" lon="6.6770440">
    <ele>1874.2</ele>
   </trkpt>
   <trkpt lat="45.8489790" lon="6.6770480">
    <ele>1875.2</ele>
   </trkpt>
   <trkpt lat="45.8489280" lon="6.6770450">
    <ele>1876.4</ele>
   </trkpt>
   <trkpt lat="45.8488620" lon="6.6770250">
    <ele>1877.6</ele>
   </trkpt>
   <trkpt lat="45.8488380" lon="6.6770080">
    <ele>1878.2</ele>
   </trkpt>
   <trkpt lat="45.8487860" lon="6.6769910">
    <ele>1878.8</ele>
   </trkpt>
   <trkpt lat="45.8487260" lon="6.6769560">
    <ele>1880.0</ele>
   </trkpt>
   <trkpt lat="45.8486910" lon="6.6769400">
    <ele>1880.6</ele>
   </trkpt>
   <trkpt lat="45.8486760" lon="6.6769340">
    <ele>1881.0</ele>
   </trkpt>
   <trkpt lat="45.8486460" lon="6.6769240">
    <ele>1882.0</ele>
   </trkpt>
   <trkpt lat="45.8485920" lon="6.6768940">
    <ele>1883.2</ele>
   </trkpt>
   <trkpt lat="45.8485660" lon="6.6768750">
    <ele>1884.0</ele>
   </trkpt>
   <trkpt lat="45.8485560" lon="6.6768660">
    <ele>1884.2</ele>
   </trkpt>
   <trkpt lat="45.8485120" lon="6.6768380">
    <ele>1885.4</ele>
   </trkpt>
   <trkpt lat="45.8484870" lon="6.6768210">
    <ele>1885.8</ele>
   </trkpt>
   <trkpt lat="45.8484560" lon="6.6768010">
    <ele>1886.4</ele>
   </trkpt>
   <trkpt lat="45.8484000" lon="6.6767640">
    <ele>1887.2</ele>
   </trkpt>
   <trkpt lat="45.8483900" lon="6.6767610">
    <ele>1887.6</ele>
   </trkpt>
   <trkpt lat="45.8483410" lon="6.6767280">
    <ele>1888.8</ele>
   </trkpt>
   <trkpt lat="45.8483010" lon="6.6767010">
    <ele>1889.6</ele>
   </trkpt>
   <trkpt lat="45.8482710" lon="6.6766890">
    <ele>1890.0</ele>
   </trkpt>
   <trkpt lat="45.8482080" lon="6.6766620">
    <ele>1891.2</ele>
   </trkpt>
   <trkpt lat="45.8481570" lon="6.6766350">
    <ele>1892.2</ele>
   </trkpt>
   <trkpt lat="45.8481460" lon="6.6766260">
    <ele>1892.4</ele>
   </trkpt>
   <trkpt lat="45.8481000" lon="6.6766160">
    <ele>1893.6</ele>
   </trkpt>
   <trkpt lat="45.8480480" lon="6.6765780">
    <ele>1894.6</ele>
   </trkpt>
   <trkpt lat="45.8480360" lon="6.6765670">
    <ele>1895.0</ele>
   </trkpt>
   <trkpt lat="45.8479970" lon="6.6765530">
    <ele>1895.8</ele>
   </trkpt>
   <trkpt lat="45.8479350" lon="6.6765330">
    <ele>1897.0</ele>
   </trkpt>
   <trkpt lat="45.8479220" lon="6.6765250">
    <ele>1897.2</ele>
   </trkpt>
   <trkpt lat="45.8478560" lon="6.6764900">
    <ele>1898.2</ele>
   </trkpt>
   <trkpt lat="45.8478080" lon="6.6764640">
    <ele>1899.2</ele>
   </trkpt>
   <trkpt lat="45.8477920" lon="6.6764580">
    <ele>1899.6</ele>
   </trkpt>
   <trkpt lat="45.8477730" lon="6.6764460">
    <ele>1900.4</ele>
   </trkpt>
   <trkpt lat="45.8477320" lon="6.6764210">
    <ele>1901.6</ele>
   </trkpt>
   <trkpt lat="45.8477050" lon="6.6764110">
    <ele>1902.8</ele>
   </trkpt>
   <trkpt lat="45.8476840" lon="6.6764080">
    <ele>1903.0</ele>
   </trkpt>
   <trkpt lat="45.8476540" lon="6.6763850">
    <ele>1904.2</ele>
   </trkpt>
   <trkpt lat="45.8476430" lon="6.6763810">
    <ele>1904.4</ele>
   </trkpt>
   <trkpt lat="45.8475760" lon="6.6763590">
    <ele>1905.0</ele>
   </trkpt>
   <trkpt lat="45.8475490" lon="6.6763460">
    <ele>1905.4</ele>
   </trkpt>
   <trkpt lat="45.8474990" lon="6.6763230">
    <ele>1906.6</ele>
   </trkpt>
   <trkpt lat="45.8474530" lon="6.6763130">
    <ele>1907.8</ele>
   </trkpt>
   <trkpt lat="45.8474190" lon="6.6763010">
    <ele>1908.8</ele>
   </trkpt>
   <trkpt lat="45.8473700" lon="6.6762790">
    <ele>1909.6</ele>
   </trkpt>
   <trkpt lat="45.8473550" lon="6.6762720">
    <ele>1909.8</ele>
   </trkpt>
   <trkpt lat="45.8473090" lon="6.6762540">
    <ele>1911.0</ele>
   </trkpt>
   <trkpt lat="45.8472280" lon="6.6762090">
    <ele>1912.2</ele>
   </trkpt>
   <trkpt lat="45.8472130" lon="6.6762000">
    <ele>1912.4</ele>
   </trkpt>
   <trkpt lat="45.8471590" lon="6.6761590">
    <ele>1913.4</ele>
   </trkpt>
   <trkpt lat="45.8470980" lon="6.6761130">
    <ele>1914.2</ele>
   </trkpt>
   <trkpt lat="45.8470900" lon="6.6760960">
    <ele>1914.6</ele>
   </trkpt>
   <trkpt lat="45.8470430" lon="6.6760180">
    <ele>1915.8</ele>
   </trkpt>
   <trkpt lat="45.8469810" lon="6.6759750">
    <ele>1916.8</ele>
   </trkpt>
   <trkpt lat="45.8469470" lon="6.6759620">
    <ele>1918.0</ele>
   </trkpt>
   <trkpt lat="45.8468920" lon="6.6759420">
    <ele>1919.0</ele>
   </trkpt>
   <trkpt lat="45.8468700" lon="6.6759370">
    <ele>1919.2</ele>
   </trkpt>
   <trkpt lat="45.8468280" lon="6.6759150">
    <ele>1919.8</ele>
   </trkpt>
   <trkpt lat="45.8468080" lon="6.6759030">
    <ele>1920.2</ele>
   </trkpt>
   <trkpt lat="45.8466880" lon="6.6758840">
    <ele>1921.0</ele>
   </trkpt>
   <trkpt lat="45.8466720" lon="6.6758940">
    <ele>1921.2</ele>
   </trkpt>
   <trkpt lat="45.8465770" lon="6.6759840">
    <ele>1922.4</ele>
   </trkpt>
   <trkpt lat="45.8464780" lon="6.6761430">
    <ele>1923.2</ele>
   </trkpt>
   <trkpt lat="45.8464650" lon="6.6761740">
    <ele>1923.6</ele>
   </trkpt>
   <trkpt lat="45.8464250" lon="6.6762550">
    <ele>1924.4</ele>
   </trkpt>
   <trkpt lat="45.8464090" lon="6.6762840">
    <ele>1924.8</ele>
   </trkpt>
   <trkpt lat="45.8463620" lon="6.6763690">
    <ele>1926.0</ele>
   </trkpt>
   <trkpt lat="45.8462810" lon="6.6765260">
    <ele>1927.6</ele>
   </trkpt>
   <trkpt lat="45.8462180" lon="6.6766220">
    <ele>1928.8</ele>
   </trkpt>
   <trkpt lat="45.8461500" lon="6.6767080">
    <ele>1930.2</ele>
   </trkpt>
   <trkpt lat="45.8461270" lon="6.6767370">
    <ele>1930.6</ele>
   </trkpt>
   <trkpt lat="45.8460920" lon="6.6768070">
    <ele>1931.4</ele>
   </trkpt>
   <trkpt lat="45.8460650" lon="6.6769270">
    <ele>1931.0</ele>
   </trkpt>
   <trkpt lat="45.8460270" lon="6.6770060">
    <ele>1930.2</ele>
   </trkpt>
   <trkpt lat="45.8459840" lon="6.6771520">
    <ele>1928.8</ele>
   </trkpt>
   <trkpt lat="45.8459490" lon="6.6772470">
    <ele>1927.8</ele>
   </trkpt>
   <trkpt lat="45.8458960" lon="6.6773750">
    <ele>1926.6</ele>
   </trkpt>
   <trkpt lat="45.8458490" lon="6.6774610">
    <ele>1925.0</ele>
   </trkpt>
   <trkpt lat="45.8458050" lon="6.6775640">
    <ele>1923.4</ele>
   </trkpt>
   <trkpt lat="45.8457860" lon="6.6776200">
    <ele>1922.4</ele>
   </trkpt>
   <trkpt lat="45.8457700" lon="6.6776730">
    <ele>1921.6</ele>
   </trkpt>
   <trkpt lat="45.8457210" lon="6.6777530">
    <ele>1920.2</ele>
   </trkpt>
   <trkpt lat="45.8456670" lon="6.6778180">
    <ele>1918.8</ele>
   </trkpt>
   <trkpt lat="45.8456370" lon="6.6778500">
    <ele>1918.2</ele>
   </trkpt>
   <trkpt lat="45.8455760" lon="6.6779170">
    <ele>1916.8</ele>
   </trkpt>
   <trkpt lat="45.8455300" lon="6.6780080">
    <ele>1915.6</ele>
   </trkpt>
   <trkpt lat="45.8454880" lon="6.6781100">
    <ele>1914.0</ele>
   </trkpt>
   <trkpt lat="45.8454510" lon="6.6782220">
    <ele>1912.8</ele>
   </trkpt>
   <trkpt lat="45.8454180" lon="6.6783270">
    <ele>1911.4</ele>
   </trkpt>
   <trkpt lat="45.8453740" lon="6.6784260">
    <ele>1910.2</ele>
   </trkpt>
   <trkpt lat="45.8453310" lon="6.6785880">
    <ele>1908.8</ele>
   </trkpt>
   <trkpt lat="45.8452960" lon="6.6786830">
    <ele>1907.8</ele>
   </trkpt>
   <trkpt lat="45.8452740" lon="6.6787300">
    <ele>1907.6</ele>
   </trkpt>
   <trkpt lat="45.8452330" lon="6.6788300">
    <ele>1906.6</ele>
   </trkpt>
   <trkpt lat="45.8451950" lon="6.6789300">
    <ele>1905.2</ele>
   </trkpt>
   <trkpt lat="45.8451530" lon="6.6790180">
    <ele>1904.2</ele>
   </trkpt>
   <trkpt lat="45.8451300" lon="6.6790590">
    <ele>1903.8</ele>
   </trkpt>
   <trkpt lat="45.8450820" lon="6.6791450">
    <ele>1902.8</ele>
   </trkpt>
   <trkpt lat="45.8450300" lon="6.6792320">
    <ele>1901.6</ele>
   </trkpt>
   <trkpt lat="45.8449970" lon="6.6793270">
    <ele>1900.2</ele>
   </trkpt>
   <trkpt lat="45.8449660" lon="6.6794330">
    <ele>1898.8</ele>
   </trkpt>
   <trkpt lat="45.8449460" lon="6.6794800">
    <ele>1898.4</ele>
   </trkpt>
   <trkpt lat="45.8449130" lon="6.6795790">
    <ele>1897.4</ele>
   </trkpt>
   <trkpt lat="45.8448810" lon="6.6796920">
    <ele>1896.4</ele>
   </trkpt>
   <trkpt lat="45.8448340" lon="6.6798710">
    <ele>1894.8</ele>
   </trkpt>
   <trkpt lat="45.8448010" lon="6.6799260">
    <ele>1894.6</ele>
   </trkpt>
   <trkpt lat="45.8447650" lon="6.6799850">
    <ele>1893.8</ele>
   </trkpt>
   <trkpt lat="45.8447180" lon="6.6801030">
    <ele>1892.6</ele>
   </trkpt>
   <trkpt lat="45.8446510" lon="6.6802580">
    <ele>1891.6</ele>
   </trkpt>
   <trkpt lat="45.8446170" lon="6.6803610">
    <ele>1890.8</ele>
   </trkpt>
   <trkpt lat="45.8446020" lon="6.6804100">
    <ele>1890.4</ele>
   </trkpt>
   <trkpt lat="45.8445520" lon="6.6805450">
    <ele>1889.6</ele>
   </trkpt>
   <trkpt lat="45.8445390" lon="6.6805900">
    <ele>1889.2</ele>
   </trkpt>
   <trkpt lat="45.8444650" lon="6.6808330">
    <ele>1888.2</ele>
   </trkpt>
   <trkpt lat="45.8444550" lon="6.6808740">
    <ele>1888.0</ele>
   </trkpt>
   <trkpt lat="45.8443740" lon="6.6811190">
    <ele>1887.4</ele>
   </trkpt>
   <trkpt lat="45.8443500" lon="6.6812580">
    <ele>1887.2</ele>
   </trkpt>
   <trkpt lat="45.8442990" lon="6.6814950">
    <ele>1888.4</ele>
   </trkpt>
   <trkpt lat="45.8442900" lon="6.6815760">
    <ele>1889.2</ele>
   </trkpt>
   <trkpt lat="45.8442410" lon="6.6817430">
    <ele>1890.2</ele>
   </trkpt>
   <trkpt lat="45.8442080" lon="6.6818480">
    <ele>1891.0</ele>
   </trkpt>
   <trkpt lat="45.8441960" lon="6.6818800">
    <ele>1891.4</ele>
   </trkpt>
   <trkpt lat="45.8441390" lon="6.6820850">
    <ele>1892.4</ele>
   </trkpt>
   <trkpt lat="45.8441280" lon="6.6821210">
    <ele>1892.4</ele>
   </trkpt>
   <trkpt lat="45.8441160" lon="6.6821580">
    <ele>1892.4</ele>
   </trkpt>
   <trkpt lat="45.8440690" lon="6.6824000">
    <ele>1892.4</ele>
   </trkpt>
   <trkpt lat="45.8440260" lon="6.6825680">
    <ele>1893.2</ele>
   </trkpt>
   <trkpt lat="45.8440050" lon="6.6826550">
    <ele>1893.4</ele>
   </trkpt>
   <trkpt lat="45.8439470" lon="6.6829180">
    <ele>1893.4</ele>
   </trkpt>
   <trkpt lat="45.8439360" lon="6.6829570">
    <ele>1893.2</ele>
   </trkpt>
   <trkpt lat="45.8438740" lon="6.6832070">
    <ele>1893.8</ele>
   </trkpt>
   <trkpt lat="45.8438650" lon="6.6832510">
    <ele>1893.8</ele>
   </trkpt>
   <trkpt lat="45.8438040" lon="6.6834910">
    <ele>1893.8</ele>
   </trkpt>
   <trkpt lat="45.8437670" lon="6.6836960">
    <ele>1893.8</ele>
   </trkpt>
   <trkpt lat="45.8437400" lon="6.6839440">
    <ele>1894.4</ele>
   </trkpt>
   <trkpt lat="45.8437330" lon="6.6839840">
    <ele>1894.4</ele>
   </trkpt>
   <trkpt lat="45.8437190" lon="6.6840580">
    <ele>1894.8</ele>
   </trkpt>
   <trkpt lat="45.8437010" lon="6.6841660">
    <ele>1895.6</ele>
   </trkpt>
   <trkpt lat="45.8436610" lon="6.6843640">
    <ele>1896.6</ele>
   </trkpt>
   <trkpt lat="45.8436460" lon="6.6844460">
    <ele>1897.2</ele>
   </trkpt>
   <trkpt lat="45.8436320" lon="6.6845160">
    <ele>1897.8</ele>
   </trkpt>
   <trkpt lat="45.8435740" lon="6.6846870">
    <ele>1899.2</ele>
   </trkpt>
   <trkpt lat="45.8435240" lon="6.6849170">
    <ele>1899.2</ele>
   </trkpt>
   <trkpt lat="45.8434850" lon="6.6850640">
    <ele>1899.2</ele>
   </trkpt>
   <trkpt lat="45.8434730" lon="6.6850980">
    <ele>1899.2</ele>
   </trkpt>
   <trkpt lat="45.8434070" lon="6.6853200">
    <ele>1900.4</ele>
   </trkpt>
   <trkpt lat="45.8433920" lon="6.6853930">
    <ele>1901.2</ele>
   </trkpt>
   <trkpt lat="45.8433870" lon="6.6854350">
    <ele>1901.4</ele>
   </trkpt>
   <trkpt lat="45.8433350" lon="6.6856710">
    <ele>1901.4</ele>
   </trkpt>
   <trkpt lat="45.8433120" lon="6.6857430">
    <ele>1901.6</ele>
   </trkpt>
   <trkpt lat="45.8432650" lon="6.6858730">
    <ele>1902.4</ele>
   </trkpt>
   <trkpt lat="45.8431940" lon="6.6860440">
    <ele>1902.6</ele>
   </trkpt>
   <trkpt lat="45.8431530" lon="6.6861430">
    <ele>1902.8</ele>
   </trkpt>
   <trkpt lat="45.8431070" lon="6.6862430">
    <ele>1903.6</ele>
   </trkpt>
   <trkpt lat="45.8430940" lon="6.6862760">
    <ele>1903.8</ele>
   </trkpt>
   <trkpt lat="45.8430420" lon="6.6864070">
    <ele>1904.8</ele>
   </trkpt>
   <trkpt lat="45.8430010" lon="6.6864920">
    <ele>1905.4</ele>
   </trkpt>
   <trkpt lat="45.8429820" lon="6.6865180">
    <ele>1905.6</ele>
   </trkpt>
   <trkpt lat="45.8429690" lon="6.6865510">
    <ele>1905.8</ele>
   </trkpt>
   <trkpt lat="45.8428730" lon="6.6867050">
    <ele>1906.6</ele>
   </trkpt>
   <trkpt lat="45.8428590" lon="6.6867320">
    <ele>1906.8</ele>
   </trkpt>
   <trkpt lat="45.8427530" lon="6.6868870">
    <ele>1907.4</ele>
   </trkpt>
   <trkpt lat="45.8427380" lon="6.6869170">
    <ele>1907.4</ele>
   </trkpt>
   <trkpt lat="45.8427220" lon="6.6869440">
    <ele>1907.4</ele>
   </trkpt>
   <trkpt lat="45.8426220" lon="6.6870820">
    <ele>1907.8</ele>
   </trkpt>
   <trkpt lat="45.8426070" lon="6.6871100">
    <ele>1908.0</ele>
   </trkpt>
   <trkpt lat="45.8425730" lon="6.6871600">
    <ele>1908.6</ele>
   </trkpt>
   <trkpt lat="45.8425280" lon="6.6872010">
    <ele>1909.0</ele>
   </trkpt>
   <trkpt lat="45.8424170" lon="6.6873310">
    <ele>1910.4</ele>
   </trkpt>
   <trkpt lat="45.8423970" lon="6.6873510">
    <ele>1910.8</ele>
   </trkpt>
   <trkpt lat="45.8422780" lon="6.6874670">
    <ele>1911.4</ele>
   </trkpt>
   <trkpt lat="45.8422180" lon="6.6875180">
    <ele>1912.4</ele>
   </trkpt>
   <trkpt lat="45.8422000" lon="6.6875330">
    <ele>1912.6</ele>
   </trkpt>
   <trkpt lat="45.8421200" lon="6.6876250">
    <ele>1913.8</ele>
   </trkpt>
   <trkpt lat="45.8420540" lon="6.6876960">
    <ele>1914.8</ele>
   </trkpt>
   <trkpt lat="45.8419450" lon="6.6878000">
    <ele>1916.2</ele>
   </trkpt>
   <trkpt lat="45.8418610" lon="6.6879020">
    <ele>1917.0</ele>
   </trkpt>
   <trkpt lat="45.8418290" lon="6.6879460">
    <ele>1917.2</ele>
   </trkpt>
   <trkpt lat="45.8417490" lon="6.6880630">
    <ele>1918.4</ele>
   </trkpt>
   <trkpt lat="45.8417190" lon="6.6881180">
    <ele>1920.0</ele>
   </trkpt>
   <trkpt lat="45.8416820" lon="6.6881820">
    <ele>1921.2</ele>
   </trkpt>
   <trkpt lat="45.8416380" lon="6.6882720">
    <ele>1922.4</ele>
   </trkpt>
   <trkpt lat="45.8416160" lon="6.6883050">
    <ele>1922.6</ele>
   </trkpt>
   <trkpt lat="45.8415540" lon="6.6884100">
    <ele>1923.8</ele>
   </trkpt>
   <trkpt lat="45.8415130" lon="6.6884710">
    <ele>1924.6</ele>
   </trkpt>
   <trkpt lat="45.8414880" lon="6.6885050">
    <ele>1925.2</ele>
   </trkpt>
   <trkpt lat="45.8414320" lon="6.6885920">
    <ele>1925.8</ele>
   </trkpt>
   <trkpt lat="45.8414140" lon="6.6886340">
    <ele>1926.4</ele>
   </trkpt>
   <trkpt lat="45.8413780" lon="6.6887070">
    <ele>1927.4</ele>
   </trkpt>
   <trkpt lat="45.8413480" lon="6.6887570">
    <ele>1928.6</ele>
   </trkpt>
   <trkpt lat="45.8413400" lon="6.6887770">
    <ele>1929.0</ele>
   </trkpt>
   <trkpt lat="45.8413240" lon="6.6888150">
    <ele>1929.4</ele>
   </trkpt>
   <trkpt lat="45.8412990" lon="6.6889070">
    <ele>1929.8</ele>
   </trkpt>
   <trkpt lat="45.8412560" lon="6.6889880">
    <ele>1930.8</ele>
   </trkpt>
   <trkpt lat="45.8412000" lon="6.6890900">
    <ele>1931.8</ele>
   </trkpt>
   <trkpt lat="45.8411420" lon="6.6891580">
    <ele>1932.8</ele>
   </trkpt>
   <trkpt lat="45.8411270" lon="6.6891750">
    <ele>1933.0</ele>
   </trkpt>
   <trkpt lat="45.8410410" lon="6.6892700">
    <ele>1934.2</ele>
   </trkpt>
   <trkpt lat="45.8410220" lon="6.6892890">
    <ele>1935.0</ele>
   </trkpt>
   <trkpt lat="45.8409960" lon="6.6893190">
    <ele>1935.6</ele>
   </trkpt>
   <trkpt lat="45.8409600" lon="6.6893750">
    <ele>1936.6</ele>
   </trkpt>
   <trkpt lat="45.8409340" lon="6.6894090">
    <ele>1937.4</ele>
   </trkpt>
   <trkpt lat="45.8409220" lon="6.6894240">
    <ele>1938.4</ele>
   </trkpt>
   <trkpt lat="45.8408920" lon="6.6894570">
    <ele>1939.6</ele>
   </trkpt>
   <trkpt lat="45.8408740" lon="6.6894920">
    <ele>1940.6</ele>
   </trkpt>
   <trkpt lat="45.8408530" lon="6.6895210">
    <ele>1941.8</ele>
   </trkpt>
   <trkpt lat="45.8408410" lon="6.6895350">
    <ele>1942.0</ele>
   </trkpt>
   <trkpt lat="45.8408100" lon="6.6895950">
    <ele>1943.0</ele>
   </trkpt>
   <trkpt lat="45.8407640" lon="6.6897080">
    <ele>1944.0</ele>
   </trkpt>
   <trkpt lat="45.8407500" lon="6.6897510">
    <ele>1944.2</ele>
   </trkpt>
   <trkpt lat="45.8407240" lon="6.6898240">
    <ele>1945.0</ele>
   </trkpt>
   <trkpt lat="45.8406890" lon="6.6899290">
    <ele>1945.8</ele>
   </trkpt>
   <trkpt lat="45.8406790" lon="6.6899620">
    <ele>1946.0</ele>
   </trkpt>
   <trkpt lat="45.8406570" lon="6.6900470">
    <ele>1947.4</ele>
   </trkpt>
   <trkpt lat="45.8406430" lon="6.6901220">
    <ele>1948.4</ele>
   </trkpt>
   <trkpt lat="45.8406330" lon="6.6901460">
    <ele>1948.8</ele>
   </trkpt>
   <trkpt lat="45.8406150" lon="6.6901920">
    <ele>1950.0</ele>
   </trkpt>
   <trkpt lat="45.8405890" lon="6.6902800">
    <ele>1951.2</ele>
   </trkpt>
   <trkpt lat="45.8405730" lon="6.6903510">
    <ele>1952.2</ele>
   </trkpt>
   <trkpt lat="45.8405700" lon="6.6903700">
    <ele>1952.2</ele>
   </trkpt>
   <trkpt lat="45.8405630" lon="6.6904210">
    <ele>1952.6</ele>
   </trkpt>
   <trkpt lat="45.8405420" lon="6.6905090">
    <ele>1953.6</ele>
   </trkpt>
   <trkpt lat="45.8405260" lon="6.6905460">
    <ele>1954.4</ele>
   </trkpt>
   <trkpt lat="45.8405200" lon="6.6905630">
    <ele>1954.6</ele>
   </trkpt>
   <trkpt lat="45.8405110" lon="6.6905940">
    <ele>1955.6</ele>
   </trkpt>
   <trkpt lat="45.8404940" lon="6.6906400">
    <ele>1956.8</ele>
   </trkpt>
   <trkpt lat="45.8404820" lon="6.6907060">
    <ele>1958.2</ele>
   </trkpt>
   <trkpt lat="45.8404690" lon="6.6907470">
    <ele>1959.4</ele>
   </trkpt>
   <trkpt lat="45.8404530" lon="6.6907910">
    <ele>1960.6</ele>
   </trkpt>
   <trkpt lat="45.8404410" lon="6.6908410">
    <ele>1962.0</ele>
   </trkpt>
   <trkpt lat="45.8404260" lon="6.6908870">
    <ele>1963.0</ele>
   </trkpt>
   <trkpt lat="45.8404200" lon="6.6909080">
    <ele>1963.6</ele>
   </trkpt>
   <trkpt lat="45.8403850" lon="6.6910370">
    <ele>1964.8</ele>
   </trkpt>
   <trkpt lat="45.8403500" lon="6.6911590">
    <ele>1965.8</ele>
   </trkpt>
   <trkpt lat="45.8403440" lon="6.6911760">
    <ele>1965.8</ele>
   </trkpt>
   <trkpt lat="45.8403020" lon="6.6912740">
    <ele>1966.6</ele>
   </trkpt>
   <trkpt lat="45.8402930" lon="6.6913010">
    <ele>1966.6</ele>
   </trkpt>
   <trkpt lat="45.8402760" lon="6.6913400">
    <ele>1966.8</ele>
   </trkpt>
   <trkpt lat="45.8402490" lon="6.6914340">
    <ele>1968.0</ele>
   </trkpt>
   <trkpt lat="45.8402460" lon="6.6914500">
    <ele>1968.8</ele>
   </trkpt>
   <trkpt lat="45.8402450" lon="6.6914660">
    <ele>1969.2</ele>
   </trkpt>
   <trkpt lat="45.8402450" lon="6.6914830">
    <ele>1969.4</ele>
   </trkpt>
   <trkpt lat="45.8402410" lon="6.6915570">
    <ele>1969.8</ele>
   </trkpt>
   <trkpt lat="45.8402490" lon="6.6915750">
    <ele>1970.2</ele>
   </trkpt>
   <trkpt lat="45.8402760" lon="6.6915910">
    <ele>1971.4</ele>
   </trkpt>
   <trkpt lat="45.8402990" lon="6.6916490">
    <ele>1972.4</ele>
   </trkpt>
   <trkpt lat="45.8403030" lon="6.6916700">
    <ele>1972.4</ele>
   </trkpt>
   <trkpt lat="45.8403250" lon="6.6917740">
    <ele>1970.8</ele>
   </trkpt>
   <trkpt lat="45.8403360" lon="6.6918810">
    <ele>1969.6</ele>
   </trkpt>
   <trkpt lat="45.8403470" lon="6.6919450">
    <ele>1968.4</ele>
   </trkpt>
   <trkpt lat="45.8403750" lon="6.6920800">
    <ele>1967.0</ele>
   </trkpt>
   <trkpt lat="45.8403790" lon="6.6921450">
    <ele>1965.8</ele>
   </trkpt>
   <trkpt lat="45.8403800" lon="6.6921750">
    <ele>1965.4</ele>
   </trkpt>
   <trkpt lat="45.8403730" lon="6.6922810">
    <ele>1964.2</ele>
   </trkpt>
   <trkpt lat="45.8403810" lon="6.6923620">
    <ele>1963.2</ele>
   </trkpt>
   <trkpt lat="45.8403920" lon="6.6924570">
    <ele>1961.6</ele>
   </trkpt>
   <trkpt lat="45.8404000" lon="6.6925450">
    <ele>1960.4</ele>
   </trkpt>
   <trkpt lat="45.8404500" lon="6.6927000">
    <ele>1959.2</ele>
   </trkpt>
   <trkpt lat="45.8404560" lon="6.6927410">
    <ele>1959.0</ele>
   </trkpt>
   <trkpt lat="45.8404540" lon="6.6927840">
    <ele>1958.8</ele>
   </trkpt>
   <trkpt lat="45.8404550" lon="6.6929060">
    <ele>1958.0</ele>
   </trkpt>
   <trkpt lat="45.8404180" lon="6.6931230">
    <ele>1957.2</ele>
   </trkpt>
   <trkpt lat="45.8404020" lon="6.6931590">
    <ele>1957.0</ele>
   </trkpt>
   <trkpt lat="45.8403120" lon="6.6933970">
    <ele>1955.6</ele>
   </trkpt>
   <trkpt lat="45.8403010" lon="6.6934450">
    <ele>1954.6</ele>
   </trkpt>
   <trkpt lat="45.8402810" lon="6.6935520">
    <ele>1953.0</ele>
   </trkpt>
   <trkpt lat="45.8402600" lon="6.6936530">
    <ele>1951.8</ele>
   </trkpt>
   <trkpt lat="45.8402500" lon="6.6937010">
    <ele>1951.6</ele>
   </trkpt>
   <trkpt lat="45.8401990" lon="6.6939280">
    <ele>1952.0</ele>
   </trkpt>
   <trkpt lat="45.8401380" lon="6.6941910">
    <ele>1952.0</ele>
   </trkpt>
   <trkpt lat="45.8401250" lon="6.6944260">
    <ele>1951.8</ele>
   </trkpt>
   <trkpt lat="45.8401230" lon="6.6944660">
    <ele>1952.0</ele>
   </trkpt>
   <trkpt lat="45.8400650" lon="6.6946630">
    <ele>1951.8</ele>
   </trkpt>
   <trkpt lat="45.8400590" lon="6.6947310">
    <ele>1951.8</ele>
   </trkpt>
   <trkpt lat="45.8400810" lon="6.6948190">
    <ele>1951.8</ele>
   </trkpt>
   <trkpt lat="45.8400660" lon="6.6950520">
    <ele>1951.2</ele>
   </trkpt>
   <trkpt lat="45.8400170" lon="6.6952900">
    <ele>1952.4</ele>
   </trkpt>
   <trkpt lat="45.8400100" lon="6.6953310">
    <ele>1952.4</ele>
   </trkpt>
   <trkpt lat="45.8399820" lon="6.6955370">
    <ele>1952.6</ele>
   </trkpt>
   <trkpt lat="45.8400330" lon="6.6958090">
    <ele>1951.2</ele>
   </trkpt>
   <trkpt lat="45.8400310" lon="6.6959450">
    <ele>1950.8</ele>
   </trkpt>
   <trkpt lat="45.8400500" lon="6.6960810">
    <ele>1949.6</ele>
   </trkpt>
   <trkpt lat="45.8400900" lon="6.6961740">
    <ele>1948.6</ele>
   </trkpt>
   <trkpt lat="45.8401410" lon="6.6962600">
    <ele>1947.0</ele>
   </trkpt>
   <trkpt lat="45.8401720" lon="6.6963040">
    <ele>1946.6</ele>
   </trkpt>
   <trkpt lat="45.8402250" lon="6.6963860">
    <ele>1945.8</ele>
   </trkpt>
   <trkpt lat="45.8402680" lon="6.6964850">
    <ele>1944.4</ele>
   </trkpt>
   <trkpt lat="45.8402920" lon="6.6965330">
    <ele>1943.8</ele>
   </trkpt>
   <trkpt lat="45.8403200" lon="6.6965710">
    <ele>1943.2</ele>
   </trkpt>
   <trkpt lat="45.8403760" lon="6.6966540">
    <ele>1942.0</ele>
   </trkpt>
   <trkpt lat="45.8404250" lon="6.6967460">
    <ele>1940.8</ele>
   </trkpt>
   <trkpt lat="45.8404510" lon="6.6967880">
    <ele>1940.4</ele>
   </trkpt>
   <trkpt lat="45.8404760" lon="6.6968900">
    <ele>1939.0</ele>
   </trkpt>
   <trkpt lat="45.8405120" lon="6.6970210">
    <ele>1938.0</ele>
   </trkpt>
   <trkpt lat="45.8405590" lon="6.6971860">
    <ele>1937.0</ele>
   </trkpt>
   <trkpt lat="45.8405950" lon="6.6972730">
    <ele>1936.2</ele>
   </trkpt>
   <trkpt lat="45.8406260" lon="6.6973610">
    <ele>1935.8</ele>
   </trkpt>
   <trkpt lat="45.8407020" lon="6.6976250">
    <ele>1935.8</ele>
   </trkpt>
   <trkpt lat="45.8407170" lon="6.6977290">
    <ele>1935.8</ele>
   </trkpt>
   <trkpt lat="45.8407440" lon="6.6978620">
    <ele>1935.8</ele>
   </trkpt>
   <trkpt lat="45.8407510" lon="6.6978970">
    <ele>1936.0</ele>
   </trkpt>
   <trkpt lat="45.8407710" lon="6.6979950">
    <ele>1936.2</ele>
   </trkpt>
   <trkpt lat="45.8408480" lon="6.6981350">
    <ele>1934.4</ele>
   </trkpt>
   <trkpt lat="45.8408740" lon="6.6981700">
    <ele>1933.6</ele>
   </trkpt>
   <trkpt lat="45.8409090" lon="6.6982070">
    <ele>1932.8</ele>
   </trkpt>
   <trkpt lat="45.8409420" lon="6.6982330">
    <ele>1932.0</ele>
   </trkpt>
   <trkpt lat="45.8409680" lon="6.6982500">
    <ele>1931.4</ele>
   </trkpt>
   <trkpt lat="45.8410330" lon="6.6983210">
    <ele>1928.8</ele>
   </trkpt>
   <trkpt lat="45.8410880" lon="6.6983890">
    <ele>1927.2</ele>
   </trkpt>
   <trkpt lat="45.8411610" lon="6.6985000">
    <ele>1925.8</ele>
   </trkpt>
   <trkpt lat="45.8412260" lon="6.6985900">
    <ele>1924.4</ele>
   </trkpt>
   <trkpt lat="45.8412530" lon="6.6986180">
    <ele>1923.6</ele>
   </trkpt>
   <trkpt lat="45.8412790" lon="6.6986500">
    <ele>1923.0</ele>
   </trkpt>
   <trkpt lat="45.8413100" lon="6.6986910">
    <ele>1922.0</ele>
   </trkpt>
   <trkpt lat="45.8413370" lon="6.6987250">
    <ele>1920.8</ele>
   </trkpt>
   <trkpt lat="45.8413960" lon="6.6988080">
    <ele>1919.2</ele>
   </trkpt>
   <trkpt lat="45.8414490" lon="6.6988990">
    <ele>1917.2</ele>
   </trkpt>
   <trkpt lat="45.8414980" lon="6.6989830">
    <ele>1915.6</ele>
   </trkpt>
   <trkpt lat="45.8415450" lon="6.6990650">
    <ele>1914.2</ele>
   </trkpt>
   <trkpt lat="45.8415720" lon="6.6991010">
    <ele>1912.8</ele>
   </trkpt>
   <trkpt lat="45.8416020" lon="6.6991250">
    <ele>1911.6</ele>
   </trkpt>
   <trkpt lat="45.8416350" lon="6.6991470">
    <ele>1910.4</ele>
   </trkpt>
   <trkpt lat="45.8416720" lon="6.6991680">
    <ele>1909.8</ele>
   </trkpt>
   <trkpt lat="45.8417030" lon="6.6991930">
    <ele>1908.8</ele>
   </trkpt>
   <trkpt lat="45.8417350" lon="6.6992140">
    <ele>1907.8</ele>
   </trkpt>
   <trkpt lat="45.8417770" lon="6.6992460">
    <ele>1906.6</ele>
   </trkpt>
   <trkpt lat="45.8418180" lon="6.6992780">
    <ele>1905.2</ele>
   </trkpt>
   <trkpt lat="45.8418970" lon="6.6993530">
    <ele>1903.2</ele>
   </trkpt>
   <trkpt lat="45.8419360" lon="6.6993990">
    <ele>1902.6</ele>
   </trkpt>
   <trkpt lat="45.8419610" lon="6.6994310">
    <ele>1901.8</ele>
   </trkpt>
   <trkpt lat="45.8419930" lon="6.6994800">
    <ele>1900.8</ele>
   </trkpt>
   <trkpt lat="45.8420450" lon="6.6995630">
    <ele>1899.4</ele>
   </trkpt>
   <trkpt lat="45.8420920" lon="6.6996760">
    <ele>1898.2</ele>
   </trkpt>
   <trkpt lat="45.8421420" lon="6.6997680">
    <ele>1897.6</ele>
   </trkpt>
   <trkpt lat="45.8421710" lon="6.6998080">
    <ele>1896.8</ele>
   </trkpt>
   <trkpt lat="45.8422230" lon="6.6998790">
    <ele>1895.6</ele>
   </trkpt>
   <trkpt lat="45.8422670" lon="6.6999350">
    <ele>1894.4</ele>
   </trkpt>
   <trkpt lat="45.8423420" lon="6.7000180">
    <ele>1893.0</ele>
   </trkpt>
   <trkpt lat="45.8423860" lon="6.7000700">
    <ele>1892.2</ele>
   </trkpt>
   <trkpt lat="45.8424200" lon="6.7001110">
    <ele>1891.6</ele>
   </trkpt>
   <trkpt lat="45.8424940" lon="6.7001780">
    <ele>1890.0</ele>
   </trkpt>
   <trkpt lat="45.8425440" lon="6.7001960">
    <ele>1889.4</ele>
   </trkpt>
   <trkpt lat="45.8425660" lon="6.7002080">
    <ele>1888.6</ele>
   </trkpt>
   <trkpt lat="45.8426230" lon="6.7002740">
    <ele>1886.8</ele>
   </trkpt>
   <trkpt lat="45.8426530" lon="6.7003100">
    <ele>1885.8</ele>
   </trkpt>
   <trkpt lat="45.8426930" lon="6.7003480">
    <ele>1885.2</ele>
   </trkpt>
   <trkpt lat="45.8427430" lon="6.7004320">
    <ele>1884.8</ele>
   </trkpt>
   <trkpt lat="45.8427670" lon="6.7004590">
    <ele>1884.4</ele>
   </trkpt>
   <trkpt lat="45.8427880" lon="6.7004920">
    <ele>1884.2</ele>
   </trkpt>
   <trkpt lat="45.8428080" lon="6.7006020">
    <ele>1883.6</ele>
   </trkpt>
   <trkpt lat="45.8428260" lon="6.7006910">
    <ele>1883.2</ele>
   </trkpt>
   <trkpt lat="45.8428420" lon="6.7007380">
    <ele>1882.8</ele>
   </trkpt>
   <trkpt lat="45.8428910" lon="6.7008910">
    <ele>1882.0</ele>
   </trkpt>
   <trkpt lat="45.8429490" lon="6.7010120">
    <ele>1880.0</ele>
   </trkpt>
   <trkpt lat="45.8429940" lon="6.7011040">
    <ele>1878.8</ele>
   </trkpt>
   <trkpt lat="45.8430170" lon="6.7011540">
    <ele>1877.4</ele>
   </trkpt>
   <trkpt lat="45.8430380" lon="6.7011790">
    <ele>1876.4</ele>
   </trkpt>
   <trkpt lat="45.8430950" lon="6.7012500">
    <ele>1875.4</ele>
   </trkpt>
   <trkpt lat="45.8431280" lon="6.7012910">
    <ele>1874.6</ele>
   </trkpt>
   <trkpt lat="45.8431530" lon="6.7013320">
    <ele>1874.2</ele>
   </trkpt>
   <trkpt lat="45.8432260" lon="6.7014270">
    <ele>1872.0</ele>
   </trkpt>
   <trkpt lat="45.8432480" lon="6.7014640">
    <ele>1871.0</ele>
   </trkpt>
   <trkpt lat="45.8433150" lon="6.7015980">
    <ele>1869.0</ele>
   </trkpt>
   <trkpt lat="45.8433930" lon="6.7016970">
    <ele>1867.2</ele>
   </trkpt>
   <trkpt lat="45.8434290" lon="6.7017470">
    <ele>1866.2</ele>
   </trkpt>
   <trkpt lat="45.8434740" lon="6.7018020">
    <ele>1865.2</ele>
   </trkpt>
   <trkpt lat="45.8435300" lon="6.7018410">
    <ele>1864.6</ele>
   </trkpt>
   <trkpt lat="45.8435980" lon="6.7019260">
    <ele>1864.2</ele>
   </trkpt>
   <trkpt lat="45.8436810" lon="6.7020720">
    <ele>1863.8</ele>
   </trkpt>
   <trkpt lat="45.8437040" lon="6.7021180">
    <ele>1863.6</ele>
   </trkpt>
   <trkpt lat="45.8437220" lon="6.7021390">
    <ele>1863.6</ele>
   </trkpt>
   <trkpt lat="45.8438360" lon="6.7023520">
    <ele>1862.8</ele>
   </trkpt>
   <trkpt lat="45.8438900" lon="6.7024320">
    <ele>1862.6</ele>
   </trkpt>
   <trkpt lat="45.8440140" lon="6.7025770">
    <ele>1861.6</ele>
   </trkpt>
   <trkpt lat="45.8440800" lon="6.7026560">
    <ele>1860.4</ele>
   </trkpt>
   <trkpt lat="45.8441500" lon="6.7027570">
    <ele>1859.0</ele>
   </trkpt>
   <trkpt lat="45.8442110" lon="6.7028360">
    <ele>1857.8</ele>
   </trkpt>
   <trkpt lat="45.8442320" lon="6.7028610">
    <ele>1857.0</ele>
   </trkpt>
   <trkpt lat="45.8442700" lon="6.7028990">
    <ele>1856.4</ele>
   </trkpt>
   <trkpt lat="45.8443020" lon="6.7029210">
    <ele>1856.0</ele>
   </trkpt>
   <trkpt lat="45.8443410" lon="6.7029490">
    <ele>1855.0</ele>
   </trkpt>
   <trkpt lat="45.8444290" lon="6.7030360">
    <ele>1853.8</ele>
   </trkpt>
   <trkpt lat="45.8445460" lon="6.7031850">
    <ele>1852.6</ele>
   </trkpt>
   <trkpt lat="45.8446550" lon="6.7033050">
    <ele>1852.8</ele>
   </trkpt>
   <trkpt lat="45.8447660" lon="6.7034000">
    <ele>1854.0</ele>
   </trkpt>
   <trkpt lat="45.8448500" lon="6.7034670">
    <ele>1854.2</ele>
   </trkpt>
   <trkpt lat="45.8450280" lon="6.7035790">
    <ele>1854.2</ele>
   </trkpt>
   <trkpt lat="45.8451000" lon="6.7036200">
    <ele>1854.2</ele>
   </trkpt>
   <trkpt lat="45.8452340" lon="6.7036610">
    <ele>1852.8</ele>
   </trkpt>
   <trkpt lat="45.8453370" lon="6.7036720">
    <ele>1852.2</ele>
   </trkpt>
   <trkpt lat="45.8454050" lon="6.7036890">
    <ele>1851.6</ele>
   </trkpt>
   <trkpt lat="45.8454750" lon="6.7037110">
    <ele>1850.4</ele>
   </trkpt>
   <trkpt lat="45.8455370" lon="6.7037470">
    <ele>1848.8</ele>
   </trkpt>
   <trkpt lat="45.8455800" lon="6.7037700">
    <ele>1847.8</ele>
   </trkpt>
   <trkpt lat="45.8456580" lon="6.7038050">
    <ele>1846.0</ele>
   </trkpt>
   <trkpt lat="45.8457260" lon="6.7038240">
    <ele>1844.6</ele>
   </trkpt>
   <trkpt lat="45.8457990" lon="6.7038260">
    <ele>1843.2</ele>
   </trkpt>
   <trkpt lat="45.8458750" lon="6.7038250">
    <ele>1841.8</ele>
   </trkpt>
   <trkpt lat="45.8459210" lon="6.7038230">
    <ele>1840.8</ele>
   </trkpt>
   <trkpt lat="45.8459600" lon="6.7038250">
    <ele>1840.0</ele>
   </trkpt>
   <trkpt lat="45.8459900" lon="6.7038340">
    <ele>1839.2</ele>
   </trkpt>
   <trkpt lat="45.8460300" lon="6.7038450">
    <ele>1837.8</ele>
   </trkpt>
   <trkpt lat="45.8460750" lon="6.7038510">
    <ele>1836.4</ele>
   </trkpt>
   <trkpt lat="45.8461030" lon="6.7038570">
    <ele>1835.0</ele>
   </trkpt>
   <trkpt lat="45.8461700" lon="6.7038940">
    <ele>1833.0</ele>
   </trkpt>
   <trkpt lat="45.8462040" lon="6.7039130">
    <ele>1831.4</ele>
   </trkpt>
   <trkpt lat="45.8462450" lon="6.7039360">
    <ele>1830.2</ele>
   </trkpt>
   <trkpt lat="45.8462740" lon="6.7039570">
    <ele>1829.0</ele>
   </trkpt>
   <trkpt lat="45.8463000" lon="6.7039710">
    <ele>1827.8</ele>
   </trkpt>
   <trkpt lat="45.8463350" lon="6.7040000">
    <ele>1826.6</ele>
   </trkpt>
   <trkpt lat="45.8463650" lon="6.7040270">
    <ele>1825.2</ele>
   </trkpt>
   <trkpt lat="45.8463920" lon="6.7040500">
    <ele>1823.6</ele>
   </trkpt>
   <trkpt lat="45.8464250" lon="6.7040780">
    <ele>1822.4</ele>
   </trkpt>
   <trkpt lat="45.8464610" lon="6.7041100">
    <ele>1821.2</ele>
   </trkpt>
   <trkpt lat="45.8465200" lon="6.7041640">
    <ele>1819.4</ele>
   </trkpt>
   <trkpt lat="45.8465470" lon="6.7041920">
    <ele>1817.8</ele>
   </trkpt>
   <trkpt lat="45.8465740" lon="6.7042150">
    <ele>1816.6</ele>
   </trkpt>
   <trkpt lat="45.8466020" lon="6.7042450">
    <ele>1815.2</ele>
   </trkpt>
   <trkpt lat="45.8466640" lon="6.7042950">
    <ele>1813.0</ele>
   </trkpt>
   <trkpt lat="45.8466840" lon="6.7043250">
    <ele>1810.8</ele>
   </trkpt>
   <trkpt lat="45.8467070" lon="6.7043560">
    <ele>1809.4</ele>
   </trkpt>
   <trkpt lat="45.8467220" lon="6.7043830">
    <ele>1808.0</ele>
   </trkpt>
   <trkpt lat="45.8467490" lon="6.7044220">
    <ele>1806.6</ele>
   </trkpt>
   <trkpt lat="45.8467710" lon="6.7044530">
    <ele>1805.4</ele>
   </trkpt>
   <trkpt lat="45.8467920" lon="6.7044860">
    <ele>1804.2</ele>
   </trkpt>
   <trkpt lat="45.8468110" lon="6.7045200">
    <ele>1802.4</ele>
   </trkpt>
   <trkpt lat="45.8468330" lon="6.7045560">
    <ele>1800.6</ele>
   </trkpt>
   <trkpt lat="45.8468600" lon="6.7045940">
    <ele>1799.4</ele>
   </trkpt>
   <trkpt lat="45.8468860" lon="6.7046330">
    <ele>1798.0</ele>
   </trkpt>
   <trkpt lat="45.8469150" lon="6.7046690">
    <ele>1796.0</ele>
   </trkpt>
   <trkpt lat="45.8469430" lon="6.7047040">
    <ele>1794.8</ele>
   </trkpt>
   <trkpt lat="45.8469740" lon="6.7047400">
    <ele>1793.4</ele>
   </trkpt>
   <trkpt lat="45.8470040" lon="6.7047730">
    <ele>1791.6</ele>
   </trkpt>
   <trkpt lat="45.8470370" lon="6.7048050">
    <ele>1790.4</ele>
   </trkpt>
   <trkpt lat="45.8470690" lon="6.7048340">
    <ele>1789.0</ele>
   </trkpt>
   <trkpt lat="45.8471010" lon="6.7048580">
    <ele>1787.6</ele>
   </trkpt>
   <trkpt lat="45.8471680" lon="6.7048900">
    <ele>1785.2</ele>
   </trkpt>
   <trkpt lat="45.8472060" lon="6.7049090">
    <ele>1784.0</ele>
   </trkpt>
   <trkpt lat="45.8472810" lon="6.7049560">
    <ele>1782.0</ele>
   </trkpt>
   <trkpt lat="45.8473130" lon="6.7049760">
    <ele>1780.8</ele>
   </trkpt>
   <trkpt lat="45.8474020" lon="6.7050260">
    <ele>1779.2</ele>
   </trkpt>
   <trkpt lat="45.8474800" lon="6.7050690">
    <ele>1777.4</ele>
   </trkpt>
   <trkpt lat="45.8475560" lon="6.7051070">
    <ele>1776.2</ele>
   </trkpt>
   <trkpt lat="45.8476330" lon="6.7051390">
    <ele>1774.4</ele>
   </trkpt>
   <trkpt lat="45.8476710" lon="6.7051510">
    <ele>1773.4</ele>
   </trkpt>
   <trkpt lat="45.8477480" lon="6.7051780">
    <ele>1771.6</ele>
   </trkpt>
   <trkpt lat="45.8477840" lon="6.7051900">
    <ele>1771.0</ele>
   </trkpt>
   <trkpt lat="45.8478200" lon="6.7052010">
    <ele>1770.2</ele>
   </trkpt>
   <trkpt lat="45.8478590" lon="6.7052200">
    <ele>1769.0</ele>
   </trkpt>
   <trkpt lat="45.8479350" lon="6.7052550">
    <ele>1767.0</ele>
   </trkpt>
   <trkpt lat="45.8480060" lon="6.7052920">
    <ele>1766.0</ele>
   </trkpt>
   <trkpt lat="45.8480740" lon="6.7053270">
    <ele>1764.8</ele>
   </trkpt>
   <trkpt lat="45.8481390" lon="6.7053650">
    <ele>1763.6</ele>
   </trkpt>
   <trkpt lat="45.8482090" lon="6.7054010">
    <ele>1762.4</ele>
   </trkpt>
   <trkpt lat="45.8482450" lon="6.7054150">
    <ele>1761.8</ele>
   </trkpt>
   <trkpt lat="45.8482810" lon="6.7054340">
    <ele>1761.2</ele>
   </trkpt>
   <trkpt lat="45.8483820" lon="6.7054950">
    <ele>1759.8</ele>
   </trkpt>
   <trkpt lat="45.8484510" lon="6.7055330">
    <ele>1759.2</ele>
   </trkpt>
   <trkpt lat="45.8484830" lon="6.7055490">
    <ele>1758.2</ele>
   </trkpt>
   <trkpt lat="45.8485570" lon="6.7055940">
    <ele>1757.0</ele>
   </trkpt>
   <trkpt lat="45.8486390" lon="6.7056410">
    <ele>1755.8</ele>
   </trkpt>
   <trkpt lat="45.8486990" lon="6.7056690">
    <ele>1754.6</ele>
   </trkpt>
   <trkpt lat="45.8487300" lon="6.7056900">
    <ele>1753.2</ele>
   </trkpt>
   <trkpt lat="45.8487890" lon="6.7057110">
    <ele>1752.0</ele>
   </trkpt>
   <trkpt lat="45.8488550" lon="6.7057350">
    <ele>1750.6</ele>
   </trkpt>
   <trkpt lat="45.8488950" lon="6.7057450">
    <ele>1749.4</ele>
   </trkpt>
   <trkpt lat="45.8489390" lon="6.7057550">
    <ele>1747.8</ele>
   </trkpt>
   <trkpt lat="45.8490260" lon="6.7057730">
    <ele>1746.0</ele>
   </trkpt>
   <trkpt lat="45.8491110" lon="6.7057900">
    <ele>1742.8</ele>
   </trkpt>
   <trkpt lat="45.8491590" lon="6.7057990">
    <ele>1741.0</ele>
   </trkpt>
   <trkpt lat="45.8492080" lon="6.7058080">
    <ele>1739.4</ele>
   </trkpt>
   <trkpt lat="45.8492570" lon="6.7058140">
    <ele>1738.0</ele>
   </trkpt>
   <trkpt lat="45.8493580" lon="6.7058240">
    <ele>1735.8</ele>
   </trkpt>
   <trkpt lat="45.8494080" lon="6.7058340">
    <ele>1734.6</ele>
   </trkpt>
   <trkpt lat="45.8494550" lon="6.7058500">
    <ele>1734.0</ele>
   </trkpt>
   <trkpt lat="45.8494990" lon="6.7058650">
    <ele>1732.2</ele>
   </trkpt>
   <trkpt lat="45.8495910" lon="6.7059030">
    <ele>1730.6</ele>
   </trkpt>
   <trkpt lat="45.8497170" lon="6.7059440">
    <ele>1729.4</ele>
   </trkpt>
   <trkpt lat="45.8497920" lon="6.7059630">
    <ele>1728.6</ele>
   </trkpt>
   <trkpt lat="45.8498260" lon="6.7059730">
    <ele>1727.8</ele>
   </trkpt>
   <trkpt lat="45.8499000" lon="6.7059860">
    <ele>1725.8</ele>
   </trkpt>
   <trkpt lat="45.8499320" lon="6.7059930">
    <ele>1724.4</ele>
   </trkpt>
   <trkpt lat="45.8500030" lon="6.7060070">
    <ele>1722.6</ele>
   </trkpt>
   <trkpt lat="45.8500370" lon="6.7060060">
    <ele>1721.4</ele>
   </trkpt>
   <trkpt lat="45.8500670" lon="6.7059980">
    <ele>1720.2</ele>
   </trkpt>
   <trkpt lat="45.8501010" lon="6.7059940">
    <ele>1719.0</ele>
   </trkpt>
   <trkpt lat="45.8501360" lon="6.7059880">
    <ele>1717.6</ele>
   </trkpt>
   <trkpt lat="45.8501690" lon="6.7059810">
    <ele>1716.4</ele>
   </trkpt>
   <trkpt lat="45.8502040" lon="6.7059770">
    <ele>1715.2</ele>
   </trkpt>
   <trkpt lat="45.8502710" lon="6.7059700">
    <ele>1713.2</ele>
   </trkpt>
   <trkpt lat="45.8503060" lon="6.7059700">
    <ele>1711.6</ele>
   </trkpt>
   <trkpt lat="45.8503420" lon="6.7059730">
    <ele>1710.0</ele>
   </trkpt>
   <trkpt lat="45.8504100" lon="6.7059860">
    <ele>1707.8</ele>
   </trkpt>
   <trkpt lat="45.8504460" lon="6.7059980">
    <ele>1706.6</ele>
   </trkpt>
   <trkpt lat="45.8504780" lon="6.7060050">
    <ele>1705.2</ele>
   </trkpt>
   <trkpt lat="45.8505110" lon="6.7060130">
    <ele>1703.4</ele>
   </trkpt>
   <trkpt lat="45.8505450" lon="6.7060210">
    <ele>1701.8</ele>
   </trkpt>
   <trkpt lat="45.8505790" lon="6.7060290">
    <ele>1700.4</ele>
   </trkpt>
   <trkpt lat="45.8506140" lon="6.7060380">
    <ele>1699.0</ele>
   </trkpt>
   <trkpt lat="45.8506500" lon="6.7060490">
    <ele>1698.0</ele>
   </trkpt>
   <trkpt lat="45.8506870" lon="6.7060630">
    <ele>1696.6</ele>
   </trkpt>
   <trkpt lat="45.8507190" lon="6.7060750">
    <ele>1695.2</ele>
   </trkpt>
   <trkpt lat="45.8507500" lon="6.7060790">
    <ele>1693.8</ele>
   </trkpt>
   <trkpt lat="45.8507830" lon="6.7060840">
    <ele>1692.2</ele>
   </trkpt>
   <trkpt lat="45.8508170" lon="6.7060910">
    <ele>1691.0</ele>
   </trkpt>
   <trkpt lat="45.8508860" lon="6.7061050">
    <ele>1689.0</ele>
   </trkpt>
   <trkpt lat="45.8509190" lon="6.7061130">
    <ele>1686.8</ele>
   </trkpt>
   <trkpt lat="45.8509520" lon="6.7061240">
    <ele>1684.6</ele>
   </trkpt>
   <trkpt lat="45.8509870" lon="6.7061260">
    <ele>1683.4</ele>
   </trkpt>
   <trkpt lat="45.8510540" lon="6.7061360">
    <ele>1681.8</ele>
   </trkpt>
   <trkpt lat="45.8510840" lon="6.7061430">
    <ele>1680.4</ele>
   </trkpt>
   <trkpt lat="45.8511470" lon="6.7061460">
    <ele>1678.4</ele>
   </trkpt>
   <trkpt lat="45.8511780" lon="6.7061430">
    <ele>1676.8</ele>
   </trkpt>
   <trkpt lat="45.8512100" lon="6.7061420">
    <ele>1675.2</ele>
   </trkpt>
   <trkpt lat="45.8512430" lon="6.7061400">
    <ele>1673.6</ele>
   </trkpt>
   <trkpt lat="45.8512770" lon="6.7061390">
    <ele>1672.0</ele>
   </trkpt>
   <trkpt lat="45.8513120" lon="6.7061400">
    <ele>1671.0</ele>
   </trkpt>
   <trkpt lat="45.8513770" lon="6.7061470">
    <ele>1669.0</ele>
   </trkpt>
   <trkpt lat="45.8514180" lon="6.7061460">
    <ele>1667.6</ele>
   </trkpt>
   <trkpt lat="45.8514500" lon="6.7061460">
    <ele>1666.2</ele>
   </trkpt>
   <trkpt lat="45.8514810" lon="6.7061500">
    <ele>1665.0</ele>
   </trkpt>
   <trkpt lat="45.8515110" lon="6.7061560">
    <ele>1663.4</ele>
   </trkpt>
   <trkpt lat="45.8515390" lon="6.7061600">
    <ele>1662.4</ele>
   </trkpt>
   <trkpt lat="45.8515680" lon="6.7061640">
    <ele>1661.8</ele>
   </trkpt>
   <trkpt lat="45.8515930" lon="6.7061720">
    <ele>1660.4</ele>
   </trkpt>
   <trkpt lat="45.8516450" lon="6.7061960">
    <ele>1658.4</ele>
   </trkpt>
   <trkpt lat="45.8516750" lon="6.7062070">
    <ele>1657.2</ele>
   </trkpt>
   <trkpt lat="45.8517090" lon="6.7062250">
    <ele>1656.2</ele>
   </trkpt>
   <trkpt lat="45.8517460" lon="6.7062440">
    <ele>1655.0</ele>
   </trkpt>
   <trkpt lat="45.8517820" lon="6.7062660">
    <ele>1653.6</ele>
   </trkpt>
   <trkpt lat="45.8518150" lon="6.7062850">
    <ele>1652.2</ele>
   </trkpt>
   <trkpt lat="45.8518790" lon="6.7063290">
    <ele>1650.4</ele>
   </trkpt>
   <trkpt lat="45.8519100" lon="6.7063500">
    <ele>1649.6</ele>
   </trkpt>
   <trkpt lat="45.8519320" lon="6.7063700">
    <ele>1648.8</ele>
   </trkpt>
   <trkpt lat="45.8519600" lon="6.7064170">
    <ele>1647.0</ele>
   </trkpt>
   <trkpt lat="45.8519690" lon="6.7064940">
    <ele>1645.6</ele>
   </trkpt>
   <trkpt lat="45.8519590" lon="6.7066320">
    <ele>1644.2</ele>
   </trkpt>
   <trkpt lat="45.8519570" lon="6.7067830">
    <ele>1643.6</ele>
   </trkpt>
   <trkpt lat="45.8520320" lon="6.7069480">
    <ele>1643.0</ele>
   </trkpt>
   <trkpt lat="45.8521620" lon="6.7070280">
    <ele>1641.8</ele>
   </trkpt>
   <trkpt lat="45.8521960" lon="6.7070410">
    <ele>1640.8</ele>
   </trkpt>
   <trkpt lat="45.8522300" lon="6.7070560">
    <ele>1640.2</ele>
   </trkpt>
   <trkpt lat="45.8522690" lon="6.7070640">
    <ele>1639.8</ele>
   </trkpt>
   <trkpt lat="45.8523820" lon="6.7070410">
    <ele>1638.4</ele>
   </trkpt>
   <trkpt lat="45.8524220" lon="6.7070240">
    <ele>1637.8</ele>
   </trkpt>
   <trkpt lat="45.8524560" lon="6.7070030">
    <ele>1636.8</ele>
   </trkpt>
   <trkpt lat="45.8525140" lon="6.7069550">
    <ele>1635.8</ele>
   </trkpt>
   <trkpt lat="45.8525760" lon="6.7068780">
    <ele>1634.4</ele>
   </trkpt>
   <trkpt lat="45.8526060" lon="6.7068200">
    <ele>1633.6</ele>
   </trkpt>
   <trkpt lat="45.8526310" lon="6.7067680">
    <ele>1632.8</ele>
   </trkpt>
   <trkpt lat="45.8526750" lon="6.7066670">
    <ele>1631.2</ele>
   </trkpt>
   <trkpt lat="45.8527060" lon="6.7066310">
    <ele>1630.2</ele>
   </trkpt>
   <trkpt lat="45.8527410" lon="6.7066100">
    <ele>1629.6</ele>
   </trkpt>
   <trkpt lat="45.8527680" lon="6.7066100">
    <ele>1628.8</ele>
   </trkpt>
   <trkpt lat="45.8527950" lon="6.7066310">
    <ele>1628.0</ele>
   </trkpt>
   <trkpt lat="45.8528110" lon="6.7066600">
    <ele>1627.4</ele>
   </trkpt>
   <trkpt lat="45.8528220" lon="6.7068260">
    <ele>1625.6</ele>
   </trkpt>
   <trkpt lat="45.8528260" lon="6.7069020">
    <ele>1625.0</ele>
   </trkpt>
   <trkpt lat="45.8528150" lon="6.7069580">
    <ele>1623.8</ele>
   </trkpt>
   <trkpt lat="45.8527780" lon="6.7070800">
    <ele>1622.4</ele>
   </trkpt>
   <trkpt lat="45.8527500" lon="6.7071900">
    <ele>1621.0</ele>
   </trkpt>
   <trkpt lat="45.8527340" lon="6.7072450">
    <ele>1620.4</ele>
   </trkpt>
   <trkpt lat="45.8527130" lon="6.7072910">
    <ele>1619.8</ele>
   </trkpt>
   <trkpt lat="45.8526790" lon="6.7073920">
    <ele>1618.4</ele>
   </trkpt>
   <trkpt lat="45.8526860" lon="6.7074360">
    <ele>1617.2</ele>
   </trkpt>
   <trkpt lat="45.8527380" lon="6.7074840">
    <ele>1615.6</ele>
   </trkpt>
   <trkpt lat="45.8527790" lon="6.7074830">
    <ele>1614.8</ele>
   </trkpt>
   <trkpt lat="45.8528180" lon="6.7074730">
    <ele>1614.2</ele>
   </trkpt>
   <trkpt lat="45.8528990" lon="6.7074520">
    <ele>1612.8</ele>
   </trkpt>
   <trkpt lat="45.8529790" lon="6.7074570">
    <ele>1611.8</ele>
   </trkpt>
   <trkpt lat="45.8530900" lon="6.7074870">
    <ele>1610.0</ele>
   </trkpt>
   <trkpt lat="45.8532190" lon="6.7074960">
    <ele>1608.4</ele>
   </trkpt>
   <trkpt lat="45.8532590" lon="6.7074770">
    <ele>1608.0</ele>
   </trkpt>
   <trkpt lat="45.8532960" lon="6.7074440">
    <ele>1607.4</ele>
   </trkpt>
   <trkpt lat="45.8533680" lon="6.7073640">
    <ele>1606.0</ele>
   </trkpt>
   <trkpt lat="45.8534010" lon="6.7073240">
    <ele>1605.4</ele>
   </trkpt>
   <trkpt lat="45.8534280" lon="6.7072940">
    <ele>1604.8</ele>
   </trkpt>
   <trkpt lat="45.8534730" lon="6.7072550">
    <ele>1603.6</ele>
   </trkpt>
   <trkpt lat="45.8535380" lon="6.7072030">
    <ele>1602.0</ele>
   </trkpt>
   <trkpt lat="45.8536220" lon="6.7071590">
    <ele>1601.4</ele>
   </trkpt>
   <trkpt lat="45.8536980" lon="6.7071220">
    <ele>1600.6</ele>
   </trkpt>
   <trkpt lat="45.8538050" lon="6.7070650">
    <ele>1599.4</ele>
   </trkpt>
   <trkpt lat="45.8539210" lon="6.7070070">
    <ele>1598.0</ele>
   </trkpt>
   <trkpt lat="45.8540030" lon="6.7069710">
    <ele>1596.8</ele>
   </trkpt>
   <trkpt lat="45.8540840" lon="6.7069270">
    <ele>1595.4</ele>
   </trkpt>
   <trkpt lat="45.8541580" lon="6.7068720">
    <ele>1594.0</ele>
   </trkpt>
   <trkpt lat="45.8541940" lon="6.7068360">
    <ele>1593.0</ele>
   </trkpt>
   <trkpt lat="45.8542330" lon="6.7067970">
    <ele>1591.8</ele>
   </trkpt>
   <trkpt lat="45.8542670" lon="6.7067540">
    <ele>1591.0</ele>
   </trkpt>
   <trkpt lat="45.8542950" lon="6.7067050">
    <ele>1589.6</ele>
   </trkpt>
   <trkpt lat="45.8543340" lon="6.7066010">
    <ele>1588.2</ele>
   </trkpt>
   <trkpt lat="45.8543410" lon="6.7065460">
    <ele>1587.8</ele>
   </trkpt>
   <trkpt lat="45.8543470" lon="6.7064360">
    <ele>1587.2</ele>
   </trkpt>
   <trkpt lat="45.8543450" lon="6.7063820">
    <ele>1587.0</ele>
   </trkpt>
   <trkpt lat="45.8543360" lon="6.7062610">
    <ele>1586.0</ele>
   </trkpt>
   <trkpt lat="45.8543680" lon="6.7061910">
    <ele>1584.6</ele>
   </trkpt>
   <trkpt lat="45.8543880" lon="6.7061850">
    <ele>1583.8</ele>
   </trkpt>
   <trkpt lat="45.8544110" lon="6.7061950">
    <ele>1583.2</ele>
   </trkpt>
   <trkpt lat="45.8544280" lon="6.7062210">
    <ele>1582.6</ele>
   </trkpt>
   <trkpt lat="45.8544540" lon="6.7062600">
    <ele>1582.0</ele>
   </trkpt>
   <trkpt lat="45.8544850" lon="6.7063120">
    <ele>1581.4</ele>
   </trkpt>
   <trkpt lat="45.8545190" lon="6.7063690">
    <ele>1581.0</ele>
   </trkpt>
   <trkpt lat="45.8545810" lon="6.7064750">
    <ele>1580.0</ele>
   </trkpt>
   <trkpt lat="45.8546070" lon="6.7065300">
    <ele>1579.6</ele>
   </trkpt>
   <trkpt lat="45.8546400" lon="6.7066420">
    <ele>1578.8</ele>
   </trkpt>
   <trkpt lat="45.8546390" lon="6.7068150">
    <ele>1577.4</ele>
   </trkpt>
   <trkpt lat="45.8546290" lon="6.7068710">
    <ele>1577.0</ele>
   </trkpt>
   <trkpt lat="45.8546180" lon="6.7069310">
    <ele>1576.6</ele>
   </trkpt>
   <trkpt lat="45.8546190" lon="6.7069720">
    <ele>1576.2</ele>
   </trkpt>
   <trkpt lat="45.8546400" lon="6.7070210">
    <ele>1575.6</ele>
   </trkpt>
   <trkpt lat="45.8546760" lon="6.7070280">
    <ele>1575.0</ele>
   </trkpt>
   <trkpt lat="45.8547530" lon="6.7069920">
    <ele>1573.2</ele>
   </trkpt>
   <trkpt lat="45.8548440" lon="6.7069380">
    <ele>1571.8</ele>
   </trkpt>
   <trkpt lat="45.8549480" lon="6.7068850">
    <ele>1570.8</ele>
   </trkpt>
   <trkpt lat="45.8550470" lon="6.7068870">
    <ele>1570.0</ele>
   </trkpt>
   <trkpt lat="45.8550880" lon="6.7068900">
    <ele>1569.4</ele>
   </trkpt>
   <trkpt lat="45.8551310" lon="6.7068950">
    <ele>1569.0</ele>
   </trkpt>
   <trkpt lat="45.8551660" lon="6.7068990">
    <ele>1568.6</ele>
   </trkpt>
   <trkpt lat="45.8552000" lon="6.7069090">
    <ele>1568.4</ele>
   </trkpt>
   <trkpt lat="45.8553860" lon="6.7069900">
    <ele>1567.6</ele>
   </trkpt>
   <trkpt lat="45.8555080" lon="6.7070400">
    <ele>1567.4</ele>
   </trkpt>
   <trkpt lat="45.8556720" lon="6.7071240">
    <ele>1566.2</ele>
   </trkpt>
   <trkpt lat="45.8557080" lon="6.7071600">
    <ele>1566.0</ele>
   </trkpt>
   <trkpt lat="45.8557690" lon="6.7073240">
    <ele>1564.8</ele>
   </trkpt>
   <trkpt lat="45.8557580" lon="6.7073710">
    <ele>1564.4</ele>
   </trkpt>
   <trkpt lat="45.8557210" lon="6.7074480">
    <ele>1563.4</ele>
   </trkpt>
   <trkpt lat="45.8555690" lon="6.7076040">
    <ele>1562.2</ele>
   </trkpt>
   <trkpt lat="45.8555330" lon="6.7076260">
    <ele>1562.0</ele>
   </trkpt>
   <trkpt lat="45.8553660" lon="6.7076880">
    <ele>1561.2</ele>
   </trkpt>
   <trkpt lat="45.8552820" lon="6.7077140">
    <ele>1559.6</ele>
   </trkpt>
   <trkpt lat="45.8552490" lon="6.7077260">
    <ele>1559.0</ele>
   </trkpt>
   <trkpt lat="45.8552080" lon="6.7077480">
    <ele>1558.4</ele>
   </trkpt>
   <trkpt lat="45.8550920" lon="6.7077920">
    <ele>1557.2</ele>
   </trkpt>
   <trkpt lat="45.8550120" lon="6.7078330">
    <ele>1556.2</ele>
   </trkpt>
   <trkpt lat="45.8549700" lon="6.7078580">
    <ele>1555.8</ele>
   </trkpt>
   <trkpt lat="45.8548550" lon="6.7079410">
    <ele>1554.6</ele>
   </trkpt>
   <trkpt lat="45.8548270" lon="6.7079800">
    <ele>1554.4</ele>
   </trkpt>
   <trkpt lat="45.8547770" lon="6.7080550">
    <ele>1553.8</ele>
   </trkpt>
   <trkpt lat="45.8547670" lon="6.7080880">
    <ele>1553.6</ele>
   </trkpt>
   <trkpt lat="45.8547580" lon="6.7081680">
    <ele>1552.8</ele>
   </trkpt>
   <trkpt lat="45.8547560" lon="6.7082170">
    <ele>1552.6</ele>
   </trkpt>
   <trkpt lat="45.8547480" lon="6.7082680">
    <ele>1551.6</ele>
   </trkpt>
   <trkpt lat="45.8547180" lon="6.7083620">
    <ele>1550.4</ele>
   </trkpt>
   <trkpt lat="45.8547040" lon="6.7084100">
    <ele>1549.8</ele>
   </trkpt>
   <trkpt lat="45.8546950" lon="6.7084640">
    <ele>1549.2</ele>
   </trkpt>
   <trkpt lat="45.8546400" lon="6.7086080">
    <ele>1547.2</ele>
   </trkpt>
   <trkpt lat="45.8546090" lon="6.7086560">
    <ele>1546.2</ele>
   </trkpt>
   <trkpt lat="45.8545770" lon="6.7086980">
    <ele>1545.2</ele>
   </trkpt>
   <trkpt lat="45.8545510" lon="6.7087380">
    <ele>1544.0</ele>
   </trkpt>
   <trkpt lat="45.8545020" lon="6.7088200">
    <ele>1542.8</ele>
   </trkpt>
   <trkpt lat="45.8544570" lon="6.7089060">
    <ele>1541.8</ele>
   </trkpt>
   <trkpt lat="45.8544160" lon="6.7089950">
    <ele>1540.0</ele>
   </trkpt>
   <trkpt lat="45.8543950" lon="6.7090410">
    <ele>1539.4</ele>
   </trkpt>
   <trkpt lat="45.8543720" lon="6.7090830">
    <ele>1538.4</ele>
   </trkpt>
   <trkpt lat="45.8543220" lon="6.7091570">
    <ele>1536.8</ele>
   </trkpt>
   <trkpt lat="45.8542650" lon="6.7092380">
    <ele>1535.4</ele>
   </trkpt>
   <trkpt lat="45.8542100" lon="6.7093210">
    <ele>1534.4</ele>
   </trkpt>
   <trkpt lat="45.8541810" lon="6.7093600">
    <ele>1534.0</ele>
   </trkpt>
   <trkpt lat="45.8541340" lon="6.7094540">
    <ele>1532.0</ele>
   </trkpt>
   <trkpt lat="45.8540930" lon="6.7095390">
    <ele>1530.2</ele>
   </trkpt>
   <trkpt lat="45.8540850" lon="6.7095940">
    <ele>1528.8</ele>
   </trkpt>
   <trkpt lat="45.8540710" lon="6.7096470">
    <ele>1528.0</ele>
   </trkpt>
   <trkpt lat="45.8540560" lon="6.7096990">
    <ele>1527.4</ele>
   </trkpt>
   <trkpt lat="45.8540240" lon="6.7098110">
    <ele>1525.4</ele>
   </trkpt>
   <trkpt lat="45.8540090" lon="6.7098640">
    <ele>1524.0</ele>
   </trkpt>
   <trkpt lat="45.8539920" lon="6.7099150">
    <ele>1522.6</ele>
   </trkpt>
   <trkpt lat="45.8539550" lon="6.7100280">
    <ele>1520.8</ele>
   </trkpt>
   <trkpt lat="45.8539300" lon="6.7100790">
    <ele>1519.6</ele>
   </trkpt>
   <trkpt lat="45.8539090" lon="6.7101380">
    <ele>1518.2</ele>
   </trkpt>
   <trkpt lat="45.8538920" lon="6.7101940">
    <ele>1516.6</ele>
   </trkpt>
   <trkpt lat="45.8538520" lon="6.7103160">
    <ele>1515.2</ele>
   </trkpt>
   <trkpt lat="45.8538360" lon="6.7103780">
    <ele>1513.6</ele>
   </trkpt>
   <trkpt lat="45.8538140" lon="6.7104380">
    <ele>1511.8</ele>
   </trkpt>
   <trkpt lat="45.8537960" lon="6.7105030">
    <ele>1510.4</ele>
   </trkpt>
   <trkpt lat="45.8537790" lon="6.7105610">
    <ele>1508.8</ele>
   </trkpt>
   <trkpt lat="45.8537620" lon="6.7106160">
    <ele>1507.2</ele>
   </trkpt>
   <trkpt lat="45.8537430" lon="6.7106740">
    <ele>1506.0</ele>
   </trkpt>
   <trkpt lat="45.8537300" lon="6.7107370">
    <ele>1504.8</ele>
   </trkpt>
   <trkpt lat="45.8537170" lon="6.7108010">
    <ele>1503.0</ele>
   </trkpt>
   <trkpt lat="45.8537040" lon="6.7108610">
    <ele>1501.6</ele>
   </trkpt>
   <trkpt lat="45.8536750" lon="6.7109660">
    <ele>1499.8</ele>
   </trkpt>
   <trkpt lat="45.8536600" lon="6.7110130">
    <ele>1498.6</ele>
   </trkpt>
   <trkpt lat="45.8536440" lon="6.7110650">
    <ele>1497.8</ele>
   </trkpt>
   <trkpt lat="45.8536260" lon="6.7111140">
    <ele>1496.6</ele>
   </trkpt>
   <trkpt lat="45.8536040" lon="6.7111570">
    <ele>1495.6</ele>
   </trkpt>
   <trkpt lat="45.8535620" lon="6.7112480">
    <ele>1493.4</ele>
   </trkpt>
   <trkpt lat="45.8535260" lon="6.7113560">
    <ele>1492.0</ele>
   </trkpt>
   <trkpt lat="45.8534930" lon="6.7114660">
    <ele>1490.4</ele>
   </trkpt>
   <trkpt lat="45.8534490" lon="6.7115760">
    <ele>1488.8</ele>
   </trkpt>
   <trkpt lat="45.8534180" lon="6.7116910">
    <ele>1487.6</ele>
   </trkpt>
   <trkpt lat="45.8533970" lon="6.7117460">
    <ele>1486.6</ele>
   </trkpt>
   <trkpt lat="45.8533740" lon="6.7118000">
    <ele>1486.0</ele>
   </trkpt>
   <trkpt lat="45.8533240" lon="6.7119600">
    <ele>1484.6</ele>
   </trkpt>
   <trkpt lat="45.8533060" lon="6.7120770">
    <ele>1483.6</ele>
   </trkpt>
   <trkpt lat="45.8532990" lon="6.7121190">
    <ele>1483.2</ele>
   </trkpt>
   <trkpt lat="45.8532640" lon="6.7121320">
    <ele>1483.0</ele>
   </trkpt>
   <trkpt lat="45.8532370" lon="6.7121880">
    <ele>1482.8</ele>
   </trkpt>
   <trkpt lat="45.8532020" lon="6.7123540">
    <ele>1482.0</ele>
   </trkpt>
   <trkpt lat="45.8531860" lon="6.7124370">
    <ele>1480.6</ele>
   </trkpt>
   <trkpt lat="45.8531750" lon="6.7125310">
    <ele>1478.6</ele>
   </trkpt>
   <trkpt lat="45.8531730" lon="6.7126390">
    <ele>1477.0</ele>
   </trkpt>
   <trkpt lat="45.8531750" lon="6.7126940">
    <ele>1476.0</ele>
   </trkpt>
   <trkpt lat="45.8531880" lon="6.7127480">
    <ele>1475.2</ele>
   </trkpt>
   <trkpt lat="45.8532000" lon="6.7128040">
    <ele>1474.6</ele>
   </trkpt>
   <trkpt lat="45.8532350" lon="6.7129140">
    <ele>1472.6</ele>
   </trkpt>
   <trkpt lat="45.8532510" lon="6.7129660">
    <ele>1471.4</ele>
   </trkpt>
   <trkpt lat="45.8532670" lon="6.7130180">
    <ele>1469.8</ele>
   </trkpt>
   <trkpt lat="45.8532960" lon="6.7131240">
    <ele>1468.0</ele>
   </trkpt>
   <trkpt lat="45.8533340" lon="6.7132070">
    <ele>1466.6</ele>
   </trkpt>
   <trkpt lat="45.8533490" lon="6.7132490">
    <ele>1466.0</ele>
   </trkpt>
   <trkpt lat="45.8533600" lon="6.7132920">
    <ele>1465.6</ele>
   </trkpt>
   <trkpt lat="45.8533760" lon="6.7134500">
    <ele>1464.4</ele>
   </trkpt>
   <trkpt lat="45.8533780" lon="6.7135690">
    <ele>1463.6</ele>
   </trkpt>
   <trkpt lat="45.8533790" lon="6.7136290">
    <ele>1463.2</ele>
   </trkpt>
   <trkpt lat="45.8533900" lon="6.7137440">
    <ele>1461.6</ele>
   </trkpt>
   <trkpt lat="45.8534130" lon="6.7138600">
    <ele>1460.0</ele>
   </trkpt>
   <trkpt lat="45.8534420" lon="6.7139720">
    <ele>1459.0</ele>
   </trkpt>
   <trkpt lat="45.8534900" lon="6.7141920">
    <ele>1457.8</ele>
   </trkpt>
   <trkpt lat="45.8535020" lon="6.7143440">
    <ele>1457.0</ele>
   </trkpt>
   <trkpt lat="45.8535040" lon="6.7143970">
    <ele>1456.6</ele>
   </trkpt>
   <trkpt lat="45.8535110" lon="6.7146260">
    <ele>1455.6</ele>
   </trkpt>
   <trkpt lat="45.8535240" lon="6.7147450">
    <ele>1454.6</ele>
   </trkpt>
   <trkpt lat="45.8535300" lon="6.7148010">
    <ele>1454.0</ele>
   </trkpt>
   <trkpt lat="45.8535480" lon="6.7148520">
    <ele>1453.4</ele>
   </trkpt>
   <trkpt lat="45.8536360" lon="6.7149580">
    <ele>1452.0</ele>
   </trkpt>
   <trkpt lat="45.8537110" lon="6.7149870">
    <ele>1450.6</ele>
   </trkpt>
   <trkpt lat="45.8537900" lon="6.7150110">
    <ele>1449.4</ele>
   </trkpt>
   <trkpt lat="45.8538620" lon="6.7150290">
    <ele>1447.8</ele>
   </trkpt>
   <trkpt lat="45.8538980" lon="6.7150380">
    <ele>1447.2</ele>
   </trkpt>
   <trkpt lat="45.8539310" lon="6.7150540">
    <ele>1446.6</ele>
   </trkpt>
   <trkpt lat="45.8539990" lon="6.7150760">
    <ele>1445.4</ele>
   </trkpt>
   <trkpt lat="45.8540320" lon="6.7150840">
    <ele>1444.2</ele>
   </trkpt>
   <trkpt lat="45.8541030" lon="6.7150960">
    <ele>1442.8</ele>
   </trkpt>
   <trkpt lat="45.8541370" lon="6.7151130">
    <ele>1442.4</ele>
   </trkpt>
   <trkpt lat="45.8542110" lon="6.7151650">
    <ele>1441.4</ele>
   </trkpt>
   <trkpt lat="45.8543280" lon="6.7153180">
    <ele>1440.2</ele>
   </trkpt>
   <trkpt lat="45.8543920" lon="6.7155460">
    <ele>1439.2</ele>
   </trkpt>
   <trkpt lat="45.8543800" lon="6.7155960">
    <ele>1438.8</ele>
   </trkpt>
   <trkpt lat="45.8543490" lon="6.7156990">
    <ele>1438.0</ele>
   </trkpt>
   <trkpt lat="45.8542920" lon="6.7158060">
    <ele>1436.8</ele>
   </trkpt>
   <trkpt lat="45.8542320" lon="6.7159010">
    <ele>1435.4</ele>
   </trkpt>
   <trkpt lat="45.8541830" lon="6.7159930">
    <ele>1434.2</ele>
   </trkpt>
   <trkpt lat="45.8541420" lon="6.7160790">
    <ele>1432.6</ele>
   </trkpt>
   <trkpt lat="45.8541300" lon="6.7161770">
    <ele>1430.6</ele>
   </trkpt>
   <trkpt lat="45.8541640" lon="6.7162530">
    <ele>1429.0</ele>
   </trkpt>
   <trkpt lat="45.8541850" lon="6.7162730">
    <ele>1428.4</ele>
   </trkpt>
   <trkpt lat="45.8542070" lon="6.7162950">
    <ele>1427.8</ele>
   </trkpt>
   <trkpt lat="45.8542280" lon="6.7163240">
    <ele>1426.6</ele>
   </trkpt>
   <trkpt lat="45.8542510" lon="6.7163480">
    <ele>1425.6</ele>
   </trkpt>
   <trkpt lat="45.8542670" lon="6.7163730">
    <ele>1424.2</ele>
   </trkpt>
   <trkpt lat="45.8542760" lon="6.7163930">
    <ele>1422.8</ele>
   </trkpt>
   <trkpt lat="45.8542800" lon="6.7164240">
    <ele>1421.8</ele>
   </trkpt>
   <trkpt lat="45.8542690" lon="6.7164430">
    <ele>1420.8</ele>
   </trkpt>
   <trkpt lat="45.8542150" lon="6.7164610">
    <ele>1419.2</ele>
   </trkpt>
   <trkpt lat="45.8541780" lon="6.7164630">
    <ele>1418.0</ele>
   </trkpt>
   <trkpt lat="45.8540960" lon="6.7164590">
    <ele>1416.6</ele>
   </trkpt>
   <trkpt lat="45.8540610" lon="6.7164570">
    <ele>1416.0</ele>
   </trkpt>
   <trkpt lat="45.8540350" lon="6.7164460">
    <ele>1414.8</ele>
   </trkpt>
   <trkpt lat="45.8540080" lon="6.7164510">
    <ele>1413.6</ele>
   </trkpt>
   <trkpt lat="45.8539770" lon="6.7164570">
    <ele>1412.4</ele>
   </trkpt>
   <trkpt lat="45.8539250" lon="6.7164790">
    <ele>1411.0</ele>
   </trkpt>
   <trkpt lat="45.8538970" lon="6.7164940">
    <ele>1410.4</ele>
   </trkpt>
   <trkpt lat="45.8538640" lon="6.7165010">
    <ele>1409.6</ele>
   </trkpt>
   <trkpt lat="45.8538160" lon="6.7165000">
    <ele>1408.2</ele>
   </trkpt>
   <trkpt lat="45.8537710" lon="6.7164990">
    <ele>1406.8</ele>
   </trkpt>
   <trkpt lat="45.8537210" lon="6.7164880">
    <ele>1405.6</ele>
   </trkpt>
   <trkpt lat="45.8536230" lon="6.7164960">
    <ele>1404.2</ele>
   </trkpt>
   <trkpt lat="45.8535800" lon="6.7165150">
    <ele>1402.2</ele>
   </trkpt>
   <trkpt lat="45.8535330" lon="6.7165370">
    <ele>1401.2</ele>
   </trkpt>
   <trkpt lat="45.8534440" lon="6.7165460">
    <ele>1400.0</ele>
   </trkpt>
   <trkpt lat="45.8534010" lon="6.7165480">
    <ele>1399.4</ele>
   </trkpt>
   <trkpt lat="45.8533580" lon="6.7165530">
    <ele>1398.6</ele>
   </trkpt>
   <trkpt lat="45.8532660" lon="6.7165630">
    <ele>1397.4</ele>
   </trkpt>
   <trkpt lat="45.8531870" lon="6.7165770">
    <ele>1396.4</ele>
   </trkpt>
   <trkpt lat="45.8531160" lon="6.7166000">
    <ele>1395.6</ele>
   </trkpt>
   <trkpt lat="45.8530580" lon="6.7166170">
    <ele>1395.2</ele>
   </trkpt>
   <trkpt lat="45.8530210" lon="6.7166850">
    <ele>1394.4</ele>
   </trkpt>
   <trkpt lat="45.8530060" lon="6.7167130">
    <ele>1393.6</ele>
   </trkpt>
   <trkpt lat="45.8530130" lon="6.7167490">
    <ele>1392.6</ele>
   </trkpt>
   <trkpt lat="45.8530630" lon="6.7168740">
    <ele>1390.8</ele>
   </trkpt>
   <trkpt lat="45.8531160" lon="6.7169230">
    <ele>1389.6</ele>
   </trkpt>
   <trkpt lat="45.8531790" lon="6.7169510">
    <ele>1387.8</ele>
   </trkpt>
   <trkpt lat="45.8532140" lon="6.7169730">
    <ele>1386.8</ele>
   </trkpt>
   <trkpt lat="45.8532900" lon="6.7170170">
    <ele>1385.4</ele>
   </trkpt>
   <trkpt lat="45.8533400" lon="6.7170940">
    <ele>1384.2</ele>
   </trkpt>
   <trkpt lat="45.8533590" lon="6.7171250">
    <ele>1383.2</ele>
   </trkpt>
   <trkpt lat="45.8533680" lon="6.7171440">
    <ele>1382.4</ele>
   </trkpt>
   <trkpt lat="45.8533620" lon="6.7171840">
    <ele>1381.2</ele>
   </trkpt>
   <trkpt lat="45.8533310" lon="6.7172280">
    <ele>1379.8</ele>
   </trkpt>
   <trkpt lat="45.8532940" lon="6.7172910">
    <ele>1377.8</ele>
   </trkpt>
   <trkpt lat="45.8532860" lon="6.7173260">
    <ele>1376.6</ele>
   </trkpt>
   <trkpt lat="45.8532640" lon="6.7173740">
    <ele>1374.4</ele>
   </trkpt>
   <trkpt lat="45.8532520" lon="6.7174060">
    <ele>1373.0</ele>
   </trkpt>
   <trkpt lat="45.8532380" lon="6.7174340">
    <ele>1371.8</ele>
   </trkpt>
   <trkpt lat="45.8531960" lon="6.7174610">
    <ele>1370.4</ele>
   </trkpt>
   <trkpt lat="45.8531630" lon="6.7174610">
    <ele>1370.0</ele>
   </trkpt>
   <trkpt lat="45.8531300" lon="6.7174640">
    <ele>1369.6</ele>
   </trkpt>
   <trkpt lat="45.8530960" lon="6.7174750">
    <ele>1368.8</ele>
   </trkpt>
   <trkpt lat="45.8530370" lon="6.7175460">
    <ele>1367.4</ele>
   </trkpt>
   <trkpt lat="45.8530100" lon="6.7175770">
    <ele>1366.6</ele>
   </trkpt>
   <trkpt lat="45.8529850" lon="6.7176080">
    <ele>1365.8</ele>
   </trkpt>
   <trkpt lat="45.8529170" lon="6.7176480">
    <ele>1364.2</ele>
   </trkpt>
   <trkpt lat="45.8528570" lon="6.7176630">
    <ele>1363.2</ele>
   </trkpt>
   <trkpt lat="45.8527500" lon="6.7177040">
    <ele>1361.4</ele>
   </trkpt>
   <trkpt lat="45.8526870" lon="6.7177770">
    <ele>1360.2</ele>
   </trkpt>
   <trkpt lat="45.8526620" lon="6.7178090">
    <ele>1359.0</ele>
   </trkpt>
   <trkpt lat="45.8526460" lon="6.7178540">
    <ele>1358.2</ele>
   </trkpt>
   <trkpt lat="45.8526470" lon="6.7179050">
    <ele>1357.6</ele>
   </trkpt>
   <trkpt lat="45.8526520" lon="6.7179490">
    <ele>1356.4</ele>
   </trkpt>
   <trkpt lat="45.8526530" lon="6.7179870">
    <ele>1355.6</ele>
   </trkpt>
   <trkpt lat="45.8526440" lon="6.7180180">
    <ele>1354.2</ele>
   </trkpt>
   <trkpt lat="45.8526050" lon="6.7180620">
    <ele>1352.8</ele>
   </trkpt>
   <trkpt lat="45.8525530" lon="6.7180900">
    <ele>1351.8</ele>
   </trkpt>
   <trkpt lat="45.8524230" lon="6.7181290">
    <ele>1350.2</ele>
   </trkpt>
   <trkpt lat="45.8523480" lon="6.7181490">
    <ele>1348.6</ele>
   </trkpt>
   <trkpt lat="45.8522540" lon="6.7181610">
    <ele>1347.4</ele>
   </trkpt>
   <trkpt lat="45.8521040" lon="6.7181940">
    <ele>1346.2</ele>
   </trkpt>
   <trkpt lat="45.8520760" lon="6.7182110">
    <ele>1346.0</ele>
   </trkpt>
   <trkpt lat="45.8519750" lon="6.7182690">
    <ele>1345.0</ele>
   </trkpt>
   <trkpt lat="45.8518970" lon="6.7183520">
    <ele>1343.8</ele>
   </trkpt>
   <trkpt lat="45.8518540" lon="6.7184660">
    <ele>1342.4</ele>
   </trkpt>
   <trkpt lat="45.8518210" lon="6.7185040">
    <ele>1341.2</ele>
   </trkpt>
   <trkpt lat="45.8517820" lon="6.7185370">
    <ele>1340.0</ele>
   </trkpt>
   <trkpt lat="45.8517360" lon="6.7185640">
    <ele>1339.2</ele>
   </trkpt>
   <trkpt lat="45.8516960" lon="6.7185930">
    <ele>1338.6</ele>
   </trkpt>
   <trkpt lat="45.8516170" lon="6.7186520">
    <ele>1337.0</ele>
   </trkpt>
   <trkpt lat="45.8515500" lon="6.7186800">
    <ele>1335.6</ele>
   </trkpt>
   <trkpt lat="45.8515160" lon="6.7186980">
    <ele>1334.4</ele>
   </trkpt>
   <trkpt lat="45.8514550" lon="6.7187430">
    <ele>1332.8</ele>
   </trkpt>
   <trkpt lat="45.8514300" lon="6.7187670">
    <ele>1331.6</ele>
   </trkpt>
   <trkpt lat="45.8513750" lon="6.7188400">
    <ele>1330.2</ele>
   </trkpt>
   <trkpt lat="45.8513490" lon="6.7188880">
    <ele>1328.8</ele>
   </trkpt>
   <trkpt lat="45.8513020" lon="6.7189790">
    <ele>1327.2</ele>
   </trkpt>
   <trkpt lat="45.8512530" lon="6.7190450">
    <ele>1326.0</ele>
   </trkpt>
   <trkpt lat="45.8512270" lon="6.7190760">
    <ele>1325.2</ele>
   </trkpt>
   <trkpt lat="45.8512150" lon="6.7191080">
    <ele>1323.8</ele>
   </trkpt>
   <trkpt lat="45.8512110" lon="6.7191580">
    <ele>1322.8</ele>
   </trkpt>
   <trkpt lat="45.8512340" lon="6.7191690">
    <ele>1322.0</ele>
   </trkpt>
   <trkpt lat="45.8512880" lon="6.7192000">
    <ele>1320.8</ele>
   </trkpt>
   <trkpt lat="45.8512970" lon="6.7192180">
    <ele>1320.2</ele>
   </trkpt>
   <trkpt lat="45.8512730" lon="6.7192210">
    <ele>1319.6</ele>
   </trkpt>
   <trkpt lat="45.8512100" lon="6.7192320">
    <ele>1318.8</ele>
   </trkpt>
   <trkpt lat="45.8511650" lon="6.7192520">
    <ele>1318.4</ele>
   </trkpt>
   <trkpt lat="45.8510810" lon="6.7192740">
    <ele>1317.2</ele>
   </trkpt>
   <trkpt lat="45.8510710" lon="6.7192920">
    <ele>1317.0</ele>
   </trkpt>
   <trkpt lat="45.8511050" lon="6.7193150">
    <ele>1316.4</ele>
   </trkpt>
   <trkpt lat="45.8511300" lon="6.7193380">
    <ele>1315.4</ele>
   </trkpt>
   <trkpt lat="45.8511770" lon="6.7193990">
    <ele>1313.8</ele>
   </trkpt>
   <trkpt lat="45.8511960" lon="6.7194360">
    <ele>1312.8</ele>
   </trkpt>
   <trkpt lat="45.8512160" lon="6.7194770">
    <ele>1311.6</ele>
   </trkpt>
   <trkpt lat="45.8512410" lon="6.7195070">
    <ele>1310.4</ele>
   </trkpt>
   <trkpt lat="45.8512700" lon="6.7195260">
    <ele>1309.4</ele>
   </trkpt>
   <trkpt lat="45.8513040" lon="6.7195400">
    <ele>1308.2</ele>
   </trkpt>
   <trkpt lat="45.8513700" lon="6.7195500">
    <ele>1306.8</ele>
   </trkpt>
   <trkpt lat="45.8514460" lon="6.7195600">
    <ele>1305.2</ele>
   </trkpt>
   <trkpt lat="45.8515110" lon="6.7195960">
    <ele>1303.2</ele>
   </trkpt>
   <trkpt lat="45.8515690" lon="6.7196540">
    <ele>1301.4</ele>
   </trkpt>
   <trkpt lat="45.8515930" lon="6.7196800">
    <ele>1300.8</ele>
   </trkpt>
   <trkpt lat="45.8516120" lon="6.7197120">
    <ele>1300.2</ele>
   </trkpt>
   <trkpt lat="45.8516500" lon="6.7197860">
    <ele>1298.2</ele>
   </trkpt>
   <trkpt lat="45.8516690" lon="6.7198170">
    <ele>1297.0</ele>
   </trkpt>
   <trkpt lat="45.8516910" lon="6.7198490">
    <ele>1295.8</ele>
   </trkpt>
   <trkpt lat="45.8517410" lon="6.7199290">
    <ele>1294.6</ele>
   </trkpt>
   <trkpt lat="45.8518090" lon="6.7199940">
    <ele>1292.2</ele>
   </trkpt>
   <trkpt lat="45.8518430" lon="6.7200270">
    <ele>1290.8</ele>
   </trkpt>
   <trkpt lat="45.8518760" lon="6.7200620">
    <ele>1289.2</ele>
   </trkpt>
   <trkpt lat="45.8519430" lon="6.7201300">
    <ele>1287.2</ele>
   </trkpt>
   <trkpt lat="45.8519740" lon="6.7201660">
    <ele>1285.6</ele>
   </trkpt>
   <trkpt lat="45.8520070" lon="6.7202270">
    <ele>1284.2</ele>
   </trkpt>
   <trkpt lat="45.8520770" lon="6.7203130">
    <ele>1282.2</ele>
   </trkpt>
   <trkpt lat="45.8521150" lon="6.7203470">
    <ele>1280.8</ele>
   </trkpt>
   <trkpt lat="45.8521710" lon="6.7204170">
    <ele>1279.6</ele>
   </trkpt>
   <trkpt lat="45.8522130" lon="6.7204630">
    <ele>1278.0</ele>
   </trkpt>
   <trkpt lat="45.8522440" lon="6.7204920">
    <ele>1276.6</ele>
   </trkpt>
   <trkpt lat="45.8522920" lon="6.7205060">
    <ele>1276.0</ele>
   </trkpt>
   <trkpt lat="45.8523350" lon="6.7205140">
    <ele>1275.2</ele>
   </trkpt>
   <trkpt lat="45.8524090" lon="6.7205460">
    <ele>1273.4</ele>
   </trkpt>
   <trkpt lat="45.8524580" lon="6.7205650">
    <ele>1271.4</ele>
   </trkpt>
   <trkpt lat="45.8524490" lon="6.7205750">
    <ele>1270.0</ele>
   </trkpt>
   <trkpt lat="45.8524020" lon="6.7205960">
    <ele>1268.6</ele>
   </trkpt>
   <trkpt lat="45.8523420" lon="6.7206120">
    <ele>1267.4</ele>
   </trkpt>
   <trkpt lat="45.8522660" lon="6.7206480">
    <ele>1265.6</ele>
   </trkpt>
   <trkpt lat="45.8522310" lon="6.7206790">
    <ele>1264.2</ele>
   </trkpt>
   <trkpt lat="45.8522050" lon="6.7207010">
    <ele>1263.0</ele>
   </trkpt>
   <trkpt lat="45.8521540" lon="6.7207710">
    <ele>1261.6</ele>
   </trkpt>
   <trkpt lat="45.8521270" lon="6.7208170">
    <ele>1260.4</ele>
   </trkpt>
   <trkpt lat="45.8521070" lon="6.7208620">
    <ele>1258.8</ele>
   </trkpt>
   <trkpt lat="45.8520890" lon="6.7209070">
    <ele>1257.6</ele>
   </trkpt>
   <trkpt lat="45.8520470" lon="6.7210020">
    <ele>1255.8</ele>
   </trkpt>
   <trkpt lat="45.8520080" lon="6.7210910">
    <ele>1254.4</ele>
   </trkpt>
   <trkpt lat="45.8519660" lon="6.7211530">
    <ele>1253.2</ele>
   </trkpt>
   <trkpt lat="45.8519470" lon="6.7211790">
    <ele>1252.0</ele>
   </trkpt>
   <trkpt lat="45.8519290" lon="6.7212070">
    <ele>1251.0</ele>
   </trkpt>
   <trkpt lat="45.8519000" lon="6.7212190">
    <ele>1250.0</ele>
   </trkpt>
   <trkpt lat="45.8518790" lon="6.7212320">
    <ele>1248.6</ele>
   </trkpt>
   <trkpt lat="45.8518410" lon="6.7212670">
    <ele>1247.2</ele>
   </trkpt>
   <trkpt lat="45.8518390" lon="6.7212900">
    <ele>1246.4</ele>
   </trkpt>
   <trkpt lat="45.8518350" lon="6.7213140">
    <ele>1245.8</ele>
   </trkpt>
   <trkpt lat="45.8517880" lon="6.7213880">
    <ele>1244.8</ele>
   </trkpt>
   <trkpt lat="45.8517610" lon="6.7214460">
    <ele>1243.0</ele>
   </trkpt>
   <trkpt lat="45.8517360" lon="6.7215140">
    <ele>1241.4</ele>
   </trkpt>
   <trkpt lat="45.8517240" lon="6.7215490">
    <ele>1240.0</ele>
   </trkpt>
   <trkpt lat="45.8517150" lon="6.7215890">
    <ele>1238.8</ele>
   </trkpt>
   <trkpt lat="45.8516970" lon="6.7216690">
    <ele>1237.2</ele>
   </trkpt>
   <trkpt lat="45.8516890" lon="6.7217200">
    <ele>1236.0</ele>
   </trkpt>
   <trkpt lat="45.8516730" lon="6.7218160">
    <ele>1234.4</ele>
   </trkpt>
   <trkpt lat="45.8516620" lon="6.7218600">
    <ele>1233.4</ele>
   </trkpt>
   <trkpt lat="45.8516560" lon="6.7219060">
    <ele>1231.8</ele>
   </trkpt>
   <trkpt lat="45.8516740" lon="6.7219830">
    <ele>1230.2</ele>
   </trkpt>
   <trkpt lat="45.8516950" lon="6.7220120">
    <ele>1229.4</ele>
   </trkpt>
   <trkpt lat="45.8517240" lon="6.7220320">
    <ele>1228.4</ele>
   </trkpt>
   <trkpt lat="45.8517840" lon="6.7220870">
    <ele>1227.2</ele>
   </trkpt>
   <trkpt lat="45.8518100" lon="6.7221540">
    <ele>1226.2</ele>
   </trkpt>
   <trkpt lat="45.8517990" lon="6.7221800">
    <ele>1225.4</ele>
   </trkpt>
   <trkpt lat="45.8517560" lon="6.7222240">
    <ele>1224.2</ele>
   </trkpt>
   <trkpt lat="45.8516420" lon="6.7222850">
    <ele>1222.8</ele>
   </trkpt>
   <trkpt lat="45.8515710" lon="6.7223270">
    <ele>1221.6</ele>
   </trkpt>
   <trkpt lat="45.8515320" lon="6.7224030">
    <ele>1220.6</ele>
   </trkpt>
   <trkpt lat="45.8515230" lon="6.7224500">
    <ele>1219.8</ele>
   </trkpt>
   <trkpt lat="45.8515240" lon="6.7225050">
    <ele>1219.2</ele>
   </trkpt>
   <trkpt lat="45.8515110" lon="6.7226330">
    <ele>1217.8</ele>
   </trkpt>
   <trkpt lat="45.8515050" lon="6.7227500">
    <ele>1216.4</ele>
   </trkpt>
   <trkpt lat="45.8515080" lon="6.7228160">
    <ele>1215.8</ele>
   </trkpt>
   <trkpt lat="45.8515110" lon="6.7228790">
    <ele>1215.0</ele>
   </trkpt>
   <trkpt lat="45.8515030" lon="6.7229970">
    <ele>1213.4</ele>
   </trkpt>
   <trkpt lat="45.8514770" lon="6.7231040">
    <ele>1212.2</ele>
   </trkpt>
   <trkpt lat="45.8514740" lon="6.7232080">
    <ele>1211.0</ele>
   </trkpt>
   <trkpt lat="45.8515200" lon="6.7233640">
    <ele>1209.6</ele>
   </trkpt>
   <trkpt lat="45.8515360" lon="6.7234100">
    <ele>1208.6</ele>
   </trkpt>
   <trkpt lat="45.8515560" lon="6.7234650">
    <ele>1208.0</ele>
   </trkpt>
   <trkpt lat="45.8515650" lon="6.7235200">
    <ele>1207.4</ele>
   </trkpt>
   <trkpt lat="45.8515650" lon="6.7236210">
    <ele>1205.8</ele>
   </trkpt>
   <trkpt lat="45.8515680" lon="6.7236600">
    <ele>1204.8</ele>
   </trkpt>
   <trkpt lat="45.8515970" lon="6.7237470">
    <ele>1203.8</ele>
   </trkpt>
   <trkpt lat="45.8517260" lon="6.7237870">
    <ele>1202.6</ele>
   </trkpt>
   <trkpt lat="45.8518820" lon="6.7237790">
    <ele>1201.2</ele>
   </trkpt>
   <trkpt lat="45.8520010" lon="6.7238100">
    <ele>1200.2</ele>
   </trkpt>
   <trkpt lat="45.8520440" lon="6.7238160">
    <ele>1200.0</ele>
   </trkpt>
   <trkpt lat="45.8522460" lon="6.7238390">
    <ele>1199.2</ele>
   </trkpt>
   <trkpt lat="45.8524390" lon="6.7238650">
    <ele>1199.2</ele>
   </trkpt>
   <trkpt lat="45.8525120" lon="6.7238700">
    <ele>1199.0</ele>
   </trkpt>
   <trkpt lat="45.8525490" lon="6.7238670">
    <ele>1198.8</ele>
   </trkpt>
   <trkpt lat="45.8526300" lon="6.7238550">
    <ele>1198.6</ele>
   </trkpt>
  </trkseg>
 </trk>
</gpx>
